# Blender 5.0.1
# www.blender.org
mtllib Wajan_Final.mtl
o Wajan
v -0.173867 0.032015 -0.046587
v -0.180000 0.032015 0.000000
v 0.155885 0.032015 -0.090000
v 0.127279 0.032015 -0.127279
v 0.046587 0.032015 0.173867
v 0.090000 0.032015 0.155885
v -0.173867 0.032015 0.046587
v 0.090000 0.032015 -0.155885
v 0.127279 0.032015 0.127279
v -0.155885 0.032015 0.090000
v 0.046587 0.032015 -0.173867
v 0.000000 0.032015 -0.180000
v -0.046587 0.032015 -0.173867
v 0.155885 0.032015 0.090000
v -0.127279 0.032015 0.127279
v -0.090000 0.032015 -0.155885
v 0.173867 0.032015 0.046587
v -0.090000 0.032015 0.155885
v -0.127279 0.032015 -0.127279
v 0.180000 0.032015 0.000000
v -0.046587 0.032015 0.173867
v -0.155885 0.032015 -0.090000
v 0.173867 0.032015 -0.046587
v 0.000000 0.032015 0.180000
v -0.000000 0.023003 -0.177373
v 0.000000 0.000061 -0.146599
v -0.000000 0.014224 -0.172980
v -0.000000 0.006781 -0.165590
v -0.000000 0.001808 -0.156326
v -0.037943 0.000061 -0.141604
v -0.045908 0.023003 -0.171329
v -0.040460 0.001808 -0.150999
v -0.042858 0.006781 -0.159947
v -0.044771 0.014224 -0.167086
v -0.073300 0.000061 -0.126959
v -0.088687 0.023003 -0.153610
v -0.078163 0.001808 -0.135382
v -0.082795 0.006781 -0.143405
v -0.086490 0.014224 -0.149805
v -0.103661 0.000061 -0.103661
v -0.125422 0.023003 -0.125422
v -0.110539 0.001808 -0.110539
v -0.117090 0.006781 -0.117090
v -0.122316 0.014224 -0.122316
v -0.126959 0.000061 -0.073300
v -0.153610 0.023003 -0.088687
v -0.135382 0.001808 -0.078163
v -0.143405 0.006781 -0.082795
v -0.149805 0.014224 -0.086490
v -0.141604 0.000061 -0.037943
v -0.171329 0.023003 -0.045908
v -0.150999 0.001808 -0.040460
v -0.159947 0.006781 -0.042858
v -0.167086 0.014224 -0.044771
v -0.146599 0.000061 0.000000
v -0.177373 0.023003 -0.000000
v -0.156326 0.001808 0.000000
v -0.165590 0.006781 -0.000000
v -0.172980 0.014224 0.000000
v -0.141604 0.000061 0.037943
v -0.171329 0.023003 0.045908
v -0.150999 0.001808 0.040460
v -0.159947 0.006781 0.042858
v -0.167086 0.014224 0.044771
v -0.126959 0.000061 0.073300
v -0.153610 0.023003 0.088687
v -0.135382 0.001808 0.078163
v -0.143405 0.006781 0.082795
v -0.149805 0.014224 0.086490
v -0.103661 0.000061 0.103661
v -0.125422 0.023003 0.125422
v -0.110539 0.001808 0.110539
v -0.117090 0.006781 0.117090
v -0.122316 0.014224 0.122316
v -0.073300 0.000061 0.126959
v -0.088687 0.023003 0.153610
v -0.078163 0.001808 0.135382
v -0.082795 0.006781 0.143405
v -0.086490 0.014224 0.149805
v -0.037943 0.000061 0.141604
v -0.045908 0.023003 0.171329
v -0.040460 0.001808 0.150999
v -0.042858 0.006781 0.159947
v -0.044771 0.014224 0.167086
v 0.000000 0.000061 0.146599
v -0.000000 0.023003 0.177373
v -0.000000 0.001808 0.156326
v -0.000000 0.006781 0.165590
v -0.000000 0.014224 0.172980
v 0.037943 0.000061 0.141604
v 0.045908 0.023003 0.171329
v 0.040460 0.001808 0.150999
v 0.042858 0.006781 0.159947
v 0.044771 0.014224 0.167086
v 0.073300 0.000061 0.126959
v 0.088687 0.023003 0.153610
v 0.078163 0.001808 0.135382
v 0.082795 0.006781 0.143405
v 0.086490 0.014224 0.149805
v 0.103661 0.000061 0.103661
v 0.125422 0.023003 0.125422
v 0.110539 0.001808 0.110539
v 0.117090 0.006781 0.117090
v 0.122316 0.014224 0.122316
v 0.126959 0.000061 0.073300
v 0.153610 0.023003 0.088687
v 0.135382 0.001808 0.078163
v 0.143405 0.006781 0.082795
v 0.149805 0.014224 0.086490
v 0.141604 0.000061 0.037943
v 0.171329 0.023003 0.045908
v 0.150999 0.001808 0.040460
v 0.159947 0.006781 0.042858
v 0.167086 0.014224 0.044771
v 0.146599 0.000061 0.000000
v 0.177373 0.023003 -0.000000
v 0.156326 0.001808 0.000000
v 0.165590 0.006781 -0.000000
v 0.172980 0.014224 0.000000
v 0.141604 0.000061 -0.037943
v 0.171329 0.023003 -0.045908
v 0.150999 0.001808 -0.040460
v 0.159947 0.006781 -0.042858
v 0.167086 0.014224 -0.044771
v 0.126959 0.000061 -0.073300
v 0.153610 0.023003 -0.088687
v 0.135382 0.001808 -0.078163
v 0.143405 0.006781 -0.082795
v 0.149805 0.014224 -0.086490
v 0.103661 0.000061 -0.103661
v 0.125422 0.023003 -0.125422
v 0.110539 0.001808 -0.110539
v 0.117090 0.006781 -0.117090
v 0.122316 0.014224 -0.122316
v 0.073300 0.000061 -0.126959
v 0.088687 0.023003 -0.153610
v 0.078163 0.001808 -0.135382
v 0.082795 0.006781 -0.143405
v 0.086490 0.014224 -0.149805
v 0.037943 0.000061 -0.141604
v 0.045908 0.023003 -0.171329
v 0.040460 0.001808 -0.150999
v 0.042858 0.006781 -0.159947
v 0.044771 0.014224 -0.167086
v -0.168989 0.032728 -0.045280
v -0.174950 0.032728 0.000000
v 0.151511 0.032728 -0.087475
v 0.123708 0.032728 -0.123708
v 0.045280 0.032728 0.168989
v 0.087475 0.032728 0.151511
v -0.168989 0.032728 0.045280
v 0.087475 0.032728 -0.151511
v 0.123708 0.032728 0.123708
v -0.151511 0.032728 0.087475
v 0.045280 0.032728 -0.168989
v -0.000000 0.032728 -0.174950
v -0.045280 0.032728 -0.168989
v 0.151511 0.032728 0.087475
v -0.123708 0.032728 0.123708
v -0.087475 0.032728 -0.151511
v 0.168989 0.032728 0.045280
v -0.087475 0.032728 0.151511
v -0.123708 0.032728 -0.123708
v 0.174950 0.032728 0.000000
v -0.045280 0.032728 0.168989
v -0.151511 0.032728 -0.087475
v 0.168989 0.032728 -0.045280
v 0.000000 0.032728 0.174950
v -0.000000 0.024853 -0.172620
v -0.000000 0.005138 -0.146109
v -0.000000 0.017168 -0.168816
v -0.000000 0.010839 -0.162501
v -0.000000 0.006603 -0.154589
v -0.037816 0.005138 -0.141131
v -0.044677 0.024853 -0.166738
v -0.040011 0.006603 -0.149322
v -0.042058 0.010839 -0.156964
v -0.043693 0.017168 -0.163064
v -0.073055 0.005138 -0.126534
v -0.086310 0.024853 -0.149493
v -0.077295 0.006603 -0.133878
v -0.081251 0.010839 -0.140730
v -0.084408 0.017168 -0.146199
v -0.103315 0.005138 -0.103315
v -0.122061 0.024853 -0.122061
v -0.109311 0.006603 -0.109311
v -0.114906 0.010839 -0.114906
v -0.119371 0.017168 -0.119371
v -0.126534 0.005138 -0.073055
v -0.149493 0.024853 -0.086310
v -0.133878 0.006603 -0.077295
v -0.140730 0.010839 -0.081251
v -0.146199 0.017168 -0.084408
v -0.141131 0.005138 -0.037816
v -0.166738 0.024853 -0.044677
v -0.149322 0.006603 -0.040011
v -0.156964 0.010839 -0.042058
v -0.163064 0.017168 -0.043693
v -0.146109 0.005138 0.000000
v -0.172620 0.024853 -0.000000
v -0.154589 0.006603 -0.000000
v -0.162501 0.010839 -0.000000
v -0.168816 0.017168 -0.000000
v -0.141131 0.005138 0.037816
v -0.166738 0.024853 0.044677
v -0.149322 0.006603 0.040011
v -0.156964 0.010839 0.042058
v -0.163064 0.017168 0.043693
v -0.126534 0.005138 0.073055
v -0.149493 0.024853 0.086310
v -0.133878 0.006603 0.077295
v -0.140730 0.010839 0.081251
v -0.146199 0.017168 0.084408
v -0.103315 0.005138 0.103315
v -0.122061 0.024853 0.122061
v -0.109311 0.006603 0.109311
v -0.114906 0.010839 0.114906
v -0.119371 0.017168 0.119371
v -0.073055 0.005138 0.126534
v -0.086310 0.024853 0.149493
v -0.077295 0.006603 0.133878
v -0.081251 0.010839 0.140730
v -0.084408 0.017168 0.146199
v -0.037816 0.005138 0.141131
v -0.044677 0.024853 0.166738
v -0.040011 0.006603 0.149322
v -0.042058 0.010839 0.156964
v -0.043693 0.017168 0.163064
v -0.000000 0.005138 0.146109
v 0.000000 0.024853 0.172620
v -0.000000 0.006603 0.154589
v -0.000000 0.010839 0.162501
v -0.000000 0.017168 0.168816
v 0.037816 0.005138 0.141131
v 0.044677 0.024853 0.166738
v 0.040011 0.006603 0.149322
v 0.042058 0.010839 0.156964
v 0.043693 0.017168 0.163064
v 0.073055 0.005138 0.126534
v 0.086310 0.024853 0.149493
v 0.077295 0.006603 0.133878
v 0.081251 0.010839 0.140730
v 0.084408 0.017168 0.146199
v 0.103315 0.005138 0.103315
v 0.122061 0.024853 0.122061
v 0.109311 0.006603 0.109311
v 0.114906 0.010839 0.114906
v 0.119371 0.017168 0.119371
v 0.126534 0.005138 0.073055
v 0.149493 0.024853 0.086310
v 0.133878 0.006603 0.077295
v 0.140730 0.010839 0.081251
v 0.146199 0.017168 0.084408
v 0.141131 0.005138 0.037816
v 0.166738 0.024853 0.044677
v 0.149322 0.006603 0.040011
v 0.156964 0.010839 0.042058
v 0.163064 0.017168 0.043693
v 0.146109 0.005138 0.000000
v 0.172620 0.024853 -0.000000
v 0.154589 0.006603 0.000000
v 0.162501 0.010839 -0.000000
v 0.168816 0.017168 0.000000
v 0.141131 0.005138 -0.037816
v 0.166738 0.024853 -0.044677
v 0.149322 0.006603 -0.040011
v 0.156964 0.010839 -0.042058
v 0.163064 0.017168 -0.043693
v 0.126534 0.005138 -0.073055
v 0.149493 0.024853 -0.086310
v 0.133878 0.006603 -0.077295
v 0.140730 0.010839 -0.081251
v 0.146199 0.017168 -0.084408
v 0.103315 0.005138 -0.103315
v 0.122061 0.024853 -0.122061
v 0.109311 0.006603 -0.109311
v 0.114906 0.010839 -0.114906
v 0.119371 0.017168 -0.119371
v 0.073055 0.005138 -0.126534
v 0.086310 0.024853 -0.149493
v 0.077295 0.006603 -0.133878
v 0.081251 0.010839 -0.140730
v 0.084408 0.017168 -0.146199
v 0.037816 0.005138 -0.141131
v 0.044677 0.024853 -0.166738
v 0.040011 0.006603 -0.149322
v 0.042058 0.010839 -0.156964
v 0.043693 0.017168 -0.163064
v 0.000000 0.053492 -0.177874
v 0.000000 0.051385 -0.180000
v 0.000000 0.052875 -0.179377
v -0.046587 0.051385 -0.173867
v -0.046037 0.053492 -0.171813
v -0.046426 0.052875 -0.173265
v -0.090000 0.051385 -0.155885
v -0.088937 0.053492 -0.154044
v -0.089689 0.052875 -0.155345
v -0.127279 0.051385 -0.127279
v -0.125776 0.053492 -0.125776
v -0.126839 0.052875 -0.126839
v -0.155885 0.051385 -0.090000
v -0.154044 0.053492 -0.088937
v -0.155345 0.052875 -0.089689
v -0.173867 0.051385 -0.046587
v -0.171813 0.053492 -0.046037
v -0.173265 0.052875 -0.046426
v -0.180000 0.051385 0.000000
v -0.177874 0.053492 0.000000
v -0.179377 0.052875 0.000000
v -0.173867 0.051385 0.046587
v -0.171813 0.053492 0.046037
v -0.173265 0.052875 0.046426
v -0.155885 0.051385 0.090000
v -0.154044 0.053492 0.088937
v -0.155345 0.052875 0.089689
v -0.127279 0.051385 0.127279
v -0.125776 0.053492 0.125776
v -0.126839 0.052875 0.126839
v -0.090000 0.051385 0.155885
v -0.088937 0.053492 0.154044
v -0.089689 0.052875 0.155345
v -0.046587 0.051385 0.173867
v -0.046037 0.053492 0.171813
v -0.046426 0.052875 0.173265
v 0.000000 0.051385 0.180000
v 0.000000 0.053492 0.177874
v 0.000000 0.052875 0.179377
v 0.046587 0.051385 0.173867
v 0.046037 0.053492 0.171813
v 0.046426 0.052875 0.173265
v 0.090000 0.051385 0.155885
v 0.088937 0.053492 0.154044
v 0.089689 0.052875 0.155345
v 0.127279 0.051385 0.127279
v 0.125776 0.053492 0.125776
v 0.126839 0.052875 0.126839
v 0.155885 0.051385 0.090000
v 0.154044 0.053492 0.088937
v 0.155345 0.052875 0.089689
v 0.173867 0.051385 0.046587
v 0.171813 0.053492 0.046037
v 0.173265 0.052875 0.046426
v 0.180000 0.051385 0.000000
v 0.177874 0.053492 0.000000
v 0.179377 0.052875 0.000000
v 0.173867 0.051385 -0.046587
v 0.171813 0.053492 -0.046037
v 0.173265 0.052875 -0.046426
v 0.155885 0.051385 -0.090000
v 0.154044 0.053492 -0.088937
v 0.155345 0.052875 -0.089689
v 0.127279 0.051385 -0.127279
v 0.125776 0.053492 -0.125776
v 0.126839 0.052875 -0.126839
v 0.090000 0.051385 -0.155885
v 0.088937 0.053492 -0.154044
v 0.089689 0.052875 -0.155345
v 0.046587 0.051385 -0.173867
v 0.046037 0.053492 -0.171813
v 0.046426 0.052875 -0.173265
v 0.000000 0.051393 -0.173310
v 0.000000 0.053492 -0.175251
v 0.000000 0.052877 -0.173802
v -0.045358 0.053492 -0.169280
v -0.044856 0.051393 -0.167405
v -0.044983 0.052877 -0.167880
v -0.087626 0.053492 -0.151772
v -0.086655 0.051393 -0.150091
v -0.086901 0.052877 -0.150517
v -0.123921 0.053492 -0.123921
v -0.122549 0.051393 -0.122549
v -0.122897 0.052877 -0.122897
v -0.151772 0.053492 -0.087626
v -0.150091 0.051393 -0.086655
v -0.150517 0.052877 -0.086901
v -0.169280 0.053492 -0.045358
v -0.167405 0.051393 -0.044856
v -0.167880 0.052877 -0.044983
v -0.175251 0.053492 0.000000
v -0.173310 0.051393 0.000000
v -0.173802 0.052877 0.000000
v -0.169280 0.053492 0.045358
v -0.167405 0.051393 0.044856
v -0.167880 0.052877 0.044983
v -0.151772 0.053492 0.087626
v -0.150091 0.051393 0.086655
v -0.150517 0.052877 0.086901
v -0.123921 0.053492 0.123921
v -0.122549 0.051393 0.122549
v -0.122897 0.052877 0.122897
v -0.087626 0.053492 0.151772
v -0.086655 0.051393 0.150091
v -0.086901 0.052877 0.150517
v -0.045358 0.053492 0.169280
v -0.044856 0.051393 0.167405
v -0.044983 0.052877 0.167880
v 0.000000 0.053492 0.175251
v 0.000000 0.051393 0.173310
v 0.000000 0.052877 0.173802
v 0.045358 0.053492 0.169280
v 0.044856 0.051393 0.167405
v 0.044983 0.052877 0.167880
v 0.087626 0.053492 0.151772
v 0.086655 0.051393 0.150091
v 0.086901 0.052877 0.150517
v 0.123921 0.053492 0.123921
v 0.122549 0.051393 0.122549
v 0.122897 0.052877 0.122897
v 0.151772 0.053492 0.087626
v 0.150091 0.051393 0.086655
v 0.150517 0.052877 0.086901
v 0.169280 0.053492 0.045358
v 0.167405 0.051393 0.044856
v 0.167880 0.052877 0.044983
v 0.175251 0.053492 0.000000
v 0.173310 0.051393 0.000000
v 0.173802 0.052877 0.000000
v 0.169280 0.053492 -0.045358
v 0.167405 0.051393 -0.044856
v 0.167880 0.052877 -0.044983
v 0.151772 0.053492 -0.087626
v 0.150091 0.051393 -0.086655
v 0.150517 0.052877 -0.086901
v 0.123921 0.053492 -0.123921
v 0.122549 0.051393 -0.122549
v 0.122897 0.052877 -0.122897
v 0.087626 0.053492 -0.151772
v 0.086655 0.051393 -0.150091
v 0.086901 0.052877 -0.150517
v 0.045358 0.053492 -0.169280
v 0.044856 0.051393 -0.167405
v 0.044983 0.052877 -0.167880
v 0.000000 0.022743 -0.176263
v 0.000000 0.051385 -0.179462
v 0.000000 0.043361 -0.419288
v 0.000000 0.059430 -0.419288
v 0.025694 0.030205 -0.175454
v 0.031927 0.038731 -0.175258
v 0.030101 0.033452 -0.175316
v 0.031927 0.044679 -0.175258
v 0.025192 0.051385 -0.176145
v 0.029954 0.049421 -0.175518
v 0.016045 0.050071 -0.419288
v 0.009231 0.043361 -0.419288
v 0.014049 0.045326 -0.419288
v 0.009213 0.059430 -0.419288
v 0.016045 0.052727 -0.419288
v 0.014044 0.057466 -0.419288
v 0.000000 0.052652 -0.192359
v 0.000000 0.055073 -0.216998
v 0.019859 0.037480 -0.201607
v 0.018786 0.048383 -0.213621
v 0.026986 0.045908 -0.187984
v 0.020043 0.037372 -0.200976
v 0.012265 0.035689 -0.214340
v 0.020464 0.032100 -0.188890
v 0.000000 0.030310 -0.201678
v 0.000000 0.032489 -0.215367
v 0.000000 0.026337 -0.190684
v 0.000000 0.030152 -0.201052
v 0.025031 0.050642 -0.188210
v 0.016772 0.053128 -0.214036
v 0.015731 0.034584 -0.201028
v 0.020248 0.052605 -0.188920
v 0.011936 0.055088 -0.214925
v 0.015561 0.034689 -0.201662
v 0.025052 0.035208 -0.188308
v 0.016888 0.038650 -0.213782
v 0.021591 0.042293 -0.201605
v 0.026959 0.040428 -0.188052
v 0.018798 0.043812 -0.213569
v 0.021795 0.042222 -0.200975
v 0.000000 0.055601 -0.222378
v 0.000000 0.056366 -0.233528
v 0.000000 0.056048 -0.227909
v 0.000000 0.036221 -0.233479
v 0.000000 0.034274 -0.222527
v 0.000000 0.035394 -0.227939
v 0.017528 0.048884 -0.218804
v 0.016227 0.049656 -0.230144
v 0.016575 0.049338 -0.224482
v 0.009346 0.056364 -0.231585
v 0.010661 0.055589 -0.220173
v 0.009697 0.056044 -0.225897
v 0.014211 0.054398 -0.230569
v 0.015520 0.053624 -0.219191
v 0.014562 0.054079 -0.224893
v 0.010814 0.036518 -0.220218
v 0.009484 0.037783 -0.231529
v 0.009845 0.037220 -0.225881
v 0.016227 0.045616 -0.230140
v 0.017524 0.044509 -0.218822
v 0.016574 0.045145 -0.224486
v 0.014252 0.040540 -0.230548
v 0.015558 0.039387 -0.219233
v 0.014603 0.040042 -0.224895
v 0.000000 0.057801 -0.269282
v 0.000000 0.058955 -0.314055
v 0.000000 0.058378 -0.291669
v 0.000000 0.059174 -0.333182
v 0.000000 0.059382 -0.369502
v 0.000000 0.059302 -0.355462
v 0.000000 0.043314 -0.369502
v 0.000000 0.043106 -0.333183
v 0.000000 0.043233 -0.355463
v 0.000000 0.042886 -0.314052
v 0.000000 0.040178 -0.269405
v 0.000000 0.041987 -0.291701
v 0.016743 0.051114 -0.267105
v 0.017368 0.052246 -0.311762
v 0.017056 0.051680 -0.289434
v 0.010514 0.058952 -0.312674
v 0.009872 0.057810 -0.267989
v 0.010193 0.058381 -0.290332
v 0.015360 0.056987 -0.312032
v 0.014731 0.055852 -0.267359
v 0.015046 0.056420 -0.289696
v 0.010594 0.059402 -0.368843
v 0.010796 0.059177 -0.332510
v 0.010828 0.059356 -0.354793
v 0.017652 0.052475 -0.332085
v 0.017443 0.052699 -0.368411
v 0.017679 0.052653 -0.354365
v 0.015437 0.057439 -0.368539
v 0.015644 0.057215 -0.332209
v 0.015673 0.057393 -0.354490
v 0.009939 0.040793 -0.268044
v 0.010534 0.042883 -0.312668
v 0.010229 0.042166 -0.290342
v 0.017368 0.049593 -0.311761
v 0.016744 0.047939 -0.267113
v 0.017056 0.049005 -0.289432
v 0.015366 0.044848 -0.312028
v 0.014751 0.043066 -0.267383
v 0.015056 0.044222 -0.289698
v 0.017443 0.050044 -0.368411
v 0.017652 0.049821 -0.332086
v 0.017679 0.049998 -0.354365
v 0.010816 0.043108 -0.332510
v 0.010613 0.043334 -0.368842
v 0.010848 0.043287 -0.354792
v 0.015443 0.045299 -0.368538
v 0.015650 0.045075 -0.332210
v 0.015678 0.045253 -0.354490
v -0.025694 0.030205 -0.175454
v -0.031927 0.038731 -0.175258
v -0.030101 0.033452 -0.175316
v -0.031927 0.044679 -0.175258
v -0.025192 0.051385 -0.176145
v -0.029954 0.049421 -0.175518
v -0.016045 0.050071 -0.419288
v -0.009231 0.043361 -0.419288
v -0.014049 0.045326 -0.419288
v -0.009213 0.059430 -0.419288
v -0.016045 0.052727 -0.419288
v -0.014044 0.057466 -0.419288
v -0.018786 0.048383 -0.213621
v -0.026986 0.045908 -0.187984
v 0.021789 0.046967 -0.201005
v -0.012265 0.035689 -0.214340
v -0.020464 0.032100 -0.188890
v 0.021592 0.046997 -0.201640
v -0.025031 0.050642 -0.188210
v -0.016772 0.053128 -0.214036
v 0.015465 0.053035 -0.201921
v -0.020248 0.052605 -0.188920
v -0.011936 0.055088 -0.214925
v 0.015603 0.052986 -0.201263
v -0.025052 0.035208 -0.188308
v -0.016888 0.038650 -0.213782
v 0.000000 0.052975 -0.201331
v -0.026959 0.040428 -0.188052
v -0.018798 0.043812 -0.213569
v 0.000000 0.053041 -0.201965
v -0.017528 0.048884 -0.218804
v -0.016227 0.049656 -0.230144
v -0.016575 0.049338 -0.224482
v -0.009346 0.056364 -0.231585
v -0.010661 0.055589 -0.220173
v -0.009697 0.056044 -0.225897
v -0.014211 0.054398 -0.230569
v -0.015520 0.053624 -0.219191
v -0.014562 0.054079 -0.224893
v -0.010814 0.036518 -0.220218
v -0.009484 0.037783 -0.231529
v -0.009845 0.037220 -0.225881
v -0.016227 0.045616 -0.230140
v -0.017524 0.044509 -0.218822
v -0.016574 0.045145 -0.224486
v -0.014252 0.040540 -0.230548
v -0.015558 0.039387 -0.219233
v -0.014603 0.040042 -0.224895
v -0.016743 0.051114 -0.267105
v -0.017368 0.052246 -0.311762
v -0.017056 0.051680 -0.289434
v -0.010514 0.058952 -0.312674
v -0.009872 0.057810 -0.267989
v -0.010193 0.058381 -0.290332
v -0.015360 0.056987 -0.312032
v -0.014731 0.055852 -0.267359
v -0.015046 0.056420 -0.289696
v -0.010594 0.059402 -0.368843
v -0.010796 0.059177 -0.332510
v -0.010828 0.059356 -0.354793
v -0.017652 0.052475 -0.332085
v -0.017443 0.052699 -0.368411
v -0.017679 0.052653 -0.354365
v -0.015437 0.057439 -0.368539
v -0.015644 0.057215 -0.332209
v -0.015673 0.057393 -0.354490
v -0.009939 0.040793 -0.268044
v -0.010534 0.042883 -0.312668
v -0.010229 0.042166 -0.290342
v -0.017368 0.049593 -0.311761
v -0.016744 0.047939 -0.267113
v -0.017056 0.049005 -0.289432
v -0.015366 0.044848 -0.312028
v -0.014751 0.043066 -0.267383
v -0.015056 0.044222 -0.289698
v -0.017443 0.050044 -0.368411
v -0.017652 0.049821 -0.332086
v -0.017679 0.049998 -0.354365
v -0.010816 0.043108 -0.332510
v -0.010613 0.043334 -0.368842
v -0.010848 0.043287 -0.354792
v -0.015443 0.045299 -0.368538
v -0.015650 0.045075 -0.332210
v -0.015678 0.045253 -0.354490
v 0.009727 0.059430 -0.401840
v 0.010052 0.059430 -0.390827
v 0.009746 0.043361 -0.401839
v 0.010070 0.043361 -0.390826
v 0.014563 0.057466 -0.401715
v 0.014890 0.057466 -0.390622
v 0.016565 0.052727 -0.401663
v 0.016894 0.052727 -0.390535
v 0.016565 0.050071 -0.401663
v 0.016894 0.050071 -0.390535
v 0.014568 0.045326 -0.401715
v 0.014896 0.045326 -0.390621
v -0.009727 0.059430 -0.401840
v -0.010052 0.059430 -0.390827
v -0.009746 0.043361 -0.401839
v -0.010070 0.043361 -0.390826
v -0.014563 0.057466 -0.401715
v -0.014890 0.057466 -0.390622
v -0.016565 0.052727 -0.401663
v -0.016894 0.052727 -0.390535
v -0.016565 0.050071 -0.401663
v -0.016894 0.050071 -0.390535
v -0.014568 0.045326 -0.401715
v -0.014896 0.045326 -0.390621
v 0.009530 0.059430 -0.408528
v 0.009549 0.043361 -0.408527
v 0.014364 0.057466 -0.408452
v 0.016366 0.052727 -0.408420
v 0.016366 0.050071 -0.408420
v 0.014369 0.045326 -0.408452
v -0.009530 0.059430 -0.408528
v -0.009549 0.043361 -0.408527
v -0.014364 0.057466 -0.408452
v -0.016366 0.052727 -0.408420
v -0.016366 0.050071 -0.408420
v -0.014369 0.045326 -0.408452
v -0.010254 0.059430 -0.383958
v -0.010273 0.043361 -0.383957
v -0.015094 0.057466 -0.383703
v -0.017099 0.052727 -0.383596
v -0.017099 0.050071 -0.383596
v -0.015100 0.045326 -0.383703
v 0.010254 0.059430 -0.383958
v 0.010273 0.043361 -0.383957
v 0.015094 0.057466 -0.383703
v 0.017099 0.052727 -0.383596
v 0.017099 0.050071 -0.383596
v 0.015100 0.045326 -0.383703
v 0.010410 0.059423 -0.377822
v 0.010429 0.043355 -0.377821
v 0.015252 0.057460 -0.377536
v 0.017258 0.052720 -0.377416
v 0.017258 0.050065 -0.377416
v 0.015258 0.045320 -0.377536
v -0.010410 0.059423 -0.377822
v -0.010429 0.043355 -0.377821
v -0.015252 0.057460 -0.377536
v -0.017258 0.052720 -0.377416
v -0.017258 0.050065 -0.377416
v -0.015258 0.045320 -0.377536
v -0.009343 0.059430 -0.414866
v -0.009362 0.043361 -0.414866
v -0.014175 0.057466 -0.414837
v -0.016177 0.052727 -0.414824
v -0.016177 0.050071 -0.414824
v -0.014181 0.045326 -0.414837
v 0.009343 0.059430 -0.414866
v 0.009362 0.043361 -0.414866
v 0.014175 0.057466 -0.414837
v 0.016177 0.052727 -0.414824
v 0.016177 0.050071 -0.414824
v 0.014181 0.045326 -0.414837
v 0.004703 0.059430 -0.385485
v 0.003462 0.058051 -0.385827
v 0.003689 0.044131 -0.406139
v 0.005602 0.058051 -0.399718
v 0.006777 0.059430 -0.401127
v 0.004155 0.043613 -0.406566
v 0.005602 0.058051 -0.392039
v 0.006817 0.059430 -0.391708
v 0.004157 0.043613 -0.385636
v 0.000000 0.058051 -0.383454
v 0.000000 0.059430 -0.382243
v 0.003689 0.044131 -0.385764
v 0.003462 0.058051 -0.405931
v 0.004701 0.059430 -0.407070
v 0.006282 0.043613 -0.391855
v 0.000000 0.059430 -0.410280
v 0.000000 0.058051 -0.408304
v 0.005824 0.044131 -0.391979
v 0.000000 0.043361 -0.382243
v 0.000000 0.044740 -0.383454
v 0.000000 0.044740 -0.408304
v 0.000000 0.043361 -0.410278
v 0.005602 0.044740 -0.392039
v 0.006819 0.043361 -0.391709
v 0.003462 0.044740 -0.385827
v 0.004705 0.043361 -0.385486
v 0.004702 0.043361 -0.407067
v 0.003462 0.044740 -0.405931
v 0.005602 0.044740 -0.399718
v 0.006779 0.043361 -0.401122
v -0.004701 0.059430 -0.407070
v -0.003462 0.058051 -0.405931
v 0.000000 0.043613 -0.409406
v -0.005602 0.058051 -0.392039
v -0.006817 0.059430 -0.391708
v 0.000000 0.044131 -0.408665
v -0.005602 0.058051 -0.399718
v -0.006777 0.059430 -0.401127
v 0.000000 0.044132 -0.383233
v -0.003462 0.058051 -0.385827
v -0.004703 0.059430 -0.385485
v 0.000000 0.043613 -0.382776
v -0.005602 0.044740 -0.399718
v -0.006779 0.043361 -0.401122
v -0.003462 0.044740 -0.405931
v -0.004702 0.043361 -0.407067
v -0.005602 0.044740 -0.392039
v -0.006819 0.043361 -0.391709
v -0.003462 0.044740 -0.385827
v -0.004705 0.043361 -0.385486
v 0.000000 0.053887 -0.201880
v 0.022390 0.047174 -0.201878
v 0.015886 0.033933 -0.201878
v 0.000000 0.029484 -0.201878
v 0.020403 0.051913 -0.201879
v 0.015596 0.053874 -0.201880
v 0.020482 0.036968 -0.201877
v 0.022386 0.042158 -0.201877
v -0.022390 0.047174 -0.201878
v -0.015886 0.033933 -0.201878
v -0.020403 0.051913 -0.201879
v -0.015596 0.053874 -0.201880
v -0.020482 0.036968 -0.201877
v -0.022386 0.042158 -0.201877
v 0.019978 0.051297 -0.201099
v 0.019855 0.051273 -0.201766
v -0.015465 0.053035 -0.201921
v -0.015603 0.052986 -0.201263
v -0.021789 0.046967 -0.201005
v -0.021592 0.046997 -0.201640
v -0.021591 0.042293 -0.201605
v -0.021795 0.042222 -0.200975
v -0.015731 0.034584 -0.201028
v -0.015561 0.034689 -0.201662
v -0.019859 0.037480 -0.201607
v -0.020043 0.037372 -0.200976
v -0.019855 0.051273 -0.201766
v -0.019978 0.051297 -0.201099
v 0.000000 0.053611 -0.201499
v 0.000000 0.053793 -0.201337
v 0.022403 0.047078 -0.201426
v 0.022662 0.047093 -0.201338
v 0.016005 0.034016 -0.201435
v 0.016163 0.033815 -0.201342
v 0.000000 0.029267 -0.201347
v 0.000000 0.029523 -0.201440
v 0.020677 0.051833 -0.201337
v 0.020449 0.051714 -0.201441
v 0.015877 0.053792 -0.201335
v 0.015751 0.053609 -0.201482
v 0.020754 0.036855 -0.201340
v 0.020532 0.036998 -0.201420
v 0.022657 0.042048 -0.201339
v 0.022403 0.042108 -0.201421
v -0.022662 0.047093 -0.201338
v -0.022403 0.047078 -0.201426
v -0.016163 0.033815 -0.201342
v -0.016005 0.034016 -0.201435
v -0.020449 0.051714 -0.201441
v -0.020677 0.051833 -0.201337
v -0.015751 0.053609 -0.201482
v -0.015877 0.053792 -0.201335
v -0.020532 0.036998 -0.201420
v -0.020754 0.036855 -0.201340
v -0.022403 0.042108 -0.201421
v -0.022657 0.042048 -0.201339
v 0.004156 0.059178 -0.385636
v 0.003689 0.058659 -0.385764
v 0.005817 0.058659 -0.399976
v 0.006258 0.059177 -0.400505
v 0.005824 0.058659 -0.391979
v 0.006281 0.059178 -0.391854
v 0.000000 0.058659 -0.383233
v 0.000000 0.059178 -0.382776
v 0.003688 0.058659 -0.406139
v 0.004154 0.059178 -0.406567
v 0.000000 0.059177 -0.409407
v 0.000000 0.058659 -0.408665
v -0.004154 0.059178 -0.406567
v -0.003688 0.058659 -0.406139
v -0.005824 0.058659 -0.391979
v -0.006281 0.059178 -0.391854
v -0.005817 0.058659 -0.399976
v -0.006258 0.059177 -0.400505
v -0.003689 0.058659 -0.385764
v -0.004156 0.059178 -0.385636
v 0.005817 0.044131 -0.399975
v 0.006259 0.043613 -0.400503
v -0.005817 0.044131 -0.399975
v -0.006259 0.043613 -0.400503
v -0.003689 0.044131 -0.406139
v -0.004155 0.043613 -0.406566
v -0.005824 0.044131 -0.391979
v -0.006282 0.043613 -0.391855
v -0.003689 0.044131 -0.385764
v -0.004157 0.043613 -0.385636
vn -0.2412 -0.3626 -0.9002
vn -0.0000 -0.3626 -0.9319
vn -0.0000 -0.5772 -0.8166
vn -0.2113 -0.5772 -0.7888
vn -0.0000 -0.7958 -0.6056
vn -0.1567 -0.7958 -0.5850
vn -0.0000 -0.9403 -0.3405
vn -0.0881 -0.9403 -0.3289
vn -0.0000 -0.9954 -0.0960
vn -0.0249 -0.9954 -0.0928
vn -0.4660 -0.3626 -0.8071
vn -0.4083 -0.5772 -0.7072
vn -0.3028 -0.7958 -0.5245
vn -0.1702 -0.9403 -0.2949
vn -0.0480 -0.9954 -0.0832
vn -0.6590 -0.3626 -0.6590
vn -0.5774 -0.5772 -0.5774
vn -0.4282 -0.7958 -0.4282
vn -0.2408 -0.9403 -0.2408
vn -0.0679 -0.9954 -0.0679
vn -0.8071 -0.3626 -0.4660
vn -0.7072 -0.5772 -0.4083
vn -0.5245 -0.7958 -0.3028
vn -0.2949 -0.9403 -0.1702
vn -0.0832 -0.9954 -0.0480
vn -0.9002 -0.3626 -0.2412
vn -0.7888 -0.5772 -0.2113
vn -0.5850 -0.7958 -0.1567
vn -0.3289 -0.9403 -0.0881
vn -0.0928 -0.9954 -0.0249
vn -0.9319 -0.3626 -0.0000
vn -0.8166 -0.5772 -0.0000
vn -0.6056 -0.7958 -0.0000
vn -0.3405 -0.9403 -0.0000
vn -0.0960 -0.9954 -0.0000
vn -0.9002 -0.3626 0.2412
vn -0.7888 -0.5772 0.2113
vn -0.5850 -0.7958 0.1567
vn -0.3289 -0.9403 0.0881
vn -0.0928 -0.9954 0.0249
vn -0.8071 -0.3626 0.4660
vn -0.7072 -0.5772 0.4083
vn -0.5245 -0.7958 0.3028
vn -0.2949 -0.9403 0.1702
vn -0.0832 -0.9954 0.0480
vn -0.6590 -0.3626 0.6590
vn -0.5774 -0.5772 0.5774
vn -0.4282 -0.7958 0.4282
vn -0.2408 -0.9403 0.2408
vn -0.0679 -0.9954 0.0679
vn -0.4660 -0.3626 0.8071
vn -0.4083 -0.5772 0.7072
vn -0.3028 -0.7958 0.5245
vn -0.1702 -0.9403 0.2949
vn -0.0480 -0.9954 0.0832
vn -0.2412 -0.3626 0.9002
vn -0.2113 -0.5772 0.7888
vn -0.1567 -0.7958 0.5850
vn -0.0881 -0.9403 0.3289
vn -0.0249 -0.9954 0.0928
vn -0.0000 -0.3626 0.9319
vn -0.0000 -0.5772 0.8166
vn -0.0000 -0.7958 0.6056
vn -0.0000 -0.9403 0.3405
vn -0.0000 -0.9954 0.0960
vn 0.2412 -0.3626 0.9002
vn 0.2113 -0.5772 0.7888
vn 0.1567 -0.7958 0.5850
vn 0.0881 -0.9403 0.3289
vn 0.0249 -0.9954 0.0928
vn 0.4660 -0.3626 0.8071
vn 0.4083 -0.5772 0.7072
vn 0.3028 -0.7958 0.5245
vn 0.1702 -0.9403 0.2949
vn 0.0480 -0.9954 0.0832
vn 0.6590 -0.3626 0.6590
vn 0.5774 -0.5772 0.5774
vn 0.4282 -0.7958 0.4282
vn 0.2408 -0.9403 0.2408
vn 0.0679 -0.9954 0.0679
vn 0.8071 -0.3626 0.4660
vn 0.7072 -0.5772 0.4083
vn 0.5245 -0.7958 0.3028
vn 0.2949 -0.9403 0.1702
vn 0.0832 -0.9954 0.0480
vn 0.9002 -0.3626 0.2412
vn 0.7888 -0.5772 0.2113
vn 0.5850 -0.7958 0.1567
vn 0.3289 -0.9403 0.0881
vn 0.0928 -0.9954 0.0249
vn 0.9319 -0.3626 -0.0000
vn 0.8166 -0.5772 -0.0000
vn 0.6056 -0.7958 -0.0000
vn 0.3405 -0.9403 -0.0000
vn 0.0960 -0.9954 -0.0000
vn 0.9002 -0.3626 -0.2412
vn 0.7888 -0.5772 -0.2113
vn 0.5850 -0.7958 -0.1567
vn 0.3289 -0.9403 -0.0881
vn 0.0928 -0.9954 -0.0249
vn 0.8071 -0.3626 -0.4660
vn 0.7072 -0.5772 -0.4083
vn 0.5245 -0.7958 -0.3028
vn 0.2949 -0.9403 -0.1702
vn 0.0832 -0.9954 -0.0480
vn 0.6590 -0.3626 -0.6590
vn 0.5774 -0.5772 -0.5774
vn 0.4282 -0.7958 -0.4282
vn 0.2408 -0.9403 -0.2408
vn 0.0679 -0.9954 -0.0679
vn 0.4660 -0.3626 -0.8071
vn 0.4083 -0.5772 -0.7072
vn 0.3028 -0.7958 -0.5245
vn 0.1702 -0.9403 -0.2949
vn 0.0480 -0.9954 -0.0832
vn 0.2412 -0.3626 -0.9002
vn 0.2113 -0.5772 -0.7888
vn 0.1567 -0.7958 -0.5850
vn 0.0881 -0.9403 -0.3289
vn 0.0249 -0.9954 -0.0928
vn 0.2563 -0.1397 -0.9565
vn -0.0000 -0.1397 -0.9902
vn -0.2563 -0.1397 -0.9565
vn -0.4951 -0.1397 -0.8575
vn -0.7002 -0.1397 -0.7002
vn -0.8575 -0.1397 -0.4951
vn -0.9565 -0.1397 -0.2563
vn -0.9902 -0.1397 -0.0000
vn -0.9565 -0.1397 0.2563
vn -0.8575 -0.1397 0.4951
vn -0.7002 -0.1397 0.7002
vn -0.4951 -0.1397 0.8575
vn -0.2563 -0.1397 0.9565
vn -0.0000 -0.1397 0.9902
vn 0.2563 -0.1397 0.9565
vn 0.4951 -0.1397 0.8575
vn 0.7002 -0.1397 0.7002
vn 0.8575 -0.1397 0.4951
vn 0.9565 -0.1397 0.2563
vn 0.9902 -0.1397 -0.0000
vn 0.9565 -0.1397 -0.2563
vn 0.8575 -0.1397 -0.4951
vn 0.7002 -0.1397 -0.7002
vn 0.4951 -0.1397 -0.8575
vn 0.2412 0.3626 0.9002
vn 0.2115 0.5764 0.7893
vn -0.0000 0.5764 0.8172
vn -0.0000 0.3626 0.9319
vn 0.1564 0.7968 0.5836
vn -0.0000 0.7968 0.6042
vn 0.0872 0.9415 0.3256
vn -0.0000 0.9415 0.3371
vn 0.0239 0.9957 0.0893
vn -0.0000 0.9957 0.0925
vn 0.4660 0.3626 0.8071
vn 0.4086 0.5764 0.7077
vn 0.3021 0.7968 0.5232
vn 0.1685 0.9415 0.2919
vn 0.0463 0.9957 0.0801
vn 0.6590 0.3626 0.6590
vn 0.5778 0.5764 0.5778
vn 0.4272 0.7968 0.4272
vn 0.2384 0.9415 0.2384
vn 0.0654 0.9957 0.0654
vn 0.8071 0.3626 0.4660
vn 0.7077 0.5764 0.4086
vn 0.5232 0.7968 0.3021
vn 0.2919 0.9415 0.1685
vn 0.0801 0.9957 0.0463
vn 0.9002 0.3626 0.2412
vn 0.7893 0.5764 0.2115
vn 0.5836 0.7968 0.1564
vn 0.3256 0.9415 0.0872
vn 0.0894 0.9957 0.0239
vn 0.9319 0.3626 -0.0000
vn 0.8172 0.5764 -0.0000
vn 0.6042 0.7968 -0.0000
vn 0.3371 0.9415 -0.0000
vn 0.0925 0.9957 -0.0000
vn 0.9002 0.3626 -0.2412
vn 0.7893 0.5764 -0.2115
vn 0.5836 0.7968 -0.1564
vn 0.3256 0.9415 -0.0872
vn 0.0893 0.9957 -0.0239
vn 0.8071 0.3626 -0.4660
vn 0.7077 0.5764 -0.4086
vn 0.5232 0.7968 -0.3021
vn 0.2919 0.9415 -0.1685
vn 0.0801 0.9957 -0.0463
vn 0.6590 0.3626 -0.6590
vn 0.5778 0.5764 -0.5778
vn 0.4272 0.7968 -0.4272
vn 0.2384 0.9415 -0.2384
vn 0.0654 0.9957 -0.0654
vn 0.4660 0.3626 -0.8071
vn 0.4086 0.5764 -0.7077
vn 0.3021 0.7968 -0.5232
vn 0.1685 0.9415 -0.2919
vn 0.0463 0.9957 -0.0801
vn 0.2412 0.3626 -0.9002
vn 0.2115 0.5764 -0.7893
vn 0.1564 0.7968 -0.5836
vn 0.0872 0.9415 -0.3256
vn 0.0239 0.9957 -0.0893
vn -0.0000 0.3626 -0.9319
vn -0.0000 0.5764 -0.8172
vn -0.0000 0.7968 -0.6042
vn -0.0000 0.9415 -0.3371
vn -0.0000 0.9957 -0.0925
vn -0.2412 0.3626 -0.9002
vn -0.2115 0.5764 -0.7893
vn -0.1564 0.7968 -0.5836
vn -0.0872 0.9415 -0.3256
vn -0.0239 0.9957 -0.0893
vn -0.4660 0.3626 -0.8071
vn -0.4086 0.5764 -0.7077
vn -0.3021 0.7968 -0.5232
vn -0.1685 0.9415 -0.2919
vn -0.0463 0.9957 -0.0801
vn -0.6590 0.3626 -0.6590
vn -0.5778 0.5764 -0.5778
vn -0.4272 0.7968 -0.4272
vn -0.2384 0.9415 -0.2384
vn -0.0654 0.9957 -0.0654
vn -0.8071 0.3626 -0.4660
vn -0.7077 0.5764 -0.4086
vn -0.5232 0.7968 -0.3021
vn -0.2919 0.9415 -0.1685
vn -0.0801 0.9957 -0.0463
vn -0.9002 0.3626 -0.2412
vn -0.7893 0.5764 -0.2115
vn -0.5836 0.7968 -0.1564
vn -0.3256 0.9415 -0.0872
vn -0.0894 0.9957 -0.0239
vn -0.9319 0.3626 -0.0000
vn -0.8172 0.5764 -0.0000
vn -0.6042 0.7968 -0.0000
vn -0.3371 0.9415 -0.0000
vn -0.0925 0.9957 -0.0000
vn -0.9002 0.3626 0.2412
vn -0.7893 0.5764 0.2115
vn -0.5836 0.7968 0.1564
vn -0.3256 0.9415 0.0872
vn -0.0893 0.9957 0.0239
vn -0.8071 0.3626 0.4660
vn -0.7077 0.5764 0.4086
vn -0.5232 0.7968 0.3021
vn -0.2919 0.9415 0.1685
vn -0.0801 0.9957 0.0463
vn -0.6590 0.3626 0.6590
vn -0.5778 0.5764 0.5778
vn -0.4272 0.7968 0.4272
vn -0.2384 0.9415 0.2384
vn -0.0654 0.9957 0.0654
vn -0.4660 0.3626 0.8071
vn -0.4086 0.5764 0.7077
vn -0.3021 0.7968 0.5232
vn -0.1685 0.9415 0.2919
vn -0.0463 0.9957 0.0801
vn -0.2412 0.3626 0.9002
vn -0.2115 0.5764 0.7893
vn -0.1564 0.7968 0.5836
vn -0.0872 0.9415 0.3256
vn -0.0239 0.9957 0.0893
vn -0.2576 0.0983 0.9612
vn -0.0000 0.0983 0.9952
vn 0.2576 0.0983 0.9612
vn 0.4976 0.0983 0.8618
vn 0.7037 0.0983 0.7037
vn 0.8618 0.0983 0.4976
vn 0.9612 0.0983 0.2576
vn 0.9952 0.0983 -0.0000
vn 0.9612 0.0983 -0.2576
vn 0.8618 0.0983 -0.4976
vn 0.7037 0.0983 -0.7037
vn 0.4976 0.0983 -0.8618
vn 0.2576 0.0983 -0.9612
vn -0.0000 0.0983 -0.9952
vn -0.2576 0.0983 -0.9612
vn -0.4976 0.0983 -0.8618
vn -0.7037 0.0983 -0.7037
vn -0.8618 0.0983 -0.4976
vn -0.9612 0.0983 -0.2576
vn -0.9952 0.0983 -0.0000
vn -0.9612 0.0983 0.2576
vn -0.8618 0.0983 0.4976
vn -0.7037 0.0983 0.7037
vn -0.4976 0.0983 0.8618
vn -0.0541 0.9779 -0.2019
vn -0.0000 0.9779 -0.2090
vn -0.0000 0.6937 -0.7203
vn -0.1864 0.6937 -0.6957
vn -0.0000 0.1935 -0.9811
vn -0.2539 0.1935 -0.9477
vn -0.1045 0.9779 -0.1810
vn -0.3601 0.6937 -0.6238
vn -0.4905 0.1935 -0.8497
vn -0.1478 0.9779 -0.1478
vn -0.5093 0.6937 -0.5093
vn -0.6937 0.1935 -0.6937
vn -0.1810 0.9779 -0.1045
vn -0.6238 0.6937 -0.3601
vn -0.8497 0.1935 -0.4905
vn -0.2019 0.9779 -0.0541
vn -0.6957 0.6937 -0.1864
vn -0.9477 0.1935 -0.2539
vn -0.2090 0.9779 -0.0000
vn -0.7203 0.6937 -0.0000
vn -0.9811 0.1935 -0.0000
vn -0.2019 0.9779 0.0541
vn -0.6957 0.6937 0.1864
vn -0.9477 0.1935 0.2539
vn -0.1810 0.9779 0.1045
vn -0.6238 0.6937 0.3601
vn -0.8497 0.1935 0.4905
vn -0.1478 0.9779 0.1478
vn -0.5093 0.6937 0.5093
vn -0.6937 0.1935 0.6937
vn -0.1045 0.9779 0.1810
vn -0.3601 0.6937 0.6238
vn -0.4905 0.1935 0.8497
vn -0.0541 0.9779 0.2019
vn -0.1864 0.6937 0.6957
vn -0.2539 0.1935 0.9477
vn -0.0000 0.9779 0.2090
vn -0.0000 0.6937 0.7203
vn -0.0000 0.1935 0.9811
vn 0.0541 0.9779 0.2019
vn 0.1864 0.6937 0.6957
vn 0.2539 0.1935 0.9477
vn 0.1045 0.9779 0.1810
vn 0.3601 0.6937 0.6238
vn 0.4905 0.1935 0.8497
vn 0.1478 0.9779 0.1478
vn 0.5093 0.6937 0.5093
vn 0.6937 0.1935 0.6937
vn 0.1810 0.9779 0.1045
vn 0.6238 0.6937 0.3601
vn 0.8497 0.1935 0.4905
vn 0.2019 0.9779 0.0541
vn 0.6957 0.6937 0.1864
vn 0.9477 0.1935 0.2539
vn 0.2090 0.9779 -0.0000
vn 0.7203 0.6937 -0.0000
vn 0.9811 0.1935 -0.0000
vn 0.2019 0.9779 -0.0541
vn 0.6957 0.6937 -0.1864
vn 0.9477 0.1935 -0.2539
vn 0.1810 0.9779 -0.1045
vn 0.6238 0.6937 -0.3601
vn 0.8497 0.1935 -0.4905
vn 0.1478 0.9779 -0.1478
vn 0.5093 0.6937 -0.5093
vn 0.6937 0.1935 -0.6937
vn 0.1045 0.9779 -0.1810
vn 0.3601 0.6937 -0.6238
vn 0.4905 0.1935 -0.8497
vn 0.0541 0.9779 -0.2019
vn 0.1864 0.6937 -0.6957
vn 0.2539 0.1935 -0.9477
vn 0.2570 0.1180 0.9592
vn -0.0000 0.1180 0.9930
vn -0.0000 0.6953 0.7187
vn 0.1860 0.6953 0.6942
vn -0.0000 0.9831 0.1833
vn 0.0474 0.9831 0.1770
vn 0.4965 0.1180 0.8600
vn 0.3593 0.6953 0.6224
vn 0.0916 0.9831 0.1587
vn 0.7022 0.1180 0.7022
vn 0.5082 0.6953 0.5082
vn 0.1296 0.9831 0.1296
vn 0.8600 0.1180 0.4965
vn 0.6224 0.6953 0.3593
vn 0.1587 0.9831 0.0916
vn 0.9592 0.1180 0.2570
vn 0.6942 0.6953 0.1860
vn 0.1770 0.9831 0.0474
vn 0.9930 0.1180 -0.0000
vn 0.7187 0.6953 -0.0000
vn 0.1833 0.9831 -0.0000
vn 0.9592 0.1180 -0.2570
vn 0.6942 0.6953 -0.1860
vn 0.1770 0.9831 -0.0474
vn 0.8600 0.1180 -0.4965
vn 0.6224 0.6953 -0.3593
vn 0.1587 0.9831 -0.0916
vn 0.7022 0.1180 -0.7022
vn 0.5082 0.6953 -0.5082
vn 0.1296 0.9831 -0.1296
vn 0.4965 0.1180 -0.8600
vn 0.3593 0.6953 -0.6224
vn 0.0916 0.9831 -0.1587
vn 0.2570 0.1180 -0.9592
vn 0.1860 0.6953 -0.6942
vn 0.0474 0.9831 -0.1770
vn -0.0000 0.1180 -0.9930
vn -0.0000 0.6953 -0.7187
vn -0.0000 0.9831 -0.1833
vn -0.2570 0.1180 -0.9592
vn -0.1860 0.6953 -0.6942
vn -0.0474 0.9831 -0.1770
vn -0.4965 0.1180 -0.8600
vn -0.3593 0.6953 -0.6224
vn -0.0916 0.9831 -0.1587
vn -0.7022 0.1180 -0.7022
vn -0.5082 0.6953 -0.5082
vn -0.1296 0.9831 -0.1296
vn -0.8600 0.1180 -0.4965
vn -0.6224 0.6953 -0.3593
vn -0.1587 0.9831 -0.0916
vn -0.9592 0.1180 -0.2570
vn -0.6942 0.6953 -0.1860
vn -0.1770 0.9831 -0.0474
vn -0.9930 0.1180 -0.0000
vn -0.7187 0.6953 -0.0000
vn -0.1833 0.9831 -0.0000
vn -0.9592 0.1180 0.2570
vn -0.6942 0.6953 0.1860
vn -0.1770 0.9831 0.0474
vn -0.8600 0.1180 0.4965
vn -0.6224 0.6953 0.3593
vn -0.1587 0.9831 0.0916
vn -0.7022 0.1180 0.7022
vn -0.5082 0.6953 0.5082
vn -0.1296 0.9831 0.1296
vn -0.4965 0.1180 0.8600
vn -0.3593 0.6953 0.6224
vn -0.0916 0.9831 0.1587
vn -0.2570 0.1180 0.9592
vn -0.1860 0.6953 0.6942
vn -0.0474 0.9831 0.1770
vn -0.0000 -0.0000 -1.0000
vn -0.0000 0.0754 0.9972
vn -0.0000 0.1110 0.9938
vn -0.0830 0.0549 0.9950
vn -0.1209 0.0222 0.9924
vn -0.0790 0.0221 0.9966
vn -0.1305 -0.0000 0.9914
vn 0.7021 0.7118 -0.0207
vn 0.6985 0.7153 -0.0206
vn 0.1883 0.9821 -0.0056
vn 0.1918 0.9814 -0.0057
vn 0.1924 -0.9813 -0.0057
vn 0.1890 -0.9820 -0.0056
vn 0.6994 -0.7144 -0.0207
vn 0.7031 -0.7108 -0.0208
vn 0.9797 -0.1984 -0.0289
vn 0.9798 -0.1977 -0.0289
vn -0.0000 -0.9962 0.0871
vn -0.0000 -1.0000 -0.0000
vn -0.0314 -0.0000 0.9995
vn 0.9797 0.1983 -0.0289
vn 0.9796 0.1991 -0.0289
vn -0.0000 0.9962 0.0870
vn -0.0000 1.0000 -0.0000
vn -0.9797 0.1983 -0.0289
vn -0.7021 0.7118 -0.0207
vn -0.6985 0.7153 -0.0206
vn -0.9796 0.1991 -0.0289
vn 0.9133 -0.1573 -0.3758
vn 0.9233 -0.1564 -0.3508
vn 0.9309 0.1821 -0.3165
vn 0.9257 0.1563 -0.3443
vn -0.0000 -0.9693 -0.2457
vn -0.0000 -0.9691 -0.2467
vn 0.4192 -0.8659 -0.2728
vn 0.4550 -0.8410 -0.2925
vn 0.7626 -0.5312 -0.3690
vn 0.7490 -0.5650 -0.3461
vn 0.7590 0.6067 -0.2362
vn 0.6907 0.7000 -0.1817
vn 0.1881 0.9818 0.0276
vn 0.2557 0.9667 -0.0070
vn -0.0000 0.9951 0.0990
vn -0.0000 0.9945 0.1051
vn -0.1881 0.9818 0.0276
vn -0.2557 0.9667 -0.0070
vn -0.0000 -0.9709 -0.2396
vn -0.4132 -0.8721 -0.2622
vn -0.3843 -0.8868 -0.2566
vn -0.0000 0.9961 0.0888
vn -0.1593 0.9868 0.0280
vn -0.2146 0.9767 0.0064
vn 0.6698 0.7287 -0.1429
vn 0.1593 0.9868 0.0280
vn 0.2146 0.9767 0.0064
vn 0.7162 0.6799 -0.1572
vn 0.7374 -0.5976 -0.3150
vn 0.9361 -0.1581 -0.3143
vn 0.9338 -0.1696 -0.3149
vn 0.7492 -0.5819 -0.3162
vn 0.9478 0.1719 -0.2686
vn 0.9441 0.1995 -0.2625
vn -0.2505 0.0499 0.9668
vn -0.3074 -0.0544 0.9500
vn -0.3074 -0.0549 0.9500
vn -0.2522 0.0485 0.9665
vn -0.0004 -0.0149 0.9999
vn -0.0942 0.0704 0.9931
vn -0.1040 0.0727 0.9919
vn -0.0005 -0.0119 0.9999
vn -0.0000 -0.2408 0.9706
vn 0.1112 -0.2444 0.9633
vn 0.1124 -0.2445 0.9631
vn -0.2331 -0.1823 0.9552
vn -0.2349 -0.1807 0.9551
vn 0.9795 0.2011 -0.0144
vn 0.6928 0.7209 0.0190
vn 0.6930 0.7204 -0.0288
vn 0.9751 0.1979 -0.0997
vn 0.6959 0.7138 -0.0787
vn 0.9643 0.1922 -0.1822
vn 0.1781 0.9830 0.0441
vn 0.1752 0.9833 0.0485
vn 0.1773 0.9828 0.0512
vn 0.3319 -0.9380 -0.1001
vn 0.7551 -0.6515 -0.0735
vn 0.7637 -0.6264 -0.1563
vn 0.3710 -0.9159 -0.1535
vn 0.7611 -0.6041 -0.2363
vn 0.3924 -0.8956 -0.2096
vn 0.9822 -0.1839 -0.0384
vn 0.9756 -0.1758 -0.1313
vn 0.9609 -0.1685 -0.2198
vn -0.0000 -0.9939 -0.1103
vn -0.0000 -0.9882 -0.1530
vn -0.0000 -0.9796 -0.2011
vn -0.0000 0.9989 0.0472
vn -0.0000 0.9977 0.0674
vn -0.0000 0.9957 0.0929
vn 0.1846 0.9819 0.0422
vn 0.4028 -0.8841 -0.2369
vn -0.0000 -0.9753 -0.2209
vn 0.9515 0.1890 -0.2428
vn 0.6954 0.7089 -0.1184
vn 0.9448 -0.1648 -0.2831
vn 0.7523 -0.5923 -0.2885
vn 0.7016 0.7125 0.0123
vn 0.9799 0.1992 0.0094
vn 0.9800 0.1989 -0.0064
vn 0.7024 0.7118 -0.0014
vn 0.9799 0.1987 -0.0177
vn 0.7020 0.7121 -0.0111
vn 0.1905 0.9816 0.0107
vn 0.1906 0.9817 0.0040
vn 0.1904 0.9817 -0.0003
vn 0.7037 -0.7105 -0.0015
vn 0.1940 -0.9810 -0.0078
vn 0.1950 -0.9808 -0.0071
vn 0.7042 -0.7099 -0.0095
vn 0.1938 -0.9810 -0.0069
vn 0.7032 -0.7108 -0.0151
vn 0.9802 -0.1980 0.0056
vn 0.9802 -0.1976 -0.0087
vn 0.9801 -0.1978 -0.0189
vn 0.9796 0.2003 0.0174
vn 0.6992 0.7146 0.0232
vn 0.6992 0.7144 0.0280
vn 0.9797 0.1997 0.0188
vn 0.6971 0.7162 0.0333
vn 0.9794 0.2010 0.0203
vn 0.1887 0.9818 0.0208
vn 0.1873 0.9819 0.0278
vn 0.1851 0.9821 0.0348
vn 0.1985 -0.9799 -0.0193
vn 0.7059 -0.7083 -0.0047
vn 0.7150 -0.6988 -0.0197
vn 0.2204 -0.9744 -0.0449
vn 0.7345 -0.6778 -0.0333
vn 0.2713 -0.9600 -0.0692
vn 0.9803 -0.1971 0.0099
vn 0.9808 -0.1948 0.0062
vn 0.9817 -0.1906 0.0027
vn -0.0000 -1.0000 -0.0090
vn -0.0000 -1.0000 -0.0057
vn -0.0000 -1.0000 -0.0038
vn -0.0000 1.0000 0.0090
vn -0.0000 1.0000 0.0057
vn -0.0000 1.0000 0.0038
vn -0.0000 0.9998 0.0179
vn -0.0000 0.9997 0.0256
vn -0.0000 0.9995 0.0321
vn -0.0000 -0.9997 -0.0227
vn -0.0000 -0.9986 -0.0520
vn -0.0000 -0.9966 -0.0819
vn 0.0830 0.0549 0.9950
vn 0.1209 0.0222 0.9924
vn 0.0790 0.0221 0.9966
vn 0.1305 -0.0000 0.9914
vn -0.1918 0.9814 -0.0057
vn -0.1883 0.9821 -0.0056
vn -0.1924 -0.9813 -0.0057
vn -0.7031 -0.7108 -0.0208
vn -0.6994 -0.7144 -0.0207
vn -0.1890 -0.9820 -0.0056
vn -0.9798 -0.1977 -0.0289
vn -0.9797 -0.1984 -0.0289
vn 0.0314 -0.0000 0.9995
vn -0.9257 0.1563 -0.3443
vn -0.9309 0.1821 -0.3165
vn -0.9233 -0.1564 -0.3508
vn -0.9133 -0.1573 -0.3758
vn -0.4550 -0.8410 -0.2925
vn -0.4192 -0.8659 -0.2728
vn -0.7490 -0.5650 -0.3461
vn -0.7626 -0.5312 -0.3690
vn -0.6907 0.7000 -0.1817
vn -0.7590 0.6067 -0.2362
vn -0.1112 -0.2444 0.9633
vn -0.1124 -0.2445 0.9631
vn -0.0000 -0.0742 0.9972
vn 0.3074 -0.0544 0.9500
vn 0.2505 0.0499 0.9668
vn 0.2522 0.0485 0.9665
vn 0.3074 -0.0549 0.9500
vn -0.9478 0.1719 -0.2686
vn -0.7162 0.6799 -0.1572
vn -0.6698 0.7287 -0.1429
vn -0.9441 0.1995 -0.2625
vn -0.7492 -0.5819 -0.3162
vn -0.7374 -0.5976 -0.3150
vn -0.9338 -0.1696 -0.3149
vn -0.9361 -0.1581 -0.3143
vn 0.3843 -0.8868 -0.2566
vn 0.4132 -0.8721 -0.2622
vn 0.2331 -0.1823 0.9552
vn 0.2349 -0.1807 0.9551
vn -0.9795 0.2011 -0.0144
vn -0.9751 0.1979 -0.0997
vn -0.6930 0.7204 -0.0288
vn -0.6928 0.7209 0.0190
vn -0.9643 0.1922 -0.1822
vn -0.6959 0.7138 -0.0787
vn -0.1752 0.9833 0.0485
vn -0.1781 0.9830 0.0441
vn -0.1773 0.9828 0.0512
vn -0.3319 -0.9380 -0.1001
vn -0.3710 -0.9159 -0.1535
vn -0.7637 -0.6264 -0.1563
vn -0.7551 -0.6515 -0.0735
vn -0.3924 -0.8956 -0.2096
vn -0.7611 -0.6041 -0.2363
vn -0.9756 -0.1758 -0.1313
vn -0.9822 -0.1839 -0.0384
vn -0.9609 -0.1685 -0.2198
vn -0.1846 0.9819 0.0422
vn -0.4028 -0.8841 -0.2369
vn -0.9515 0.1890 -0.2428
vn -0.6954 0.7089 -0.1184
vn -0.9448 -0.1648 -0.2831
vn -0.7523 -0.5923 -0.2885
vn -0.7016 0.7125 0.0123
vn -0.7024 0.7118 -0.0014
vn -0.9800 0.1989 -0.0064
vn -0.9799 0.1992 0.0094
vn -0.7020 0.7121 -0.0111
vn -0.9799 0.1987 -0.0177
vn -0.1905 0.9816 0.0107
vn -0.1906 0.9817 0.0040
vn -0.1904 0.9817 -0.0003
vn -0.7037 -0.7105 -0.0015
vn -0.7042 -0.7099 -0.0095
vn -0.1950 -0.9808 -0.0071
vn -0.1940 -0.9810 -0.0078
vn -0.7032 -0.7108 -0.0151
vn -0.1938 -0.9810 -0.0069
vn -0.9802 -0.1980 0.0056
vn -0.9802 -0.1976 -0.0087
vn -0.9801 -0.1978 -0.0189
vn -0.9796 0.2003 0.0174
vn -0.9797 0.1997 0.0188
vn -0.6992 0.7144 0.0280
vn -0.6992 0.7146 0.0232
vn -0.9794 0.2010 0.0203
vn -0.6971 0.7162 0.0333
vn -0.1873 0.9819 0.0278
vn -0.1887 0.9818 0.0208
vn -0.1851 0.9821 0.0348
vn -0.1985 -0.9799 -0.0193
vn -0.2204 -0.9744 -0.0449
vn -0.7150 -0.6988 -0.0197
vn -0.7059 -0.7083 -0.0047
vn -0.2713 -0.9600 -0.0692
vn -0.7345 -0.6778 -0.0333
vn -0.9808 -0.1948 0.0062
vn -0.9803 -0.1971 0.0099
vn -0.9817 -0.1906 0.0027
vn 0.1926 -0.9813 -0.0058
vn 0.7030 -0.7109 -0.0208
vn 0.7033 -0.7106 -0.0198
vn 0.9799 -0.1977 -0.0271
vn 0.9797 0.1985 -0.0269
vn 0.9797 0.1984 -0.0289
vn 0.7022 0.7117 -0.0190
vn 0.1917 0.9814 -0.0057
vn 0.1920 0.9814 -0.0048
vn -0.1926 -0.9813 -0.0058
vn -0.7033 -0.7106 -0.0198
vn -0.7030 -0.7109 -0.0208
vn -0.9799 -0.1977 -0.0271
vn -0.9797 0.1985 -0.0269
vn -0.9797 0.1984 -0.0289
vn -0.7022 0.7117 -0.0190
vn -0.1920 0.9814 -0.0048
vn -0.1917 0.9814 -0.0057
vn 0.7030 -0.7108 -0.0208
vn -0.7030 -0.7108 -0.0208
vn -0.7022 0.7118 -0.0150
vn -0.1915 0.9815 -0.0025
vn -0.9798 0.1986 -0.0223
vn -0.9800 -0.1977 -0.0229
vn -0.7034 -0.7106 -0.0174
vn -0.1931 -0.9812 -0.0064
vn 0.7022 0.7118 -0.0150
vn 0.1915 0.9815 -0.0025
vn 0.9798 0.1986 -0.0223
vn 0.9800 -0.1977 -0.0229
vn 0.7034 -0.7106 -0.0174
vn 0.1931 -0.9812 -0.0064
vn -0.0000 -0.2933 0.9560
vn 0.7744 -0.2426 0.5844
vn 0.6088 -0.6461 0.4603
vn -0.0000 -0.7226 0.6913
vn -0.6088 -0.6461 0.4603
vn -0.7744 -0.2426 0.5844
vn -0.0000 -0.9260 0.3774
vn 0.3640 -0.8892 0.2770
vn 0.1025 -0.9914 0.0808
vn -0.0000 -0.8351 -0.5502
vn -0.4587 -0.8122 -0.3605
vn -0.1452 -0.9846 -0.0977
vn -0.0000 -0.9904 -0.1383
vn -0.0000 -0.5395 -0.8420
vn 0.6719 -0.5165 -0.5309
vn 0.7744 -0.1753 -0.6079
vn -0.0000 -0.1841 -0.9829
vn 0.4587 -0.8122 -0.3605
vn 0.5679 -0.8178 -0.0926
vn 0.8366 -0.5303 -0.1371
vn 0.8172 -0.5622 0.1271
vn 0.5316 -0.8423 0.0894
vn -0.8172 -0.5622 0.1271
vn -0.3640 -0.8892 0.2770
vn -0.5316 -0.8423 0.0894
vn -0.6719 -0.5165 -0.5309
vn -0.8366 -0.5303 -0.1371
vn -0.5679 -0.8179 -0.0926
vn -0.1025 -0.9914 0.0808
vn 0.1452 -0.9846 -0.0977
vn -0.7744 -0.1753 -0.6079
vn -0.1877 -0.9817 -0.0321
vn -0.1615 -0.9861 0.0382
vn -0.1452 0.9846 -0.0972
vn -0.0000 0.9908 -0.1355
vn -0.7744 0.1752 -0.6079
vn -0.9702 0.1820 -0.1601
vn -0.9701 -0.1822 -0.1601
vn -0.0000 0.1840 -0.9829
vn -0.1878 0.9817 -0.0322
vn -0.1615 0.9861 0.0382
vn -0.1024 0.9915 0.0808
vn -0.9697 0.1962 0.1452
vn -0.7744 0.2426 0.5843
vn -0.9697 -0.1964 0.1453
vn 0.1452 0.9846 -0.0972
vn 0.7744 0.1752 -0.6079
vn -0.0000 0.2935 0.9559
vn 0.7744 0.2426 0.5843
vn 0.1024 0.9915 0.0808
vn 0.9697 0.1962 0.1452
vn 0.9697 -0.1964 0.1453
vn 0.1615 0.9861 0.0382
vn 0.1878 0.9817 -0.0322
vn 0.9701 -0.1822 -0.1601
vn 0.9702 0.1820 -0.1601
vn 0.1615 -0.9861 0.0382
vn 0.1877 -0.9817 -0.0321
vn 0.0942 0.0704 0.9931
vn 0.1040 0.0728 0.9919
vn 0.0004 -0.0149 0.9999
vn 0.0005 -0.0119 0.9999
vn -0.2244 0.9742 0.0238
vn -0.0000 0.9963 0.0857
vn 0.2244 0.9742 0.0238
vn 0.7408 0.6529 -0.1579
vn 0.9474 0.1687 -0.2719
vn 0.9350 -0.1723 -0.3100
vn 0.7569 -0.5756 -0.3094
vn 0.4224 -0.8720 -0.2475
vn -0.0000 -0.9761 -0.2172
vn -0.4224 -0.8720 -0.2475
vn -0.9350 -0.1723 -0.3100
vn -0.9474 0.1687 -0.2719
vn -0.7408 0.6529 -0.1579
vn -0.7569 -0.5756 -0.3094
vn -0.0000 0.6463 -0.7630
vn 0.1238 0.5483 -0.8271
vn 0.0148 0.1882 -0.9820
vn -0.0000 0.2006 -0.9797
vn 0.3250 0.0624 -0.9436
vn 0.2991 -0.0539 -0.9527
vn -0.1036 0.0201 -0.9944
vn -0.0634 -0.0078 -0.9980
vn 0.1460 -0.3033 -0.9417
vn -0.0000 -0.3466 -0.9380
vn -0.0000 0.0248 -0.9997
vn -0.0361 0.0675 -0.9971
vn 0.2362 -0.1822 -0.9545
vn -0.0509 0.0323 -0.9982
vn 0.2859 0.2736 -0.9184
vn 0.0348 0.0967 -0.9947
vn -0.1238 0.5483 -0.8271
vn -0.0148 0.1882 -0.9820
vn -0.2991 -0.0539 -0.9527
vn -0.3250 0.0624 -0.9436
vn 0.0634 -0.0078 -0.9980
vn 0.1036 0.0201 -0.9944
vn -0.1460 -0.3033 -0.9416
vn 0.0361 0.0675 -0.9971
vn -0.2362 -0.1822 -0.9545
vn 0.0509 0.0323 -0.9982
vn -0.2859 0.2736 -0.9184
vn -0.0348 0.0966 -0.9947
vn 0.1466 0.9879 0.0509
vn -0.0000 0.9939 0.1101
vn -0.0670 -0.3497 -0.9344
vn -0.0000 -0.2944 -0.9557
vn 0.0670 -0.3497 -0.9344
vn -0.1466 0.9879 0.0509
vn 0.9336 -0.1553 -0.3229
vn 0.9365 0.2016 -0.2871
vn -0.5376 -0.1108 -0.8359
vn -0.3163 -0.3192 -0.8933
vn -0.5729 0.1005 -0.8134
vn 0.6468 0.7485 -0.1462
vn -0.2287 0.5067 -0.8312
vn -0.4429 0.3521 -0.8245
vn -0.0000 0.5292 -0.8485
vn 0.3942 -0.8808 -0.2625
vn 0.7396 -0.5911 -0.3217
vn -0.0000 -0.9688 -0.2477
vn 0.2287 0.5067 -0.8312
vn -0.3942 -0.8808 -0.2625
vn 0.5376 -0.1108 -0.8359
vn 0.5729 0.1005 -0.8134
vn -0.9336 -0.1553 -0.3229
vn -0.9365 0.2016 -0.2871
vn 0.3163 -0.3192 -0.8933
vn -0.6468 0.7485 -0.1462
vn 0.4429 0.3521 -0.8245
vn -0.7396 -0.5911 -0.3217
vn -0.0000 0.8350 -0.5503
vn -0.4589 0.8120 -0.3606
vn -0.6720 0.5162 -0.5310
vn -0.0000 0.5393 -0.8421
vn -0.0000 0.7229 0.6910
vn -0.6088 0.6462 0.4602
vn -0.3639 0.8893 0.2769
vn -0.0000 0.9262 0.3771
vn -0.8174 0.5619 0.1270
vn -0.5318 0.8421 0.0895
vn -0.5683 0.8176 -0.0926
vn -0.8369 0.5300 -0.1371
vn 0.6088 0.6462 0.4602
vn 0.3639 0.8893 0.2769
vn 0.4589 0.8120 -0.3606
vn 0.6720 0.5162 -0.5310
vn 0.8369 0.5300 -0.1371
vn 0.5683 0.8176 -0.0926
vn 0.5318 0.8421 0.0895
vn 0.8174 0.5619 0.1270
vt 0.833047 0.450976
vt 0.778185 0.465758
vt 0.776634 0.454407
vt 0.828613 0.440412
vt 0.775000 0.442302
vt 0.823904 0.429145
vt 0.773387 0.430204
vt 0.819198 0.417842
vt 0.771868 0.418823
vt 0.814789 0.407248
vt 0.882205 0.422471
vt 0.875182 0.413416
vt 0.867717 0.403748
vt 0.860255 0.394065
vt 0.853252 0.384964
vt 0.922249 0.382203
vt 0.913132 0.375271
vt 0.903471 0.367881
vt 0.893756 0.360459
vt 0.884637 0.353485
vt 0.950626 0.333008
vt 0.940027 0.328660
vt 0.928692 0.323982
vt 0.917416 0.319328
vt 0.906806 0.314953
vt 0.965272 0.278076
vt 0.953899 0.276635
vt 0.941781 0.275072
vt 0.929634 0.273485
vt 0.918250 0.271999
vt 0.965060 0.221274
vt 0.953716 0.222813
vt 0.941663 0.224415
vt 0.929567 0.226026
vt 0.918187 0.227542
vt 0.950353 0.166410
vt 0.939831 0.170786
vt 0.928536 0.175480
vt 0.917220 0.180199
vt 0.906614 0.184620
vt 0.921873 0.117225
vt 0.912751 0.124258
vt 0.903052 0.131732
vt 0.893402 0.139169
vt 0.884319 0.146166
vt 0.881633 0.077073
vt 0.874691 0.086205
vt 0.867273 0.095924
vt 0.859824 0.105658
vt 0.852843 0.114780
vt 0.832316 0.048822
vt 0.827987 0.059421
vt 0.823351 0.070712
vt 0.818696 0.082010
vt 0.814316 0.092617
vt 0.777441 0.034189
vt 0.775988 0.045554
vt 0.774424 0.057667
vt 0.772848 0.069788
vt 0.771364 0.081171
vt 0.720601 0.034265
vt 0.722149 0.045626
vt 0.723780 0.057739
vt 0.725392 0.069845
vt 0.726911 0.081232
vt 0.665727 0.049090
vt 0.670165 0.059649
vt 0.674875 0.070913
vt 0.679581 0.082215
vt 0.683990 0.092809
vt 0.616572 0.077591
vt 0.623595 0.086646
vt 0.631060 0.096313
vt 0.638523 0.105996
vt 0.645526 0.115095
vt 0.576528 0.117857
vt 0.585646 0.124790
vt 0.595307 0.132179
vt 0.605021 0.139601
vt 0.614140 0.146575
vt 0.548151 0.167051
vt 0.558750 0.171399
vt 0.570085 0.176077
vt 0.581361 0.180731
vt 0.591971 0.185106
vt 0.533504 0.221982
vt 0.544878 0.223423
vt 0.556995 0.224986
vt 0.569142 0.226574
vt 0.580526 0.228060
vt 0.533716 0.278784
vt 0.545060 0.277245
vt 0.557112 0.275643
vt 0.569209 0.274033
vt 0.580589 0.272516
vt 0.548422 0.333648
vt 0.558944 0.329271
vt 0.570239 0.324578
vt 0.581556 0.319859
vt 0.592162 0.315438
vt 0.576901 0.382832
vt 0.586024 0.375799
vt 0.595723 0.368326
vt 0.605374 0.360890
vt 0.614457 0.353893
vt 0.617141 0.422982
vt 0.624083 0.413851
vt 0.631502 0.404134
vt 0.638951 0.394401
vt 0.645932 0.385280
vt 0.666457 0.451232
vt 0.670788 0.440637
vt 0.675426 0.429347
vt 0.680081 0.418051
vt 0.684461 0.407445
vt 0.721343 0.465905
vt 0.722793 0.454530
vt 0.724354 0.442409
vt 0.725930 0.430280
vt 0.727414 0.418891
vt 0.719940 0.476718
vt 0.779604 0.476649
vt 0.837230 0.461131
vt 0.888876 0.431200
vt 0.931045 0.388930
vt 0.960792 0.337162
vt 0.976084 0.279480
vt 0.976029 0.219810
vt 0.960425 0.162223
vt 0.930638 0.110479
vt 0.888256 0.068409
vt 0.836527 0.038586
vt 0.778819 0.023292
vt 0.719159 0.023458
vt 0.661539 0.038939
vt 0.609901 0.068863
vt 0.567733 0.111131
vt 0.537985 0.162897
vt 0.522693 0.220578
vt 0.522746 0.280248
vt 0.538350 0.337835
vt 0.568136 0.389578
vt 0.610517 0.431646
vt 0.662241 0.461463
vt 0.329372 0.056063
vt 0.325622 0.065296
vt 0.275256 0.051962
vt 0.276483 0.042099
vt 0.321731 0.074881
vt 0.273977 0.062249
vt 0.317832 0.084452
vt 0.272690 0.072595
vt 0.314115 0.093632
vt 0.271457 0.082503
vt 0.377053 0.082876
vt 0.371012 0.090838
vt 0.364771 0.099106
vt 0.358488 0.107420
vt 0.352462 0.115379
vt 0.415951 0.121418
vt 0.408071 0.127486
vt 0.399866 0.133857
vt 0.391674 0.140220
vt 0.383833 0.146331
vt 0.443458 0.168582
vt 0.434314 0.172430
vt 0.424803 0.176447
vt 0.415271 0.180483
vt 0.406140 0.184352
vt 0.458150 0.221198
vt 0.448287 0.222580
vt 0.438026 0.224019
vt 0.427740 0.225462
vt 0.417884 0.226841
vt 0.458603 0.275956
vt 0.448759 0.274729
vt 0.438449 0.273434
vt 0.428128 0.272150
vt 0.418225 0.270917
vt 0.444737 0.328918
vt 0.435519 0.325168
vt 0.425941 0.321238
vt 0.416314 0.317318
vt 0.407103 0.313573
vt 0.417656 0.376368
vt 0.409697 0.370354
vt 0.401477 0.364119
vt 0.393231 0.357874
vt 0.385323 0.351900
vt 0.379450 0.415444
vt 0.373319 0.407565
vt 0.366932 0.399375
vt 0.360538 0.391182
vt 0.354410 0.383312
vt 0.332182 0.443053
vt 0.328345 0.433931
vt 0.324331 0.424376
vt 0.320280 0.414791
vt 0.316402 0.405625
vt 0.279471 0.457505
vt 0.278092 0.447624
vt 0.276682 0.437404
vt 0.275263 0.427156
vt 0.273901 0.417335
vt 0.224790 0.458092
vt 0.226016 0.448229
vt 0.227296 0.437942
vt 0.228583 0.427594
vt 0.229817 0.417686
vt 0.171903 0.444130
vt 0.175653 0.434897
vt 0.179545 0.425312
vt 0.183443 0.415741
vt 0.187161 0.406560
vt 0.124224 0.417320
vt 0.130265 0.409358
vt 0.136506 0.401091
vt 0.142790 0.392777
vt 0.148816 0.384817
vt 0.085327 0.378780
vt 0.093207 0.372713
vt 0.101413 0.366342
vt 0.109606 0.359979
vt 0.117447 0.353869
vt 0.057822 0.331619
vt 0.066966 0.327771
vt 0.076478 0.323754
vt 0.086010 0.319719
vt 0.095143 0.315850
vt 0.043128 0.279005
vt 0.052991 0.277623
vt 0.063253 0.276184
vt 0.073539 0.274741
vt 0.083394 0.273362
vt 0.042671 0.224248
vt 0.052515 0.225475
vt 0.062826 0.226770
vt 0.073146 0.228054
vt 0.083049 0.229286
vt 0.056534 0.171286
vt 0.065751 0.175035
vt 0.075329 0.178965
vt 0.084956 0.182886
vt 0.094167 0.186631
vt 0.083612 0.123834
vt 0.091571 0.129849
vt 0.099790 0.136084
vt 0.108035 0.142329
vt 0.115943 0.148304
vt 0.121818 0.084757
vt 0.127949 0.092636
vt 0.134336 0.100826
vt 0.140730 0.109019
vt 0.146858 0.116889
vt 0.169086 0.057145
vt 0.172924 0.066267
vt 0.176939 0.075821
vt 0.180990 0.085406
vt 0.184867 0.094572
vt 0.221799 0.042689
vt 0.223178 0.052570
vt 0.224588 0.062790
vt 0.226008 0.073038
vt 0.227371 0.082858
vt 0.220484 0.033339
vt 0.277640 0.032565
vt 0.332906 0.047247
vt 0.382800 0.075195
vt 0.423566 0.115538
vt 0.452234 0.164901
vt 0.467540 0.219846
vt 0.468115 0.277111
vt 0.453586 0.332516
vt 0.425271 0.382063
vt 0.385403 0.423054
vt 0.335843 0.451876
vt 0.280786 0.466855
vt 0.223632 0.467627
vt 0.168369 0.452947
vt 0.118477 0.425001
vt 0.077712 0.384660
vt 0.049046 0.335299
vt 0.033738 0.280357
vt 0.033159 0.223093
vt 0.047685 0.167688
vt 0.075997 0.118140
vt 0.115866 0.077147
vt 0.165425 0.048322
vt 0.343828 0.020306
vt 0.281110 0.004526
vt 0.281345 0.002624
vt 0.344549 0.018529
vt 0.281581 0.000725
vt 0.345269 0.016756
vt 0.399831 0.052673
vt 0.400989 0.051144
vt 0.402143 0.049622
vt 0.446009 0.097740
vt 0.447517 0.096555
vt 0.449022 0.095372
vt 0.479074 0.153573
vt 0.480842 0.152828
vt 0.482605 0.152085
vt 0.495952 0.216155
vt 0.497852 0.215901
vt 0.499552 0.215648
vt 0.496125 0.280583
vt 0.498028 0.280819
vt 0.499731 0.281053
vt 0.480231 0.343034
vt 0.482011 0.343746
vt 0.483789 0.344456
vt 0.448524 0.399568
vt 0.450053 0.400727
vt 0.451577 0.401883
vt 0.402745 0.445333
vt 0.403920 0.446848
vt 0.405091 0.448360
vt 0.347223 0.478168
vt 0.347976 0.479931
vt 0.348727 0.481689
vt 0.284840 0.495675
vt 0.285101 0.497575
vt 0.285363 0.499470
vt 0.220162 0.495666
vt 0.219926 0.497568
vt 0.219691 0.499467
vt 0.157446 0.479887
vt 0.156725 0.481665
vt 0.156005 0.483438
vt 0.101445 0.447523
vt 0.100287 0.449051
vt 0.099133 0.450574
vt 0.055268 0.402458
vt 0.053761 0.403642
vt 0.052256 0.404826
vt 0.022205 0.346627
vt 0.020438 0.347372
vt 0.018674 0.348115
vt 0.005326 0.284048
vt 0.003426 0.284302
vt 0.001532 0.284555
vt 0.005150 0.219621
vt 0.003247 0.219385
vt 0.001349 0.219151
vt 0.021040 0.157170
vt 0.019259 0.156458
vt 0.017481 0.155748
vt 0.052745 0.100634
vt 0.051216 0.099476
vt 0.049691 0.098320
vt 0.098523 0.054868
vt 0.097348 0.053353
vt 0.096177 0.051841
vt 0.154044 0.022030
vt 0.153291 0.020267
vt 0.152540 0.018510
vt 0.216429 0.004520
vt 0.216167 0.002620
vt 0.215905 0.000725
vt 0.341281 0.026585
vt 0.280275 0.011260
vt 0.280502 0.009430
vt 0.341974 0.024881
vt 0.280730 0.007591
vt 0.342669 0.023166
vt 0.395737 0.058078
vt 0.396848 0.056611
vt 0.397966 0.055135
vt 0.440672 0.101926
vt 0.442123 0.100789
vt 0.443579 0.099647
vt 0.472829 0.156207
vt 0.474523 0.155492
vt 0.476229 0.154773
vt 0.489231 0.217062
vt 0.491056 0.216814
vt 0.492891 0.216566
vt 0.489395 0.279749
vt 0.491223 0.279975
vt 0.493060 0.280203
vt 0.473937 0.340514
vt 0.475647 0.341198
vt 0.477365 0.341887
vt 0.443119 0.395477
vt 0.444586 0.396587
vt 0.446062 0.397704
vt 0.398583 0.439974
vt 0.399714 0.441430
vt 0.400850 0.442893
vt 0.344564 0.471933
vt 0.345285 0.473625
vt 0.346011 0.475328
vt 0.283913 0.488960
vt 0.284166 0.490782
vt 0.284419 0.492616
vt 0.220996 0.488931
vt 0.220770 0.490762
vt 0.220542 0.492601
vt 0.159993 0.473608
vt 0.159301 0.475313
vt 0.158605 0.477027
vt 0.105539 0.442117
vt 0.104428 0.443585
vt 0.103310 0.445061
vt 0.060606 0.398271
vt 0.059155 0.399408
vt 0.057699 0.400550
vt 0.028450 0.343993
vt 0.026756 0.344708
vt 0.025051 0.345427
vt 0.012046 0.283141
vt 0.010222 0.283389
vt 0.008387 0.283636
vt 0.011880 0.220455
vt 0.010052 0.220229
vt 0.008214 0.220001
vt 0.027333 0.159690
vt 0.025624 0.159006
vt 0.023905 0.158317
vt 0.058150 0.104726
vt 0.056682 0.103616
vt 0.055207 0.102498
vt 0.102685 0.060227
vt 0.101553 0.058771
vt 0.100418 0.057309
vt 0.156703 0.028266
vt 0.155982 0.026573
vt 0.155256 0.024871
vt 0.217355 0.011235
vt 0.217103 0.009412
vt 0.216850 0.007579
vt 0.716749 0.499287
vt 0.782343 0.499273
vt 0.845733 0.482276
vt 0.902563 0.449423
vt 0.948982 0.402987
vt 0.981762 0.346087
vt 0.998651 0.282679
vt 0.998651 0.217067
vt 0.981576 0.153721
vt 0.948863 0.096807
vt 0.902306 0.050457
vt 0.845460 0.017624
vt 0.782005 0.000725
vt 0.716406 0.000832
vt 0.653041 0.017794
vt 0.596213 0.050640
vt 0.549796 0.097073
vt 0.517015 0.153971
vt 0.500416 0.217379
vt 0.500415 0.282991
vt 0.517199 0.346336
vt 0.549911 0.403250
vt 0.596467 0.449598
vt 0.653311 0.482426
vt 0.247079 0.909192
vt 0.270162 0.940663
vt 0.247102 0.918151
vt 0.253879 0.934103
vt 0.128462 0.941879
vt 0.130622 0.844540
vt 0.216486 0.870604
vt 0.214619 0.941880
vt 0.237474 0.899121
vt 0.237523 0.919123
vt 0.270017 0.886511
vt 0.301178 0.886447
vt 0.301178 0.940640
vt 0.253776 0.893183
vt 0.230869 0.935128
vt 0.038041 0.693219
vt 0.036430 0.691736
vt 0.037314 0.689652
vt 0.039585 0.690576
vt 0.027500 0.693360
vt 0.030170 0.691208
vt 0.031741 0.693119
vt 0.031003 0.695502
vt 0.033804 0.693343
vt 0.034247 0.695538
vt 0.014611 0.685312
vt 0.028087 0.685234
vt 0.231300 0.881392
vt 0.035752 0.694998
vt 0.034875 0.693036
vt 0.043860 0.685048
vt 0.037906 0.685051
vt 0.035840 0.675178
vt 0.038094 0.676888
vt 0.036533 0.678315
vt 0.035028 0.677111
vt 0.835587 0.809254
vt 0.784977 0.809254
vt 0.784977 0.794424
vt 0.835587 0.794424
vt 0.835586 0.900320
vt 0.784976 0.900320
vt 0.784977 0.852181
vt 0.835586 0.852181
vt 0.835586 0.830620
vt 0.784977 0.830619
vt 0.835587 0.773816
vt 0.784977 0.773816
vt 0.784977 0.752841
vt 0.835587 0.752842
vt 0.835587 0.706082
vt 0.784978 0.706082
vt 0.784978 0.659322
vt 0.835588 0.659323
vt 0.728353 0.824077
vt 0.728353 0.784847
vt 0.730603 0.784847
vt 0.730603 0.824077
vt 0.730603 0.665787
vt 0.730603 0.703893
vt 0.728353 0.703893
vt 0.728353 0.665787
vt 0.730603 0.610588
vt 0.730603 0.627681
vt 0.728353 0.627681
vt 0.728353 0.610588
vt 0.730603 0.564298
vt 0.730603 0.581709
vt 0.728353 0.581709
vt 0.728353 0.564298
vt 0.728353 0.593794
vt 0.730603 0.593794
vt 0.723900 0.740506
vt 0.723900 0.752801
vt 0.721046 0.752801
vt 0.721046 0.740506
vt 0.723900 0.706031
vt 0.723900 0.723421
vt 0.721046 0.723421
vt 0.721046 0.706031
vt 0.723900 0.506228
vt 0.723900 0.546139
vt 0.721046 0.546139
vt 0.721046 0.506228
vt 0.723900 0.770514
vt 0.721046 0.770515
vt 0.604215 0.760830
vt 0.601708 0.740738
vt 0.623903 0.741164
vt 0.626467 0.761145
vt 0.645937 0.742940
vt 0.648454 0.762159
vt 0.597134 0.720579
vt 0.618964 0.721294
vt 0.640702 0.723849
vt 0.599206 0.819641
vt 0.603540 0.798243
vt 0.625710 0.799170
vt 0.620875 0.820401
vt 0.647574 0.799496
vt 0.642435 0.819843
vt 0.604766 0.776696
vt 0.626930 0.777613
vt 0.648855 0.778706
vt 0.589340 0.855334
vt 0.610359 0.857445
vt 0.631098 0.859774
vt 0.589387 0.684690
vt 0.610917 0.684690
vt 0.631906 0.684690
vt 0.652106 0.684690
vt 0.660239 0.727068
vt 0.664064 0.818716
vt 0.658060 0.862857
vt 0.667684 0.763423
vt 0.665200 0.745182
vt 0.668272 0.779791
vt 0.667658 0.799483
vt 0.222208 0.739687
vt 0.221670 0.757577
vt 0.147082 0.749807
vt 0.148956 0.733587
vt 0.105029 0.740639
vt 0.108234 0.726349
vt 0.222024 0.721707
vt 0.149715 0.717441
vt 0.109921 0.712218
vt 0.219393 0.785133
vt 0.216778 0.803950
vt 0.137180 0.792962
vt 0.142094 0.775261
vt 0.089634 0.779249
vt 0.097159 0.763305
vt 0.221088 0.766857
vt 0.145701 0.758314
vt 0.102805 0.748173
vt 0.294412 0.760406
vt 0.293641 0.741645
vt 0.376008 0.742297
vt 0.377266 0.761584
vt 0.460092 0.741718
vt 0.461586 0.761200
vt 0.291694 0.722690
vt 0.373687 0.722737
vt 0.457606 0.721870
vt 0.290324 0.808529
vt 0.293115 0.789131
vt 0.376842 0.791194
vt 0.374469 0.811028
vt 0.461553 0.793370
vt 0.459168 0.813600
vt 0.294315 0.770126
vt 0.377462 0.771639
vt 0.461930 0.773323
vt 0.210514 0.844470
vt 0.124724 0.832583
vt 0.070182 0.814605
vt 0.220598 0.684745
vt 0.149261 0.684805
vt 0.110204 0.684864
vt 0.287229 0.684717
vt 0.368960 0.684701
vt 0.452832 0.684694
vt 0.283757 0.848252
vt 0.368741 0.849717
vt 0.453360 0.851128
vt 0.355277 0.909193
vt 0.355254 0.918152
vt 0.332194 0.940663
vt 0.348477 0.934104
vt 0.043687 0.866769
vt 0.042390 0.938058
vt 0.021455 0.894328
vt 0.020518 0.914307
vt 0.332339 0.886512
vt 0.348581 0.893184
vt 0.026456 0.930592
vt 0.039600 0.679512
vt 0.037300 0.680383
vt 0.027519 0.677069
vt 0.031088 0.674843
vt 0.031948 0.677271
vt 0.030205 0.679302
vt 0.034347 0.674683
vt 0.033986 0.676855
vt 0.028409 0.876890
vt 0.835588 0.617740
vt 0.784978 0.617740
vt 0.784978 0.602910
vt 0.835588 0.602910
vt 0.835588 0.559983
vt 0.784979 0.559983
vt 0.784979 0.511844
vt 0.835589 0.511845
vt 0.784979 0.581545
vt 0.835588 0.581545
vt 0.784978 0.638348
vt 0.835588 0.638348
vt 0.723900 0.788390
vt 0.721046 0.788390
vt 0.723900 0.667264
vt 0.721046 0.667264
vt 0.723900 0.581728
vt 0.723900 0.594023
vt 0.721046 0.594023
vt 0.721046 0.581728
vt 0.728353 0.737780
vt 0.728353 0.720985
vt 0.730603 0.720985
vt 0.730603 0.737779
vt 0.728353 0.767276
vt 0.730603 0.767276
vt 0.728353 0.749865
vt 0.730603 0.749865
vt 0.730603 0.546727
vt 0.728353 0.546727
vt 0.728353 0.507497
vt 0.730603 0.507497
vt 0.723900 0.564015
vt 0.721046 0.564015
vt 0.604215 0.608550
vt 0.626467 0.608235
vt 0.623903 0.628215
vt 0.601707 0.628641
vt 0.648454 0.607220
vt 0.645937 0.626440
vt 0.618964 0.648086
vt 0.597134 0.648801
vt 0.640702 0.645531
vt 0.599205 0.549737
vt 0.620875 0.548977
vt 0.625710 0.570208
vt 0.603539 0.571136
vt 0.642435 0.549535
vt 0.647574 0.569883
vt 0.626930 0.591766
vt 0.604766 0.592683
vt 0.648856 0.590673
vt 0.589340 0.514042
vt 0.610360 0.511932
vt 0.631099 0.509604
vt 0.660239 0.642311
vt 0.664064 0.550663
vt 0.658062 0.506522
vt 0.667685 0.605956
vt 0.665200 0.624198
vt 0.668273 0.589588
vt 0.667659 0.569896
vt 0.222157 0.629785
vt 0.148859 0.635993
vt 0.146954 0.619752
vt 0.221603 0.611883
vt 0.108105 0.643345
vt 0.104851 0.629035
vt 0.221989 0.647776
vt 0.149648 0.652154
vt 0.109837 0.657490
vt 0.219303 0.584302
vt 0.141917 0.594258
vt 0.136971 0.576525
vt 0.216675 0.565466
vt 0.096896 0.606326
vt 0.089308 0.590343
vt 0.221013 0.602595
vt 0.145556 0.611234
vt 0.102601 0.621489
vt 0.294378 0.609009
vt 0.377252 0.607808
vt 0.375997 0.627099
vt 0.293615 0.627778
vt 0.461581 0.608184
vt 0.460088 0.627667
vt 0.373679 0.646662
vt 0.291677 0.646738
vt 0.457604 0.647516
vt 0.290273 0.560863
vt 0.374448 0.558353
vt 0.376823 0.578192
vt 0.293070 0.580270
vt 0.459161 0.555779
vt 0.461546 0.576010
vt 0.377446 0.597751
vt 0.294278 0.599285
vt 0.461924 0.596059
vt 0.124458 0.536815
vt 0.210393 0.524900
vt 0.069720 0.554853
vt 0.283699 0.521115
vt 0.368719 0.519653
vt 0.453352 0.518246
vt 0.045775 0.753593
vt 0.031616 0.738834
vt 0.043471 0.730431
vt 0.056683 0.742393
vt 0.021922 0.711879
vt 0.031994 0.710733
vt 0.052023 0.722167
vt 0.064722 0.731481
vt 0.039336 0.707563
vt 0.067874 0.725953
vt 0.055346 0.718085
vt 0.042239 0.705415
vt 0.060348 0.709754
vt 0.072527 0.715422
vt 0.046665 0.700822
vt 0.063476 0.701260
vt 0.075221 0.704927
vt 0.049677 0.695579
vt 0.045301 0.616270
vt 0.056338 0.627475
vt 0.043139 0.639591
vt 0.031139 0.631246
vt 0.031799 0.659491
vt 0.021631 0.658486
vt 0.064474 0.638386
vt 0.051796 0.647817
vt 0.039224 0.662579
vt 0.067669 0.643914
vt 0.055162 0.651888
vt 0.042153 0.664703
vt 0.072392 0.654443
vt 0.060234 0.660194
vt 0.046613 0.669248
vt 0.075146 0.664936
vt 0.063428 0.668667
vt 0.049652 0.674450
vt 0.023513 0.699978
vt 0.030379 0.701359
vt 0.035735 0.700347
vt 0.037942 0.699245
vt 0.041368 0.696325
vt 0.043636 0.692584
vt 0.030324 0.668944
vt 0.023418 0.670449
vt 0.035722 0.669857
vt 0.037939 0.670924
vt 0.041377 0.673785
vt 0.043672 0.677503
vt 0.085606 0.649599
vt 0.088022 0.661860
vt 0.081416 0.637280
vt 0.078550 0.630781
vt 0.071292 0.617726
vt 0.061474 0.603836
vt 0.085746 0.720190
vt 0.088106 0.707935
vt 0.081619 0.732500
vt 0.078787 0.738992
vt 0.071612 0.752027
vt 0.061892 0.765885
vt 0.008474 0.685348
vt 0.007234 0.672438
vt 0.009227 0.672490
vt 0.010488 0.685335
vt 0.009391 0.698156
vt 0.007409 0.698236
vt 0.012736 0.685322
vt 0.011344 0.672609
vt 0.013190 0.672758
vt 0.023180 0.784129
vt 0.025435 0.764888
vt 0.027488 0.763931
vt 0.024933 0.785496
vt 0.020098 0.586813
vt 0.022172 0.604162
vt 0.019704 0.603725
vt 0.017717 0.587594
vt 0.024730 0.604983
vt 0.018944 0.628290
vt 0.016627 0.627913
vt 0.010960 0.653622
vt 0.012886 0.655317
vt 0.011378 0.716845
vt 0.011491 0.698009
vt 0.013269 0.715137
vt 0.022909 0.765713
vt 0.017263 0.742249
vt 0.019552 0.741858
vt 0.013319 0.697838
vt 0.024143 0.584152
vt 0.026809 0.605940
vt 0.022377 0.585540
vt 0.018565 0.782115
vt 0.020470 0.766158
vt 0.020922 0.782879
vt 0.021500 0.741555
vt 0.014797 0.713305
vt 0.074126 0.693669
vt 0.080452 0.684929
vt 0.382860 0.874921
vt 0.405526 0.874921
vt 0.405526 0.919860
vt 0.382860 0.919859
vt 0.364582 0.874921
vt 0.364582 0.919859
vt 0.063295 0.695956
vt 0.051445 0.692635
vt 0.046067 0.689277
vt 0.437818 0.874921
vt 0.459991 0.874921
vt 0.459991 0.919860
vt 0.437818 0.919860
vt 0.074103 0.676210
vt 0.574267 0.874922
vt 0.592545 0.874922
vt 0.592545 0.919860
vt 0.574267 0.919860
vt 0.478564 0.874922
vt 0.478563 0.919860
vt 0.497136 0.874922
vt 0.497136 0.919860
vt 0.046160 0.680832
vt 0.519309 0.874922
vt 0.519309 0.919860
vt 0.051437 0.677365
vt 0.063289 0.673972
vt 0.551600 0.919860
vt 0.551601 0.874922
vt 0.014442 0.657139
vt 0.020915 0.628580
vt 0.723900 0.611108
vt 0.721046 0.611108
vt 0.723900 0.628498
vt 0.721046 0.628498
vt 0.723900 0.828301
vt 0.721046 0.828301
vt 0.705993 0.636002
vt 0.705993 0.684690
vt 0.705993 0.733377
vt 0.705993 0.749583
vt 0.705993 0.765626
vt 0.705993 0.781283
vt 0.705993 0.798543
vt 0.705993 0.815735
vt 0.705992 0.867236
vt 0.705994 0.502144
vt 0.705994 0.553644
vt 0.705993 0.588096
vt 0.705993 0.603754
vt 0.705993 0.619796
vt 0.705993 0.570836
vt 0.716544 0.724914
vt 0.716544 0.777181
vt 0.715608 0.777181
vt 0.715608 0.724914
vt 0.716544 0.823662
vt 0.716544 0.840239
vt 0.715608 0.840239
vt 0.715608 0.823662
vt 0.716544 0.888222
vt 0.716543 0.942031
vt 0.715608 0.942031
vt 0.715608 0.888222
vt 0.716544 0.864121
vt 0.715608 0.864121
vt 0.716544 0.800626
vt 0.715608 0.800626
vt 0.716544 0.672646
vt 0.715608 0.672646
vt 0.716544 0.609589
vt 0.716544 0.626165
vt 0.715608 0.626165
vt 0.715608 0.609589
vt 0.716544 0.507796
vt 0.716544 0.561606
vt 0.715608 0.561606
vt 0.715608 0.507796
vt 0.716543 0.585707
vt 0.715608 0.585707
vt 0.716543 0.649201
vt 0.715608 0.649201
vt 0.736993 0.752841
vt 0.736993 0.706081
vt 0.713085 0.777181
vt 0.713085 0.724914
vt 0.713085 0.672646
vt 0.736994 0.659322
vt 0.736992 0.809254
vt 0.736993 0.794424
vt 0.713085 0.823662
vt 0.713085 0.800626
vt 0.713085 0.840239
vt 0.736993 0.773815
vt 0.713085 0.888222
vt 0.713085 0.864121
vt 0.713085 0.942031
vt 0.736992 0.852180
vt 0.736992 0.830619
vt 0.736992 0.900319
vt 0.713085 0.561606
vt 0.713085 0.507796
vt 0.736995 0.511844
vt 0.736994 0.559983
vt 0.713085 0.626165
vt 0.713085 0.609589
vt 0.736994 0.602910
vt 0.736994 0.617739
vt 0.713085 0.649201
vt 0.736994 0.638348
vt 0.713085 0.585707
vt 0.736994 0.581544
vt 0.079289 0.684931
vt 0.073828 0.692604
vt 0.073371 0.691455
vt 0.077877 0.684933
vt 0.045327 0.685065
vt 0.047148 0.688364
vt 0.046604 0.688845
vt 0.044578 0.685056
vt 0.053067 0.691585
vt 0.052293 0.692173
vt 0.063215 0.695055
vt 0.063134 0.694029
vt 0.047253 0.681749
vt 0.046701 0.681264
vt 0.073811 0.677274
vt 0.073360 0.678422
vt 0.063144 0.675902
vt 0.063216 0.674875
vt 0.052276 0.677813
vt 0.053038 0.678385
vt 0.063080 0.693076
vt 0.072837 0.690470
vt 0.076490 0.684935
vt 0.047621 0.687909
vt 0.053563 0.690949
vt 0.072830 0.679409
vt 0.045921 0.685074
vt 0.047735 0.682207
vt 0.053530 0.679006
vt 0.063099 0.676855
vt 0.015092 0.742673
vt 0.009480 0.717852
vt 0.009031 0.652631
vt 0.014428 0.627503
s 1
usemtl Wajan
f 31/1/1 25/2/2 27/3/3 34/4/4
f 34/4/4 27/3/3 28/5/5 33/6/6
f 33/6/6 28/5/5 29/7/7 32/8/8
f 32/8/8 29/7/7 26/9/9 30/10/10
f 36/11/11 31/1/1 34/4/4 39/12/12
f 39/12/12 34/4/4 33/6/6 38/13/13
f 38/13/13 33/6/6 32/8/8 37/14/14
f 37/14/14 32/8/8 30/10/10 35/15/15
f 41/16/16 36/11/11 39/12/12 44/17/17
f 44/17/17 39/12/12 38/13/13 43/18/18
f 43/18/18 38/13/13 37/14/14 42/19/19
f 42/19/19 37/14/14 35/15/15 40/20/20
f 46/21/21 41/16/16 44/17/17 49/22/22
f 49/22/22 44/17/17 43/18/18 48/23/23
f 48/23/23 43/18/18 42/19/19 47/24/24
f 47/24/24 42/19/19 40/20/20 45/25/25
f 51/26/26 46/21/21 49/22/22 54/27/27
f 54/27/27 49/22/22 48/23/23 53/28/28
f 53/28/28 48/23/23 47/24/24 52/29/29
f 52/29/29 47/24/24 45/25/25 50/30/30
f 56/31/31 51/26/26 54/27/27 59/32/32
f 59/32/32 54/27/27 53/28/28 58/33/33
f 58/33/33 53/28/28 52/29/29 57/34/34
f 57/34/34 52/29/29 50/30/30 55/35/35
f 61/36/36 56/31/31 59/32/32 64/37/37
f 64/37/37 59/32/32 58/33/33 63/38/38
f 63/38/38 58/33/33 57/34/34 62/39/39
f 62/39/39 57/34/34 55/35/35 60/40/40
f 66/41/41 61/36/36 64/37/37 69/42/42
f 69/42/42 64/37/37 63/38/38 68/43/43
f 68/43/43 63/38/38 62/39/39 67/44/44
f 67/44/44 62/39/39 60/40/40 65/45/45
f 71/46/46 66/41/41 69/42/42 74/47/47
f 74/47/47 69/42/42 68/43/43 73/48/48
f 73/48/48 68/43/43 67/44/44 72/49/49
f 72/49/49 67/44/44 65/45/45 70/50/50
f 76/51/51 71/46/46 74/47/47 79/52/52
f 79/52/52 74/47/47 73/48/48 78/53/53
f 78/53/53 73/48/48 72/49/49 77/54/54
f 77/54/54 72/49/49 70/50/50 75/55/55
f 81/56/56 76/51/51 79/52/52 84/57/57
f 84/57/57 79/52/52 78/53/53 83/58/58
f 83/58/58 78/53/53 77/54/54 82/59/59
f 82/59/59 77/54/54 75/55/55 80/60/60
f 86/61/61 81/56/56 84/57/57 89/62/62
f 89/62/62 84/57/57 83/58/58 88/63/63
f 88/63/63 83/58/58 82/59/59 87/64/64
f 87/64/64 82/59/59 80/60/60 85/65/65
f 91/66/66 86/61/61 89/62/62 94/67/67
f 94/67/67 89/62/62 88/63/63 93/68/68
f 93/68/68 88/63/63 87/64/64 92/69/69
f 92/69/69 87/64/64 85/65/65 90/70/70
f 96/71/71 91/66/66 94/67/67 99/72/72
f 99/72/72 94/67/67 93/68/68 98/73/73
f 98/73/73 93/68/68 92/69/69 97/74/74
f 97/74/74 92/69/69 90/70/70 95/75/75
f 101/76/76 96/71/71 99/72/72 104/77/77
f 104/77/77 99/72/72 98/73/73 103/78/78
f 103/78/78 98/73/73 97/74/74 102/79/79
f 102/79/79 97/74/74 95/75/75 100/80/80
f 106/81/81 101/76/76 104/77/77 109/82/82
f 109/82/82 104/77/77 103/78/78 108/83/83
f 108/83/83 103/78/78 102/79/79 107/84/84
f 107/84/84 102/79/79 100/80/80 105/85/85
f 111/86/86 106/81/81 109/82/82 114/87/87
f 114/87/87 109/82/82 108/83/83 113/88/88
f 113/88/88 108/83/83 107/84/84 112/89/89
f 112/89/89 107/84/84 105/85/85 110/90/90
f 116/91/91 111/86/86 114/87/87 119/92/92
f 119/92/92 114/87/87 113/88/88 118/93/93
f 118/93/93 113/88/88 112/89/89 117/94/94
f 117/94/94 112/89/89 110/90/90 115/95/95
f 121/96/96 116/91/91 119/92/92 124/97/97
f 124/97/97 119/92/92 118/93/93 123/98/98
f 123/98/98 118/93/93 117/94/94 122/99/99
f 122/99/99 117/94/94 115/95/95 120/100/100
f 126/101/101 121/96/96 124/97/97 129/102/102
f 129/102/102 124/97/97 123/98/98 128/103/103
f 128/103/103 123/98/98 122/99/99 127/104/104
f 127/104/104 122/99/99 120/100/100 125/105/105
f 131/106/106 126/101/101 129/102/102 134/107/107
f 134/107/107 129/102/102 128/103/103 133/108/108
f 133/108/108 128/103/103 127/104/104 132/109/109
f 132/109/109 127/104/104 125/105/105 130/110/110
f 136/111/111 131/106/106 134/107/107 139/112/112
f 139/112/112 134/107/107 133/108/108 138/113/113
f 138/113/113 133/108/108 132/109/109 137/114/114
f 137/114/114 132/109/109 130/110/110 135/115/115
f 141/116/116 136/111/111 139/112/112 144/117/117
f 144/117/117 139/112/112 138/113/113 143/118/118
f 143/118/118 138/113/113 137/114/114 142/119/119
f 142/119/119 137/114/114 135/115/115 140/120/120
f 25/2/2 141/116/116 144/117/117 27/3/3
f 27/3/3 144/117/117 143/118/118 28/5/5
f 28/5/5 143/118/118 142/119/119 29/7/7
f 29/7/7 142/119/119 140/120/120 26/9/9
f 75/55/55 55/35/35 35/15/15
f 11/121/121 141/116/116 25/2/2 12/122/122
f 12/122/122 25/2/2 31/1/1 13/123/123
f 13/123/123 31/1/1 36/11/11 16/124/124
f 16/124/124 36/11/11 41/16/16 19/125/125
f 19/125/125 41/16/16 46/21/21 22/126/126
f 22/126/126 46/21/21 51/26/26 1/127/127
f 1/127/127 51/26/26 56/31/31 2/128/128
f 2/128/128 56/31/31 61/36/36 7/129/129
f 7/129/129 61/36/36 66/41/41 10/130/130
f 10/130/130 66/41/41 71/46/46 15/131/131
f 15/131/131 71/46/46 76/51/51 18/132/132
f 18/132/132 76/51/51 81/56/56 21/133/133
f 21/133/133 81/56/56 86/61/61 24/134/134
f 24/134/134 86/61/61 91/66/66 5/135/135
f 5/135/135 91/66/66 96/71/71 6/136/136
f 6/136/136 96/71/71 101/76/76 9/137/137
f 9/137/137 101/76/76 106/81/81 14/138/138
f 14/138/138 106/81/81 111/86/86 17/139/139
f 17/139/139 111/86/86 116/91/91 20/140/140
f 20/140/140 116/91/91 121/96/96 23/141/141
f 23/141/141 121/96/96 126/101/101 3/142/142
f 3/142/142 126/101/101 131/106/106 4/143/143
f 4/143/143 131/106/106 136/111/111 8/144/144
f 8/144/144 136/111/111 141/116/116 11/121/121
f 175/145/145 178/146/146 171/147/147 169/148/148
f 178/146/146 177/149/149 172/150/150 171/147/147
f 177/149/149 176/151/151 173/152/152 172/150/150
f 176/151/151 174/153/153 170/154/154 173/152/152
f 180/155/155 183/156/156 178/146/146 175/145/145
f 183/156/156 182/157/157 177/149/149 178/146/146
f 182/157/157 181/158/158 176/151/151 177/149/149
f 181/158/158 179/159/159 174/153/153 176/151/151
f 185/160/160 188/161/161 183/156/156 180/155/155
f 188/161/161 187/162/162 182/157/157 183/156/156
f 187/162/162 186/163/163 181/158/158 182/157/157
f 186/163/163 184/164/164 179/159/159 181/158/158
f 190/165/165 193/166/166 188/161/161 185/160/160
f 193/166/166 192/167/167 187/162/162 188/161/161
f 192/167/167 191/168/168 186/163/163 187/162/162
f 191/168/168 189/169/169 184/164/164 186/163/163
f 195/170/170 198/171/171 193/166/166 190/165/165
f 198/171/171 197/172/172 192/167/167 193/166/166
f 197/172/172 196/173/173 191/168/168 192/167/167
f 196/173/173 194/174/174 189/169/169 191/168/168
f 200/175/175 203/176/176 198/171/171 195/170/170
f 203/176/176 202/177/177 197/172/172 198/171/171
f 202/177/177 201/178/178 196/173/173 197/172/172
f 201/178/178 199/179/179 194/174/174 196/173/173
f 205/180/180 208/181/181 203/176/176 200/175/175
f 208/181/181 207/182/182 202/177/177 203/176/176
f 207/182/182 206/183/183 201/178/178 202/177/177
f 206/183/183 204/184/184 199/179/179 201/178/178
f 210/185/185 213/186/186 208/181/181 205/180/180
f 213/186/186 212/187/187 207/182/182 208/181/181
f 212/187/187 211/188/188 206/183/183 207/182/182
f 211/188/188 209/189/189 204/184/184 206/183/183
f 215/190/190 218/191/191 213/186/186 210/185/185
f 218/191/191 217/192/192 212/187/187 213/186/186
f 217/192/192 216/193/193 211/188/188 212/187/187
f 216/193/193 214/194/194 209/189/189 211/188/188
f 220/195/195 223/196/196 218/191/191 215/190/190
f 223/196/196 222/197/197 217/192/192 218/191/191
f 222/197/197 221/198/198 216/193/193 217/192/192
f 221/198/198 219/199/199 214/194/194 216/193/193
f 225/200/200 228/201/201 223/196/196 220/195/195
f 228/201/201 227/202/202 222/197/197 223/196/196
f 227/202/202 226/203/203 221/198/198 222/197/197
f 226/203/203 224/204/204 219/199/199 221/198/198
f 230/205/205 233/206/206 228/201/201 225/200/200
f 233/206/206 232/207/207 227/202/202 228/201/201
f 232/207/207 231/208/208 226/203/203 227/202/202
f 231/208/208 229/209/209 224/204/204 226/203/203
f 235/210/210 238/211/211 233/206/206 230/205/205
f 238/211/211 237/212/212 232/207/207 233/206/206
f 237/212/212 236/213/213 231/208/208 232/207/207
f 236/213/213 234/214/214 229/209/209 231/208/208
f 240/215/215 243/216/216 238/211/211 235/210/210
f 243/216/216 242/217/217 237/212/212 238/211/211
f 242/217/217 241/218/218 236/213/213 237/212/212
f 241/218/218 239/219/219 234/214/214 236/213/213
f 245/220/220 248/221/221 243/216/216 240/215/215
f 248/221/221 247/222/222 242/217/217 243/216/216
f 247/222/222 246/223/223 241/218/218 242/217/217
f 246/223/223 244/224/224 239/219/219 241/218/218
f 250/225/225 253/226/226 248/221/221 245/220/220
f 253/226/226 252/227/227 247/222/222 248/221/221
f 252/227/227 251/228/228 246/223/223 247/222/222
f 251/228/228 249/229/229 244/224/224 246/223/223
f 255/230/230 258/231/231 253/226/226 250/225/225
f 258/231/231 257/232/232 252/227/227 253/226/226
f 257/232/232 256/233/233 251/228/228 252/227/227
f 256/233/233 254/234/234 249/229/229 251/228/228
f 260/235/235 263/236/236 258/231/231 255/230/230
f 263/236/236 262/237/237 257/232/232 258/231/231
f 262/237/237 261/238/238 256/233/233 257/232/232
f 261/238/238 259/239/239 254/234/234 256/233/233
f 265/240/240 268/241/241 263/236/236 260/235/235
f 268/241/241 267/242/242 262/237/237 263/236/236
f 267/242/242 266/243/243 261/238/238 262/237/237
f 266/243/243 264/244/244 259/239/239 261/238/238
f 270/245/245 273/246/246 268/241/241 265/240/240
f 273/246/246 272/247/247 267/242/242 268/241/241
f 272/247/247 271/248/248 266/243/243 267/242/242
f 271/248/248 269/249/249 264/244/244 266/243/243
f 275/250/250 278/251/251 273/246/246 270/245/245
f 278/251/251 277/252/252 272/247/247 273/246/246
f 277/252/252 276/253/253 271/248/248 272/247/247
f 276/253/253 274/254/254 269/249/249 271/248/248
f 280/255/255 283/256/256 278/251/251 275/250/250
f 283/256/256 282/257/257 277/252/252 278/251/251
f 282/257/257 281/258/258 276/253/253 277/252/252
f 281/258/258 279/259/259 274/254/254 276/253/253
f 285/260/260 288/261/261 283/256/256 280/255/255
f 288/261/261 287/262/262 282/257/257 283/256/256
f 287/262/262 286/263/263 281/258/258 282/257/257
f 286/263/263 284/264/264 279/259/259 281/258/258
f 169/148/148 171/147/147 288/261/261 285/260/260
f 171/147/147 172/150/150 287/262/262 288/261/261
f 172/150/150 173/152/152 286/263/263 287/262/262
f 173/152/152 170/154/154 284/264/264 286/263/263
f 209/189/189 249/229/229 170/154/154
f 155/265/265 156/266/266 169/148/148 285/260/260
f 156/266/266 157/267/267 175/145/145 169/148/148
f 157/267/267 160/268/268 180/155/155 175/145/145
f 160/268/268 163/269/269 185/160/160 180/155/155
f 163/269/269 166/270/270 190/165/165 185/160/160
f 166/270/270 145/271/271 195/170/170 190/165/165
f 145/271/271 146/272/272 200/175/175 195/170/170
f 146/272/272 151/273/273 205/180/180 200/175/175
f 151/273/273 154/274/274 210/185/185 205/180/180
f 154/274/274 159/275/275 215/190/190 210/185/185
f 159/275/275 162/276/276 220/195/195 215/190/190
f 162/276/276 165/277/277 225/200/200 220/195/195
f 165/277/277 168/278/278 230/205/205 225/200/200
f 168/278/278 149/279/279 235/210/210 230/205/205
f 149/279/279 150/280/280 240/215/215 235/210/210
f 150/280/280 153/281/281 245/220/220 240/215/215
f 153/281/281 158/282/282 250/225/225 245/220/220
f 158/282/282 161/283/283 255/230/230 250/225/225
f 161/283/283 164/284/284 260/235/235 255/230/230
f 164/284/284 167/285/285 265/240/240 260/235/235
f 167/285/285 147/286/286 270/245/245 265/240/240
f 147/286/286 148/287/287 275/250/250 270/245/245
f 148/287/287 152/288/288 280/255/255 275/250/250
f 152/288/288 155/265/265 285/260/260 280/255/255
f 293/289/289 289/290/290 291/291/291 294/292/292
f 294/292/292 291/291/291 290/293/293 292/294/294
f 296/295/295 293/289/289 294/292/292 297/296/296
f 297/296/296 294/292/292 292/294/294 295/297/297
f 299/298/298 296/295/295 297/296/296 300/299/299
f 300/299/299 297/296/296 295/297/297 298/300/300
f 302/301/301 299/298/298 300/299/299 303/302/302
f 303/302/302 300/299/299 298/300/300 301/303/303
f 305/304/304 302/301/301 303/302/302 306/305/305
f 306/305/305 303/302/302 301/303/303 304/306/306
f 308/307/307 305/304/304 306/305/305 309/308/308
f 309/308/308 306/305/305 304/306/306 307/309/309
f 311/310/310 308/307/307 309/308/308 312/311/311
f 312/311/311 309/308/308 307/309/309 310/312/312
f 314/313/313 311/310/310 312/311/311 315/314/314
f 315/314/314 312/311/311 310/312/312 313/315/315
f 317/316/316 314/313/313 315/314/314 318/317/317
f 318/317/317 315/314/314 313/315/315 316/318/318
f 320/319/319 317/316/316 318/317/317 321/320/320
f 321/320/320 318/317/317 316/318/318 319/321/321
f 323/322/322 320/319/319 321/320/320 324/323/323
f 324/323/323 321/320/320 319/321/321 322/324/324
f 326/325/325 323/322/322 324/323/323 327/326/326
f 327/326/326 324/323/323 322/324/324 325/327/327
f 329/328/328 326/325/325 327/326/326 330/329/329
f 330/329/329 327/326/326 325/327/327 328/330/330
f 332/331/331 329/328/328 330/329/329 333/332/332
f 333/332/332 330/329/329 328/330/330 331/333/333
f 335/334/334 332/331/331 333/332/332 336/335/335
f 336/335/335 333/332/332 331/333/333 334/336/336
f 338/337/337 335/334/334 336/335/335 339/338/338
f 339/338/338 336/335/335 334/336/336 337/339/339
f 341/340/340 338/337/337 339/338/338 342/341/341
f 342/341/341 339/338/338 337/339/339 340/342/342
f 344/343/343 341/340/340 342/341/341 345/344/344
f 345/344/344 342/341/341 340/342/342 343/345/345
f 347/346/346 344/343/343 345/344/344 348/347/347
f 348/347/347 345/344/344 343/345/345 346/348/348
f 350/349/349 347/346/346 348/347/347 351/350/350
f 351/350/350 348/347/347 346/348/348 349/351/351
f 353/352/352 350/349/349 351/350/350 354/353/353
f 354/353/353 351/350/350 349/351/351 352/354/354
f 356/355/355 353/352/352 354/353/353 357/356/356
f 357/356/356 354/353/353 352/354/354 355/357/357
f 359/358/358 356/355/355 357/356/356 360/359/359
f 360/359/359 357/356/356 355/357/357 358/360/360
f 289/290/290 359/358/358 360/359/359 291/291/291
f 291/291/291 360/359/359 358/360/360 290/293/293
f 365/361/361 361/362/362 363/363/363 366/364/364
f 366/364/364 363/363/363 362/365/365 364/366/366
f 368/367/367 365/361/361 366/364/364 369/368/368
f 369/368/368 366/364/364 364/366/366 367/369/369
f 371/370/370 368/367/367 369/368/368 372/371/371
f 372/371/371 369/368/368 367/369/369 370/372/372
f 374/373/373 371/370/370 372/371/371 375/374/374
f 375/374/374 372/371/371 370/372/372 373/375/375
f 377/376/376 374/373/373 375/374/374 378/377/377
f 378/377/377 375/374/374 373/375/375 376/378/378
f 380/379/379 377/376/376 378/377/377 381/380/380
f 381/380/380 378/377/377 376/378/378 379/381/381
f 383/382/382 380/379/379 381/380/380 384/383/383
f 384/383/383 381/380/380 379/381/381 382/384/384
f 386/385/385 383/382/382 384/383/383 387/386/386
f 387/386/386 384/383/383 382/384/384 385/387/387
f 389/388/388 386/385/385 387/386/386 390/389/389
f 390/389/389 387/386/386 385/387/387 388/390/390
f 392/391/391 389/388/388 390/389/389 393/392/392
f 393/392/392 390/389/389 388/390/390 391/393/393
f 395/394/394 392/391/391 393/392/392 396/395/395
f 396/395/395 393/392/392 391/393/393 394/396/396
f 398/397/397 395/394/394 396/395/395 399/398/398
f 399/398/398 396/395/395 394/396/396 397/399/399
f 401/400/400 398/397/397 399/398/398 402/401/401
f 402/401/401 399/398/398 397/399/399 400/402/402
f 404/403/403 401/400/400 402/401/401 405/404/404
f 405/404/404 402/401/401 400/402/402 403/405/405
f 407/406/406 404/403/403 405/404/404 408/407/407
f 408/407/407 405/404/404 403/405/405 406/408/408
f 410/409/409 407/406/406 408/407/407 411/410/410
f 411/410/410 408/407/407 406/408/408 409/411/411
f 413/412/412 410/409/409 411/410/410 414/413/413
f 414/413/413 411/410/410 409/411/411 412/414/414
f 416/415/415 413/412/412 414/413/413 417/416/416
f 417/416/416 414/413/413 412/414/414 415/417/417
f 419/418/418 416/415/415 417/416/416 420/419/419
f 420/419/419 417/416/416 415/417/417 418/420/420
f 422/421/421 419/418/418 420/419/419 423/422/422
f 423/422/422 420/419/419 418/420/420 421/423/423
f 425/424/424 422/421/421 423/422/422 426/425/425
f 426/425/425 423/422/422 421/423/423 424/426/426
f 428/427/427 425/424/424 426/425/425 429/428/428
f 429/428/428 426/425/425 424/426/426 427/429/429
f 431/430/430 428/427/427 429/428/428 432/431/431
f 432/431/431 429/428/428 427/429/429 430/432/432
f 361/362/362 431/430/430 432/431/431 363/363/363
f 363/363/363 432/431/431 430/432/432 362/365/365
f 289/290/290 293/289/289 364/366/366 362/365/365
f 358/433/360 11/121/121 12/122/122 290/434/293
f 290/434/293 12/122/122 13/123/123 292/435/294
f 359/358/358 289/290/290 362/365/365 430/432/432
f 293/289/289 296/295/295 367/369/369 364/366/366
f 292/435/294 13/123/123 16/124/124 295/436/297
f 296/295/295 299/298/298 370/372/372 367/369/369
f 295/436/297 16/124/124 19/125/125 298/437/300
f 299/298/298 302/301/301 373/375/375 370/372/372
f 298/437/300 19/125/125 22/126/126 301/438/303
f 302/301/301 305/304/304 376/378/378 373/375/375
f 301/438/303 22/126/126 1/127/127 304/439/306
f 305/304/304 308/307/307 379/381/381 376/378/378
f 304/439/306 1/127/127 2/128/128 307/440/309
f 308/307/307 311/310/310 382/384/384 379/381/381
f 307/440/309 2/128/128 7/129/129 310/441/312
f 311/310/310 314/313/313 385/387/387 382/384/384
f 310/441/312 7/129/129 10/130/130 313/442/315
f 314/313/313 317/316/316 388/390/390 385/387/387
f 313/442/315 10/130/130 15/131/131 316/443/318
f 317/316/316 320/319/319 391/393/393 388/390/390
f 316/443/318 15/131/131 18/132/132 319/444/321
f 320/319/319 323/322/322 394/396/396 391/393/393
f 319/444/321 18/132/132 21/133/133 322/445/324
f 323/322/322 326/325/325 397/399/399 394/396/396
f 322/445/324 21/133/133 24/134/134 325/446/327
f 326/325/325 329/328/328 400/402/402 397/399/399
f 325/446/327 24/134/134 5/135/135 328/447/330
f 329/328/328 332/331/331 403/405/405 400/402/402
f 328/447/330 5/135/135 6/136/136 331/448/333
f 332/331/331 335/334/334 406/408/408 403/405/405
f 331/448/333 6/136/136 9/137/137 334/449/336
f 335/334/334 338/337/337 409/411/411 406/408/408
f 334/449/336 9/137/137 14/138/138 337/450/339
f 338/337/337 341/340/340 412/414/414 409/411/411
f 337/450/339 14/138/138 17/139/139 340/451/342
f 341/340/340 344/343/343 415/417/417 412/414/414
f 340/451/342 17/139/139 20/140/140 343/452/345
f 344/343/343 347/346/346 418/420/420 415/417/417
f 343/452/345 20/140/140 23/141/141 346/453/348
f 347/346/346 350/349/349 421/423/423 418/420/420
f 346/453/348 23/141/141 3/142/142 349/454/351
f 350/349/349 353/352/352 424/426/426 421/423/423
f 349/454/351 3/142/142 4/143/143 352/455/354
f 353/352/352 356/355/355 427/429/429 424/426/426
f 352/455/354 4/143/143 8/144/144 355/456/357
f 356/355/355 359/358/358 430/432/432 427/429/429
f 355/456/357 8/144/144 11/121/121 358/433/360
f 361/362/362 365/361/361 157/267/267 156/266/266
f 431/430/430 361/362/362 156/266/266 155/265/265
f 365/361/361 368/367/367 160/268/268 157/267/267
f 368/367/367 371/370/370 163/269/269 160/268/268
f 371/370/370 374/373/373 166/270/270 163/269/269
f 374/373/373 377/376/376 145/271/271 166/270/270
f 377/376/376 380/379/379 146/272/272 145/271/271
f 380/379/379 383/382/382 151/273/273 146/272/272
f 383/382/382 386/385/385 154/274/274 151/273/273
f 386/385/385 389/388/388 159/275/275 154/274/274
f 389/388/388 392/391/391 162/276/276 159/275/275
f 392/391/391 395/394/394 165/277/277 162/276/276
f 395/394/394 398/397/397 168/278/278 165/277/277
f 398/397/397 401/400/400 149/279/279 168/278/278
f 401/400/400 404/403/403 150/280/280 149/279/279
f 404/403/403 407/406/406 153/281/281 150/280/280
f 407/406/406 410/409/409 158/282/282 153/281/281
f 410/409/409 413/412/412 161/283/283 158/282/282
f 413/412/412 416/415/415 164/284/284 161/283/283
f 416/415/415 419/418/418 167/285/285 164/284/284
f 419/418/418 422/421/421 147/286/286 167/285/285
f 422/421/421 425/424/424 148/287/287 147/286/286
f 425/424/424 428/427/427 152/288/288 148/287/287
f 428/427/427 431/430/430 155/265/265 152/288/288
f 170/154/154 174/153/153 179/159/159
f 179/159/159 184/164/164 170/154/154
f 184/164/164 189/169/169 170/154/154
f 189/169/169 194/174/174 209/189/189
f 194/174/174 199/179/179 209/189/189
f 199/179/179 204/184/184 209/189/189
f 209/189/189 214/194/194 229/209/209
f 214/194/194 219/199/199 229/209/209
f 219/199/199 224/204/204 229/209/209
f 229/209/209 234/214/214 239/219/219
f 239/219/219 244/224/224 229/209/209
f 244/224/224 249/229/229 229/209/209
f 249/229/229 254/234/234 269/249/249
f 254/234/234 259/239/239 269/249/249
f 259/239/239 264/244/244 269/249/249
f 269/249/249 274/254/254 170/154/154
f 274/254/254 279/259/259 170/154/154
f 279/259/259 284/264/264 170/154/154
f 170/154/154 189/169/169 209/189/189
f 209/189/189 229/209/209 249/229/229
f 249/229/229 269/249/249 170/154/154
f 35/15/15 30/10/10 26/9/9
f 26/9/9 140/120/120 35/15/15
f 140/120/120 135/115/115 35/15/15
f 135/115/115 130/110/110 115/95/95
f 130/110/110 125/105/105 115/95/95
f 125/105/105 120/100/100 115/95/95
f 115/95/95 110/90/90 105/85/85
f 105/85/85 100/80/80 115/95/95
f 100/80/80 95/75/75 115/95/95
f 95/75/75 90/70/70 85/65/65
f 85/65/65 80/60/60 75/55/55
f 75/55/55 70/50/50 55/35/35
f 70/50/50 65/45/45 55/35/35
f 65/45/45 60/40/40 55/35/35
f 55/35/35 50/30/30 45/25/25
f 45/25/25 40/20/20 55/35/35
f 40/20/20 35/15/15 55/35/35
f 95/75/75 85/65/65 115/95/95
f 85/65/65 75/55/55 115/95/95
f 35/15/15 135/115/115 75/55/55
f 135/115/115 115/95/95 75/55/55
f 443/457/433 446/458/433 447/459/433
f 446/458/433 448/460/433 447/459/433
f 434/461/434 433/462/435 437/463/436
f 441/464/437 434/461/434 437/463/436
f 438/465/438 440/466/439 441/464/437
f 438/465/438 441/464/437 437/463/436
f 444/467/433 435/468/433 446/458/433
f 436/469/433 446/458/433 435/468/433
f 443/457/433 445/470/433 444/467/433
f 440/466/439 442/471/439 441/464/437
f 697/472/440 448/473/441 446/474/442 695/475/443
f 696/476/444 444/477/445 445/478/446 700/479/447
f 700/479/447 445/478/446 443/480/448 699/481/449
f 722/482/450 435/483/451 444/477/445 696/476/444
f 437/463/436 439/484/452 438/465/438
f 698/485/453 699/481/449 443/480/448 447/486/454
f 446/458/433 443/457/433 444/467/433
f 716/487/455 695/475/443 446/474/442 436/488/456
f 692/489/457 691/490/458 556/491/459 555/492/460
f 438/493/461 470/494/462 453/495/463 440/496/464
f 433/497/465 459/498/466 456/499/467 437/500/468
f 439/501/469 467/502/470 470/494/462 438/493/461
f 437/500/468 456/499/467 467/502/470 439/501/469
f 442/503/471 461/504/472 464/505/473 441/506/474
f 440/496/464 453/495/463 461/504/472 442/503/471
f 434/507/475 449/508/476 566/509/477 549/510/478
f 460/511/479 773/512/480 774/513/481 457/514/479
f 574/515/482 767/516/483 768/517/484 571/518/482
f 766/519/485 565/520/486 568/521/487 765/522/488
f 451/523/489 469/524/490 472/525/491 454/526/492
f 559/527/493 472/525/491 469/524/490 562/528/494
f 759/529/495 764/530/496 771/531/497 770/532/498
f 762/533/499 761/534/500 777/535/501 767/536/502
f 754/537/503 753/538/504 466/539/505 457/540/503
f 764/530/496 763/541/506 775/542/507 771/531/497
f 480/543/508 485/544/509 487/545/510 481/546/511
f 481/546/511 487/545/510 486/547/512 479/548/513
f 485/544/509 482/549/514 484/550/515 487/545/510
f 487/545/510 484/550/515 483/551/516 486/547/512
f 489/552/517 494/553/518 496/554/519 490/555/520
f 490/555/520 496/554/519 495/556/521 488/557/522
f 494/553/518 491/558/523 493/559/524 496/554/519
f 496/554/519 493/559/524 492/560/525 495/556/521
f 476/561/526 489/552/517 490/555/520 478/562/527
f 478/562/527 490/555/520 488/557/522 477/563/528
f 491/558/523 480/543/508 481/546/511 493/559/524
f 493/559/524 481/546/511 479/548/513 492/560/525
f 482/549/514 474/564/529 475/565/530 484/550/515
f 484/550/515 475/565/530 473/566/482 483/551/516
f 450/567/531 465/568/532 483/551/516 473/566/482
f 455/569/533 458/570/534 477/563/528 488/557/522
f 452/571/535 479/548/513 486/547/512 462/572/536
f 452/571/535 471/573/537 492/560/525 479/548/513
f 462/572/536 486/547/512 483/551/516 465/568/532
f 455/569/533 488/557/522 495/556/521 468/574/538
f 468/574/538 495/556/521 492/560/525 471/573/537
f 525/575/539 521/576/540 523/577/541 526/578/542
f 526/578/542 523/577/541 522/579/543 524/580/544
f 519/581/545 525/575/539 526/578/542 520/582/546
f 520/582/546 526/578/542 524/580/544 518/583/547
f 543/584/548 539/585/549 541/586/550 544/587/551
f 544/587/551 541/586/550 540/588/552 542/589/553
f 537/590/554 543/584/548 544/587/551 538/591/555
f 538/591/555 544/587/551 542/589/553 536/592/556
f 510/593/557 515/594/558 517/595/559 511/596/560
f 511/596/560 517/595/559 516/597/561 509/598/562
f 515/594/558 512/599/563 514/600/564 517/595/559
f 517/595/559 514/600/564 513/601/565 516/597/561
f 528/602/566 533/603/567 535/604/568 529/605/569
f 529/605/569 535/604/568 534/606/570 527/607/571
f 533/603/567 530/608/572 532/609/573 535/604/568
f 535/604/568 532/609/573 531/610/574 534/606/570
f 539/585/549 504/611/575 505/612/576 541/586/550
f 541/586/550 505/612/576 503/613/577 540/588/552
f 521/576/540 537/590/554 538/591/555 523/577/541
f 523/577/541 538/591/555 536/592/556 522/579/543
f 500/614/578 519/581/545 520/582/546 502/615/579
f 502/615/579 520/582/546 518/583/547 501/616/580
f 512/599/563 498/617/581 499/618/582 514/600/564
f 514/600/564 499/618/582 497/619/583 513/601/565
f 530/608/572 510/593/557 511/596/560 532/609/573
f 532/609/573 511/596/560 509/598/562 531/610/574
f 506/620/584 528/602/566 529/605/569 508/621/585
f 508/621/585 529/605/569 527/607/571 507/622/586
f 498/617/581 512/599/563 519/581/545 500/614/578
f 474/564/529 482/549/514 513/601/565 497/619/583
f 528/602/566 506/620/584 504/611/575 539/585/549
f 489/552/517 476/561/526 507/622/586 527/607/571
f 480/543/508 509/598/562 516/597/561 485/544/509
f 510/593/557 521/576/540 525/575/539 515/594/558
f 510/593/557 530/608/572 537/590/554 521/576/540
f 480/543/508 491/558/523 531/610/574 509/598/562
f 485/544/509 516/597/561 513/601/565 482/549/514
f 515/594/558 525/575/539 519/581/545 512/599/563
f 489/552/517 527/607/571 534/606/570 494/553/518
f 528/602/566 539/585/549 543/584/548 533/603/567
f 494/553/518 534/606/570 531/610/574 491/558/523
f 533/603/567 543/584/548 537/590/554 530/608/572
f 551/623/433 555/624/433 554/625/433
f 554/625/433 555/624/433 556/626/433
f 434/461/434 545/627/587 433/462/435
f 549/628/588 545/627/587 434/461/434
f 546/629/589 549/628/588 548/630/590
f 546/629/589 545/627/587 549/628/588
f 552/631/433 554/625/433 435/468/433
f 436/469/433 435/468/433 554/625/433
f 551/623/433 552/631/433 553/632/433
f 548/630/590 549/628/588 550/633/590
f 691/490/458 689/634/591 554/635/592 556/491/459
f 690/636/593 694/637/594 553/638/595 552/639/596
f 694/637/594 693/640/597 551/641/598 553/638/595
f 722/482/450 690/636/593 552/639/596 435/483/451
f 545/627/587 546/629/589 547/642/599
f 692/489/457 555/492/460 551/641/598 693/640/597
f 554/625/433 552/631/433 551/623/433
f 716/487/455 436/488/456 554/635/592 689/634/591
f 441/506/474 464/505/473 449/508/476 434/507/475
f 548/643/600 558/644/601 572/645/602 546/646/603
f 545/647/604 561/648/605 459/649/466 433/650/465
f 546/646/603 572/645/602 569/651/606 547/652/607
f 547/652/607 569/651/606 561/648/605 545/647/604
f 549/510/478 566/509/477 563/653/608 550/654/609
f 550/654/609 563/653/608 558/644/601 548/643/600
f 763/541/506 760/655/610 774/656/611 775/542/507
f 751/657/612 762/533/499 767/536/502 574/658/612
f 758/659/613 752/660/614 562/661/615 469/662/616
f 769/663/617 778/664/618 777/665/619 770/666/620
f 778/664/618 768/517/484 767/516/483 777/665/619
f 773/512/480 776/667/621 775/668/622 774/513/481
f 776/667/621 772/669/623 771/670/624 775/668/622
f 770/666/620 771/670/624 772/669/623 769/663/617
f 562/528/494 766/519/485 765/522/488 559/527/493
f 466/671/625 451/523/489 454/526/492 463/672/626
f 463/672/626 460/673/479 457/674/479 466/671/625
f 571/518/482 568/521/487 565/520/486 574/515/482
f 757/675/627 758/659/613 469/662/616 451/676/628
f 576/677/629 577/678/630 583/679/631 581/680/632
f 577/678/630 575/681/633 582/682/634 583/679/631
f 581/680/632 583/679/631 580/683/635 578/684/636
f 583/679/631 582/682/634 579/685/637 580/683/635
f 585/686/638 586/687/639 592/688/640 590/689/641
f 586/687/639 584/690/642 591/691/643 592/688/640
f 590/689/641 592/688/640 589/692/644 587/693/645
f 592/688/640 591/691/643 588/694/646 589/692/644
f 476/695/526 478/696/527 586/687/639 585/686/638
f 478/696/527 477/697/528 584/690/642 586/687/639
f 587/693/645 589/692/644 577/678/630 576/677/629
f 589/692/644 588/694/646 575/681/633 577/678/630
f 578/684/636 580/683/635 475/565/530 474/564/529
f 580/683/635 579/685/637 473/566/482 475/565/530
f 450/567/531 473/566/482 579/685/637 567/698/647
f 560/699/648 584/690/642 477/697/528 458/700/534
f 557/701/649 564/702/650 582/682/634 575/681/633
f 557/701/649 575/681/633 588/694/646 573/703/651
f 564/702/650 567/698/647 579/685/637 582/682/634
f 560/699/648 570/704/652 591/691/643 584/690/642
f 570/704/652 573/703/651 588/694/646 591/691/643
f 609/705/653 610/706/654 607/707/655 605/708/656
f 610/706/654 608/709/657 606/710/658 607/707/655
f 603/711/659 604/712/660 610/706/654 609/705/653
f 604/712/660 602/713/661 608/709/657 610/706/654
f 627/714/662 628/715/663 625/716/664 623/717/665
f 628/715/663 626/718/666 624/719/667 625/716/664
f 621/720/668 622/721/669 628/715/663 627/714/662
f 622/721/669 620/722/670 626/718/666 628/715/663
f 594/723/671 595/724/672 601/725/673 599/726/674
f 595/724/672 593/727/675 600/728/676 601/725/673
f 599/726/674 601/725/673 598/729/677 596/730/678
f 601/725/673 600/728/676 597/731/679 598/729/677
f 612/732/680 613/733/681 619/734/682 617/735/683
f 613/733/681 611/736/684 618/737/685 619/734/682
f 617/735/683 619/734/682 616/738/686 614/739/687
f 619/734/682 618/737/685 615/740/688 616/738/686
f 623/717/665 625/716/664 505/741/576 504/742/575
f 625/716/664 624/719/667 503/743/577 505/741/576
f 605/708/656 607/707/655 622/721/669 621/720/668
f 607/707/655 606/710/658 620/722/670 622/721/669
f 500/614/578 502/615/579 604/712/660 603/711/659
f 502/615/579 501/616/580 602/713/661 604/712/660
f 596/730/678 598/729/677 499/618/582 498/617/581
f 598/729/677 597/731/679 497/619/583 499/618/582
f 614/739/687 616/738/686 595/724/672 594/723/671
f 616/738/686 615/740/688 593/727/675 595/724/672
f 506/744/584 508/745/585 613/733/681 612/732/680
f 508/745/585 507/746/586 611/736/684 613/733/681
f 498/617/581 500/614/578 603/711/659 596/730/678
f 474/564/529 497/619/583 597/731/679 578/684/636
f 612/732/680 623/717/665 504/742/575 506/744/584
f 585/686/638 611/736/684 507/746/586 476/695/526
f 576/677/629 581/680/632 600/728/676 593/727/675
f 594/723/671 599/726/674 609/705/653 605/708/656
f 594/723/671 605/708/656 621/720/668 614/739/687
f 576/677/629 593/727/675 615/740/688 587/693/645
f 581/680/632 578/684/636 597/731/679 600/728/676
f 599/726/674 596/730/678 603/711/659 609/705/653
f 585/686/638 590/689/641 618/737/685 611/736/684
f 612/732/680 617/735/683 627/714/662 623/717/665
f 590/689/641 587/693/645 615/740/688 618/737/685
f 617/735/683 614/739/687 621/720/668 627/714/662
f 672/747/689 632/748/444 640/749/690 676/750/691
f 632/748/444 631/751/444 639/752/690 640/749/690
f 676/750/691 640/749/690 638/753/449 675/754/692
f 640/749/690 639/752/690 637/755/449 638/753/449
f 674/756/693 675/754/692 638/753/449 636/757/694
f 636/757/694 638/753/449 637/755/449 635/758/694
f 674/756/693 636/757/694 634/759/440 673/760/695
f 636/757/694 635/758/694 633/761/440 634/759/440
f 673/760/695 634/759/440 630/762/696 671/763/697
f 634/759/440 633/761/440 629/764/443 630/762/696
f 666/765/698 670/766/699 652/767/700 644/768/593
f 644/768/593 652/767/700 651/769/700 643/770/593
f 670/766/699 669/771/701 650/772/597 652/767/700
f 652/767/700 650/772/597 649/773/597 651/769/700
f 668/774/702 648/775/703 650/772/597 669/771/701
f 648/775/703 647/776/703 649/773/597 650/772/597
f 668/774/702 667/777/704 646/778/458 648/775/703
f 648/775/703 646/778/458 645/779/458 647/776/703
f 667/777/704 665/780/705 642/781/706 646/778/458
f 646/778/458 642/781/706 641/782/591 645/779/458
f 631/751/444 654/783/444 658/784/707 639/752/690
f 639/752/690 658/784/707 657/785/449 637/755/449
f 635/758/694 637/755/449 657/785/449 656/786/694
f 635/758/694 656/786/694 655/787/440 633/761/440
f 633/761/440 655/787/440 653/788/443 629/764/443
f 643/770/593 651/769/700 664/789/708 660/790/593
f 651/769/700 649/773/597 663/791/597 664/789/708
f 647/776/703 662/792/703 663/791/597 649/773/597
f 647/776/703 645/779/458 661/793/458 662/792/703
f 645/779/458 641/782/591 659/794/591 661/793/458
f 685/795/709 683/796/710 665/780/705 667/777/704
f 686/797/711 685/795/709 667/777/704 668/774/702
f 686/797/711 668/774/702 669/771/701 687/798/712
f 688/799/713 687/798/712 669/771/701 670/766/699
f 684/800/714 688/799/713 670/766/699 666/765/698
f 679/801/715 673/760/695 671/763/697 677/802/716
f 680/803/717 674/756/693 673/760/695 679/801/715
f 680/803/717 681/804/718 675/754/692 674/756/693
f 682/805/719 676/750/691 675/754/692 681/804/718
f 678/806/720 672/747/689 676/750/691 682/805/719
f 540/588/552 678/806/720 682/805/719 542/589/553
f 542/589/553 682/805/719 681/804/718 536/592/556
f 522/579/543 536/592/556 681/804/718 680/803/717
f 522/579/543 680/803/717 679/801/715 524/580/544
f 524/580/544 679/801/715 677/802/716 518/583/547
f 624/719/667 626/718/666 688/799/713 684/800/714
f 626/718/666 620/722/670 687/798/712 688/799/713
f 606/710/658 686/797/711 687/798/712 620/722/670
f 606/710/658 608/709/657 685/795/709 686/797/711
f 608/709/657 602/713/661 683/796/710 685/795/709
f 660/790/593 664/789/708 694/637/594 690/636/593
f 664/789/708 663/791/597 693/640/597 694/637/594
f 662/792/703 692/489/457 693/640/597 663/791/597
f 662/792/703 661/793/458 691/490/458 692/489/457
f 661/793/458 659/794/591 689/634/591 691/490/458
f 654/783/444 696/476/444 700/479/447 658/784/707
f 658/784/707 700/479/447 699/481/449 657/785/449
f 656/786/694 657/785/449 699/481/449 698/485/453
f 656/786/694 698/485/453 697/472/440 655/787/440
f 655/787/440 697/472/440 695/475/443 653/788/443
f 721/807/721 745/808/722 831/809/723 736/810/724
f 736/810/724 703/811/725 728/812/726 721/807/721
f 733/813/727 832/814/728 746/815/729 722/482/450
f 742/816/730 709/817/731 726/818/732 719/819/733
f 739/820/734 835/821/735 749/822/736 720/823/737
f 836/824/738 834/825/739 833/826/740 835/821/735
f 831/809/723 829/827/741 830/828/742 832/814/728
f 827/829/743 703/811/725 706/830/744 828/831/745
f 712/832/746 718/833/747 715/834/748 709/817/731
f 703/811/725 736/810/724 733/813/727 706/830/744
f 722/482/450 727/835/749 706/830/744 733/813/727
f 719/836/733 750/837/750 836/824/738 742/838/730
f 720/839/737 725/840/751 712/832/746 739/841/734
f 835/821/735 739/820/734 742/838/730 836/824/738
f 834/825/739 830/828/742 829/827/741 833/826/740
f 832/814/728 733/813/727 736/810/724 831/809/723
f 828/831/745 715/834/748 718/833/747 827/829/743
f 709/817/731 742/816/730 739/841/734 712/832/746
f 724/842/752 726/818/732 709/817/731 715/834/748
f 715/834/748 828/831/745 730/843/753 724/842/752
f 701/844/754 711/845/755 677/802/716 671/763/697
f 702/846/756 707/847/757 723/848/758 725/849/751
f 710/850/759 702/846/756 725/849/751 720/851/737
f 701/844/754 671/763/697 630/762/696 708/852/760
f 705/853/761 629/764/443 653/788/443 714/854/762
f 704/855/763 713/856/764 728/857/726 729/858/765
f 708/852/760 630/762/696 629/764/443 705/853/761
f 707/847/757 704/855/763 729/858/765 723/848/758
f 711/845/755 683/796/710 602/713/661 501/616/580
f 711/845/755 501/616/580 518/583/547 677/802/716
f 741/859/766 665/780/705 683/796/710 711/845/755
f 740/860/767 710/861/759 720/862/737 749/863/736
f 714/854/762 653/788/443 695/475/443 716/487/455
f 728/857/726 713/856/764 717/864/768 721/865/721
f 732/866/769 745/867/722 721/865/721 717/864/768
f 731/868/770 716/487/455 689/634/591 659/794/591
f 503/743/577 624/719/667 684/800/714 719/836/733
f 719/819/733 726/818/732 672/747/689 678/806/720
f 719/819/733 678/806/720 540/588/552 503/613/577
f 719/836/733 684/800/714 666/765/698 750/837/750
f 727/835/749 722/482/450 696/476/444 654/783/444
f 746/815/729 660/790/593 690/636/593 722/482/450
f 726/818/732 724/842/752 632/748/444 672/747/689
f 724/842/752 730/843/753 631/751/444 632/748/444
f 730/843/753 727/835/749 654/783/444 631/751/444
f 745/867/722 732/866/769 737/869/771 743/870/772
f 731/868/770 659/794/591 641/782/591 738/871/773
f 735/872/774 642/781/706 665/780/705 741/859/766
f 747/873/775 734/874/776 740/860/767 749/863/736
f 738/871/773 641/782/591 642/781/706 735/872/774
f 743/870/772 737/869/771 734/874/776 747/873/775
f 744/875/777 643/770/593 660/790/593 746/815/729
f 748/876/778 644/768/593 643/770/593 744/875/777
f 750/837/750 666/765/698 644/768/593 748/876/778
f 698/485/453 447/486/454 448/473/441 697/472/440
f 752/660/614 755/877/779 766/878/780 562/661/615
f 755/877/779 756/879/781 565/880/782 766/878/780
f 760/655/610 754/881/503 457/882/503 774/656/611
f 756/879/781 751/657/612 574/658/612 565/880/782
f 753/538/504 757/675/627 451/676/628 466/539/505
f 761/534/500 759/529/495 770/532/498 777/535/501
f 567/698/647 762/883/783 751/884/784 450/567/531
f 465/568/532 450/567/531 751/884/784 756/885/785
f 452/571/535 462/572/536 755/886/786 752/887/787
f 471/573/537 452/571/535 752/887/787 758/888/788
f 455/569/533 468/574/538 757/889/789 753/890/790
f 458/570/534 455/569/533 753/890/790 754/891/791
f 458/700/534 754/892/791 760/893/792 560/699/648
f 462/572/536 465/568/532 756/885/785 755/886/786
f 468/574/538 471/573/537 758/888/788 757/889/789
f 573/703/651 764/894/793 759/895/794 557/701/649
f 557/701/649 759/895/794 761/896/795 564/702/650
f 560/699/648 760/893/792 763/897/796 570/704/652
f 564/702/650 761/896/795 762/883/783 567/698/647
f 570/704/652 763/897/796 764/894/793 573/703/651
f 780/898/797 789/899/798 790/900/799 779/901/800
f 782/902/801 793/903/802 794/904/803 781/905/804
f 784/906/805 785/907/806 786/908/807 783/909/808
f 793/903/802 791/910/809 792/911/810 794/904/803
f 791/910/809 784/906/805 783/909/808 792/911/810
f 789/899/798 787/912/811 788/913/812 790/900/799
f 787/912/811 782/902/801 781/905/804 788/913/812
f 802/914/813 780/898/797 779/901/800 801/915/814
f 806/916/815 795/917/816 796/918/817 805/919/818
f 785/920/806 797/921/819 798/922/820 786/923/807
f 804/924/821 806/916/815 805/919/818 803/925/822
f 797/921/819 804/924/821 803/925/822 798/922/820
f 800/926/823 802/914/813 801/915/814 799/927/824
f 795/917/816 800/926/823 799/927/824 796/918/817
f 789/928/825 780/929/826 449/508/476 464/505/473
f 779/901/800 790/900/799 568/930/827 571/931/828
f 801/915/814 779/901/800 571/931/828 768/932/829
f 802/933/830 566/509/477 449/508/476 780/929/826
f 793/934/831 782/935/832 453/495/463 470/494/462
f 788/913/812 781/905/804 559/936/833 765/937/834
f 781/905/804 794/904/803 472/938/835 559/936/833
f 782/935/832 787/939/836 461/504/472 453/495/463
f 792/911/810 783/909/808 463/940/837 454/941/838
f 783/909/808 786/908/807 460/942/839 463/940/837
f 784/943/840 791/944/841 467/502/470 456/499/467
f 785/945/842 784/943/840 456/499/467 459/498/466
f 786/923/807 798/922/820 773/946/843 460/947/839
f 785/948/842 459/649/466 561/648/605 797/949/844
f 787/939/836 789/928/825 464/505/473 461/504/472
f 790/900/799 788/913/812 765/937/834 568/930/827
f 791/944/841 793/934/831 470/494/462 467/502/470
f 794/904/803 792/911/810 454/941/838 472/938/835
f 805/919/818 796/918/817 769/950/845 772/951/846
f 806/952/847 572/645/602 558/644/601 795/953/848
f 796/918/817 799/927/824 778/954/849 769/950/845
f 795/953/848 558/644/601 563/653/608 800/955/850
f 798/922/820 803/925/822 776/956/851 773/946/843
f 797/949/844 561/648/605 569/651/606 804/957/852
f 800/955/850 563/653/608 566/509/477 802/933/830
f 799/927/824 801/915/814 768/932/829 778/954/849
f 804/957/852 569/651/606 572/645/602 806/952/847
f 803/925/822 805/919/818 772/951/846 776/956/851
f 814/958/853 807/959/854 808/960/855 813/961/856
f 818/962/857 815/963/858 816/964/859 817/965/860
f 815/963/858 809/966/861 810/967/862 816/964/859
f 812/968/863 810/967/862 809/966/861 811/969/864
f 811/969/864 808/960/855 807/959/854 812/968/863
f 820/970/865 818/962/857 817/965/860 819/971/866
f 826/972/867 814/958/853 813/961/856 825/973/868
f 825/973/868 821/974/869 822/975/870 826/972/867
f 824/976/871 822/975/870 821/974/869 823/977/872
f 823/977/872 820/970/865 819/971/866 824/976/871
f 808/960/855 811/969/864 707/978/757 702/979/756
f 702/979/756 710/980/759 813/961/856 808/960/855
f 807/959/854 814/958/853 711/845/755 701/844/754
f 701/844/754 708/852/760 812/968/863 807/959/854
f 810/967/862 812/968/863 708/852/760 705/853/761
f 705/853/761 714/854/762 816/964/859 810/967/862
f 809/966/861 815/963/858 713/981/764 704/982/763
f 704/982/763 707/978/757 811/969/864 809/966/861
f 710/980/759 740/983/767 825/973/868 813/961/856
f 814/958/853 826/972/867 741/859/766 711/845/755
f 714/854/762 716/487/455 817/965/860 816/964/859
f 815/963/858 818/962/857 717/984/768 713/981/764
f 716/487/455 731/868/770 819/971/866 817/965/860
f 818/962/857 820/970/865 732/985/769 717/984/768
f 731/868/770 738/871/773 824/976/871 819/971/866
f 820/970/865 823/977/872 737/986/771 732/985/769
f 822/975/870 824/976/871 738/871/773 735/872/774
f 735/872/774 741/859/766 826/972/867 822/975/870
f 821/974/869 825/973/868 740/983/767 734/987/776
f 734/987/776 737/986/771 823/977/872 821/974/869
f 718/833/747 712/832/746 725/840/751 723/988/758
f 723/988/758 729/989/765 827/829/743 718/833/747
f 727/835/749 730/843/753 828/831/745 706/830/744
f 703/811/725 827/829/743 729/989/765 728/812/726
f 830/828/742 834/825/739 748/876/778 744/875/777
f 744/875/777 746/815/729 832/814/728 830/828/742
f 829/827/741 831/809/723 745/808/722 743/990/772
f 743/990/772 747/991/775 833/826/740 829/827/741
f 747/991/775 749/822/736 835/821/735 833/826/740
f 834/825/739 836/824/738 750/837/750 748/876/778
