# Blender 5.0.1
# www.blender.org
mtllib PanciAir_Final.mtl
o PanciAir_TutupKaca
v 0.045333 0.163700 -0.169186
v 0.087577 0.163700 -0.151688
v 0.123853 0.163700 -0.123853
v 0.151688 0.163700 -0.087577
v 0.169186 0.163700 -0.045333
v 0.175155 0.163700 0.000000
v 0.169186 0.163700 0.045333
v 0.151688 0.163700 0.087577
v 0.123853 0.163700 0.123853
v 0.087577 0.163700 0.151688
v 0.045333 0.163700 0.169186
v 0.000000 0.163700 0.175155
v -0.045333 0.163700 0.169186
v -0.087577 0.163700 0.151688
v -0.123853 0.163700 0.123853
v -0.151688 0.163700 0.087577
v -0.169186 0.163700 0.045333
v -0.175155 0.163700 0.000000
v -0.169186 0.163700 -0.045333
v -0.151688 0.163700 -0.087577
v -0.123853 0.163700 -0.123853
v -0.087577 0.163700 -0.151688
v 0.000000 0.163700 -0.175155
v -0.045333 0.163700 -0.169186
v 0.041086 0.169410 -0.153335
v 0.079372 0.169410 -0.137476
v 0.112249 0.169410 -0.112249
v 0.137476 0.169410 -0.079372
v 0.153335 0.169410 -0.041086
v 0.158744 0.169410 0.000000
v 0.153335 0.169410 0.041086
v 0.137476 0.169410 0.079372
v 0.112249 0.169410 0.112249
v 0.079372 0.169410 0.137476
v 0.041086 0.169410 0.153335
v 0.000000 0.169410 0.158744
v -0.041086 0.169410 0.153335
v -0.079372 0.169410 0.137476
v -0.112249 0.169410 0.112249
v -0.137476 0.169410 0.079372
v -0.153335 0.169410 0.041086
v -0.158744 0.169410 0.000000
v -0.153335 0.169410 -0.041086
v -0.137476 0.169410 -0.079372
v -0.112249 0.169410 -0.112249
v -0.079372 0.169410 -0.137476
v 0.000000 0.169410 -0.158744
v -0.041086 0.169410 -0.153335
v 0.032573 0.175959 -0.121566
v 0.062927 0.175959 -0.108993
v 0.088992 0.175959 -0.088992
v 0.108993 0.175959 -0.062927
v 0.121566 0.175959 -0.032573
v 0.125854 0.175959 0.000000
v 0.121566 0.175959 0.032573
v 0.108993 0.175959 0.062927
v 0.088992 0.175959 0.088992
v 0.062927 0.175959 0.108993
v 0.032573 0.175959 0.121566
v 0.000000 0.175959 0.125854
v -0.032573 0.175959 0.121566
v -0.062927 0.175959 0.108993
v -0.088992 0.175959 0.088992
v -0.108993 0.175959 0.062927
v -0.121566 0.175959 0.032573
v -0.125854 0.175959 0.000000
v -0.121566 0.175959 -0.032573
v -0.108993 0.175959 -0.062927
v -0.088992 0.175959 -0.088992
v -0.062927 0.175959 -0.108993
v 0.000000 0.175959 -0.125854
v -0.032573 0.175959 -0.121566
v 0.065966 0.182063 0.038085
v 0.073575 0.182063 0.019714
v -0.019714 0.182063 -0.073575
v -0.038085 0.182063 -0.065966
v 0.038085 0.182063 -0.065966
v 0.019714 0.182063 -0.073575
v -0.065966 0.182063 0.038085
v -0.053861 0.182063 0.053861
v 0.053861 0.182063 0.053861
v 0.000000 0.182063 -0.076171
v -0.073575 0.182063 0.019714
v 0.038085 0.182063 0.065966
v 0.053861 0.182063 -0.053861
v -0.076171 0.182063 -0.000000
v 0.019714 0.182063 0.073575
v 0.065966 0.182063 -0.038085
v -0.073575 0.182063 -0.019714
v 0.000000 0.182063 0.076171
v 0.073575 0.182063 -0.019714
v -0.065966 0.182063 -0.038085
v -0.019714 0.182063 0.073575
v 0.076171 0.182063 -0.000000
v -0.053861 0.182063 -0.053861
v -0.038085 0.182063 0.065966
v 0.024811 0.185378 0.006648
v -0.012843 0.185378 -0.022245
v 0.006648 0.185378 -0.024811
v -0.018163 0.185378 0.018163
v 0.022245 0.185378 0.012843
v -0.006648 0.185378 -0.024811
v 0.012843 0.185378 -0.022245
v -0.022245 0.185378 0.012843
v 0.018163 0.185378 0.018163
v 0.000000 0.185378 -0.025686
v -0.024811 0.185378 0.006648
v 0.012843 0.185378 0.022245
v 0.018163 0.185378 -0.018163
v -0.025686 0.185378 -0.000000
v 0.006648 0.185378 0.024811
v 0.022245 0.185378 -0.012843
v -0.024811 0.185378 -0.006648
v 0.000000 0.185378 0.025686
v 0.024811 0.185378 -0.006648
v -0.022245 0.185378 -0.012843
v -0.006648 0.185378 0.024811
v 0.025686 0.185378 -0.000000
v -0.018163 0.185378 -0.018163
v -0.012843 0.185378 0.022245
v 0.045163 0.161811 -0.168551
v 0.087249 0.161811 -0.151119
v 0.123388 0.161811 -0.123388
v 0.151119 0.161811 -0.087249
v 0.168551 0.161811 -0.045163
v 0.174497 0.161811 0.000000
v 0.168551 0.161811 0.045163
v 0.151119 0.161811 0.087249
v 0.123388 0.161811 0.123388
v 0.087249 0.161811 0.151119
v 0.045163 0.161811 0.168551
v 0.000000 0.161811 0.174497
v -0.045163 0.161811 0.168551
v -0.087249 0.161811 0.151119
v -0.123388 0.161811 0.123388
v -0.151119 0.161811 0.087249
v -0.168551 0.161811 0.045163
v -0.174497 0.161811 0.000000
v -0.168551 0.161811 -0.045163
v -0.151119 0.161811 -0.087249
v -0.123388 0.161811 -0.123388
v -0.087249 0.161811 -0.151119
v 0.000000 0.161811 -0.174497
v -0.045163 0.161811 -0.168551
v 0.040947 0.167483 -0.152817
v 0.079104 0.167483 -0.137012
v 0.111870 0.167483 -0.111870
v 0.137012 0.167483 -0.079104
v 0.152817 0.167483 -0.040947
v 0.158208 0.167483 0.000000
v 0.152817 0.167483 0.040947
v 0.137012 0.167483 0.079104
v 0.111870 0.167483 0.111870
v 0.079104 0.167483 0.137012
v 0.040947 0.167483 0.152817
v 0.000000 0.167483 0.158208
v -0.040947 0.167483 0.152817
v -0.079104 0.167483 0.137012
v -0.111870 0.167483 0.111870
v -0.137012 0.167483 0.079104
v -0.152817 0.167483 0.040947
v -0.158208 0.167483 0.000000
v -0.152817 0.167483 -0.040947
v -0.137012 0.167483 -0.079104
v -0.111870 0.167483 -0.111870
v -0.079104 0.167483 -0.137012
v 0.000000 0.167483 -0.158208
v -0.040947 0.167483 -0.152817
v 0.032490 0.173985 -0.121254
v 0.062765 0.173985 -0.108713
v 0.088764 0.173985 -0.088764
v 0.108713 0.173985 -0.062765
v 0.121254 0.173985 -0.032490
v 0.125531 0.173985 0.000000
v 0.121254 0.173985 0.032490
v 0.108713 0.173985 0.062765
v 0.088764 0.173985 0.088764
v 0.062765 0.173985 0.108713
v 0.032490 0.173985 0.121254
v 0.000000 0.173985 0.125531
v -0.032490 0.173985 0.121254
v -0.062765 0.173985 0.108713
v -0.088764 0.173985 0.088764
v -0.108713 0.173985 0.062765
v -0.121254 0.173985 0.032490
v -0.125531 0.173985 0.000000
v -0.121254 0.173985 -0.032490
v -0.108713 0.173985 -0.062765
v -0.088764 0.173985 -0.088764
v -0.062765 0.173985 -0.108713
v 0.000000 0.173985 -0.125531
v -0.032490 0.173985 -0.121254
v 0.065799 0.180072 0.037989
v 0.073390 0.180072 0.019665
v -0.019665 0.180072 -0.073390
v -0.037989 0.180072 -0.065799
v 0.037989 0.180072 -0.065799
v 0.019665 0.180072 -0.073390
v -0.065799 0.180072 0.037989
v -0.053725 0.180072 0.053725
v 0.053725 0.180072 0.053725
v 0.000000 0.180072 -0.075978
v -0.073390 0.180072 0.019665
v 0.037989 0.180072 0.065799
v 0.053725 0.180072 -0.053725
v -0.075978 0.180072 -0.000000
v 0.019665 0.180072 0.073390
v 0.065799 0.180072 -0.037989
v -0.073390 0.180072 -0.019665
v 0.000000 0.180072 0.075978
v 0.073390 0.180072 -0.019665
v -0.065799 0.180072 -0.037989
v -0.019665 0.180072 0.073390
v 0.075978 0.180072 -0.000000
v -0.053725 0.180072 -0.053725
v -0.037989 0.180072 0.065799
v 0.024684 0.183382 0.006614
v -0.012778 0.183382 -0.022131
v 0.006614 0.183382 -0.024684
v -0.018070 0.183382 0.018070
v 0.022131 0.183382 0.012778
v -0.006614 0.183382 -0.024684
v 0.012778 0.183382 -0.022131
v -0.022131 0.183382 0.012778
v 0.018070 0.183382 0.018070
v 0.000000 0.183382 -0.025555
v -0.024684 0.183382 0.006614
v 0.012778 0.183382 0.022131
v 0.018070 0.183382 -0.018070
v -0.025555 0.183382 -0.000000
v 0.006614 0.183382 0.024684
v 0.022131 0.183382 -0.012778
v -0.024684 0.183382 -0.006614
v 0.000000 0.183382 0.025555
v 0.024684 0.183382 -0.006614
v -0.022131 0.183382 -0.012778
v -0.006614 0.183382 0.024684
v 0.025555 0.183382 -0.000000
v -0.018070 0.183382 -0.018070
v -0.012778 0.183382 0.022131
vn 0.3286 0.9445 -0.0000
vn 0.3174 0.9445 -0.0851
vn 0.2588 0.9634 -0.0693
vn 0.2679 0.9634 -0.0000
vn -0.2324 0.9445 -0.2324
vn -0.2846 0.9445 -0.1643
vn -0.2320 0.9634 -0.1340
vn -0.1895 0.9634 -0.1895
vn -0.1643 0.9445 0.2846
vn -0.0851 0.9445 0.3174
vn -0.0693 0.9634 0.2588
vn -0.1340 0.9634 0.2320
vn 0.3174 0.9445 0.0851
vn 0.2588 0.9634 0.0693
vn -0.1643 0.9445 -0.2846
vn -0.1340 0.9634 -0.2320
vn -0.2324 0.9445 0.2324
vn -0.1895 0.9634 0.1895
vn 0.2846 0.9445 0.1643
vn 0.2320 0.9634 0.1340
vn -0.0851 0.9445 -0.3174
vn -0.0693 0.9634 -0.2588
vn 0.1643 0.9445 -0.2846
vn 0.0851 0.9445 -0.3174
vn 0.0693 0.9634 -0.2588
vn 0.1340 0.9634 -0.2320
vn -0.2846 0.9445 0.1643
vn -0.2320 0.9634 0.1340
vn 0.2324 0.9445 0.2324
vn 0.1895 0.9634 0.1895
vn -0.0000 0.9445 -0.3286
vn -0.0000 0.9634 -0.2679
vn -0.3174 0.9445 0.0851
vn -0.2588 0.9634 0.0693
vn 0.1643 0.9445 0.2846
vn 0.1340 0.9634 0.2320
vn 0.2324 0.9445 -0.2324
vn 0.1895 0.9634 -0.1895
vn -0.3286 0.9445 -0.0000
vn -0.2679 0.9634 -0.0000
vn 0.0851 0.9445 0.3174
vn 0.0693 0.9634 0.2588
vn 0.2846 0.9445 -0.1643
vn 0.2320 0.9634 -0.1340
vn -0.3174 0.9445 -0.0851
vn -0.2588 0.9634 -0.0693
vn -0.0000 0.9445 0.3286
vn -0.0000 0.9634 0.2679
vn 0.1144 0.9868 -0.1144
vn 0.1401 0.9868 -0.0809
vn -0.1617 0.9868 -0.0000
vn -0.1562 0.9868 -0.0419
vn 0.0419 0.9868 0.1562
vn -0.0000 0.9868 0.1617
vn 0.1562 0.9868 -0.0419
vn -0.1401 0.9868 -0.0809
vn -0.0419 0.9868 0.1562
vn 0.1617 0.9868 -0.0000
vn -0.1144 0.9868 -0.1144
vn -0.0809 0.9868 0.1401
vn 0.1562 0.9868 0.0419
vn -0.0809 0.9868 -0.1401
vn -0.1144 0.9868 0.1144
vn 0.1401 0.9868 0.0809
vn -0.0419 0.9868 -0.1562
vn 0.0419 0.9868 -0.1562
vn 0.0809 0.9868 -0.1401
vn -0.1401 0.9868 0.0809
vn 0.1144 0.9868 0.1144
vn -0.0000 0.9868 -0.1617
vn -0.1562 0.9868 0.0419
vn 0.0809 0.9868 0.1401
vn -0.0481 0.9954 0.0832
vn -0.0680 0.9954 0.0680
vn -0.0680 0.9954 -0.0680
vn -0.0481 0.9954 -0.0832
vn 0.0961 0.9954 -0.0000
vn 0.0928 0.9954 0.0249
vn -0.0249 0.9954 0.0928
vn -0.0832 0.9954 -0.0481
vn 0.0928 0.9954 -0.0249
vn -0.0000 0.9954 0.0961
vn -0.0928 0.9954 -0.0249
vn 0.0832 0.9954 -0.0481
vn 0.0249 0.9954 0.0928
vn -0.0961 0.9954 -0.0000
vn 0.0680 0.9954 -0.0680
vn 0.0481 0.9954 0.0832
vn -0.0928 0.9954 0.0249
vn 0.0481 0.9954 -0.0832
vn 0.0680 0.9954 0.0680
vn -0.0832 0.9954 0.0481
vn -0.0000 0.9954 -0.0961
vn 0.0249 0.9954 -0.0928
vn -0.0249 0.9954 -0.0928
vn 0.0832 0.9954 0.0481
vn -0.0328 0.9979 0.0567
vn -0.0463 0.9979 0.0463
vn -0.0463 0.9979 -0.0463
vn -0.0328 0.9979 -0.0567
vn 0.0655 0.9979 -0.0000
vn 0.0633 0.9979 0.0170
vn -0.0170 0.9979 0.0633
vn -0.0567 0.9979 -0.0328
vn 0.0633 0.9979 -0.0170
vn -0.0000 0.9979 0.0655
vn -0.0633 0.9979 -0.0170
vn 0.0567 0.9979 -0.0328
vn 0.0170 0.9979 0.0633
vn -0.0655 0.9979 -0.0000
vn 0.0463 0.9979 -0.0463
vn 0.0328 0.9979 0.0567
vn -0.0633 0.9979 0.0170
vn 0.0328 0.9979 -0.0567
vn 0.0463 0.9979 0.0463
vn -0.0567 0.9979 0.0328
vn -0.0000 0.9979 -0.0655
vn 0.0170 0.9979 -0.0633
vn -0.0170 0.9979 -0.0633
vn 0.0567 0.9979 0.0328
vn -0.3288 -0.9444 -0.0000
vn -0.2680 -0.9634 -0.0000
vn -0.2589 -0.9634 0.0694
vn -0.3176 -0.9444 0.0851
vn 0.2325 -0.9444 0.2325
vn 0.1895 -0.9634 0.1895
vn 0.2321 -0.9634 0.1340
vn 0.2848 -0.9444 0.1644
vn 0.1644 -0.9444 -0.2848
vn 0.1340 -0.9634 -0.2321
vn 0.0694 -0.9634 -0.2589
vn 0.0851 -0.9444 -0.3176
vn -0.3176 -0.9444 -0.0851
vn -0.2589 -0.9634 -0.0694
vn 0.1644 -0.9444 0.2848
vn 0.1340 -0.9634 0.2321
vn 0.2325 -0.9444 -0.2325
vn 0.1895 -0.9634 -0.1895
vn -0.2848 -0.9444 -0.1644
vn -0.2321 -0.9634 -0.1340
vn 0.0851 -0.9444 0.3176
vn 0.0694 -0.9634 0.2589
vn -0.1644 -0.9444 0.2848
vn -0.1340 -0.9634 0.2321
vn -0.0694 -0.9634 0.2589
vn -0.0851 -0.9444 0.3176
vn 0.2848 -0.9444 -0.1644
vn 0.2321 -0.9634 -0.1340
vn -0.2325 -0.9444 -0.2325
vn -0.1895 -0.9634 -0.1895
vn -0.0000 -0.9444 0.3288
vn -0.0000 -0.9634 0.2680
vn 0.3176 -0.9444 -0.0851
vn 0.2589 -0.9634 -0.0694
vn -0.1644 -0.9444 -0.2848
vn -0.1340 -0.9634 -0.2321
vn -0.2325 -0.9444 0.2325
vn -0.1895 -0.9634 0.1895
vn 0.3288 -0.9444 -0.0000
vn 0.2680 -0.9634 -0.0000
vn -0.0851 -0.9444 -0.3176
vn -0.0694 -0.9634 -0.2589
vn -0.2848 -0.9444 0.1644
vn -0.2321 -0.9634 0.1340
vn 0.3176 -0.9444 0.0851
vn 0.2589 -0.9634 0.0694
vn -0.0000 -0.9444 -0.3288
vn -0.0000 -0.9634 -0.2680
vn -0.1400 -0.9868 0.0808
vn -0.1143 -0.9868 0.1143
vn 0.1562 -0.9868 0.0418
vn 0.1617 -0.9868 -0.0000
vn -0.0000 -0.9868 -0.1617
vn -0.0418 -0.9868 -0.1562
vn -0.1562 -0.9868 0.0418
vn 0.1400 -0.9868 0.0808
vn 0.0418 -0.9868 -0.1562
vn -0.1617 -0.9868 -0.0000
vn 0.1143 -0.9868 0.1143
vn 0.0808 -0.9868 -0.1400
vn -0.1562 -0.9868 -0.0418
vn 0.0808 -0.9868 0.1400
vn 0.1143 -0.9868 -0.1143
vn -0.1400 -0.9868 -0.0808
vn 0.0418 -0.9868 0.1562
vn -0.0808 -0.9868 0.1400
vn -0.0418 -0.9868 0.1562
vn 0.1400 -0.9868 -0.0808
vn -0.1143 -0.9868 -0.1143
vn -0.0000 -0.9868 0.1617
vn 0.1562 -0.9868 -0.0418
vn -0.0808 -0.9868 -0.1400
vn 0.0679 -0.9954 -0.0679
vn 0.0480 -0.9954 -0.0832
vn 0.0480 -0.9954 0.0832
vn 0.0679 -0.9954 0.0679
vn -0.0928 -0.9954 -0.0249
vn -0.0961 -0.9954 -0.0000
vn 0.0249 -0.9954 -0.0928
vn 0.0832 -0.9954 0.0480
vn -0.0928 -0.9954 0.0249
vn -0.0000 -0.9954 -0.0961
vn 0.0928 -0.9954 0.0249
vn -0.0832 -0.9954 0.0480
vn -0.0249 -0.9954 -0.0928
vn 0.0961 -0.9954 -0.0000
vn -0.0679 -0.9954 0.0679
vn -0.0480 -0.9954 -0.0832
vn 0.0928 -0.9954 -0.0249
vn -0.0480 -0.9954 0.0832
vn -0.0679 -0.9954 -0.0679
vn 0.0832 -0.9954 -0.0480
vn -0.0249 -0.9954 0.0928
vn -0.0000 -0.9954 0.0961
vn 0.0249 -0.9954 0.0928
vn -0.0832 -0.9954 -0.0480
vn 0.0463 -0.9979 -0.0463
vn 0.0327 -0.9979 -0.0567
vn 0.0327 -0.9979 0.0567
vn 0.0463 -0.9979 0.0463
vn -0.0633 -0.9979 -0.0170
vn -0.0655 -0.9979 -0.0000
vn 0.0169 -0.9979 -0.0633
vn 0.0567 -0.9979 0.0327
vn -0.0633 -0.9979 0.0170
vn -0.0000 -0.9979 -0.0655
vn 0.0633 -0.9979 0.0170
vn -0.0567 -0.9979 0.0327
vn -0.0170 -0.9979 -0.0633
vn 0.0655 -0.9979 -0.0000
vn -0.0463 -0.9979 0.0463
vn -0.0327 -0.9979 -0.0567
vn 0.0633 -0.9979 -0.0170
vn -0.0327 -0.9979 0.0567
vn -0.0463 -0.9979 -0.0463
vn 0.0567 -0.9979 -0.0327
vn -0.0170 -0.9979 0.0633
vn -0.0000 -0.9979 0.0655
vn 0.0170 -0.9979 0.0633
vn -0.0567 -0.9979 -0.0327
vn 0.2444 -0.3288 -0.9122
vn 0.4722 -0.3288 -0.8179
vn -0.0000 -0.3288 -0.9444
vn 0.6678 -0.3288 -0.6678
vn 0.8179 -0.3288 -0.4722
vn 0.9122 -0.3288 -0.2444
vn 0.9444 -0.3288 -0.0000
vn 0.9122 -0.3288 0.2444
vn 0.8179 -0.3288 0.4722
vn 0.6678 -0.3288 0.6678
vn 0.4722 -0.3288 0.8179
vn 0.2444 -0.3288 0.9122
vn -0.0000 -0.3288 0.9444
vn -0.2444 -0.3288 0.9122
vn -0.4722 -0.3288 0.8179
vn -0.6678 -0.3288 0.6678
vn -0.8179 -0.3288 0.4722
vn -0.9122 -0.3288 0.2444
vn -0.9444 -0.3288 -0.0000
vn -0.9122 -0.3288 -0.2444
vn -0.8179 -0.3288 -0.4722
vn -0.6678 -0.3288 -0.6678
vn -0.4722 -0.3288 -0.8179
vn -0.2444 -0.3288 -0.9122
vn 0.7056 0.0655 -0.7056
vn 0.4989 0.0655 -0.8642
vn 0.4989 0.0655 0.8642
vn 0.7056 0.0655 0.7056
vn -0.9639 0.0655 -0.2583
vn -0.9979 0.0655 -0.0000
vn 0.2583 0.0655 -0.9639
vn 0.8642 0.0655 0.4989
vn -0.9639 0.0655 0.2583
vn -0.0000 0.0655 -0.9979
vn 0.9639 0.0655 0.2583
vn -0.8642 0.0655 0.4989
vn -0.2583 0.0655 -0.9639
vn 0.9979 0.0655 -0.0000
vn -0.7056 0.0655 0.7056
vn -0.4989 0.0655 -0.8642
vn 0.9639 0.0655 -0.2583
vn -0.4989 0.0655 0.8642
vn -0.7056 0.0655 -0.7056
vn 0.8642 0.0655 -0.4989
vn -0.2583 0.0655 0.9639
vn -0.0000 0.0655 0.9979
vn 0.2583 0.0655 0.9639
vn -0.8642 0.0655 -0.4989
vt 0.634604 0.996269
vt 0.615018 0.996270
vt 0.615018 0.990975
vt 0.634604 0.990975
vt 0.928405 0.996269
vt 0.908819 0.996269
vt 0.908819 0.990975
vt 0.928405 0.990975
vt 0.791298 0.996269
vt 0.771711 0.996269
vt 0.771711 0.990975
vt 0.791298 0.990975
vt 0.654191 0.996269
vt 0.654191 0.990975
vt 0.947992 0.996269
vt 0.947992 0.990975
vt 0.810885 0.996269
vt 0.810885 0.990975
vt 0.673778 0.996269
vt 0.673778 0.990975
vt 0.967579 0.996269
vt 0.967579 0.990974
vt 0.556257 0.996270
vt 0.536671 0.996270
vt 0.536671 0.990975
vt 0.556257 0.990975
vt 0.830472 0.996269
vt 0.830472 0.990975
vt 0.693365 0.996269
vt 0.693364 0.990975
vt 0.987166 0.996269
vt 0.987166 0.990974
vt 0.517084 0.996270
vt 0.517084 0.990975
vt 0.850058 0.996269
vt 0.850058 0.990975
vt 0.712951 0.996269
vt 0.712951 0.990975
vt 0.575844 0.996270
vt 0.575844 0.990975
vt 0.869645 0.996269
vt 0.869645 0.990975
vt 0.732538 0.996269
vt 0.732538 0.990975
vt 0.595431 0.996270
vt 0.595431 0.990975
vt 0.889232 0.996269
vt 0.889232 0.990975
vt 0.752125 0.996269
vt 0.752125 0.990975
vt 0.575844 0.980757
vt 0.595431 0.980757
vt 0.869645 0.980756
vt 0.889232 0.980756
vt 0.732538 0.980757
vt 0.752125 0.980757
vt 0.615018 0.980757
vt 0.908818 0.980756
vt 0.771711 0.980757
vt 0.634604 0.980757
vt 0.928405 0.980756
vt 0.791298 0.980756
vt 0.654191 0.980757
vt 0.947992 0.980756
vt 0.810885 0.980756
vt 0.673778 0.980757
vt 0.967579 0.980756
vt 0.536671 0.980757
vt 0.556257 0.980757
vt 0.830472 0.980756
vt 0.693364 0.980757
vt 0.987165 0.980756
vt 0.517084 0.980757
vt 0.850058 0.980756
vt 0.712951 0.980757
vt 0.791298 0.965504
vt 0.810885 0.965504
vt 0.928405 0.965504
vt 0.947992 0.965504
vt 0.634604 0.965504
vt 0.654191 0.965504
vt 0.771711 0.965504
vt 0.908818 0.965504
vt 0.615017 0.965504
vt 0.752124 0.965504
vt 0.889232 0.965504
vt 0.595431 0.965504
vt 0.732538 0.965504
vt 0.869645 0.965504
vt 0.575844 0.965504
vt 0.712951 0.965504
vt 0.850058 0.965504
vt 0.556257 0.965504
vt 0.693364 0.965504
vt 0.830471 0.965504
vt 0.517084 0.965504
vt 0.536671 0.965504
vt 0.967579 0.965504
vt 0.987165 0.965504
vt 0.673778 0.965504
vt 0.791298 0.950088
vt 0.810885 0.950088
vt 0.928405 0.950088
vt 0.947992 0.950088
vt 0.634604 0.950089
vt 0.654191 0.950089
vt 0.771711 0.950088
vt 0.908818 0.950088
vt 0.615017 0.950089
vt 0.752124 0.950088
vt 0.889231 0.950088
vt 0.595431 0.950089
vt 0.732538 0.950088
vt 0.869645 0.950088
vt 0.575844 0.950089
vt 0.712951 0.950088
vt 0.850058 0.950088
vt 0.556257 0.950089
vt 0.693364 0.950088
vt 0.830471 0.950088
vt 0.517084 0.950089
vt 0.536670 0.950089
vt 0.967578 0.950088
vt 0.987165 0.950088
vt 0.673777 0.950088
vt 0.634273 0.903252
vt 0.634273 0.908481
vt 0.614643 0.908481
vt 0.614643 0.903252
vt 0.928723 0.903252
vt 0.928723 0.908481
vt 0.909093 0.908481
vt 0.909093 0.903252
vt 0.791313 0.903252
vt 0.791313 0.908481
vt 0.771683 0.908481
vt 0.771683 0.903252
vt 0.653903 0.903252
vt 0.653903 0.908481
vt 0.948353 0.903252
vt 0.948353 0.908481
vt 0.810943 0.903252
vt 0.810943 0.908481
vt 0.673533 0.903252
vt 0.673533 0.908481
vt 0.967983 0.903252
vt 0.967983 0.908481
vt 0.555753 0.903252
vt 0.555753 0.908481
vt 0.536124 0.908481
vt 0.536124 0.903252
vt 0.830573 0.903252
vt 0.830573 0.908481
vt 0.693163 0.903252
vt 0.693163 0.908481
vt 0.987613 0.903251
vt 0.987613 0.908480
vt 0.516493 0.908481
vt 0.516493 0.903252
vt 0.850203 0.903252
vt 0.850203 0.908481
vt 0.712793 0.903252
vt 0.712793 0.908481
vt 0.575383 0.903252
vt 0.575383 0.908481
vt 0.869833 0.903252
vt 0.869833 0.908481
vt 0.732423 0.903252
vt 0.732423 0.908481
vt 0.595013 0.903252
vt 0.595013 0.908481
vt 0.889463 0.903252
vt 0.889463 0.908481
vt 0.752053 0.903252
vt 0.752053 0.908481
vt 0.595013 0.918582
vt 0.575384 0.918582
vt 0.889463 0.918581
vt 0.869833 0.918581
vt 0.752053 0.918582
vt 0.732423 0.918582
vt 0.614643 0.918582
vt 0.909093 0.918581
vt 0.771683 0.918582
vt 0.634273 0.918582
vt 0.928723 0.918581
vt 0.791313 0.918581
vt 0.653903 0.918582
vt 0.948353 0.918581
vt 0.810943 0.918581
vt 0.673533 0.918582
vt 0.967983 0.918581
vt 0.555754 0.918582
vt 0.536124 0.918582
vt 0.830573 0.918581
vt 0.693163 0.918582
vt 0.987613 0.918581
vt 0.516494 0.918582
vt 0.850203 0.918581
vt 0.712793 0.918582
vt 0.810943 0.933717
vt 0.791313 0.933717
vt 0.948353 0.933717
vt 0.928723 0.933717
vt 0.653904 0.933717
vt 0.634274 0.933717
vt 0.771683 0.933717
vt 0.909093 0.933717
vt 0.614644 0.933717
vt 0.752053 0.933717
vt 0.889463 0.933717
vt 0.595014 0.933717
vt 0.732423 0.933717
vt 0.869833 0.933717
vt 0.575384 0.933717
vt 0.712793 0.933717
vt 0.850203 0.933717
vt 0.555754 0.933717
vt 0.693163 0.933717
vt 0.830573 0.933717
vt 0.536124 0.933717
vt 0.516494 0.933717
vt 0.987613 0.933716
vt 0.967983 0.933716
vt 0.673533 0.933717
vt 0.810943 0.949036
vt 0.791313 0.949036
vt 0.948353 0.949036
vt 0.928723 0.949036
vt 0.653904 0.949036
vt 0.634274 0.949036
vt 0.771683 0.949036
vt 0.909093 0.949036
vt 0.614644 0.949036
vt 0.752053 0.949036
vt 0.889463 0.949036
vt 0.595014 0.949036
vt 0.732424 0.949036
vt 0.869833 0.949036
vt 0.575384 0.949036
vt 0.712794 0.949036
vt 0.850203 0.949036
vt 0.555754 0.949037
vt 0.693164 0.949036
vt 0.830573 0.949036
vt 0.536124 0.949037
vt 0.516494 0.949037
vt 0.987613 0.949036
vt 0.967983 0.949036
vt 0.673534 0.949036
vt 0.548380 0.997011
vt 0.579701 0.997011
vt 0.579701 0.997627
vt 0.548380 0.997627
vt 0.517059 0.997011
vt 0.517059 0.997627
vt 0.611022 0.997011
vt 0.611022 0.997627
vt 0.642343 0.997011
vt 0.642343 0.997627
vt 0.673665 0.997011
vt 0.673665 0.997627
vt 0.704986 0.997011
vt 0.704986 0.997627
vt 0.736307 0.997011
vt 0.736307 0.997627
vt 0.767628 0.997011
vt 0.767628 0.997627
vt 0.798949 0.997011
vt 0.798949 0.997627
vt 0.830270 0.997011
vt 0.830270 0.997627
vt 0.861591 0.997011
vt 0.861591 0.997627
vt 0.892913 0.997011
vt 0.892913 0.997627
vt 0.924234 0.997011
vt 0.924234 0.997627
vt 0.955555 0.997011
vt 0.955555 0.997627
vt 0.986876 0.997011
vt 0.986876 0.997626
vt 0.908585 0.902899
vt 0.877263 0.902899
vt 0.877263 0.902283
vt 0.908585 0.902283
vt 0.845942 0.902899
vt 0.845942 0.902283
vt 0.814621 0.902900
vt 0.814621 0.902284
vt 0.783300 0.902900
vt 0.783300 0.902284
vt 0.751979 0.902900
vt 0.751979 0.902284
vt 0.720657 0.902900
vt 0.720657 0.902284
vt 0.689336 0.902900
vt 0.689336 0.902284
vt 0.658015 0.902900
vt 0.658015 0.902284
vt 0.626694 0.902901
vt 0.626694 0.902285
vt 0.584484 0.902809
vt 0.579892 0.902809
vt 0.579892 0.902193
vt 0.584484 0.902193
vt 0.616629 0.902809
vt 0.612037 0.902809
vt 0.612037 0.902193
vt 0.616629 0.902193
vt 0.547746 0.902809
vt 0.543154 0.902809
vt 0.543154 0.902193
vt 0.547746 0.902193
vt 0.575299 0.902809
vt 0.575299 0.902193
vt 0.607445 0.902809
vt 0.607445 0.902193
vt 0.538562 0.902809
vt 0.538562 0.902193
vt 0.570707 0.902809
vt 0.570707 0.902193
vt 0.602852 0.902809
vt 0.602852 0.902193
vt 0.533969 0.902809
vt 0.533969 0.902193
vt 0.566115 0.902809
vt 0.566115 0.902193
vt 0.598260 0.902809
vt 0.598260 0.902193
vt 0.529377 0.902809
vt 0.529377 0.902193
vt 0.561523 0.902809
vt 0.561523 0.902193
vt 0.593668 0.902809
vt 0.593668 0.902193
vt 0.524785 0.902809
vt 0.524785 0.902193
vt 0.556931 0.902809
vt 0.556931 0.902193
vt 0.589076 0.902809
vt 0.589076 0.902193
vt 0.520193 0.902809
vt 0.515601 0.902809
vt 0.515601 0.902193
vt 0.520193 0.902193
vt 0.625814 0.902809
vt 0.621221 0.902809
vt 0.621221 0.902193
vt 0.625814 0.902193
vt 0.552338 0.902809
vt 0.552338 0.902193
s 1
usemtl Glass
f 6/1/1 5/2/2 29/3/3 30/4/4
f 21/5/5 20/6/6 44/7/7 45/8/8
f 14/9/9 13/10/10 37/11/11 38/12/12
f 7/13/13 6/1/1 30/4/4 31/14/14
f 22/15/15 21/5/5 45/8/8 46/16/16
f 15/17/17 14/9/9 38/12/12 39/18/18
f 8/19/19 7/13/13 31/14/14 32/20/20
f 24/21/21 22/15/15 46/16/16 48/22/22
f 2/23/23 1/24/24 25/25/25 26/26/26
f 16/27/27 15/17/17 39/18/18 40/28/28
f 9/29/29 8/19/19 32/20/20 33/30/30
f 23/31/31 24/21/21 48/22/22 47/32/32
f 1/24/24 23/33/31 47/34/32 25/25/25
f 17/35/33 16/27/27 40/28/28 41/36/34
f 10/37/35 9/29/29 33/30/30 34/38/36
f 3/39/37 2/23/23 26/26/26 27/40/38
f 18/41/39 17/35/33 41/36/34 42/42/40
f 11/43/41 10/37/35 34/38/36 35/44/42
f 4/45/43 3/39/37 27/40/38 28/46/44
f 19/47/45 18/41/39 42/42/40 43/48/46
f 12/49/47 11/43/41 35/44/42 36/50/48
f 5/2/2 4/45/43 28/46/44 29/3/3
f 20/6/6 19/47/45 43/48/46 44/7/7
f 13/10/10 12/49/47 36/50/48 37/11/11
f 28/46/44 27/40/38 51/51/49 52/52/50
f 43/48/46 42/42/40 66/53/51 67/54/52
f 36/50/48 35/44/42 59/55/53 60/56/54
f 29/3/3 28/46/44 52/52/50 53/57/55
f 44/7/7 43/48/46 67/54/52 68/58/56
f 37/11/11 36/50/48 60/56/54 61/59/57
f 30/4/4 29/3/3 53/57/55 54/60/58
f 45/8/8 44/7/7 68/58/56 69/61/59
f 38/12/12 37/11/11 61/59/57 62/62/60
f 31/14/14 30/4/4 54/60/58 55/63/61
f 46/16/16 45/8/8 69/61/59 70/64/62
f 39/18/18 38/12/12 62/62/60 63/65/63
f 32/20/20 31/14/14 55/63/61 56/66/64
f 48/22/22 46/16/16 70/64/62 72/67/65
f 26/26/26 25/25/25 49/68/66 50/69/67
f 40/28/28 39/18/18 63/65/63 64/70/68
f 33/30/30 32/20/20 56/66/64 57/71/69
f 47/32/32 48/22/22 72/67/65 71/72/70
f 25/25/25 47/34/32 71/73/70 49/68/66
f 41/36/34 40/28/28 64/70/68 65/74/71
f 34/38/36 33/30/30 57/71/69 58/75/72
f 27/40/38 26/26/26 50/69/67 51/51/49
f 42/42/40 41/36/34 65/74/71 66/53/51
f 35/44/42 34/38/36 58/75/72 59/55/53
f 63/65/63 62/62/60 96/76/73 80/77/74
f 70/64/62 69/61/59 95/78/75 76/79/76
f 55/63/61 54/60/58 94/80/77 74/81/78
f 62/62/60 61/59/57 93/82/79 96/76/73
f 69/61/59 68/58/56 92/83/80 95/78/75
f 54/60/58 53/57/55 91/84/81 94/80/77
f 61/59/57 60/56/54 90/85/82 93/82/79
f 68/58/56 67/54/52 89/86/83 92/83/80
f 53/57/55 52/52/50 88/87/84 91/84/81
f 60/56/54 59/55/53 87/88/85 90/85/82
f 67/54/52 66/53/51 86/89/86 89/86/83
f 52/52/50 51/51/49 85/90/87 88/87/84
f 59/55/53 58/75/72 84/91/88 87/88/85
f 66/53/51 65/74/71 83/92/89 86/89/86
f 51/51/49 50/69/67 77/93/90 85/90/87
f 58/75/72 57/71/69 81/94/91 84/91/88
f 65/74/71 64/70/68 79/95/92 83/92/89
f 49/68/66 71/73/70 82/96/93 78/97/94
f 71/72/70 72/67/65 75/98/95 82/99/93
f 57/71/69 56/66/64 73/100/96 81/94/91
f 64/70/68 63/65/63 80/77/74 79/95/92
f 50/69/67 49/68/66 78/97/94 77/93/90
f 72/67/65 70/64/62 76/79/76 75/98/95
f 56/66/64 55/63/61 74/81/78 73/100/96
f 80/77/74 96/76/73 120/101/97 100/102/98
f 76/79/76 95/78/75 119/103/99 98/104/100
f 74/81/78 94/80/77 118/105/101 97/106/102
f 96/76/73 93/82/79 117/107/103 120/101/97
f 95/78/75 92/83/80 116/108/104 119/103/99
f 94/80/77 91/84/81 115/109/105 118/105/101
f 93/82/79 90/85/82 114/110/106 117/107/103
f 92/83/80 89/86/83 113/111/107 116/108/104
f 91/84/81 88/87/84 112/112/108 115/109/105
f 90/85/82 87/88/85 111/113/109 114/110/106
f 89/86/83 86/89/86 110/114/110 113/111/107
f 88/87/84 85/90/87 109/115/111 112/112/108
f 87/88/85 84/91/88 108/116/112 111/113/109
f 86/89/86 83/92/89 107/117/113 110/114/110
f 85/90/87 77/93/90 103/118/114 109/115/111
f 84/91/88 81/94/91 105/119/115 108/116/112
f 83/92/89 79/95/92 104/120/116 107/117/113
f 78/97/94 82/96/93 106/121/117 99/122/118
f 82/99/93 75/98/95 102/123/119 106/124/117
f 81/94/91 73/100/96 101/125/120 105/119/115
f 79/95/92 80/77/74 100/102/98 104/120/116
f 77/93/90 78/97/94 99/122/118 103/118/114
f 75/98/95 76/79/76 98/104/100 102/123/119
f 73/100/96 74/81/78 97/106/102 101/125/120
f 126/126/121 150/127/122 149/128/123 125/129/124
f 141/130/125 165/131/126 164/132/127 140/133/128
f 134/134/129 158/135/130 157/136/131 133/137/132
f 127/138/133 151/139/134 150/127/122 126/126/121
f 142/140/135 166/141/136 165/131/126 141/130/125
f 135/142/137 159/143/138 158/135/130 134/134/129
f 128/144/139 152/145/140 151/139/134 127/138/133
f 144/146/141 168/147/142 166/141/136 142/140/135
f 122/148/143 146/149/144 145/150/145 121/151/146
f 136/152/147 160/153/148 159/143/138 135/142/137
f 129/154/149 153/155/150 152/145/140 128/144/139
f 143/156/151 167/157/152 168/147/142 144/146/141
f 121/151/146 145/150/145 167/158/152 143/159/151
f 137/160/153 161/161/154 160/153/148 136/152/147
f 130/162/155 154/163/156 153/155/150 129/154/149
f 123/164/157 147/165/158 146/149/144 122/148/143
f 138/166/159 162/167/160 161/161/154 137/160/153
f 131/168/161 155/169/162 154/163/156 130/162/155
f 124/170/163 148/171/164 147/165/158 123/164/157
f 139/172/165 163/173/166 162/167/160 138/166/159
f 132/174/167 156/175/168 155/169/162 131/168/161
f 125/129/124 149/128/123 148/171/164 124/170/163
f 140/133/128 164/132/127 163/173/166 139/172/165
f 133/137/132 157/136/131 156/175/168 132/174/167
f 148/171/164 172/176/169 171/177/170 147/165/158
f 163/173/166 187/178/171 186/179/172 162/167/160
f 156/175/168 180/180/173 179/181/174 155/169/162
f 149/128/123 173/182/175 172/176/169 148/171/164
f 164/132/127 188/183/176 187/178/171 163/173/166
f 157/136/131 181/184/177 180/180/173 156/175/168
f 150/127/122 174/185/178 173/182/175 149/128/123
f 165/131/126 189/186/179 188/183/176 164/132/127
f 158/135/130 182/187/180 181/184/177 157/136/131
f 151/139/134 175/188/181 174/185/178 150/127/122
f 166/141/136 190/189/182 189/186/179 165/131/126
f 159/143/138 183/190/183 182/187/180 158/135/130
f 152/145/140 176/191/184 175/188/181 151/139/134
f 168/147/142 192/192/185 190/189/182 166/141/136
f 146/149/144 170/193/186 169/194/187 145/150/145
f 160/153/148 184/195/188 183/190/183 159/143/138
f 153/155/150 177/196/189 176/191/184 152/145/140
f 167/157/152 191/197/190 192/192/185 168/147/142
f 145/150/145 169/194/187 191/198/190 167/158/152
f 161/161/154 185/199/191 184/195/188 160/153/148
f 154/163/156 178/200/192 177/196/189 153/155/150
f 147/165/158 171/177/170 170/193/186 146/149/144
f 162/167/160 186/179/172 185/199/191 161/161/154
f 155/169/162 179/181/174 178/200/192 154/163/156
f 183/190/183 200/201/193 216/202/194 182/187/180
f 190/189/182 196/203/195 215/204/196 189/186/179
f 175/188/181 194/205/197 214/206/198 174/185/178
f 182/187/180 216/202/194 213/207/199 181/184/177
f 189/186/179 215/204/196 212/208/200 188/183/176
f 174/185/178 214/206/198 211/209/201 173/182/175
f 181/184/177 213/207/199 210/210/202 180/180/173
f 188/183/176 212/208/200 209/211/203 187/178/171
f 173/182/175 211/209/201 208/212/204 172/176/169
f 180/180/173 210/210/202 207/213/205 179/181/174
f 187/178/171 209/211/203 206/214/206 186/179/172
f 172/176/169 208/212/204 205/215/207 171/177/170
f 179/181/174 207/213/205 204/216/208 178/200/192
f 186/179/172 206/214/206 203/217/209 185/199/191
f 171/177/170 205/215/207 197/218/210 170/193/186
f 178/200/192 204/216/208 201/219/211 177/196/189
f 185/199/191 203/217/209 199/220/212 184/195/188
f 169/194/187 198/221/213 202/222/214 191/198/190
f 191/197/190 202/223/214 195/224/215 192/192/185
f 177/196/189 201/219/211 193/225/216 176/191/184
f 184/195/188 199/220/212 200/201/193 183/190/183
f 170/193/186 197/218/210 198/221/213 169/194/187
f 192/192/185 195/224/215 196/203/195 190/189/182
f 176/191/184 193/225/216 194/205/197 175/188/181
f 200/201/193 220/226/217 240/227/218 216/202/194
f 196/203/195 218/228/219 239/229/220 215/204/196
f 194/205/197 217/230/221 238/231/222 214/206/198
f 216/202/194 240/227/218 237/232/223 213/207/199
f 215/204/196 239/229/220 236/233/224 212/208/200
f 214/206/198 238/231/222 235/234/225 211/209/201
f 213/207/199 237/232/223 234/235/226 210/210/202
f 212/208/200 236/233/224 233/236/227 209/211/203
f 211/209/201 235/234/225 232/237/228 208/212/204
f 210/210/202 234/235/226 231/238/229 207/213/205
f 209/211/203 233/236/227 230/239/230 206/214/206
f 208/212/204 232/237/228 229/240/231 205/215/207
f 207/213/205 231/238/229 228/241/232 204/216/208
f 206/214/206 230/239/230 227/242/233 203/217/209
f 205/215/207 229/240/231 223/243/234 197/218/210
f 204/216/208 228/241/232 225/244/235 201/219/211
f 203/217/209 227/242/233 224/245/236 199/220/212
f 198/221/213 219/246/237 226/247/238 202/222/214
f 202/223/214 226/248/238 222/249/239 195/224/215
f 201/219/211 225/244/235 221/250/240 193/225/216
f 199/220/212 224/245/236 220/226/217 200/201/193
f 197/218/210 223/243/234 219/246/237 198/221/213
f 195/224/215 222/249/239 218/228/219 196/203/195
f 193/225/216 221/250/240 217/230/221 194/205/197
f 1/251/241 2/252/242 122/253/242 121/254/241
f 23/255/243 1/251/241 121/254/241 143/256/243
f 2/252/242 3/257/244 123/258/244 122/253/242
f 3/257/244 4/259/245 124/260/245 123/258/244
f 4/259/245 5/261/246 125/262/246 124/260/245
f 5/261/246 6/263/247 126/264/247 125/262/246
f 6/263/247 7/265/248 127/266/248 126/264/247
f 7/265/248 8/267/249 128/268/249 127/266/248
f 8/267/249 9/269/250 129/270/250 128/268/249
f 9/269/250 10/271/251 130/272/251 129/270/250
f 10/271/251 11/273/252 131/274/252 130/272/251
f 11/273/252 12/275/253 132/276/253 131/274/252
f 12/275/253 13/277/254 133/278/254 132/276/253
f 13/277/254 14/279/255 134/280/255 133/278/254
f 14/279/255 15/281/256 135/282/256 134/280/255
f 15/283/256 16/284/257 136/285/257 135/286/256
f 16/284/257 17/287/258 137/288/258 136/285/257
f 17/287/258 18/289/259 138/290/259 137/288/258
f 18/289/259 19/291/260 139/292/260 138/290/259
f 19/291/260 20/293/261 140/294/261 139/292/260
f 20/293/261 21/295/262 141/296/262 140/294/261
f 21/295/262 22/297/263 142/298/263 141/296/262
f 22/297/263 24/299/264 144/300/264 142/298/263
f 24/299/264 23/301/243 143/302/243 144/300/264
f 100/303/265 120/304/266 240/305/266 220/306/265
f 98/307/267 119/308/268 239/309/268 218/310/267
f 97/311/269 118/312/270 238/313/270 217/314/269
f 120/304/266 117/315/271 237/316/271 240/305/266
f 119/308/268 116/317/272 236/318/272 239/309/268
f 118/312/270 115/319/273 235/320/273 238/313/270
f 117/315/271 114/321/274 234/322/274 237/316/271
f 116/317/272 113/323/275 233/324/275 236/318/272
f 115/319/273 112/325/276 232/326/276 235/320/273
f 114/321/274 111/327/277 231/328/277 234/322/274
f 113/323/275 110/329/278 230/330/278 233/324/275
f 112/325/276 109/331/279 229/332/279 232/326/276
f 111/327/277 108/333/280 228/334/280 231/328/277
f 110/329/278 107/335/281 227/336/281 230/330/278
f 109/331/279 103/337/282 223/338/282 229/332/279
f 108/333/280 105/339/283 225/340/283 228/334/280
f 107/335/281 104/341/284 224/342/284 227/336/281
f 99/343/285 106/344/286 226/345/286 219/346/285
f 106/347/286 102/348/287 222/349/287 226/350/286
f 105/339/283 101/351/288 221/352/288 225/340/283
f 104/341/284 100/303/265 220/306/265 224/342/284
f 103/337/282 99/343/285 219/346/285 223/338/282
f 102/348/287 98/307/267 218/310/267 222/349/287
f 101/351/288 97/311/269 217/314/269 221/352/288
o PanciAir_Tutup
v 0.004309 0.185954 -0.016083
v 0.008325 0.185954 -0.014419
v 0.011773 0.185954 -0.011773
v 0.014419 0.185954 -0.008325
v 0.016083 0.185954 -0.004309
v 0.016650 0.185954 -0.000000
v 0.016083 0.185954 0.004309
v 0.014419 0.185954 0.008325
v 0.011773 0.185954 0.011773
v 0.008325 0.185954 0.014419
v 0.004309 0.185954 0.016083
v 0.000000 0.185954 0.016650
v -0.004309 0.185954 0.016083
v -0.008325 0.185954 0.014419
v -0.011773 0.185954 0.011773
v -0.014419 0.185954 0.008325
v -0.016083 0.185954 0.004309
v -0.016650 0.185954 -0.000000
v -0.016083 0.185954 -0.004309
v -0.014419 0.185954 -0.008325
v -0.011773 0.185954 -0.011773
v -0.008325 0.185954 -0.014419
v 0.000000 0.185954 -0.016650
v -0.004309 0.185954 -0.016083
v 0.025127 0.185400 0.006733
v -0.013006 0.185400 -0.022528
v 0.006733 0.185400 -0.025127
v -0.018394 0.185400 0.018394
v 0.022528 0.185400 0.013006
v -0.006733 0.185400 -0.025127
v 0.013006 0.185400 -0.022528
v -0.022528 0.185400 0.013006
v 0.018394 0.185400 0.018394
v 0.000000 0.185400 -0.026013
v -0.025127 0.185400 0.006733
v 0.013006 0.185400 0.022528
v 0.018394 0.185400 -0.018394
v -0.026013 0.185400 -0.000000
v 0.006733 0.185400 0.025127
v 0.022528 0.185400 -0.013006
v -0.025127 0.185400 -0.006733
v 0.000000 0.185400 0.026013
v 0.025127 0.185400 -0.006733
v -0.022528 0.185400 -0.013006
v -0.006733 0.185400 0.025127
v 0.026013 0.185400 -0.000000
v -0.018394 0.185400 -0.018394
v -0.013006 0.185400 0.022528
v 0.004482 0.188737 -0.016728
v 0.004309 0.188199 -0.016083
v 0.004360 0.188637 -0.016272
v 0.008325 0.188199 -0.014419
v 0.008659 0.188737 -0.014998
v 0.008423 0.188637 -0.014589
v 0.011773 0.188199 -0.011773
v 0.012246 0.188737 -0.012246
v 0.011912 0.188637 -0.011912
v 0.014419 0.188199 -0.008325
v 0.014998 0.188737 -0.008659
v 0.014589 0.188637 -0.008423
v 0.016083 0.188199 -0.004309
v 0.016728 0.188737 -0.004482
v 0.016272 0.188637 -0.004360
v 0.016650 0.188199 -0.000000
v 0.017318 0.188737 -0.000000
v 0.016846 0.188637 -0.000000
v 0.016083 0.188199 0.004309
v 0.016728 0.188737 0.004482
v 0.016272 0.188637 0.004360
v 0.014419 0.188199 0.008325
v 0.014998 0.188737 0.008659
v 0.014589 0.188637 0.008423
v 0.011773 0.188199 0.011773
v 0.012246 0.188737 0.012246
v 0.011912 0.188637 0.011912
v 0.008325 0.188199 0.014419
v 0.008659 0.188737 0.014998
v 0.008423 0.188637 0.014589
v 0.004309 0.188199 0.016083
v 0.004482 0.188737 0.016728
v 0.004360 0.188637 0.016272
v 0.000000 0.188199 0.016650
v 0.000000 0.188737 0.017318
v 0.000000 0.188637 0.016846
v -0.004309 0.188199 0.016083
v -0.004482 0.188737 0.016728
v -0.004360 0.188637 0.016272
v -0.008325 0.188199 0.014419
v -0.008659 0.188737 0.014998
v -0.008423 0.188637 0.014589
v -0.011773 0.188199 0.011773
v -0.012246 0.188737 0.012246
v -0.011912 0.188637 0.011912
v -0.014419 0.188199 0.008325
v -0.014998 0.188737 0.008659
v -0.014589 0.188637 0.008423
v -0.016083 0.188199 0.004309
v -0.016728 0.188737 0.004482
v -0.016272 0.188637 0.004360
v -0.016650 0.188199 -0.000000
v -0.017318 0.188737 -0.000000
v -0.016846 0.188637 -0.000000
v -0.016083 0.188199 -0.004309
v -0.016728 0.188737 -0.004482
v -0.016272 0.188637 -0.004360
v -0.014419 0.188199 -0.008325
v -0.014998 0.188737 -0.008659
v -0.014589 0.188637 -0.008423
v -0.011773 0.188199 -0.011773
v -0.012246 0.188737 -0.012246
v -0.011912 0.188637 -0.011912
v -0.008325 0.188199 -0.014419
v -0.008659 0.188737 -0.014998
v -0.008423 0.188637 -0.014589
v 0.000000 0.188737 -0.017318
v 0.000000 0.188199 -0.016650
v 0.000000 0.188637 -0.016846
v -0.004309 0.188199 -0.016083
v -0.004482 0.188737 -0.016728
v -0.004360 0.188637 -0.016272
v 0.024481 0.187069 0.006560
v 0.025127 0.186252 0.006733
v 0.024937 0.186772 0.006682
v -0.012672 0.187069 -0.021949
v -0.013006 0.186252 -0.022528
v -0.012909 0.186772 -0.022358
v 0.006560 0.187069 -0.024481
v 0.006733 0.186252 -0.025127
v 0.006682 0.186772 -0.024937
v -0.017921 0.187069 0.017921
v -0.018394 0.186252 0.018394
v -0.018255 0.186772 0.018255
v 0.022528 0.186252 0.013006
v 0.021949 0.187069 0.012672
v 0.022358 0.186772 0.012909
v -0.006733 0.186252 -0.025127
v -0.006560 0.187069 -0.024481
v -0.006682 0.186772 -0.024937
v 0.013006 0.186252 -0.022528
v 0.012672 0.187069 -0.021949
v 0.012909 0.186772 -0.022358
v -0.022528 0.186252 0.013006
v -0.021949 0.187069 0.012672
v -0.022358 0.186772 0.012909
v 0.018394 0.186252 0.018394
v 0.017921 0.187069 0.017921
v 0.018255 0.186772 0.018255
v 0.000000 0.186252 -0.026013
v 0.000000 0.187069 -0.025344
v 0.000000 0.186772 -0.025817
v -0.025127 0.186252 0.006733
v -0.024481 0.187069 0.006560
v -0.024937 0.186772 0.006682
v 0.013006 0.186252 0.022528
v 0.012672 0.187069 0.021949
v 0.012909 0.186772 0.022358
v 0.018394 0.186252 -0.018394
v 0.017921 0.187069 -0.017921
v 0.018255 0.186772 -0.018255
v -0.026013 0.186252 -0.000000
v -0.025344 0.187069 -0.000000
v -0.025817 0.186772 -0.000000
v 0.006733 0.186252 0.025127
v 0.006560 0.187069 0.024481
v 0.006682 0.186772 0.024937
v 0.022528 0.186252 -0.013006
v 0.021949 0.187069 -0.012672
v 0.022358 0.186772 -0.012909
v -0.025127 0.186252 -0.006733
v -0.024481 0.187069 -0.006560
v -0.024937 0.186772 -0.006682
v 0.000000 0.186252 0.026013
v 0.000000 0.187069 0.025344
v 0.000000 0.186772 0.025817
v 0.025127 0.186252 -0.006733
v 0.024481 0.187069 -0.006560
v 0.024937 0.186772 -0.006682
v -0.022528 0.186252 -0.013006
v -0.021949 0.187069 -0.012672
v -0.022358 0.186772 -0.012909
v -0.006733 0.186252 0.025127
v -0.006560 0.187069 0.024481
v -0.006682 0.186772 0.024937
v 0.026013 0.186252 -0.000000
v 0.025344 0.187069 -0.000000
v 0.025817 0.186772 -0.000000
v -0.018394 0.186252 -0.018394
v -0.017921 0.187069 -0.017921
v -0.018255 0.186772 -0.018255
v -0.013006 0.186252 0.022528
v -0.012672 0.187069 0.021949
v -0.012909 0.186772 0.022358
v -0.168026 0.151711 -0.045022
v -0.173953 0.151711 0.000000
v 0.150648 0.151711 -0.086977
v 0.123004 0.151711 -0.123004
v 0.045022 0.151711 0.168026
v 0.086977 0.151711 0.150648
v -0.168026 0.151711 0.045022
v 0.086977 0.151711 -0.150648
v 0.123004 0.151711 0.123004
v -0.150648 0.151711 0.086977
v 0.045022 0.151711 -0.168026
v -0.000000 0.151711 -0.173953
v -0.045022 0.151711 -0.168026
v 0.150648 0.151711 0.086977
v -0.123004 0.151711 0.123004
v -0.086977 0.151711 -0.150648
v 0.168026 0.151711 0.045022
v -0.086977 0.151711 0.150648
v -0.123004 0.151711 -0.123004
v 0.173953 0.151711 0.000000
v -0.045022 0.151711 0.168026
v -0.150648 0.151711 -0.086977
v 0.168026 0.151711 -0.045022
v 0.000000 0.151711 0.173953
v 0.000000 0.158176 -0.174497
v -0.045163 0.158176 -0.168551
v -0.087249 0.158176 -0.151119
v -0.123388 0.158176 -0.123388
v -0.151119 0.158176 -0.087249
v -0.168551 0.158176 -0.045163
v -0.174497 0.158176 0.000000
v -0.168551 0.158176 0.045163
v -0.151119 0.158176 0.087249
v -0.123388 0.158176 0.123388
v -0.087249 0.158176 0.151119
v -0.045163 0.158176 0.168551
v 0.000000 0.158176 0.174497
v 0.045163 0.158176 0.168551
v 0.087249 0.158176 0.151119
v 0.123388 0.158176 0.123388
v 0.151119 0.158176 0.087249
v 0.168551 0.158176 0.045163
v 0.174497 0.158176 0.000000
v 0.168551 0.158176 -0.045163
v 0.151119 0.158176 -0.087249
v 0.123388 0.158176 -0.123388
v 0.087249 0.158176 -0.151119
v 0.045163 0.158176 -0.168551
v -0.169987 0.151540 -0.045548
v -0.175983 0.151540 0.000000
v 0.152406 0.151540 -0.087992
v 0.124439 0.151540 -0.124439
v 0.045548 0.151540 0.169987
v 0.087992 0.151540 0.152406
v -0.169987 0.151540 0.045548
v 0.087992 0.151540 -0.152406
v 0.124439 0.151540 0.124439
v -0.152406 0.151540 0.087992
v 0.045548 0.151540 -0.169987
v -0.000000 0.151540 -0.175983
v -0.045548 0.151540 -0.169987
v 0.152406 0.151540 0.087992
v -0.124439 0.151540 0.124439
v -0.087992 0.151540 -0.152406
v 0.169987 0.151540 0.045548
v -0.087992 0.151540 0.152406
v -0.124439 0.151540 -0.124439
v 0.175983 0.151540 0.000000
v -0.045548 0.151540 0.169987
v -0.152406 0.151540 -0.087992
v 0.169987 0.151540 -0.045548
v 0.000000 0.151540 0.175983
v 0.000000 0.158005 -0.176527
v -0.045689 0.158005 -0.170512
v -0.088264 0.158005 -0.152877
v -0.124823 0.158005 -0.124823
v -0.152877 0.158005 -0.088264
v -0.170512 0.158005 -0.045689
v -0.176527 0.158005 0.000000
v -0.170512 0.158005 0.045689
v -0.152877 0.158005 0.088264
v -0.124823 0.158005 0.124823
v -0.088264 0.158005 0.152877
v -0.045689 0.158005 0.170512
v 0.000000 0.158005 0.176527
v 0.045689 0.158005 0.170512
v 0.088264 0.158005 0.152877
v 0.124823 0.158005 0.124823
v 0.152877 0.158005 0.088264
v 0.170512 0.158005 0.045689
v 0.176527 0.158005 0.000000
v 0.170512 0.158005 -0.045689
v 0.152877 0.158005 -0.088264
v 0.124823 0.158005 -0.124823
v 0.088264 0.158005 -0.152877
v 0.045689 0.158005 -0.170512
v -0.047222 0.158005 -0.176235
v 0.000000 0.158005 -0.182452
v -0.091226 0.158005 -0.158008
v -0.129013 0.158005 -0.129013
v -0.158008 0.158005 -0.091226
v -0.176235 0.158005 -0.047222
v -0.182452 0.158005 0.000000
v -0.176235 0.158005 0.047222
v -0.158008 0.158005 0.091226
v -0.129013 0.158005 0.129013
v -0.091226 0.158005 0.158008
v -0.047222 0.158005 0.176235
v 0.000000 0.158005 0.182452
v 0.047222 0.158005 0.176235
v 0.091226 0.158005 0.158008
v 0.129013 0.158005 0.129013
v 0.158008 0.158005 0.091226
v 0.176235 0.158005 0.047222
v 0.182452 0.158005 0.000000
v 0.176235 0.158005 -0.047222
v 0.158008 0.158005 -0.091226
v 0.129013 0.158005 -0.129013
v 0.091226 0.158005 -0.158008
v 0.047222 0.158005 -0.176235
v -0.045385 0.163880 -0.169381
v -0.045163 0.163342 -0.168551
v -0.045228 0.163890 -0.168794
v 0.000000 0.163342 -0.174497
v 0.000000 0.163880 -0.175356
v 0.000000 0.163890 -0.174749
v -0.087678 0.163880 -0.151863
v -0.087249 0.163342 -0.151119
v -0.087374 0.163890 -0.151337
v -0.123995 0.163880 -0.123995
v -0.123388 0.163342 -0.123388
v -0.123566 0.163890 -0.123566
v -0.151863 0.163880 -0.087678
v -0.151119 0.163342 -0.087249
v -0.151337 0.163890 -0.087374
v -0.169381 0.163880 -0.045385
v -0.168551 0.163342 -0.045163
v -0.168794 0.163890 -0.045228
v -0.175356 0.163880 0.000000
v -0.174497 0.163342 0.000000
v -0.174749 0.163890 0.000000
v -0.169381 0.163880 0.045385
v -0.168551 0.163342 0.045163
v -0.168794 0.163890 0.045228
v -0.151863 0.163880 0.087678
v -0.151119 0.163342 0.087249
v -0.151337 0.163890 0.087374
v -0.123995 0.163880 0.123995
v -0.123388 0.163342 0.123388
v -0.123566 0.163890 0.123566
v -0.087678 0.163880 0.151863
v -0.087249 0.163342 0.151119
v -0.087374 0.163890 0.151337
v -0.045385 0.163880 0.169381
v -0.045163 0.163342 0.168551
v -0.045228 0.163890 0.168794
v 0.000000 0.163880 0.175356
v 0.000000 0.163342 0.174497
v 0.000000 0.163890 0.174749
v 0.045385 0.163880 0.169381
v 0.045163 0.163342 0.168551
v 0.045228 0.163890 0.168794
v 0.087678 0.163880 0.151863
v 0.087249 0.163342 0.151119
v 0.087374 0.163890 0.151337
v 0.123995 0.163880 0.123995
v 0.123388 0.163342 0.123388
v 0.123566 0.163890 0.123566
v 0.151863 0.163880 0.087678
v 0.151119 0.163342 0.087249
v 0.151337 0.163890 0.087374
v 0.169381 0.163880 0.045385
v 0.168551 0.163342 0.045163
v 0.168794 0.163890 0.045228
v 0.175356 0.163880 0.000000
v 0.174497 0.163342 0.000000
v 0.174749 0.163890 0.000000
v 0.169381 0.163880 -0.045385
v 0.168551 0.163342 -0.045163
v 0.168794 0.163890 -0.045228
v 0.151863 0.163880 -0.087678
v 0.151119 0.163342 -0.087249
v 0.151337 0.163890 -0.087374
v 0.123995 0.163880 -0.123995
v 0.123388 0.163342 -0.123388
v 0.123566 0.163890 -0.123566
v 0.087678 0.163880 -0.151863
v 0.087249 0.163342 -0.151119
v 0.087374 0.163890 -0.151337
v 0.045385 0.163880 -0.169381
v 0.045163 0.163342 -0.168551
v 0.045228 0.163890 -0.168794
v 0.158008 0.159968 0.091226
v 0.157565 0.160772 0.090970
v 0.157878 0.160436 0.091151
v -0.091226 0.159968 -0.158008
v -0.090970 0.160772 -0.157565
v -0.091151 0.160436 -0.157878
v 0.129013 0.159968 0.129013
v 0.128651 0.160772 0.128651
v 0.128907 0.160436 0.128907
v -0.047222 0.159968 -0.176235
v -0.047090 0.160772 -0.175741
v -0.047183 0.160436 -0.176090
v 0.091226 0.159968 0.158008
v 0.090970 0.160772 0.157565
v 0.091151 0.160436 0.157878
v 0.047222 0.159968 0.176235
v 0.047090 0.160772 0.175741
v 0.047183 0.160436 0.176090
v 0.000000 0.159968 0.182452
v 0.000000 0.160772 0.181940
v 0.000000 0.160436 0.182302
v -0.091226 0.159968 0.158008
v -0.090970 0.160772 0.157565
v -0.091151 0.160436 0.157878
v -0.047222 0.159968 0.176235
v -0.047090 0.160772 0.175741
v -0.047183 0.160436 0.176090
v 0.047222 0.159968 -0.176235
v 0.047090 0.160772 -0.175741
v 0.047183 0.160436 -0.176090
v 0.000000 0.160772 -0.181940
v 0.000000 0.159968 -0.182452
v 0.000000 0.160436 -0.182302
v -0.129013 0.159968 -0.129013
v -0.128651 0.160772 -0.128651
v -0.128907 0.160436 -0.128907
v -0.158008 0.159968 -0.091226
v -0.157565 0.160772 -0.090970
v -0.157878 0.160436 -0.091151
v -0.176235 0.159968 -0.047222
v -0.175741 0.160772 -0.047090
v -0.176090 0.160436 -0.047183
v -0.182452 0.159968 0.000000
v -0.181940 0.160772 0.000000
v -0.182302 0.160436 0.000000
v -0.176235 0.159968 0.047222
v -0.175741 0.160772 0.047090
v -0.176090 0.160436 0.047183
v -0.158008 0.159968 0.091226
v -0.157565 0.160772 0.090970
v -0.157878 0.160436 0.091151
v -0.129013 0.159968 0.129013
v -0.128651 0.160772 0.128651
v -0.128907 0.160436 0.128907
v 0.176235 0.159968 0.047222
v 0.175741 0.160772 0.047090
v 0.176090 0.160436 0.047183
v 0.182452 0.159968 0.000000
v 0.181940 0.160772 0.000000
v 0.182302 0.160436 0.000000
v 0.176235 0.159968 -0.047222
v 0.175741 0.160772 -0.047090
v 0.176090 0.160436 -0.047183
v 0.158008 0.159968 -0.091226
v 0.157565 0.160772 -0.090970
v 0.157878 0.160436 -0.091151
v 0.129013 0.159968 -0.129013
v 0.128651 0.160772 -0.128651
v 0.128907 0.160436 -0.128907
v 0.091226 0.159968 -0.158008
v 0.090970 0.160772 -0.157565
v 0.091151 0.160436 -0.157878
v 0.004469 0.185949 -0.016678
v 0.008633 0.185949 -0.014953
v 0.012209 0.185949 -0.012209
v 0.014953 0.185949 -0.008633
v 0.016678 0.185949 -0.004469
v 0.017266 0.185949 -0.000000
v 0.016678 0.185949 0.004469
v 0.014953 0.185949 0.008633
v 0.012209 0.185949 0.012209
v 0.008633 0.185949 0.014953
v 0.004469 0.185949 0.016678
v 0.000000 0.185949 0.017266
v -0.004469 0.185949 0.016678
v -0.008633 0.185949 0.014953
v -0.012209 0.185949 0.012209
v -0.014953 0.185949 0.008633
v -0.016678 0.185949 0.004469
v -0.017266 0.185949 -0.000000
v -0.016678 0.185949 -0.004469
v -0.014953 0.185949 -0.008633
v -0.012209 0.185949 -0.012209
v -0.008633 0.185949 -0.014953
v 0.000000 0.185949 -0.017266
v -0.004469 0.185949 -0.016678
v 0.018216 0.199064 0.013349
v 0.017740 0.198720 0.012660
v 0.018414 0.199894 0.013634
v 0.020293 0.199064 0.006893
v 0.019701 0.198720 0.006496
v 0.020538 0.199894 0.007057
v 0.020997 0.199064 -0.000000
v 0.020357 0.198720 -0.000000
v 0.021262 0.199894 -0.000000
v 0.020293 0.199064 -0.006893
v 0.019701 0.198720 -0.006496
v 0.020538 0.199894 -0.007057
v 0.018216 0.199064 -0.013349
v 0.017740 0.198720 -0.012660
v 0.018414 0.199894 -0.013634
v 0.014892 0.199064 -0.018925
v 0.014549 0.198720 -0.018065
v 0.015035 0.199894 -0.019281
v 0.010541 0.199064 -0.023222
v 0.010322 0.198720 -0.022274
v 0.010631 0.199894 -0.023615
v 0.005459 0.199064 -0.025929
v 0.005503 0.199894 -0.026339
v 0.005353 0.198720 -0.024941
v 0.001696 0.210116 -0.008115
v 0.003276 0.210116 -0.007276
v 0.004632 0.210116 -0.005941
v 0.005674 0.210116 -0.004201
v 0.006328 0.210116 -0.002174
v 0.006551 0.210116 -0.000000
v 0.006328 0.210116 0.002174
v 0.005674 0.210116 0.004201
v 0.004632 0.210116 0.005941
v 0.003276 0.210116 0.007276
v 0.001696 0.210116 0.008115
v 0.000000 0.210116 0.008402
v -0.001696 0.210116 0.008115
v -0.003276 0.210116 0.007276
v -0.004632 0.210116 0.005941
v -0.005674 0.210116 0.004201
v -0.006328 0.210116 0.002174
v -0.006551 0.210116 -0.000000
v -0.006328 0.210116 -0.002174
v -0.005674 0.210116 -0.004201
v -0.004632 0.210116 -0.005941
v -0.003276 0.210116 -0.007276
v 0.000000 0.210116 -0.008402
v -0.001696 0.210116 -0.008115
v 0.005503 0.206561 -0.026339
v 0.005103 0.210855 -0.024423
v 0.009850 0.210855 -0.021880
v 0.010631 0.206561 -0.023615
v 0.013915 0.210855 -0.017845
v 0.015035 0.206561 -0.019281
v 0.017023 0.210855 -0.012604
v 0.018414 0.206561 -0.013634
v 0.018970 0.210856 -0.006519
v 0.020538 0.206561 -0.007057
v 0.019633 0.210856 -0.000000
v 0.021262 0.206561 -0.000000
v 0.018970 0.210856 0.006519
v 0.020538 0.206561 0.007057
v 0.017023 0.210855 0.012604
v 0.018414 0.206561 0.013634
v 0.013915 0.210855 0.017845
v 0.015035 0.206561 0.019281
v 0.009850 0.210855 0.021880
v 0.010631 0.206561 0.023615
v 0.005103 0.210855 0.024423
v 0.005503 0.206561 0.026339
v 0.000000 0.210855 0.025291
v 0.000000 0.206561 0.027268
v -0.005103 0.210855 0.024423
v -0.005503 0.206561 0.026339
v -0.009850 0.210855 0.021880
v -0.010631 0.206561 0.023615
v -0.013915 0.210855 0.017845
v -0.015035 0.206561 0.019281
v -0.017023 0.210855 0.012604
v -0.018414 0.206561 0.013634
v -0.018970 0.210856 0.006519
v -0.020538 0.206561 0.007057
v -0.019633 0.210856 -0.000000
v -0.021262 0.206561 -0.000000
v -0.018970 0.210856 -0.006519
v -0.020538 0.206561 -0.007057
v -0.017023 0.210855 -0.012604
v -0.018414 0.206561 -0.013634
v -0.013915 0.210855 -0.017845
v -0.015035 0.206561 -0.019281
v -0.009850 0.210855 -0.021880
v -0.010631 0.206561 -0.023615
v 0.000000 0.206561 -0.027268
v 0.000000 0.210855 -0.025291
v -0.005103 0.210855 -0.024423
v -0.005503 0.206561 -0.026339
v 0.004594 0.213117 -0.021989
v 0.004075 0.214071 -0.019505
v 0.007847 0.214071 -0.017431
v 0.008858 0.213118 -0.019675
v 0.011045 0.214071 -0.014165
v 0.012491 0.213119 -0.016019
v 0.013461 0.214071 -0.009967
v 0.015253 0.213120 -0.011294
v 0.014957 0.214071 -0.005140
v 0.016974 0.213121 -0.005833
v 0.015463 0.214071 -0.000000
v 0.017558 0.213122 -0.000000
v 0.014957 0.214071 0.005140
v 0.016974 0.213121 0.005833
v 0.013461 0.214071 0.009967
v 0.015253 0.213120 0.011294
v 0.011045 0.214071 0.014165
v 0.012491 0.213119 0.016019
v 0.007847 0.214071 0.017431
v 0.008858 0.213118 0.019675
v 0.004075 0.214071 0.019505
v 0.004594 0.213117 0.021989
v 0.000000 0.214071 0.020217
v 0.000000 0.213117 0.022780
v -0.004075 0.214071 0.019505
v -0.004594 0.213117 0.021989
v -0.007847 0.214071 0.017431
v -0.008858 0.213118 0.019675
v -0.011045 0.214071 0.014165
v -0.012491 0.213119 0.016019
v -0.013461 0.214071 0.009967
v -0.015253 0.213120 0.011294
v -0.014957 0.214071 0.005140
v -0.016974 0.213121 0.005833
v -0.015463 0.214071 -0.000000
v -0.017558 0.213122 -0.000000
v -0.014957 0.214071 -0.005140
v -0.016974 0.213121 -0.005833
v -0.013461 0.214071 -0.009967
v -0.015253 0.213120 -0.011294
v -0.011045 0.214071 -0.014165
v -0.012491 0.213119 -0.016019
v -0.007847 0.214071 -0.017431
v -0.008858 0.213118 -0.019675
v 0.000000 0.213117 -0.022780
v 0.000000 0.214071 -0.020217
v -0.004075 0.214071 -0.019505
v -0.004594 0.213117 -0.021989
v 0.003879 0.214071 -0.018565
v 0.003645 0.213031 -0.017445
v 0.003713 0.213767 -0.017773
v 0.007041 0.213031 -0.015641
v 0.007498 0.214071 -0.016654
v 0.007175 0.213767 -0.015938
v 0.009958 0.213031 -0.012771
v 0.010612 0.214071 -0.013610
v 0.010150 0.213767 -0.013016
v 0.012196 0.213031 -0.009030
v 0.013009 0.214071 -0.009632
v 0.012434 0.213767 -0.009206
v 0.013603 0.213031 -0.004674
v 0.014519 0.214071 -0.004989
v 0.013871 0.213767 -0.004767
v 0.014083 0.213031 -0.000000
v 0.015035 0.214071 -0.000000
v 0.014362 0.213767 -0.000000
v 0.013603 0.213031 0.004674
v 0.014519 0.214071 0.004989
v 0.013871 0.213767 0.004767
v 0.012196 0.213031 0.009030
v 0.013009 0.214071 0.009632
v 0.012434 0.213767 0.009206
v 0.009958 0.213031 0.012771
v 0.010612 0.214071 0.013610
v 0.010150 0.213767 0.013016
v 0.007041 0.213031 0.015641
v 0.007498 0.214071 0.016654
v 0.007175 0.213767 0.015938
v 0.003645 0.213031 0.017445
v 0.003879 0.214071 0.018565
v 0.003713 0.213767 0.017773
v 0.000000 0.213031 0.018060
v 0.000000 0.214071 0.019215
v 0.000000 0.213767 0.018399
v -0.003645 0.213031 0.017445
v -0.003879 0.214071 0.018565
v -0.003713 0.213767 0.017773
v -0.007041 0.213031 0.015641
v -0.007498 0.214071 0.016654
v -0.007175 0.213767 0.015938
v -0.009958 0.213031 0.012771
v -0.010612 0.214071 0.013610
v -0.010150 0.213767 0.013016
v -0.012196 0.213031 0.009030
v -0.013009 0.214071 0.009632
v -0.012434 0.213767 0.009206
v -0.013603 0.213031 0.004674
v -0.014519 0.214071 0.004989
v -0.013871 0.213767 0.004767
v -0.014083 0.213031 -0.000000
v -0.015035 0.214071 -0.000000
v -0.014362 0.213767 -0.000000
v -0.013603 0.213031 -0.004674
v -0.014519 0.214071 -0.004989
v -0.013871 0.213767 -0.004767
v -0.012196 0.213031 -0.009030
v -0.013009 0.214071 -0.009632
v -0.012434 0.213767 -0.009206
v -0.009958 0.213031 -0.012771
v -0.010612 0.214071 -0.013610
v -0.010150 0.213767 -0.013016
v -0.007041 0.213031 -0.015641
v -0.007498 0.214071 -0.016654
v -0.007175 0.213767 -0.015938
v 0.000000 0.214071 -0.019216
v 0.000000 0.213031 -0.018060
v 0.000000 0.213767 -0.018399
v -0.003645 0.213031 -0.017445
v -0.003879 0.214071 -0.018565
v -0.003713 0.213767 -0.017773
v 0.003645 0.211290 -0.017445
v 0.003381 0.210116 -0.016182
v 0.003568 0.210460 -0.017075
v 0.006527 0.210116 -0.014497
v 0.007041 0.211290 -0.015641
v 0.006891 0.210460 -0.015306
v 0.009220 0.210116 -0.011824
v 0.009958 0.211290 -0.012771
v 0.009742 0.210460 -0.012493
v 0.011279 0.210116 -0.008351
v 0.012196 0.211290 -0.009030
v 0.011927 0.210460 -0.008831
v 0.012569 0.210116 -0.004319
v 0.013603 0.211290 -0.004674
v 0.013300 0.210460 -0.004570
v 0.013008 0.210116 -0.000000
v 0.014083 0.211290 -0.000000
v 0.013768 0.210460 -0.000000
v 0.012569 0.210116 0.004319
v 0.013603 0.211290 0.004674
v 0.013300 0.210460 0.004570
v 0.011279 0.210116 0.008351
v 0.012196 0.211290 0.009030
v 0.011927 0.210460 0.008831
v 0.009220 0.210116 0.011824
v 0.009958 0.211290 0.012771
v 0.009742 0.210460 0.012493
v 0.006527 0.210116 0.014497
v 0.007041 0.211290 0.015641
v 0.006891 0.210460 0.015306
v 0.003381 0.210116 0.016182
v 0.003645 0.211290 0.017445
v 0.003568 0.210460 0.017075
v 0.000000 0.210116 0.016757
v 0.000000 0.211290 0.018060
v 0.000000 0.210460 0.017679
v -0.003381 0.210116 0.016182
v -0.003645 0.211290 0.017445
v -0.003568 0.210460 0.017075
v -0.006527 0.210116 0.014497
v -0.007041 0.211290 0.015641
v -0.006891 0.210460 0.015306
v -0.009220 0.210116 0.011824
v -0.009958 0.211290 0.012771
v -0.009742 0.210460 0.012493
v -0.011279 0.210116 0.008351
v -0.012196 0.211290 0.009030
v -0.011927 0.210460 0.008831
v -0.012569 0.210116 0.004319
v -0.013603 0.211290 0.004674
v -0.013300 0.210460 0.004570
v -0.013008 0.210116 -0.000000
v -0.014083 0.211290 -0.000000
v -0.013768 0.210460 -0.000000
v -0.012569 0.210116 -0.004319
v -0.013603 0.211290 -0.004674
v -0.013300 0.210460 -0.004570
v -0.011279 0.210116 -0.008351
v -0.012196 0.211290 -0.009030
v -0.011927 0.210460 -0.008831
v -0.009220 0.210116 -0.011824
v -0.009958 0.211290 -0.012771
v -0.009742 0.210460 -0.012493
v -0.006527 0.210116 -0.014497
v -0.007041 0.211290 -0.015641
v -0.006891 0.210460 -0.015306
v 0.000000 0.211290 -0.018060
v 0.000000 0.210116 -0.016757
v 0.000000 0.210460 -0.017679
v -0.003381 0.210116 -0.016182
v -0.003645 0.211290 -0.017445
v -0.003568 0.210460 -0.017075
v 0.015035 0.199894 0.019281
v 0.014549 0.198720 0.018065
v 0.014892 0.199064 0.018925
v 0.010631 0.199894 0.023615
v 0.010322 0.198720 0.022274
v 0.010541 0.199064 0.023222
v 0.005503 0.199894 0.026339
v 0.005353 0.198720 0.024941
v 0.005459 0.199064 0.025929
v 0.000000 0.199894 0.027268
v 0.000000 0.198720 0.025854
v 0.000000 0.199064 0.026854
v -0.005503 0.199894 0.026339
v -0.005353 0.198720 0.024941
v -0.005459 0.199064 0.025929
v -0.010631 0.199894 0.023615
v -0.010322 0.198720 0.022274
v -0.010541 0.199064 0.023222
v -0.015035 0.199894 0.019281
v -0.014549 0.198720 0.018065
v -0.014892 0.199064 0.018925
v -0.018414 0.199894 0.013634
v -0.017740 0.198720 0.012660
v -0.018216 0.199064 0.013349
v -0.020538 0.199894 0.007057
v -0.019701 0.198720 0.006496
v -0.020293 0.199064 0.006893
v -0.021262 0.199894 -0.000000
v -0.020357 0.198720 -0.000000
v -0.020997 0.199064 -0.000000
v -0.020538 0.199894 -0.007057
v -0.019701 0.198720 -0.006496
v -0.020293 0.199064 -0.006893
v -0.018414 0.199894 -0.013634
v -0.017740 0.198720 -0.012660
v -0.018216 0.199064 -0.013349
v -0.015035 0.199894 -0.019281
v -0.014549 0.198720 -0.018065
v -0.014892 0.199064 -0.018925
v -0.010631 0.199894 -0.023615
v -0.010322 0.198720 -0.022274
v -0.010541 0.199064 -0.023222
v 0.000000 0.198720 -0.025854
v 0.000000 0.199894 -0.027268
v 0.000000 0.199064 -0.026854
v -0.005503 0.199894 -0.026339
v -0.005353 0.198720 -0.024941
v -0.005459 0.199064 -0.025929
v 0.004469 0.196860 -0.016678
v 0.004695 0.198720 -0.018791
v 0.004535 0.198175 -0.017297
v 0.009104 0.198720 -0.016995
v 0.008633 0.196860 -0.014953
v 0.008771 0.198175 -0.015551
v 0.012960 0.198720 -0.014089
v 0.012209 0.196860 -0.012209
v 0.012429 0.198175 -0.012760
v 0.016021 0.198720 -0.010176
v 0.014953 0.196860 -0.008633
v 0.015266 0.198175 -0.009085
v 0.018046 0.198720 -0.005386
v 0.016678 0.196860 -0.004469
v 0.017078 0.198175 -0.004737
v 0.018770 0.198720 -0.000000
v 0.017266 0.196860 -0.000000
v 0.017707 0.198175 -0.000000
v 0.018046 0.198720 0.005386
v 0.016678 0.196860 0.004469
v 0.017078 0.198175 0.004737
v 0.016021 0.198720 0.010176
v 0.014953 0.196860 0.008633
v 0.015266 0.198175 0.009085
v 0.012960 0.198720 0.014089
v 0.012209 0.196860 0.012209
v 0.012429 0.198175 0.012760
v 0.009104 0.198720 0.016995
v 0.008633 0.196860 0.014953
v 0.008771 0.198175 0.015551
v 0.004695 0.198720 0.018791
v 0.004469 0.196860 0.016678
v 0.004535 0.198175 0.017297
v 0.000000 0.198720 0.019398
v 0.000000 0.196860 0.017266
v 0.000000 0.198175 0.017891
v -0.004695 0.198720 0.018791
v -0.004469 0.196860 0.016678
v -0.004535 0.198175 0.017297
v -0.009104 0.198720 0.016995
v -0.008633 0.196860 0.014953
v -0.008771 0.198175 0.015551
v -0.012960 0.198720 0.014089
v -0.012209 0.196860 0.012209
v -0.012429 0.198175 0.012760
v -0.016021 0.198720 0.010176
v -0.014953 0.196860 0.008633
v -0.015266 0.198175 0.009085
v -0.018046 0.198720 0.005386
v -0.016678 0.196860 0.004469
v -0.017078 0.198175 0.004737
v -0.018770 0.198720 -0.000000
v -0.017266 0.196860 -0.000000
v -0.017707 0.198175 -0.000000
v -0.018046 0.198720 -0.005386
v -0.016678 0.196860 -0.004469
v -0.017078 0.198175 -0.004737
v -0.016021 0.198720 -0.010176
v -0.014953 0.196860 -0.008633
v -0.015266 0.198175 -0.009085
v -0.012960 0.198720 -0.014089
v -0.012209 0.196860 -0.012209
v -0.012429 0.198175 -0.012760
v -0.009104 0.198720 -0.016995
v -0.008633 0.196860 -0.014953
v -0.008771 0.198175 -0.015551
v 0.000000 0.196860 -0.017266
v 0.000000 0.198720 -0.019398
v 0.000000 0.198175 -0.017891
v -0.004695 0.198720 -0.018791
v -0.004469 0.196860 -0.016678
v -0.004535 0.198175 -0.017297
vn -0.0511 -0.9983 -0.0295
vn -0.0570 -0.9983 -0.0153
vn 0.0153 -0.9983 0.0570
vn 0.0295 -0.9983 0.0511
vn -0.0295 -0.9983 0.0511
vn -0.0153 -0.9983 0.0570
vn 0.0511 -0.9983 -0.0295
vn 0.0417 -0.9983 -0.0417
vn -0.0417 -0.9983 -0.0417
vn -0.0000 -0.9983 0.0590
vn 0.0570 -0.9983 -0.0153
vn -0.0295 -0.9983 -0.0511
vn -0.0417 -0.9983 0.0417
vn 0.0590 -0.9983 -0.0000
vn -0.0153 -0.9983 -0.0570
vn -0.0511 -0.9983 0.0295
vn 0.0570 -0.9983 0.0153
vn -0.0000 -0.9983 -0.0590
vn -0.0570 -0.9983 0.0153
vn 0.0511 -0.9983 0.0295
vn 0.0153 -0.9983 -0.0570
vn -0.0590 -0.9983 -0.0000
vn 0.0417 -0.9983 0.0417
vn 0.0295 -0.9983 -0.0511
vn -0.2529 0.2122 0.9439
vn -0.4886 0.2122 0.8463
vn -0.3023 0.7966 0.5235
vn -0.1565 0.7966 0.5839
vn 0.0076 0.9999 -0.0132
vn 0.0039 0.9999 -0.0147
vn -0.0000 0.2122 0.9772
vn -0.0000 0.7966 0.6045
vn -0.0000 0.9999 -0.0153
vn -0.6910 0.2122 0.6910
vn -0.4275 0.7966 0.4275
vn 0.0108 0.9999 -0.0108
vn -0.8463 0.2122 0.4886
vn -0.5235 0.7966 0.3023
vn 0.0132 0.9999 -0.0076
vn -0.9439 0.2122 0.2529
vn -0.5839 0.7966 0.1565
vn 0.0147 0.9999 -0.0039
vn -0.9772 0.2122 -0.0000
vn -0.6045 0.7966 -0.0000
vn 0.0153 0.9999 -0.0000
vn -0.9439 0.2122 -0.2529
vn -0.5839 0.7966 -0.1565
vn 0.0147 0.9999 0.0039
vn -0.8463 0.2122 -0.4886
vn -0.5235 0.7966 -0.3023
vn 0.0132 0.9999 0.0076
vn -0.6910 0.2122 -0.6910
vn -0.4275 0.7966 -0.4275
vn 0.0108 0.9999 0.0108
vn -0.4886 0.2122 -0.8463
vn -0.3023 0.7966 -0.5235
vn 0.0076 0.9999 0.0132
vn -0.2529 0.2122 -0.9439
vn -0.1565 0.7966 -0.5839
vn 0.0039 0.9999 0.0147
vn -0.0000 0.2122 -0.9772
vn -0.0000 0.7966 -0.6045
vn -0.0000 0.9999 0.0153
vn 0.2529 0.2122 -0.9439
vn 0.1565 0.7966 -0.5839
vn -0.0039 0.9999 0.0147
vn 0.4886 0.2122 -0.8463
vn 0.3023 0.7966 -0.5235
vn -0.0076 0.9999 0.0132
vn 0.6910 0.2122 -0.6910
vn 0.4275 0.7966 -0.4275
vn -0.0108 0.9999 0.0108
vn 0.8463 0.2122 -0.4886
vn 0.5235 0.7966 -0.3023
vn -0.0132 0.9999 0.0076
vn 0.9439 0.2122 -0.2529
vn 0.5839 0.7966 -0.1565
vn -0.0147 0.9999 0.0039
vn 0.9772 0.2122 -0.0000
vn 0.6045 0.7966 -0.0000
vn -0.0153 0.9999 -0.0000
vn 0.9439 0.2122 0.2529
vn 0.5839 0.7966 0.1565
vn -0.0147 0.9999 -0.0039
vn 0.8463 0.2122 0.4886
vn 0.5235 0.7966 0.3023
vn -0.0132 0.9999 -0.0076
vn 0.6910 0.2122 0.6910
vn 0.4275 0.7966 0.4275
vn -0.0108 0.9999 -0.0108
vn 0.4886 0.2122 0.8463
vn 0.3023 0.7966 0.5235
vn -0.0076 0.9999 -0.0132
vn 0.2529 0.2122 0.9439
vn 0.1565 0.7966 0.5839
vn -0.0039 0.9999 -0.0147
vn -0.1930 0.9225 0.3342
vn -0.2729 0.9225 0.2729
vn -0.5546 0.6203 0.5546
vn -0.3922 0.6203 0.6793
vn -0.6960 0.1767 0.6960
vn -0.4921 0.1767 0.8524
vn -0.2729 0.9225 -0.2729
vn -0.1930 0.9225 -0.3342
vn -0.3922 0.6203 -0.6793
vn -0.5546 0.6203 -0.5546
vn -0.4921 0.1767 -0.8524
vn -0.6960 0.1767 -0.6960
vn 0.3860 0.9225 -0.0000
vn 0.3728 0.9225 0.0999
vn 0.7577 0.6203 0.2030
vn 0.7844 0.6203 -0.0000
vn 0.9507 0.1767 0.2547
vn 0.9843 0.1767 -0.0000
vn -0.0999 0.9225 0.3728
vn -0.2030 0.6203 0.7577
vn -0.2547 0.1767 0.9507
vn -0.3342 0.9225 -0.1930
vn -0.6793 0.6203 -0.3922
vn -0.8524 0.1767 -0.4921
vn 0.3728 0.9225 -0.0999
vn 0.7577 0.6203 -0.2030
vn 0.9507 0.1767 -0.2547
vn -0.0000 0.9225 0.3859
vn -0.0000 0.6203 0.7844
vn -0.0000 0.1767 0.9843
vn -0.3728 0.9225 -0.0999
vn -0.7577 0.6203 -0.2030
vn -0.9507 0.1767 -0.2548
vn 0.3342 0.9225 -0.1930
vn 0.6793 0.6203 -0.3922
vn 0.8524 0.1767 -0.4921
vn 0.0999 0.9225 0.3728
vn 0.2030 0.6203 0.7577
vn 0.2547 0.1767 0.9507
vn -0.3859 0.9225 -0.0000
vn -0.7844 0.6203 -0.0000
vn -0.9843 0.1767 -0.0000
vn 0.2729 0.9225 -0.2729
vn 0.5546 0.6203 -0.5546
vn 0.6960 0.1767 -0.6960
vn 0.1930 0.9225 0.3342
vn 0.3922 0.6203 0.6793
vn 0.4921 0.1767 0.8524
vn -0.3728 0.9225 0.0999
vn -0.7577 0.6203 0.2030
vn -0.9507 0.1767 0.2547
vn 0.1930 0.9225 -0.3342
vn 0.3922 0.6203 -0.6793
vn 0.4921 0.1767 -0.8524
vn 0.2729 0.9225 0.2729
vn 0.5546 0.6203 0.5546
vn 0.6960 0.1767 0.6960
vn -0.3342 0.9225 0.1930
vn -0.6793 0.6203 0.3922
vn -0.8524 0.1767 0.4921
vn -0.0000 0.9225 -0.3859
vn 0.0999 0.9225 -0.3728
vn 0.2030 0.6203 -0.7577
vn -0.0000 0.6203 -0.7844
vn 0.2547 0.1767 -0.9507
vn -0.0000 0.1767 -0.9843
vn -0.0999 0.9225 -0.3728
vn -0.2030 0.6203 -0.7577
vn -0.2547 0.1767 -0.9507
vn 0.3342 0.9225 0.1930
vn 0.6793 0.6203 0.3922
vn 0.8524 0.1767 0.4921
vn -0.2588 -0.0000 0.9659
vn -0.0000 -0.0000 1.0000
vn -0.5000 -0.0000 0.8660
vn -0.7071 -0.0000 0.7071
vn -0.8660 -0.0000 0.5000
vn -0.9659 -0.0000 0.2588
vn -1.0000 -0.0000 -0.0000
vn -0.9659 -0.0000 -0.2588
vn -0.8660 -0.0000 -0.5000
vn -0.7071 -0.0000 -0.7071
vn -0.5000 -0.0000 -0.8660
vn -0.2588 -0.0000 -0.9659
vn -0.0000 -0.0000 -1.0000
vn 0.2588 -0.0000 -0.9659
vn 0.5000 -0.0000 -0.8660
vn 0.7071 -0.0000 -0.7071
vn 0.8660 -0.0000 -0.5000
vn 0.9659 -0.0000 -0.2588
vn 1.0000 -0.0000 -0.0000
vn 0.9659 -0.0000 0.2588
vn 0.8660 -0.0000 0.5000
vn 0.7071 -0.0000 0.7071
vn 0.5000 -0.0000 0.8660
vn 0.2588 -0.0000 0.9659
vn -0.0000 0.0418 0.9991
vn 0.2586 0.0418 0.9651
vn 0.2579 0.0838 0.9625
vn -0.0000 0.0838 0.9965
vn -0.2586 0.0418 0.9651
vn -0.2579 0.0838 0.9625
vn 0.4996 0.0418 0.8653
vn 0.4982 0.0838 0.8630
vn 0.7065 0.0418 0.7065
vn 0.7046 0.0838 0.7046
vn 0.8653 0.0418 0.4996
vn 0.8630 0.0838 0.4982
vn 0.9651 0.0418 0.2586
vn 0.9625 0.0838 0.2579
vn 0.9991 0.0418 -0.0000
vn 0.9965 0.0838 -0.0000
vn 0.9651 0.0418 -0.2586
vn 0.9625 0.0838 -0.2579
vn 0.8653 0.0418 -0.4996
vn 0.8630 0.0838 -0.4982
vn 0.7065 0.0418 -0.7065
vn 0.7046 0.0838 -0.7046
vn 0.4996 0.0418 -0.8653
vn 0.4982 0.0838 -0.8630
vn 0.2586 0.0418 -0.9651
vn 0.2579 0.0838 -0.9625
vn -0.0000 0.0418 -0.9991
vn -0.0000 0.0838 -0.9965
vn -0.2586 0.0418 -0.9651
vn -0.2579 0.0838 -0.9625
vn -0.4996 0.0418 -0.8653
vn -0.4982 0.0838 -0.8630
vn -0.7065 0.0418 -0.7065
vn -0.7046 0.0838 -0.7046
vn -0.8653 0.0418 -0.4996
vn -0.8630 0.0838 -0.4982
vn -0.9651 0.0418 -0.2586
vn -0.9625 0.0838 -0.2579
vn -0.9991 0.0418 -0.0000
vn -0.9965 0.0838 -0.0000
vn -0.9651 0.0418 0.2586
vn -0.9625 0.0838 0.2579
vn -0.8653 0.0418 0.4996
vn -0.8630 0.0838 0.4982
vn -0.7065 0.0418 0.7065
vn -0.7046 0.0838 0.7046
vn -0.4996 0.0418 0.8653
vn -0.4982 0.0838 0.8630
vn -0.0000 -0.7651 -0.6439
vn -0.0000 -0.0838 -0.9965
vn -0.2579 -0.0838 -0.9625
vn -0.1667 -0.7651 -0.6220
vn 0.1667 -0.7651 -0.6220
vn 0.2579 -0.0838 -0.9625
vn -0.4982 -0.0838 -0.8630
vn -0.3219 -0.7651 -0.5576
vn -0.7046 -0.0838 -0.7046
vn -0.4553 -0.7651 -0.4553
vn -0.8630 -0.0838 -0.4982
vn -0.5576 -0.7651 -0.3219
vn -0.9625 -0.0838 -0.2579
vn -0.6220 -0.7651 -0.1667
vn -0.9965 -0.0838 -0.0000
vn -0.6439 -0.7651 -0.0000
vn -0.9625 -0.0838 0.2579
vn -0.6220 -0.7651 0.1667
vn -0.8630 -0.0838 0.4982
vn -0.5576 -0.7651 0.3219
vn -0.7046 -0.0838 0.7046
vn -0.4553 -0.7651 0.4553
vn -0.4982 -0.0838 0.8630
vn -0.3219 -0.7651 0.5576
vn -0.2579 -0.0838 0.9625
vn -0.1667 -0.7651 0.6220
vn -0.0000 -0.0838 0.9965
vn -0.0000 -0.7651 0.6439
vn 0.2579 -0.0838 0.9625
vn 0.1667 -0.7651 0.6220
vn 0.4982 -0.0838 0.8630
vn 0.3219 -0.7651 0.5576
vn 0.7046 -0.0838 0.7046
vn 0.4553 -0.7651 0.4553
vn 0.8630 -0.0838 0.4982
vn 0.5576 -0.7651 0.3219
vn 0.9625 -0.0838 0.2579
vn 0.6220 -0.7651 0.1667
vn 0.9965 -0.0838 -0.0000
vn 0.6439 -0.7651 -0.0000
vn 0.9625 -0.0838 -0.2579
vn 0.6220 -0.7651 -0.1667
vn 0.8630 -0.0838 -0.4982
vn 0.5576 -0.7651 -0.3219
vn 0.7046 -0.0838 -0.7046
vn 0.4553 -0.7651 -0.4553
vn 0.4982 -0.0838 -0.8630
vn 0.3219 -0.7651 -0.5576
vn -0.0000 -0.9965 -0.0838
vn -0.0217 -0.9965 -0.0810
vn -0.0810 -0.9965 0.0217
vn -0.0726 -0.9965 0.0419
vn 0.0726 -0.9965 0.0419
vn 0.0810 -0.9965 0.0217
vn 0.0217 -0.9965 -0.0810
vn -0.0838 -0.9965 -0.0000
vn 0.0593 -0.9965 0.0593
vn 0.0419 -0.9965 -0.0726
vn -0.0810 -0.9965 -0.0217
vn 0.0419 -0.9965 0.0726
vn 0.0593 -0.9965 -0.0593
vn -0.0726 -0.9965 -0.0419
vn 0.0217 -0.9965 0.0810
vn -0.0217 -0.9965 0.0810
vn -0.0000 -0.9965 0.0838
vn 0.0726 -0.9965 -0.0419
vn -0.0593 -0.9965 -0.0593
vn -0.0419 -0.9965 0.0726
vn 0.0810 -0.9965 -0.0217
vn -0.0419 -0.9965 -0.0726
vn -0.0593 -0.9965 0.0593
vn 0.0838 -0.9965 -0.0000
vn -0.0000 -1.0000 -0.0000
vn 0.2526 0.2173 0.9429
vn -0.0000 0.2173 0.9761
vn -0.0000 0.8669 0.4984
vn 0.1290 0.8670 0.4814
vn -0.0000 0.9699 -0.2436
vn -0.0631 0.9699 -0.2353
vn 0.4881 0.2173 0.8453
vn 0.2492 0.8670 0.4316
vn -0.1218 0.9699 -0.2110
vn 0.6902 0.2173 0.6902
vn 0.3524 0.8670 0.3524
vn -0.1723 0.9699 -0.1723
vn 0.8453 0.2173 0.4881
vn 0.4316 0.8670 0.2492
vn -0.2110 0.9699 -0.1218
vn 0.9429 0.2173 0.2526
vn 0.4814 0.8670 0.1290
vn -0.2353 0.9699 -0.0631
vn 0.9761 0.2173 -0.0000
vn 0.4984 0.8669 -0.0000
vn -0.2436 0.9699 -0.0000
vn 0.9429 0.2173 -0.2526
vn 0.4814 0.8670 -0.1290
vn -0.2353 0.9699 0.0631
vn 0.8453 0.2173 -0.4881
vn 0.4316 0.8670 -0.2492
vn -0.2110 0.9699 0.1218
vn 0.6902 0.2173 -0.6902
vn 0.3524 0.8670 -0.3524
vn -0.1723 0.9699 0.1723
vn 0.4881 0.2173 -0.8453
vn 0.2492 0.8670 -0.4316
vn -0.1218 0.9699 0.2110
vn 0.2526 0.2173 -0.9429
vn 0.1290 0.8670 -0.4814
vn -0.0631 0.9699 0.2353
vn -0.0000 0.2173 -0.9761
vn -0.0000 0.8669 -0.4984
vn -0.0000 0.9699 0.2436
vn -0.2526 0.2173 -0.9429
vn -0.1290 0.8670 -0.4814
vn 0.0631 0.9699 0.2353
vn -0.4881 0.2173 -0.8453
vn -0.2492 0.8670 -0.4316
vn 0.1218 0.9699 0.2110
vn -0.6902 0.2173 -0.6902
vn -0.3524 0.8670 -0.3524
vn 0.1723 0.9699 0.1723
vn -0.8453 0.2173 -0.4881
vn -0.4316 0.8670 -0.2492
vn 0.2110 0.9699 0.1218
vn -0.9429 0.2173 -0.2526
vn -0.4814 0.8670 -0.1290
vn 0.2353 0.9699 0.0631
vn -0.9761 0.2173 -0.0000
vn -0.4984 0.8669 -0.0000
vn 0.2436 0.9699 -0.0000
vn -0.9429 0.2173 0.2526
vn -0.4814 0.8670 0.1290
vn 0.2353 0.9699 -0.0631
vn -0.8453 0.2173 0.4881
vn -0.4316 0.8670 0.2492
vn 0.2110 0.9699 -0.1218
vn -0.6902 0.2173 0.6902
vn -0.3524 0.8670 0.3524
vn 0.1723 0.9699 -0.1723
vn -0.4881 0.2173 0.8453
vn -0.2492 0.8670 0.4316
vn 0.1218 0.9699 -0.2110
vn -0.2526 0.2173 0.9429
vn -0.1290 0.8670 0.4814
vn 0.0631 0.9699 -0.2353
vn -0.1471 0.8227 -0.5491
vn -0.0000 0.8227 -0.5685
vn -0.0000 0.5274 -0.8496
vn -0.2199 0.5274 -0.8207
vn -0.0000 0.1524 -0.9883
vn -0.2558 0.1524 -0.9546
vn -0.2842 0.8227 -0.4923
vn -0.4248 0.5274 -0.7358
vn -0.4942 0.1524 -0.8559
vn -0.4020 0.8227 -0.4020
vn -0.6008 0.5274 -0.6008
vn -0.6988 0.1524 -0.6988
vn -0.4923 0.8227 -0.2842
vn -0.7358 0.5274 -0.4248
vn -0.8559 0.1524 -0.4942
vn -0.5491 0.8227 -0.1471
vn -0.8206 0.5274 -0.2199
vn -0.9546 0.1524 -0.2558
vn -0.5685 0.8227 -0.0000
vn -0.8496 0.5274 -0.0000
vn -0.9883 0.1524 -0.0000
vn -0.5491 0.8227 0.1471
vn -0.8206 0.5274 0.2199
vn -0.9546 0.1524 0.2558
vn -0.4923 0.8227 0.2842
vn -0.7358 0.5274 0.4248
vn -0.8559 0.1524 0.4942
vn -0.4020 0.8227 0.4020
vn -0.6008 0.5274 0.6008
vn -0.6988 0.1524 0.6988
vn -0.2842 0.8227 0.4923
vn -0.4248 0.5274 0.7358
vn -0.4942 0.1524 0.8559
vn -0.1471 0.8227 0.5491
vn -0.2199 0.5274 0.8207
vn -0.2558 0.1524 0.9546
vn -0.0000 0.8227 0.5685
vn -0.0000 0.5274 0.8496
vn -0.0000 0.1524 0.9883
vn 0.1471 0.8227 0.5491
vn 0.2199 0.5274 0.8207
vn 0.2558 0.1524 0.9546
vn 0.2842 0.8227 0.4923
vn 0.4248 0.5274 0.7358
vn 0.4942 0.1524 0.8559
vn 0.4020 0.8227 0.4020
vn 0.6008 0.5274 0.6008
vn 0.6988 0.1524 0.6988
vn 0.4923 0.8227 0.2842
vn 0.7358 0.5274 0.4248
vn 0.8559 0.1524 0.4942
vn 0.5491 0.8227 0.1471
vn 0.8206 0.5274 0.2199
vn 0.9546 0.1524 0.2558
vn 0.5685 0.8227 -0.0000
vn 0.8496 0.5274 -0.0000
vn 0.9883 0.1524 -0.0000
vn 0.5491 0.8227 -0.1471
vn 0.8206 0.5274 -0.2199
vn 0.9546 0.1524 -0.2558
vn 0.4923 0.8227 -0.2842
vn 0.7358 0.5274 -0.4248
vn 0.8559 0.1524 -0.4942
vn 0.4020 0.8227 -0.4020
vn 0.6008 0.5274 -0.6008
vn 0.6988 0.1524 -0.6988
vn 0.2842 0.8227 -0.4923
vn 0.4248 0.5274 -0.7358
vn 0.4942 0.1524 -0.8559
vn 0.1471 0.8227 -0.5491
vn 0.2199 0.5274 -0.8207
vn 0.2558 0.1524 -0.9546
vn -0.0000 1.0000 -0.0000
vn -0.7558 -0.6352 0.1590
vn -0.7797 -0.6261 -0.0000
vn -0.2597 -0.9657 -0.0000
vn -0.2507 -0.9670 0.0459
vn -0.9657 -0.1567 0.2070
vn -0.9884 -0.1517 -0.0000
vn -0.8949 -0.1699 0.4128
vn -0.6869 -0.6573 0.3100
vn -0.5752 -0.6841 0.4484
vn -0.2232 -0.9706 0.0903
vn -0.1798 -0.9753 0.1283
vn -0.4200 -0.7091 0.5663
vn -0.1257 -0.9796 0.1570
vn -0.5734 -0.2058 0.7930
vn -0.7676 -0.1876 0.6129
vn -0.3102 -0.2196 0.9250
vn -0.2236 -0.7269 0.6493
vn -0.0000 -0.7334 0.6798
vn -0.0647 -0.9824 0.1751
vn -0.0000 -0.9834 0.1814
vn 0.2237 -0.7269 0.6493
vn 0.0647 -0.9824 0.1751
vn 0.3102 -0.2196 0.9250
vn -0.0000 -0.2248 0.9744
vn 0.5734 -0.2058 0.7930
vn 0.4200 -0.7091 0.5663
vn 0.5752 -0.6841 0.4484
vn 0.1257 -0.9796 0.1570
vn 0.1798 -0.9753 0.1283
vn 0.6869 -0.6573 0.3100
vn 0.2232 -0.9706 0.0903
vn 0.8949 -0.1699 0.4128
vn 0.7676 -0.1876 0.6129
vn 0.9657 -0.1567 0.2070
vn 0.7558 -0.6352 0.1590
vn 0.7797 -0.6261 -0.0000
vn 0.2507 -0.9670 0.0459
vn 0.2597 -0.9657 -0.0000
vn 0.7558 -0.6351 -0.1590
vn 0.2507 -0.9670 -0.0459
vn 0.9657 -0.1567 -0.2070
vn 0.9884 -0.1517 -0.0000
vn 0.8949 -0.1699 -0.4128
vn 0.6869 -0.6573 -0.3100
vn 0.5752 -0.6841 -0.4484
vn 0.2232 -0.9706 -0.0903
vn 0.1798 -0.9753 -0.1283
vn 0.4200 -0.7091 -0.5663
vn 0.1257 -0.9796 -0.1570
vn 0.5734 -0.2058 -0.7930
vn 0.7676 -0.1876 -0.6129
vn -0.0000 -0.2248 -0.9744
vn 0.3102 -0.2196 -0.9250
vn 0.2236 -0.7269 -0.6493
vn -0.0000 -0.7334 -0.6798
vn 0.0647 -0.9824 -0.1751
vn 0.5774 0.1997 -0.7916
vn 0.3133 0.2069 -0.9268
vn 0.2644 0.5776 -0.7723
vn 0.4908 0.5632 -0.6647
vn -0.0000 0.2097 -0.9778
vn -0.0000 0.5834 -0.8122
vn 0.7701 0.1912 -0.6086
vn 0.6603 0.5459 -0.5158
vn 0.8944 0.1841 -0.4077
vn 0.7725 0.5311 -0.3481
vn 0.9625 0.1795 -0.2035
vn 0.8352 0.5215 -0.1746
vn 0.9840 0.1780 -0.0000
vn 0.8552 0.5183 -0.0000
vn 0.9625 0.1795 0.2035
vn 0.8352 0.5215 0.1746
vn 0.8944 0.1841 0.4077
vn 0.7725 0.5311 0.3481
vn 0.7701 0.1912 0.6086
vn 0.6603 0.5459 0.5158
vn 0.5774 0.1997 0.7916
vn 0.4908 0.5632 0.6648
vn 0.3133 0.2069 0.9268
vn 0.2644 0.5776 0.7723
vn -0.0000 0.2097 0.9778
vn -0.0000 0.5834 0.8122
vn -0.3133 0.2069 0.9268
vn -0.2644 0.5776 0.7723
vn -0.5774 0.1997 0.7916
vn -0.4909 0.5632 0.6648
vn -0.7701 0.1912 0.6086
vn -0.6603 0.5459 0.5158
vn -0.8944 0.1841 0.4077
vn -0.7725 0.5311 0.3481
vn -0.9625 0.1795 0.2034
vn -0.8352 0.5215 0.1746
vn -0.9840 0.1780 -0.0000
vn -0.8552 0.5183 -0.0000
vn -0.9625 0.1795 -0.2035
vn -0.8352 0.5215 -0.1746
vn -0.8944 0.1841 -0.4077
vn -0.7725 0.5311 -0.3481
vn -0.7701 0.1912 -0.6086
vn -0.6603 0.5459 -0.5158
vn -0.5774 0.1997 -0.7916
vn -0.4909 0.5632 -0.6648
vn -0.3133 0.2069 -0.9268
vn -0.2644 0.5776 -0.7723
vn 0.0681 0.9801 -0.1865
vn 0.1270 0.9787 -0.1613
vn 0.3330 0.8334 -0.4411
vn 0.1778 0.8429 -0.5078
vn -0.0000 0.9807 -0.1958
vn -0.0000 0.8467 -0.5321
vn 0.1718 0.9771 -0.1258
vn 0.4528 0.8218 -0.3459
vn 0.2019 0.9757 -0.0852
vn 0.5345 0.8117 -0.2356
vn 0.2188 0.9748 -0.0428
vn 0.5811 0.8051 -0.1188
vn 0.2242 0.9745 -0.0000
vn 0.5962 0.8028 -0.0000
vn 0.2188 0.9748 0.0428
vn 0.5811 0.8051 0.1188
vn 0.2019 0.9757 0.0852
vn 0.5345 0.8117 0.2356
vn 0.1718 0.9771 0.1258
vn 0.4528 0.8218 0.3459
vn 0.1270 0.9787 0.1613
vn 0.3330 0.8334 0.4411
vn 0.0681 0.9801 0.1865
vn 0.1778 0.8429 0.5078
vn -0.0000 0.9807 0.1958
vn -0.0000 0.8467 0.5321
vn -0.0680 0.9801 0.1865
vn -0.1778 0.8429 0.5078
vn -0.1270 0.9787 0.1613
vn -0.3330 0.8334 0.4411
vn -0.1718 0.9771 0.1258
vn -0.4528 0.8218 0.3459
vn -0.2019 0.9757 0.0852
vn -0.5345 0.8117 0.2356
vn -0.2188 0.9748 0.0428
vn -0.5811 0.8051 0.1188
vn -0.2242 0.9745 -0.0000
vn -0.5962 0.8028 -0.0000
vn -0.2188 0.9748 -0.0428
vn -0.5811 0.8051 -0.1188
vn -0.2019 0.9757 -0.0852
vn -0.5345 0.8117 -0.2356
vn -0.1718 0.9771 -0.1258
vn -0.4528 0.8218 -0.3459
vn -0.1270 0.9787 -0.1613
vn -0.3330 0.8334 -0.4411
vn -0.0681 0.9801 -0.1865
vn -0.1778 0.8429 -0.5078
vn -0.3167 0.2155 0.9237
vn -0.5816 0.2066 0.7868
vn -0.4004 0.7360 0.5458
vn -0.2134 0.7488 0.6275
vn -0.0981 0.9854 0.1391
vn -0.0504 0.9868 0.1541
vn -0.0000 0.2191 0.9757
vn -0.0000 0.7539 0.6570
vn -0.0000 0.9873 0.1590
vn -0.7729 0.1967 0.6033
vn -0.5449 0.7209 0.4282
vn -0.1396 0.9836 0.1141
vn -0.8954 0.1887 0.4033
vn -0.6432 0.7080 0.2916
vn -0.1714 0.9819 0.0808
vn -0.9622 0.1837 0.2010
vn -0.6992 0.6997 0.1470
vn -0.1912 0.9807 0.0418
vn -0.9833 0.1820 -0.0000
vn -0.7172 0.6969 -0.0000
vn -0.1979 0.9802 -0.0000
vn -0.9622 0.1837 -0.2010
vn -0.6992 0.6997 -0.1470
vn -0.1912 0.9807 -0.0418
vn -0.8954 0.1887 -0.4033
vn -0.6432 0.7080 -0.2916
vn -0.1714 0.9819 -0.0808
vn -0.7729 0.1967 -0.6033
vn -0.5449 0.7209 -0.4283
vn -0.1396 0.9836 -0.1141
vn -0.5816 0.2066 -0.7868
vn -0.4004 0.7360 -0.5458
vn -0.0981 0.9854 -0.1391
vn -0.3167 0.2155 -0.9237
vn -0.2134 0.7488 -0.6275
vn -0.0504 0.9868 -0.1541
vn -0.0000 0.2191 -0.9757
vn -0.0000 0.7539 -0.6570
vn -0.0000 0.9873 -0.1590
vn 0.3167 0.2155 -0.9237
vn 0.2134 0.7488 -0.6275
vn 0.0504 0.9868 -0.1541
vn 0.5816 0.2066 -0.7868
vn 0.4004 0.7360 -0.5458
vn 0.0981 0.9854 -0.1391
vn 0.7729 0.1967 -0.6033
vn 0.5449 0.7209 -0.4283
vn 0.1396 0.9836 -0.1141
vn 0.8954 0.1887 -0.4033
vn 0.6432 0.7080 -0.2916
vn 0.1714 0.9819 -0.0808
vn 0.9622 0.1837 -0.2010
vn 0.6992 0.6997 -0.1470
vn 0.1912 0.9807 -0.0418
vn 0.9833 0.1820 -0.0000
vn 0.7172 0.6969 -0.0000
vn 0.1979 0.9802 -0.0000
vn 0.9622 0.1837 0.2010
vn 0.6992 0.6997 0.1470
vn 0.1912 0.9807 0.0418
vn 0.8954 0.1887 0.4033
vn 0.6432 0.7080 0.2916
vn 0.1714 0.9819 0.0808
vn 0.7729 0.1967 0.6033
vn 0.5449 0.7209 0.4282
vn 0.1396 0.9836 0.1141
vn 0.5816 0.2066 0.7868
vn 0.4004 0.7360 0.5458
vn 0.0981 0.9854 0.1391
vn 0.3167 0.2155 0.9237
vn 0.2134 0.7488 0.6275
vn 0.0504 0.9868 0.1541
vn -0.2236 -0.7269 -0.6493
vn -0.0000 -0.9834 -0.1814
vn -0.0647 -0.9824 -0.1751
vn -0.3102 -0.2196 -0.9250
vn -0.5752 -0.6841 -0.4484
vn -0.4200 -0.7091 -0.5663
vn -0.1257 -0.9796 -0.1570
vn -0.1798 -0.9753 -0.1283
vn -0.6869 -0.6573 -0.3100
vn -0.2232 -0.9706 -0.0903
vn -0.7558 -0.6352 -0.1590
vn -0.2508 -0.9670 -0.0459
vn -0.9657 -0.1567 -0.2070
vn -0.5734 -0.2058 -0.7930
vn -0.7676 -0.1876 -0.6129
vn -0.8949 -0.1699 -0.4128
vn -0.0666 0.9802 0.1867
vn -0.1248 0.9788 0.1623
vn -0.4231 0.7012 0.5738
vn -0.2280 0.7101 0.6662
vn -0.5769 0.1996 0.7920
vn -0.3130 0.2068 0.9270
vn -0.0000 0.9807 0.1956
vn -0.0000 0.7135 0.7006
vn -0.0000 0.2096 0.9778
vn -0.1698 0.9772 0.1275
vn -0.5697 0.6903 0.4460
vn -0.7697 0.1912 0.6092
vn -0.2007 0.9758 0.0869
vn -0.6676 0.6807 0.3017
vn -0.8942 0.1840 0.4082
vn -0.2184 0.9749 0.0439
vn -0.7228 0.6743 0.1516
vn -0.9624 0.1794 0.2037
vn -0.2242 0.9746 -0.0000
vn -0.7405 0.6721 -0.0000
vn -0.9841 0.1779 -0.0000
vn -0.2184 0.9749 -0.0439
vn -0.7228 0.6743 -0.1516
vn -0.9624 0.1794 -0.2037
vn -0.2007 0.9758 -0.0869
vn -0.6676 0.6807 -0.3017
vn -0.8942 0.1840 -0.4082
vn -0.1698 0.9772 -0.1275
vn -0.5697 0.6903 -0.4460
vn -0.7697 0.1912 -0.6092
vn -0.1248 0.9788 -0.1623
vn -0.4231 0.7012 -0.5738
vn -0.5769 0.1996 -0.7920
vn -0.0666 0.9802 -0.1867
vn -0.2280 0.7101 -0.6662
vn -0.3130 0.2068 -0.9270
vn -0.0000 0.9807 -0.1956
vn -0.0000 0.7135 -0.7006
vn -0.0000 0.2096 -0.9778
vn 0.0666 0.9802 -0.1867
vn 0.2280 0.7101 -0.6662
vn 0.3130 0.2068 -0.9270
vn 0.1248 0.9788 -0.1623
vn 0.4232 0.7012 -0.5738
vn 0.5769 0.1996 -0.7920
vn 0.1698 0.9772 -0.1275
vn 0.5697 0.6903 -0.4460
vn 0.7697 0.1912 -0.6092
vn 0.2007 0.9758 -0.0869
vn 0.6676 0.6807 -0.3017
vn 0.8942 0.1840 -0.4082
vn 0.2184 0.9749 -0.0439
vn 0.7228 0.6743 -0.1516
vn 0.9624 0.1794 -0.2037
vn 0.2241 0.9746 -0.0000
vn 0.7405 0.6721 -0.0000
vn 0.9841 0.1779 -0.0000
vn 0.2184 0.9749 0.0439
vn 0.7228 0.6743 0.1516
vn 0.9624 0.1794 0.2037
vn 0.2007 0.9758 0.0869
vn 0.6676 0.6807 0.3017
vn 0.8942 0.1840 0.4082
vn 0.1698 0.9772 0.1275
vn 0.5697 0.6903 0.4460
vn 0.7697 0.1912 0.6092
vn 0.1248 0.9788 0.1623
vn 0.4232 0.7012 0.5738
vn 0.5769 0.1996 0.7920
vn 0.0666 0.9802 0.1867
vn 0.2280 0.7101 0.6662
vn 0.3130 0.2068 0.9270
vn 0.0394 -0.9870 -0.1555
vn 0.0796 -0.9860 -0.1465
vn 0.3344 -0.7418 -0.5813
vn 0.1696 -0.7531 -0.6357
vn 0.4926 -0.2118 -0.8441
vn 0.2547 -0.2211 -0.9414
vn -0.0000 -0.9874 -0.1584
vn -0.0000 -0.7568 -0.6536
vn -0.0000 -0.2243 -0.9745
vn 0.1210 -0.9841 -0.1298
vn 0.4881 -0.7229 -0.4891
vn 0.6974 -0.1976 -0.6889
vn 0.1630 -0.9813 -0.1022
vn 0.6200 -0.6985 -0.3574
vn 0.8548 -0.1812 -0.4863
vn 0.1999 -0.9780 -0.0592
vn 0.7122 -0.6759 -0.1895
vn 0.9534 -0.1676 -0.2511
vn 0.2164 -0.9763 -0.0000
vn 0.7454 -0.6667 -0.0000
vn 0.9868 -0.1622 -0.0000
vn 0.1999 -0.9780 0.0592
vn 0.7122 -0.6759 0.1895
vn 0.9534 -0.1676 0.2511
vn 0.1630 -0.9813 0.1022
vn 0.6200 -0.6985 0.3574
vn 0.8548 -0.1812 0.4863
vn 0.1210 -0.9841 0.1298
vn 0.4881 -0.7229 0.4891
vn 0.6974 -0.1976 0.6889
vn 0.0796 -0.9860 0.1465
vn 0.3344 -0.7418 0.5813
vn 0.4926 -0.2118 0.8441
vn 0.0394 -0.9870 0.1555
vn 0.1696 -0.7531 0.6357
vn 0.2547 -0.2211 0.9414
vn -0.0000 -0.9874 0.1584
vn -0.0000 -0.7568 0.6536
vn -0.0000 -0.2243 0.9745
vn -0.0394 -0.9870 0.1555
vn -0.1696 -0.7531 0.6357
vn -0.2547 -0.2211 0.9414
vn -0.0796 -0.9860 0.1465
vn -0.3344 -0.7418 0.5813
vn -0.4926 -0.2118 0.8441
vn -0.1210 -0.9841 0.1298
vn -0.4881 -0.7229 0.4891
vn -0.6974 -0.1976 0.6889
vn -0.1630 -0.9813 0.1022
vn -0.6200 -0.6985 0.3574
vn -0.8548 -0.1812 0.4863
vn -0.1999 -0.9780 0.0592
vn -0.7122 -0.6759 0.1895
vn -0.9534 -0.1676 0.2511
vn -0.2164 -0.9763 -0.0000
vn -0.7454 -0.6667 -0.0000
vn -0.9868 -0.1622 -0.0000
vn -0.1999 -0.9780 -0.0592
vn -0.7122 -0.6759 -0.1895
vn -0.9534 -0.1676 -0.2511
vn -0.1630 -0.9813 -0.1022
vn -0.6199 -0.6985 -0.3574
vn -0.8548 -0.1812 -0.4863
vn -0.1210 -0.9841 -0.1298
vn -0.4881 -0.7229 -0.4891
vn -0.6974 -0.1976 -0.6889
vn -0.0796 -0.9860 -0.1465
vn -0.3344 -0.7418 -0.5813
vn -0.4926 -0.2118 -0.8441
vn -0.0394 -0.9870 -0.1555
vn -0.1696 -0.7531 -0.6357
vn -0.2547 -0.2211 -0.9414
vt 0.219776 0.820545
vt 0.206611 0.810444
vt 0.210455 0.803784
vt 0.225785 0.810134
vt 0.177229 0.746859
vt 0.179395 0.763310
vt 0.171968 0.765301
vt 0.165618 0.749971
vt 0.211272 0.755980
vt 0.201172 0.769144
vt 0.194512 0.765300
vt 0.200862 0.749969
vt 0.140699 0.810138
vt 0.156029 0.803787
vt 0.159874 0.810446
vt 0.146709 0.820549
vt 0.211275 0.829045
vt 0.201174 0.815881
vt 0.189250 0.746859
vt 0.187085 0.763310
vt 0.137587 0.798526
vt 0.154038 0.796360
vt 0.200866 0.835057
vt 0.194515 0.819726
vt 0.219774 0.764479
vt 0.206609 0.774581
vt 0.137587 0.786505
vt 0.154038 0.788670
vt 0.189254 0.838168
vt 0.187088 0.821717
vt 0.225784 0.774890
vt 0.210454 0.781240
vt 0.140697 0.774893
vt 0.156028 0.781243
vt 0.177233 0.838168
vt 0.179398 0.821717
vt 0.228896 0.786501
vt 0.212444 0.788668
vt 0.146707 0.764482
vt 0.159872 0.774583
vt 0.165621 0.835058
vt 0.171971 0.819727
vt 0.228896 0.798522
vt 0.212445 0.796357
vt 0.155207 0.755982
vt 0.165309 0.769146
vt 0.155211 0.829048
vt 0.165311 0.815883
vt 0.306219 0.771844
vt 0.299032 0.767670
vt 0.299345 0.766918
vt 0.306718 0.771198
vt 0.299661 0.766162
vt 0.307219 0.770549
vt 0.312078 0.777740
vt 0.312722 0.777248
vt 0.313372 0.776751
vt 0.291004 0.765497
vt 0.291113 0.764692
vt 0.291223 0.763881
vt 0.282683 0.765470
vt 0.282579 0.764660
vt 0.282473 0.763845
vt 0.274649 0.767621
vt 0.274337 0.766867
vt 0.274023 0.766110
vt 0.267446 0.771772
vt 0.266954 0.771129
vt 0.266457 0.770479
vt 0.261550 0.777632
vt 0.260904 0.777133
vt 0.260256 0.776632
vt 0.257366 0.784819
vt 0.256615 0.784506
vt 0.255855 0.784190
vt 0.255218 0.792853
vt 0.254413 0.792746
vt 0.253603 0.792638
vt 0.255191 0.801168
vt 0.254383 0.801271
vt 0.253571 0.801374
vt 0.257319 0.809207
vt 0.256561 0.809519
vt 0.255802 0.809832
vt 0.261478 0.816408
vt 0.260835 0.816901
vt 0.260185 0.817398
vt 0.267339 0.822304
vt 0.266841 0.822950
vt 0.266340 0.823599
vt 0.274528 0.826477
vt 0.274215 0.827229
vt 0.273899 0.827986
vt 0.282556 0.828650
vt 0.282447 0.829454
vt 0.282337 0.830266
vt 0.290876 0.828674
vt 0.290982 0.829486
vt 0.291088 0.830301
vt 0.298911 0.826526
vt 0.299224 0.827278
vt 0.299538 0.828035
vt 0.306113 0.822374
vt 0.306607 0.823018
vt 0.307104 0.823668
vt 0.312010 0.816515
vt 0.312655 0.817012
vt 0.313304 0.817513
vt 0.316185 0.809325
vt 0.316937 0.809638
vt 0.317692 0.809955
vt 0.318366 0.801295
vt 0.319176 0.801402
vt 0.319990 0.801511
vt 0.318371 0.792975
vt 0.319176 0.792869
vt 0.319989 0.792762
vt 0.316228 0.784941
vt 0.316982 0.784629
vt 0.317739 0.784316
vt 0.268434 0.841138
vt 0.280465 0.844376
vt 0.280336 0.845351
vt 0.268056 0.842045
vt 0.280208 0.846325
vt 0.267680 0.842952
vt 0.334056 0.803390
vt 0.334106 0.790939
vt 0.335081 0.790813
vt 0.335032 0.803520
vt 0.336054 0.790687
vt 0.336005 0.803649
vt 0.257783 0.759129
vt 0.248971 0.767942
vt 0.248191 0.767344
vt 0.257187 0.758348
vt 0.247412 0.766747
vt 0.256589 0.757569
vt 0.257649 0.834890
vt 0.257049 0.835669
vt 0.256451 0.836448
vt 0.330837 0.815419
vt 0.331744 0.815796
vt 0.332651 0.816171
vt 0.268601 0.752942
vt 0.268228 0.752033
vt 0.267854 0.751122
vt 0.248841 0.826070
vt 0.248060 0.826666
vt 0.247280 0.827262
vt 0.324596 0.826205
vt 0.325375 0.826804
vt 0.326154 0.827401
vt 0.280645 0.749770
vt 0.280518 0.748794
vt 0.280393 0.747823
vt 0.242672 0.815247
vt 0.241763 0.815620
vt 0.240852 0.815995
vt 0.315780 0.835017
vt 0.316377 0.835798
vt 0.316974 0.836577
vt 0.293097 0.749771
vt 0.293226 0.748797
vt 0.293356 0.747821
vt 0.239447 0.803212
vt 0.238472 0.803339
vt 0.237502 0.803466
vt 0.304962 0.841203
vt 0.305335 0.842112
vt 0.305708 0.843023
vt 0.305128 0.753010
vt 0.305506 0.752102
vt 0.305882 0.751198
vt 0.239452 0.790748
vt 0.238477 0.790617
vt 0.237505 0.790488
vt 0.292918 0.844376
vt 0.293045 0.845352
vt 0.293170 0.846323
vt 0.324724 0.768076
vt 0.315913 0.759258
vt 0.316513 0.758479
vt 0.325505 0.767479
vt 0.317111 0.757700
vt 0.326287 0.766882
vt 0.330916 0.778893
vt 0.331826 0.778519
vt 0.332732 0.778148
vt 0.242742 0.778733
vt 0.241834 0.778355
vt 0.240928 0.777977
vt 0.303858 0.774809
vt 0.309036 0.779990
vt 0.297515 0.771144
vt 0.290440 0.769245
vt 0.283115 0.769244
vt 0.276039 0.771146
vt 0.269695 0.774814
vt 0.264514 0.779993
vt 0.260851 0.786336
vt 0.258958 0.793413
vt 0.258958 0.800740
vt 0.260853 0.807816
vt 0.264520 0.814158
vt 0.269700 0.819339
vt 0.276044 0.823003
vt 0.283120 0.824900
vt 0.290445 0.824900
vt 0.297520 0.823000
vt 0.303863 0.819334
vt 0.309045 0.814154
vt 0.312711 0.807810
vt 0.314610 0.800733
vt 0.314605 0.793408
vt 0.312703 0.786333
vt 0.246217 0.765823
vt 0.239536 0.777391
vt 0.255677 0.756365
vt 0.337553 0.790500
vt 0.334131 0.777579
vt 0.337501 0.803854
vt 0.318036 0.756506
vt 0.306467 0.749806
vt 0.327491 0.765970
vt 0.280004 0.847821
vt 0.293359 0.847821
vt 0.267095 0.844344
vt 0.236009 0.790280
vt 0.293560 0.746324
vt 0.306276 0.844423
vt 0.236003 0.803657
vt 0.317886 0.837781
vt 0.239453 0.816564
vt 0.280204 0.746325
vt 0.327349 0.828326
vt 0.246076 0.828173
vt 0.267287 0.749722
vt 0.334044 0.816755
vt 0.255526 0.837642
vt 0.512473 0.726212
vt 0.591689 0.726212
vt 0.591689 0.738010
vt 0.512473 0.738009
vt 0.917224 0.885506
vt 0.998982 0.885507
vt 0.998982 0.896938
vt 0.917224 0.896938
vt 0.670905 0.726212
vt 0.670905 0.738010
vt 0.750121 0.726212
vt 0.750121 0.738010
vt 0.829337 0.726213
vt 0.829337 0.738010
vt 0.908554 0.726213
vt 0.908554 0.738011
vt 0.987770 0.726213
vt 0.987770 0.738011
vt 0.512439 0.783661
vt 0.591733 0.783662
vt 0.591733 0.795448
vt 0.512439 0.795448
vt 0.671026 0.783662
vt 0.671026 0.795448
vt 0.750320 0.783662
vt 0.750320 0.795448
vt 0.829613 0.783662
vt 0.829613 0.795449
vt 0.908907 0.783663
vt 0.908907 0.795449
vt 0.988200 0.783663
vt 0.988200 0.795449
vt 0.508164 0.829284
vt 0.589969 0.829284
vt 0.589969 0.840710
vt 0.508164 0.840710
vt 0.671774 0.829284
vt 0.671774 0.840710
vt 0.753579 0.829285
vt 0.753579 0.840710
vt 0.835384 0.829285
vt 0.835384 0.840711
vt 0.917189 0.829285
vt 0.917189 0.840711
vt 0.998994 0.829286
vt 0.998994 0.840711
vt 0.508435 0.885505
vt 0.590193 0.885505
vt 0.590193 0.896936
vt 0.508435 0.896936
vt 0.671951 0.885505
vt 0.671951 0.896937
vt 0.753708 0.885506
vt 0.753708 0.896937
vt 0.835466 0.885506
vt 0.835466 0.896937
vt 0.498348 0.864020
vt 0.498348 0.875555
vt 0.416962 0.875555
vt 0.416962 0.864020
vt 0.091520 0.919849
vt 0.091520 0.931387
vt 0.010158 0.931386
vt 0.010158 0.919848
vt 0.335576 0.875554
vt 0.335576 0.864020
vt 0.254191 0.875554
vt 0.254191 0.864019
vt 0.172805 0.875554
vt 0.172805 0.864019
vt 0.091419 0.875553
vt 0.091419 0.864019
vt 0.010034 0.875553
vt 0.010034 0.864018
vt 0.498335 0.947392
vt 0.498335 0.958929
vt 0.416971 0.958929
vt 0.416971 0.947391
vt 0.335607 0.958929
vt 0.335607 0.947391
vt 0.254243 0.958928
vt 0.254243 0.947391
vt 0.172879 0.958928
vt 0.172880 0.947390
vt 0.091515 0.958928
vt 0.091515 0.947390
vt 0.010152 0.958928
vt 0.010152 0.947390
vt 0.498349 0.891964
vt 0.498349 0.903498
vt 0.416963 0.903498
vt 0.416963 0.891964
vt 0.335577 0.903498
vt 0.335577 0.891963
vt 0.254191 0.903498
vt 0.254191 0.891963
vt 0.172804 0.903497
vt 0.172804 0.891963
vt 0.091418 0.903497
vt 0.091418 0.891962
vt 0.010032 0.903497
vt 0.010032 0.891962
vt 0.498328 0.919850
vt 0.498328 0.931388
vt 0.416966 0.931388
vt 0.416966 0.919850
vt 0.335605 0.931387
vt 0.335605 0.919849
vt 0.254243 0.931387
vt 0.254243 0.919849
vt 0.172882 0.931387
vt 0.172882 0.919849
vt 0.018713 0.974386
vt 0.099189 0.974387
vt 0.099189 0.977976
vt 0.018713 0.977975
vt 0.099189 0.980811
vt 0.179666 0.980811
vt 0.179666 0.984400
vt 0.099189 0.984400
vt 0.340616 0.967731
vt 0.421092 0.967731
vt 0.421092 0.971320
vt 0.340616 0.971320
vt 0.421097 0.986770
vt 0.501573 0.986771
vt 0.501573 0.990360
vt 0.421097 0.990359
vt 0.018712 0.980810
vt 0.018712 0.984399
vt 0.260140 0.967730
vt 0.260140 0.971319
vt 0.340620 0.986770
vt 0.340620 0.990359
vt 0.421091 0.974388
vt 0.501567 0.974388
vt 0.501567 0.977977
vt 0.421091 0.977977
vt 0.179664 0.967730
vt 0.179664 0.971319
vt 0.260143 0.986770
vt 0.260143 0.990359
vt 0.340616 0.974388
vt 0.340616 0.977977
vt 0.099188 0.967730
vt 0.099188 0.971319
vt 0.421096 0.980812
vt 0.501573 0.980812
vt 0.501573 0.984401
vt 0.421096 0.984401
vt 0.179666 0.986769
vt 0.179666 0.990359
vt 0.260140 0.974387
vt 0.260140 0.977976
vt 0.018712 0.967730
vt 0.018712 0.971319
vt 0.340619 0.980812
vt 0.340619 0.984401
vt 0.099190 0.986769
vt 0.099190 0.990358
vt 0.179664 0.974387
vt 0.179664 0.977976
vt 0.260143 0.980811
vt 0.260143 0.984400
vt 0.018713 0.986769
vt 0.018713 0.990358
vt 0.501567 0.967731
vt 0.501567 0.971320
vt 0.416963 0.881429
vt 0.498349 0.881430
vt 0.010152 0.936853
vt 0.091516 0.936853
vt 0.172880 0.936853
vt 0.010158 0.909311
vt 0.091520 0.909311
vt 0.254243 0.936854
vt 0.172882 0.909311
vt 0.335607 0.936854
vt 0.254243 0.909312
vt 0.416971 0.936854
vt 0.335605 0.909312
vt 0.498335 0.936854
vt 0.416966 0.909312
vt 0.335577 0.881429
vt 0.416962 0.853486
vt 0.498348 0.853486
vt 0.254191 0.881429
vt 0.335576 0.853485
vt 0.172805 0.881429
vt 0.254191 0.853485
vt 0.091418 0.881428
vt 0.172805 0.853485
vt 0.010032 0.881428
vt 0.091419 0.853485
vt 0.498328 0.909313
vt 0.010034 0.853484
vt 0.591689 0.716817
vt 0.512473 0.716817
vt 0.512473 0.715720
vt 0.591689 0.715720
vt 0.512473 0.714616
vt 0.591689 0.714616
vt 0.670905 0.716818
vt 0.670905 0.715721
vt 0.670905 0.714616
vt 0.750121 0.716818
vt 0.750121 0.715721
vt 0.750121 0.714616
vt 0.829337 0.716818
vt 0.829337 0.715721
vt 0.829337 0.714617
vt 0.908554 0.716819
vt 0.908554 0.715722
vt 0.908554 0.714617
vt 0.987770 0.716819
vt 0.987770 0.715722
vt 0.987770 0.714617
vt 0.591733 0.774276
vt 0.512439 0.774276
vt 0.512439 0.773180
vt 0.591733 0.773181
vt 0.512439 0.772077
vt 0.591733 0.772077
vt 0.671026 0.774277
vt 0.671026 0.773181
vt 0.671026 0.772077
vt 0.750320 0.774277
vt 0.750320 0.773181
vt 0.750320 0.772078
vt 0.829613 0.774277
vt 0.829613 0.773181
vt 0.829613 0.772078
vt 0.908907 0.774278
vt 0.908907 0.773182
vt 0.908907 0.772078
vt 0.988200 0.774278
vt 0.988200 0.773182
vt 0.988200 0.772078
vt 0.589969 0.820186
vt 0.508164 0.820186
vt 0.508164 0.819123
vt 0.589969 0.819124
vt 0.508164 0.818054
vt 0.589969 0.818054
vt 0.671774 0.820186
vt 0.671774 0.819124
vt 0.671774 0.818054
vt 0.753579 0.820187
vt 0.753579 0.819124
vt 0.753579 0.818054
vt 0.835384 0.820187
vt 0.835384 0.819125
vt 0.835384 0.818055
vt 0.917189 0.820187
vt 0.917189 0.819125
vt 0.917189 0.818055
vt 0.998994 0.820188
vt 0.998994 0.819125
vt 0.998994 0.818055
vt 0.590193 0.876403
vt 0.508435 0.876402
vt 0.508435 0.875340
vt 0.590193 0.875340
vt 0.508435 0.874269
vt 0.590193 0.874270
vt 0.671951 0.876403
vt 0.671951 0.875340
vt 0.671951 0.874270
vt 0.753708 0.876403
vt 0.753708 0.875341
vt 0.753708 0.874270
vt 0.835466 0.876404
vt 0.835466 0.875341
vt 0.835466 0.874270
vt 0.917224 0.876404
vt 0.917224 0.875341
vt 0.917224 0.874271
vt 0.998982 0.876404
vt 0.998982 0.875342
vt 0.998982 0.874271
vt 0.591689 0.701376
vt 0.512473 0.701375
vt 0.512473 0.700478
vt 0.591689 0.700478
vt 0.512473 0.699584
vt 0.591689 0.699584
vt 0.670905 0.701376
vt 0.670905 0.700479
vt 0.670905 0.699585
vt 0.750121 0.701376
vt 0.750121 0.700479
vt 0.750121 0.699585
vt 0.829337 0.701376
vt 0.829337 0.700479
vt 0.829337 0.699585
vt 0.908554 0.701377
vt 0.908554 0.700480
vt 0.908554 0.699586
vt 0.987770 0.701377
vt 0.987770 0.700480
vt 0.987770 0.699586
vt 0.591733 0.758850
vt 0.512439 0.758850
vt 0.512439 0.757953
vt 0.591733 0.757953
vt 0.512439 0.757060
vt 0.591733 0.757060
vt 0.671026 0.758850
vt 0.671026 0.757954
vt 0.671026 0.757061
vt 0.750320 0.758850
vt 0.750320 0.757954
vt 0.750320 0.757061
vt 0.829613 0.758851
vt 0.829613 0.757954
vt 0.829613 0.757061
vt 0.908907 0.758851
vt 0.908907 0.757955
vt 0.908907 0.757061
vt 0.988200 0.758851
vt 0.988200 0.757955
vt 0.988200 0.757062
vt 0.589969 0.805231
vt 0.508165 0.805231
vt 0.508165 0.804362
vt 0.589969 0.804362
vt 0.508165 0.803496
vt 0.589969 0.803496
vt 0.671774 0.805231
vt 0.671774 0.804362
vt 0.671774 0.803497
vt 0.753579 0.805232
vt 0.753579 0.804363
vt 0.753579 0.803497
vt 0.835384 0.805232
vt 0.835384 0.804363
vt 0.835384 0.803497
vt 0.917189 0.805232
vt 0.917189 0.804363
vt 0.917189 0.803498
vt 0.998994 0.805233
vt 0.998994 0.804364
vt 0.998994 0.803498
vt 0.590193 0.861441
vt 0.508435 0.861441
vt 0.508435 0.860571
vt 0.590193 0.860572
vt 0.508435 0.859705
vt 0.590193 0.859706
vt 0.671951 0.861441
vt 0.671951 0.860572
vt 0.671951 0.859706
vt 0.753708 0.861442
vt 0.753708 0.860572
vt 0.753708 0.859706
vt 0.835466 0.861442
vt 0.835466 0.860573
vt 0.835466 0.859706
vt 0.917224 0.861442
vt 0.917224 0.860573
vt 0.917224 0.859707
vt 0.998982 0.861443
vt 0.998982 0.860573
vt 0.998982 0.859707
vt 0.753579 0.800040
vt 0.835384 0.800041
vt 0.917189 0.800041
vt 0.591689 0.696015
vt 0.670905 0.696015
vt 0.750121 0.696016
vt 0.671774 0.800040
vt 0.512473 0.696015
vt 0.589969 0.800040
vt 0.508164 0.800039
vt 0.908907 0.753496
vt 0.988200 0.753496
vt 0.750320 0.753495
vt 0.829613 0.753495
vt 0.835466 0.856248
vt 0.917224 0.856248
vt 0.998982 0.856249
vt 0.829337 0.696016
vt 0.908554 0.696016
vt 0.987770 0.696016
vt 0.512439 0.753494
vt 0.591733 0.753494
vt 0.671026 0.753495
vt 0.998994 0.800041
vt 0.508435 0.856247
vt 0.590193 0.856247
vt 0.671951 0.856247
vt 0.753708 0.856248
vt 0.130502 0.381714
vt 0.135769 0.377490
vt 0.158883 0.379841
vt 0.126205 0.387479
vt 0.163190 0.385039
vt 0.121600 0.401985
vt 0.123168 0.394393
vt 0.167821 0.398935
vt 0.163225 0.421193
vt 0.121608 0.409737
vt 0.166261 0.414279
vt 0.123190 0.417121
vt 0.153661 0.431181
vt 0.126239 0.423633
vt 0.158927 0.426958
vt 0.130547 0.428831
vt 0.147785 0.433576
vt 0.135820 0.432359
vt 0.141645 0.375096
vt 0.147730 0.374695
vt 0.153609 0.376313
vt 0.338232 0.580712
vt 0.331939 0.602704
vt 0.329402 0.602032
vt 0.335426 0.580774
vt 0.341340 0.581297
vt 0.334998 0.603513
vt 0.347966 0.560075
vt 0.344838 0.559675
vt 0.351216 0.539884
vt 0.341755 0.560162
vt 0.347919 0.540515
vt 0.356741 0.521064
vt 0.353292 0.521669
vt 0.359853 0.521211
vt 0.354328 0.540141
vt 0.363974 0.502638
vt 0.360728 0.502565
vt 0.362259 0.483576
vt 0.357064 0.503063
vt 0.357608 0.484212
vt 0.316238 0.389033
vt 0.312564 0.407388
vt 0.308295 0.405678
vt 0.312844 0.387565
vt 0.319385 0.389854
vt 0.316485 0.408391
vt 0.320180 0.370915
vt 0.317142 0.370215
vt 0.316565 0.350572
vt 0.313968 0.368705
vt 0.313536 0.349102
vt 0.315443 0.329760
vt 0.312582 0.328497
vt 0.318572 0.330176
vt 0.319639 0.351139
vt 0.317629 0.307935
vt 0.314471 0.307707
vt 0.314085 0.284815
vt 0.311773 0.306932
vt 0.311460 0.284823
vt 0.314471 0.261945
vt 0.311777 0.262730
vt 0.317625 0.261704
vt 0.317250 0.284805
vt 0.318531 0.239491
vt 0.315407 0.239915
vt 0.316444 0.219147
vt 0.312555 0.241183
vt 0.313423 0.220609
vt 0.316910 0.199538
vt 0.313735 0.201015
vt 0.319953 0.198875
vt 0.319517 0.218590
vt 0.316507 0.160769
vt 0.319126 0.179868
vt 0.315972 0.180638
vt 0.312535 0.161899
vt 0.312561 0.182067
vt 0.342588 0.198583
vt 0.342962 0.179253
vt 0.359735 0.182759
vt 0.358464 0.201240
vt 0.343793 0.160361
vt 0.363153 0.164951
vt 0.342289 0.218742
vt 0.358140 0.220675
vt 0.341909 0.239921
vt 0.358050 0.241203
vt 0.341536 0.262081
vt 0.357943 0.262711
vt 0.341460 0.284864
vt 0.357895 0.284844
vt 0.341509 0.307604
vt 0.357942 0.306958
vt 0.341907 0.329702
vt 0.358078 0.328423
vt 0.342367 0.350785
vt 0.358229 0.348902
vt 0.342772 0.370869
vt 0.358611 0.368317
vt 0.343183 0.390291
vt 0.359874 0.386853
vt 0.343816 0.409668
vt 0.363212 0.404774
vt 0.387157 0.508214
vt 0.392850 0.490181
vt 0.410361 0.499626
vt 0.402450 0.515943
vt 0.381792 0.526788
vt 0.396439 0.533465
vt 0.376284 0.546183
vt 0.391095 0.552153
vt 0.370435 0.566542
vt 0.385694 0.571959
vt 0.364339 0.587850
vt 0.380023 0.592706
vt 0.358368 0.609837
vt 0.374248 0.614071
vt 0.352529 0.631815
vt 0.368569 0.635444
vt 0.347193 0.653262
vt 0.363144 0.656212
vt 0.342181 0.673745
vt 0.357989 0.676033
vt 0.337373 0.693251
vt 0.353332 0.694885
vt 0.332743 0.712116
vt 0.349755 0.713117
vt 0.328339 0.730997
vt 0.348340 0.731290
vt 0.380293 0.191562
vt 0.378291 0.207889
vt 0.369545 0.204481
vt 0.371270 0.187114
vt 0.385235 0.177289
vt 0.375942 0.171141
vt 0.377597 0.225722
vt 0.369094 0.223083
vt 0.377332 0.244753
vt 0.369006 0.242864
vt 0.377131 0.264605
vt 0.368915 0.263583
vt 0.376922 0.284835
vt 0.368801 0.284838
vt 0.377142 0.305059
vt 0.368923 0.306082
vt 0.377373 0.324890
vt 0.369044 0.326771
vt 0.377680 0.343900
vt 0.369180 0.346522
vt 0.378401 0.361735
vt 0.369669 0.365119
vt 0.380396 0.378088
vt 0.371384 0.382521
vt 0.385311 0.392390
vt 0.376011 0.398543
vt 0.428497 0.517259
vt 0.420029 0.529767
vt 0.412465 0.523134
vt 0.421112 0.508915
vt 0.413868 0.545019
vt 0.406303 0.539463
vt 0.408582 0.562065
vt 0.401052 0.557314
vt 0.403400 0.580378
vt 0.395847 0.576399
vt 0.398067 0.599502
vt 0.390397 0.596388
vt 0.392629 0.618989
vt 0.384784 0.616889
vt 0.387606 0.638580
vt 0.379403 0.637441
vt 0.382696 0.657794
vt 0.374164 0.657455
vt 0.378072 0.676237
vt 0.369184 0.676569
vt 0.374152 0.693650
vt 0.364842 0.694658
vt 0.371846 0.709962
vt 0.361993 0.711912
vt 0.372892 0.725048
vt 0.362315 0.728585
vt 0.389035 0.195935
vt 0.386649 0.211161
vt 0.383885 0.210346
vt 0.386294 0.194762
vt 0.381092 0.209127
vt 0.383445 0.193258
vt 0.393592 0.182989
vt 0.391040 0.181545
vt 0.388374 0.179616
vt 0.385447 0.228075
vt 0.382669 0.227535
vt 0.379944 0.226572
vt 0.384708 0.246295
vt 0.381921 0.245954
vt 0.379253 0.245266
vt 0.384184 0.265378
vt 0.381389 0.265208
vt 0.378756 0.264840
vt 0.383887 0.284834
vt 0.381080 0.284835
vt 0.378451 0.284835
vt 0.384196 0.304287
vt 0.381402 0.304457
vt 0.378768 0.304824
vt 0.384750 0.323352
vt 0.381962 0.323692
vt 0.379294 0.324379
vt 0.385528 0.341561
vt 0.382750 0.342097
vt 0.380026 0.343055
vt 0.386749 0.358481
vt 0.383988 0.359291
vt 0.381199 0.360504
vt 0.389131 0.373732
vt 0.386392 0.374899
vt 0.383544 0.376398
vt 0.393671 0.386684
vt 0.391119 0.388130
vt 0.388452 0.390061
vt 0.435093 0.524929
vt 0.427341 0.536254
vt 0.424997 0.534412
vt 0.433003 0.522873
vt 0.422634 0.532221
vt 0.430927 0.520320
vt 0.421095 0.550343
vt 0.418636 0.548841
vt 0.416254 0.546940
vt 0.415556 0.566369
vt 0.413012 0.565129
vt 0.410629 0.563493
vt 0.410126 0.583778
vt 0.407522 0.582727
vt 0.405123 0.581371
vt 0.404679 0.602074
vt 0.402025 0.601186
vt 0.399576 0.600150
vt 0.399356 0.620790
vt 0.396645 0.620064
vt 0.394105 0.619384
vt 0.394620 0.639660
vt 0.391877 0.639101
vt 0.389238 0.638774
vt 0.390220 0.658219
vt 0.387439 0.657825
vt 0.384684 0.657798
vt 0.386258 0.676009
vt 0.383436 0.675807
vt 0.380557 0.676027
vt 0.383058 0.692668
vt 0.380181 0.692735
vt 0.377173 0.693185
vt 0.381410 0.708015
vt 0.378463 0.708433
vt 0.375324 0.709144
vt 0.382444 0.721701
vt 0.379604 0.722438
vt 0.376528 0.723612
vt 0.307042 0.703927
vt 0.298742 0.720705
vt 0.295061 0.717948
vt 0.304143 0.701631
vt 0.309869 0.705534
vt 0.302270 0.722689
vt 0.317313 0.666861
vt 0.312786 0.685984
vt 0.310111 0.683704
vt 0.314767 0.664657
vt 0.321617 0.646468
vt 0.319180 0.644508
vt 0.326386 0.624915
vt 0.323981 0.623469
vt 0.329377 0.625953
vt 0.366388 0.483512
vt 0.308208 0.163718
vt 0.315539 0.687447
vt 0.320135 0.668204
vt 0.324532 0.647680
vt 0.401320 0.200119
vt 0.399052 0.214068
vt 0.395870 0.212939
vt 0.398105 0.198861
vt 0.392726 0.212201
vt 0.395035 0.197815
vt 0.405459 0.188282
vt 0.402376 0.186606
vt 0.399406 0.185271
vt 0.397818 0.230113
vt 0.394728 0.229070
vt 0.391574 0.228537
vt 0.397023 0.247693
vt 0.394017 0.246859
vt 0.390868 0.246479
vt 0.396465 0.266129
vt 0.393508 0.265655
vt 0.390363 0.265446
vt 0.396168 0.284840
vt 0.393238 0.284839
vt 0.390095 0.284838
vt 0.396482 0.303538
vt 0.393525 0.304011
vt 0.390379 0.304218
vt 0.397076 0.321954
vt 0.394072 0.322789
vt 0.390924 0.323170
vt 0.397921 0.339527
vt 0.394833 0.340570
vt 0.391680 0.341103
vt 0.399176 0.355593
vt 0.395993 0.356712
vt 0.392849 0.357438
vt 0.401390 0.369580
vt 0.398167 0.370817
vt 0.395090 0.371842
vt 0.405459 0.381451
vt 0.402366 0.383107
vt 0.399392 0.384424
vt 0.445186 0.533113
vt 0.438124 0.543475
vt 0.435344 0.541427
vt 0.442642 0.530695
vt 0.432650 0.539622
vt 0.440119 0.528638
vt 0.432323 0.556361
vt 0.429541 0.554447
vt 0.426696 0.552920
vt 0.426978 0.571540
vt 0.424262 0.569733
vt 0.421354 0.568401
vt 0.421659 0.588315
vt 0.418972 0.586731
vt 0.416029 0.585550
vt 0.416348 0.605979
vt 0.413614 0.604755
vt 0.410630 0.603739
vt 0.411217 0.623975
vt 0.408388 0.623215
vt 0.405352 0.622401
vt 0.406681 0.642117
vt 0.403702 0.641808
vt 0.400610 0.641194
vt 0.402488 0.660059
vt 0.399370 0.660088
vt 0.396231 0.659640
vt 0.398755 0.677252
vt 0.395502 0.677460
vt 0.392319 0.677158
vt 0.395809 0.693095
vt 0.392444 0.693352
vt 0.389219 0.693240
vt 0.394327 0.707178
vt 0.390893 0.707539
vt 0.387656 0.707732
vt 0.395185 0.719698
vt 0.391768 0.720497
vt 0.388554 0.720999
vt 0.150836 0.462640
vt 0.138702 0.463457
vt 0.141700 0.433977
vt 0.162538 0.457825
vt 0.173000 0.449361
vt 0.181511 0.437848
vt 0.187511 0.424085
vt 0.190611 0.409004
vt 0.167829 0.406687
vt 0.190611 0.393607
vt 0.187505 0.378919
vt 0.166239 0.391551
vt 0.181486 0.365928
vt 0.172943 0.355530
vt 0.162450 0.348458
vt 0.150728 0.345215
vt 0.138594 0.346032
vt 0.126892 0.350846
vt 0.116430 0.359310
vt 0.107918 0.370823
vt 0.101919 0.384586
vt 0.098819 0.399668
vt 0.098819 0.415065
vt 0.101924 0.429753
vt 0.107943 0.442744
vt 0.116487 0.453142
vt 0.126980 0.460214
vt 0.292962 0.193358
vt 0.297328 0.210414
vt 0.292546 0.213489
vt 0.287979 0.196573
vt 0.287778 0.215594
vt 0.283196 0.199035
vt 0.286416 0.177509
vt 0.281795 0.181006
vt 0.277573 0.183571
vt 0.300790 0.228070
vt 0.296247 0.231004
vt 0.291465 0.232776
vt 0.303477 0.246271
vt 0.299099 0.248792
vt 0.294241 0.250166
vt 0.305197 0.265194
vt 0.300904 0.266761
vt 0.295964 0.267549
vt 0.305815 0.284840
vt 0.301551 0.284853
vt 0.296566 0.284867
vt 0.305182 0.304497
vt 0.300880 0.302952
vt 0.295931 0.302188
vt 0.303470 0.323434
vt 0.299072 0.320930
vt 0.294194 0.319579
vt 0.300837 0.341639
vt 0.296260 0.338722
vt 0.291446 0.336972
vt 0.297500 0.359270
vt 0.292671 0.356221
vt 0.287862 0.354152
vt 0.293326 0.376272
vt 0.288330 0.373085
vt 0.283503 0.370699
vt 0.286913 0.392076
vt 0.282406 0.388622
vt 0.278291 0.386098
vt 0.332989 0.491892
vt 0.335210 0.508896
vt 0.329564 0.510711
vt 0.327621 0.494074
vt 0.324307 0.511851
vt 0.322879 0.495459
vt 0.335011 0.526501
vt 0.329596 0.528233
vt 0.324446 0.529032
vt 0.333785 0.544451
vt 0.328638 0.546109
vt 0.323560 0.546583
vt 0.331670 0.562727
vt 0.326788 0.564029
vt 0.321740 0.564099
vt 0.328432 0.581451
vt 0.323880 0.581852
vt 0.318905 0.581336
vt 0.323944 0.600587
vt 0.319822 0.599496
vt 0.315003 0.598219
vt 0.318244 0.619410
vt 0.314490 0.616804
vt 0.309906 0.614785
vt 0.311689 0.637258
vt 0.308089 0.633702
vt 0.303727 0.631133
vt 0.304434 0.654162
vt 0.300767 0.650159
vt 0.296571 0.647223
vt 0.296646 0.670328
vt 0.292771 0.666133
vt 0.288662 0.662889
vt 0.288214 0.685669
vt 0.284213 0.681299
vt 0.280168 0.677744
vt 0.277928 0.699275
vt 0.274469 0.694772
vt 0.271147 0.691269
vt 0.250312 0.224398
vt 0.246193 0.209372
vt 0.241493 0.194358
vt 0.253592 0.239509
vt 0.255964 0.254670
vt 0.257390 0.269846
vt 0.257842 0.285023
vt 0.257288 0.300220
vt 0.255741 0.315445
vt 0.253241 0.330682
vt 0.249880 0.345899
vt 0.245857 0.361115
vt 0.241774 0.376583
vt 0.285889 0.512258
vt 0.285236 0.496539
vt 0.285979 0.527838
vt 0.285235 0.543282
vt 0.283602 0.558542
vt 0.281051 0.573570
vt 0.277559 0.588346
vt 0.273090 0.602882
vt 0.267655 0.617187
vt 0.261296 0.631258
vt 0.254111 0.645086
vt 0.246286 0.658742
vt 0.238338 0.672626
s 1
usemtl PanciAir
f 269/353/289 248/354/289 247/355/290 265/356/290
f 270/357/291 264/358/291 262/359/292 266/360/292
f 271/361/293 242/362/293 241/363/294 267/364/294
f 272/365/295 256/366/295 255/367/296 268/368/296
f 273/369/297 249/370/297 248/354/289 269/353/289
f 274/371/298 263/372/298 264/358/291 270/357/291
f 267/364/294 241/363/294 263/372/298 274/371/298
f 275/373/299 257/374/299 256/366/295 272/365/295
f 276/375/300 250/376/300 249/370/297 273/369/297
f 277/377/301 243/378/301 242/362/293 271/361/293
f 278/379/302 258/380/302 257/374/299 275/373/299
f 279/381/303 251/382/303 250/376/300 276/375/300
f 280/383/304 244/384/304 243/378/301 277/377/301
f 281/385/305 259/386/305 258/380/302 278/379/302
f 282/387/306 252/388/306 251/382/303 279/381/303
f 283/389/307 245/390/307 244/384/304 280/383/304
f 284/391/308 260/392/308 259/386/305 281/385/305
f 285/393/309 253/394/309 252/388/306 282/387/306
f 286/395/310 246/396/310 245/390/307 283/389/307
f 287/397/311 261/398/311 260/392/308 284/391/308
f 288/399/312 254/400/312 253/394/309 285/393/309
f 265/356/290 247/355/290 246/396/310 286/395/310
f 266/360/292 262/359/292 261/398/311 287/397/311
f 268/368/296 255/367/296 254/400/312 288/399/312
f 290/401/313 292/402/314 294/403/315 291/404/316
f 291/404/316 294/403/315 293/405/317 289/406/318
f 356/407/319 290/401/313 291/404/316 357/408/320
f 357/408/320 291/404/316 289/406/318 355/409/321
f 292/402/314 295/410/322 297/411/323 294/403/315
f 294/403/315 297/411/323 296/412/324 293/405/317
f 295/410/322 298/413/325 300/414/326 297/411/323
f 297/411/323 300/414/326 299/415/327 296/412/324
f 298/413/325 301/416/328 303/417/329 300/414/326
f 300/414/326 303/417/329 302/418/330 299/415/327
f 301/416/328 304/419/331 306/420/332 303/417/329
f 303/417/329 306/420/332 305/421/333 302/418/330
f 304/419/331 307/422/334 309/423/335 306/420/332
f 306/420/332 309/423/335 308/424/336 305/421/333
f 307/422/334 310/425/337 312/426/338 309/423/335
f 309/423/335 312/426/338 311/427/339 308/424/336
f 310/425/337 313/428/340 315/429/341 312/426/338
f 312/426/338 315/429/341 314/430/342 311/427/339
f 313/428/340 316/431/343 318/432/344 315/429/341
f 315/429/341 318/432/344 317/433/345 314/430/342
f 316/431/343 319/434/346 321/435/347 318/432/344
f 318/432/344 321/435/347 320/436/348 317/433/345
f 319/434/346 322/437/349 324/438/350 321/435/347
f 321/435/347 324/438/350 323/439/351 320/436/348
f 322/437/349 325/440/352 327/441/353 324/438/350
f 324/438/350 327/441/353 326/442/354 323/439/351
f 325/440/352 328/443/355 330/444/356 327/441/353
f 327/441/353 330/444/356 329/445/357 326/442/354
f 328/443/355 331/446/358 333/447/359 330/444/356
f 330/444/356 333/447/359 332/448/360 329/445/357
f 331/446/358 334/449/361 336/450/362 333/447/359
f 333/447/359 336/450/362 335/451/363 332/448/360
f 334/449/361 337/452/364 339/453/365 336/450/362
f 336/450/362 339/453/365 338/454/366 335/451/363
f 337/452/364 340/455/367 342/456/368 339/453/365
f 339/453/365 342/456/368 341/457/369 338/454/366
f 340/455/367 343/458/370 345/459/371 342/456/368
f 342/456/368 345/459/371 344/460/372 341/457/369
f 343/458/370 346/461/373 348/462/374 345/459/371
f 345/459/371 348/462/374 347/463/375 344/460/372
f 346/461/373 349/464/376 351/465/377 348/462/374
f 348/462/374 351/465/377 350/466/378 347/463/375
f 349/464/376 352/467/379 354/468/380 351/465/377
f 351/465/377 354/468/380 353/469/381 350/466/378
f 352/467/379 358/470/382 360/471/383 354/468/380
f 354/468/380 360/471/383 359/472/384 353/469/381
f 358/470/382 356/407/319 357/408/320 360/471/383
f 360/471/383 357/408/320 355/409/321 359/472/384
f 431/473/385 370/474/386 372/475/387 432/476/388
f 432/476/388 372/475/387 371/477/389 430/478/390
f 428/479/391 364/480/392 366/481/393 429/482/394
f 429/482/394 366/481/393 365/483/395 427/484/396
f 425/485/397 361/486/398 363/487/399 426/488/400
f 426/488/400 363/487/399 362/489/401 424/490/402
f 422/491/403 431/473/385 432/476/388 423/492/404
f 423/492/404 432/476/388 430/478/390 421/493/405
f 419/494/406 428/479/391 429/482/394 420/495/407
f 420/495/407 429/482/394 427/484/396 418/496/408
f 416/497/409 425/485/397 426/488/400 417/498/410
f 417/498/410 426/488/400 424/490/402 415/499/411
f 413/500/412 422/491/403 423/492/404 414/501/413
f 414/501/413 423/492/404 421/493/405 412/502/414
f 410/503/415 419/494/406 420/495/407 411/504/416
f 411/504/416 420/495/407 418/496/408 409/505/417
f 407/506/418 416/497/409 417/498/410 408/507/419
f 408/507/419 417/498/410 415/499/411 406/508/420
f 404/509/421 413/500/412 414/501/413 405/510/422
f 405/510/422 414/501/413 412/502/414 403/511/423
f 401/512/424 410/503/415 411/504/416 402/513/425
f 402/513/425 411/504/416 409/505/417 400/514/426
f 398/515/427 407/506/418 408/507/419 399/516/428
f 399/516/428 408/507/419 406/508/420 397/517/429
f 395/518/430 404/509/421 405/510/422 396/519/431
f 396/519/431 405/510/422 403/511/423 394/520/432
f 392/521/433 401/512/424 402/513/425 393/522/434
f 393/522/434 402/513/425 400/514/426 391/523/435
f 380/524/436 398/515/427 399/516/428 381/525/437
f 381/525/437 399/516/428 397/517/429 379/526/438
f 386/527/439 395/518/430 396/519/431 387/528/440
f 387/528/440 396/519/431 394/520/432 385/529/441
f 383/530/442 392/521/433 393/522/434 384/531/443
f 384/531/443 393/522/434 391/523/435 382/532/444
f 389/533/445 367/534/446 369/535/447 390/536/448
f 390/536/448 369/535/447 368/537/449 388/538/450
f 377/539/451 389/533/445 390/536/448 378/540/452
f 378/540/452 390/536/448 388/538/450 376/541/453
f 374/542/454 386/527/439 387/528/440 375/543/455
f 375/543/455 387/528/440 385/529/441 373/544/456
f 370/474/386 383/530/442 384/531/443 372/475/387
f 372/475/387 384/531/443 382/532/444 371/477/389
f 367/534/446 380/524/436 381/525/437 369/535/447
f 369/535/447 381/525/437 379/526/438 368/537/449
f 364/480/392 377/539/451 378/540/452 366/481/393
f 366/481/393 378/540/452 376/541/453 365/483/395
f 361/486/398 374/542/454 375/543/455 363/487/399
f 363/487/399 375/543/455 373/544/456 362/489/401
f 367/534/446 289/406/318 293/405/317 380/524/436
f 241/545/457 290/401/313 356/407/319 263/546/458
f 242/547/459 292/402/314 290/401/313 241/545/457
f 389/533/445 355/409/321 289/406/318 367/534/446
f 380/524/436 293/405/317 296/412/324 398/515/427
f 243/548/460 295/410/322 292/402/314 242/547/459
f 398/515/427 296/412/324 299/415/327 407/506/418
f 244/549/461 298/413/325 295/410/322 243/548/460
f 407/506/418 299/415/327 302/418/330 416/497/409
f 245/550/462 301/416/328 298/413/325 244/549/461
f 416/497/409 302/418/330 305/421/333 425/485/397
f 246/551/463 304/419/331 301/416/328 245/550/462
f 425/485/397 305/421/333 308/424/336 361/486/398
f 247/552/464 307/422/334 304/419/331 246/551/463
f 361/486/398 308/424/336 311/427/339 374/542/454
f 248/553/465 310/425/337 307/422/334 247/552/464
f 374/542/454 311/427/339 314/430/342 386/527/439
f 249/554/466 313/428/340 310/425/337 248/553/465
f 386/527/439 314/430/342 317/433/345 395/518/430
f 250/555/467 316/431/343 313/428/340 249/554/466
f 395/518/430 317/433/345 320/436/348 404/509/421
f 251/556/468 319/434/346 316/431/343 250/555/467
f 404/509/421 320/436/348 323/439/351 413/500/412
f 252/557/469 322/437/349 319/434/346 251/556/468
f 413/500/412 323/439/351 326/442/354 422/491/403
f 253/558/470 325/440/352 322/437/349 252/557/469
f 422/491/403 326/442/354 329/445/357 431/473/385
f 254/559/471 328/443/355 325/440/352 253/558/470
f 431/473/385 329/445/357 332/448/360 370/474/386
f 255/560/472 331/446/358 328/443/355 254/559/471
f 370/474/386 332/448/360 335/451/363 383/530/442
f 256/561/473 334/449/361 331/446/358 255/560/472
f 383/530/442 335/451/363 338/454/366 392/521/433
f 257/562/474 337/452/364 334/449/361 256/561/473
f 392/521/433 338/454/366 341/457/369 401/512/424
f 258/563/475 340/455/367 337/452/364 257/562/474
f 401/512/424 341/457/369 344/460/372 410/503/415
f 259/564/476 343/458/370 340/455/367 258/563/475
f 410/503/415 344/460/372 347/463/375 419/494/406
f 260/565/477 346/461/373 343/458/370 259/564/476
f 419/494/406 347/463/375 350/466/378 428/479/391
f 261/566/478 349/464/376 346/461/373 260/565/477
f 428/479/391 350/466/378 353/469/381 364/480/392
f 262/567/479 352/467/379 349/464/376 261/566/478
f 364/480/392 353/469/381 359/472/384 377/539/451
f 264/568/480 358/470/382 352/467/379 262/567/479
f 263/546/458 356/407/319 358/470/382 264/568/480
f 377/539/451 359/472/384 355/409/321 389/533/445
f 265/569/476 362/489/401 373/544/456 269/570/477
f 286/571/475 424/490/402 362/489/401 265/569/476
f 266/572/467 365/483/395 376/541/453 270/573/468
f 287/574/466 427/484/396 365/483/395 266/572/467
f 267/575/470 368/537/449 379/526/438 271/576/471
f 274/577/469 388/538/450 368/537/449 267/575/470
f 268/578/460 371/477/389 382/532/444 272/579/461
f 288/580/459 430/478/390 371/477/389 268/578/460
f 269/570/477 373/544/456 385/529/441 273/581/478
f 270/573/468 376/541/453 388/538/450 274/577/469
f 271/576/471 379/526/438 397/517/429 277/582/472
f 272/579/461 382/532/444 391/523/435 275/583/462
f 273/581/478 385/529/441 394/520/432 276/584/479
f 275/583/462 391/523/435 400/514/426 278/585/463
f 276/584/479 394/520/432 403/511/423 279/586/480
f 277/582/472 397/517/429 406/508/420 280/587/473
f 278/585/463 400/514/426 409/505/417 281/588/464
f 279/586/480 403/511/423 412/502/414 282/589/458
f 280/587/473 406/508/420 415/499/411 283/590/474
f 281/588/464 409/505/417 418/496/408 284/591/465
f 282/589/458 412/502/414 421/493/405 285/592/457
f 283/590/474 415/499/411 424/490/402 286/571/475
f 284/591/465 418/496/408 427/484/396 287/574/466
f 285/592/457 421/493/405 430/478/390 288/580/459
f 457/593/481 458/594/482 445/595/483 444/596/484
f 480/597/485 457/598/481 444/599/484 443/600/486
f 458/594/482 459/601/487 448/602/488 445/595/483
f 459/601/487 460/603/489 451/604/490 448/602/488
f 460/603/489 461/605/491 454/606/492 451/604/490
f 461/605/491 462/607/493 433/608/494 454/606/492
f 462/607/493 463/609/495 434/610/496 433/608/494
f 463/611/495 464/612/497 439/613/498 434/614/496
f 464/612/497 465/615/499 442/616/500 439/613/498
f 465/615/499 466/617/501 447/618/502 442/616/500
f 466/617/501 467/619/503 450/620/504 447/618/502
f 467/619/503 468/621/505 453/622/506 450/620/504
f 468/621/505 469/623/507 456/624/508 453/622/506
f 469/625/507 470/626/509 437/627/510 456/628/508
f 470/626/509 471/629/511 438/630/512 437/627/510
f 471/629/511 472/631/513 441/632/514 438/630/512
f 472/631/513 473/633/515 446/634/516 441/632/514
f 473/633/515 474/635/517 449/636/518 446/634/516
f 474/635/517 475/637/519 452/638/520 449/636/518
f 475/639/519 476/640/521 455/641/522 452/642/520
f 476/640/521 477/643/523 435/644/524 455/641/522
f 477/643/523 478/645/525 436/646/526 435/644/524
f 478/645/525 479/647/527 440/648/528 436/646/526
f 479/647/527 480/597/485 443/600/486 440/648/528
f 505/649/529 492/650/530 493/651/531 506/652/532
f 528/653/533 491/654/534 492/655/530 505/656/529
f 506/652/532 493/651/531 496/657/535 507/658/536
f 507/658/536 496/657/535 499/659/537 508/660/538
f 508/660/538 499/659/537 502/661/539 509/662/540
f 509/662/540 502/661/539 481/663/541 510/664/542
f 510/664/542 481/663/541 482/665/543 511/666/544
f 511/667/544 482/668/543 487/669/545 512/670/546
f 512/670/546 487/669/545 490/671/547 513/672/548
f 513/672/548 490/671/547 495/673/549 514/674/550
f 514/674/550 495/673/549 498/675/551 515/676/552
f 515/676/552 498/675/551 501/677/553 516/678/554
f 516/678/554 501/677/553 504/679/555 517/680/556
f 517/681/556 504/682/555 485/683/557 518/684/558
f 518/684/558 485/683/557 486/685/559 519/686/560
f 519/686/560 486/685/559 489/687/561 520/688/562
f 520/688/562 489/687/561 494/689/563 521/690/564
f 521/690/564 494/689/563 497/691/565 522/692/566
f 522/692/566 497/691/565 500/693/567 523/694/568
f 523/695/568 500/696/567 503/697/569 524/698/570
f 524/698/570 503/697/569 483/699/571 525/700/572
f 525/700/572 483/699/571 484/701/573 526/702/574
f 526/702/574 484/701/573 488/703/575 527/704/576
f 527/704/576 488/703/575 491/654/534 528/653/533
f 456/705/577 437/706/578 485/707/578 504/708/577
f 455/709/579 435/710/580 483/711/580 503/712/579
f 454/713/581 433/714/582 481/715/582 502/716/581
f 453/717/583 456/718/577 504/719/577 501/720/583
f 452/721/584 455/709/579 503/712/579 500/722/584
f 451/723/585 454/713/581 502/716/581 499/724/585
f 450/725/586 453/717/583 501/720/583 498/726/586
f 449/727/587 452/728/584 500/729/584 497/730/587
f 448/731/588 451/723/585 499/724/585 496/732/588
f 447/733/589 450/725/586 498/726/586 495/734/589
f 446/735/590 449/727/587 497/730/587 494/736/590
f 445/737/591 448/731/588 496/732/588 493/738/591
f 443/739/592 444/740/593 492/741/593 491/742/592
f 442/743/594 447/733/589 495/734/589 490/744/594
f 441/745/595 446/735/590 494/736/590 489/746/595
f 444/747/593 445/737/591 493/738/591 492/748/593
f 440/749/596 443/739/592 491/742/592 488/750/596
f 439/751/597 442/743/594 490/744/594 487/752/597
f 438/753/598 441/745/595 489/746/595 486/754/598
f 436/755/599 440/749/596 488/750/596 484/756/599
f 434/757/600 439/751/597 487/752/597 482/758/600
f 437/706/578 438/753/598 486/754/598 485/707/578
f 435/710/580 436/755/599 484/756/599 483/711/580
f 433/714/582 434/759/600 482/760/600 481/715/582
f 517/681/556 518/684/558 542/761/601 541/762/601
f 516/678/554 517/680/556 541/763/601 540/764/601
f 515/676/552 516/678/554 540/764/601 539/765/601
f 528/653/533 505/656/529 530/766/601 552/767/601
f 514/674/550 515/676/552 539/765/601 538/768/601
f 527/704/576 528/653/533 552/767/601 551/769/601
f 513/672/548 514/674/550 538/768/601 537/770/601
f 526/702/574 527/704/576 551/769/601 550/771/601
f 512/670/546 513/672/548 537/770/601 536/772/601
f 525/700/572 526/702/574 550/771/601 549/773/601
f 511/667/544 512/670/546 536/772/601 535/774/601
f 524/698/570 525/700/572 549/773/601 548/775/601
f 518/684/558 519/686/560 543/776/601 542/761/601
f 505/649/529 506/652/532 529/777/601 530/778/601
f 519/686/560 520/688/562 544/779/601 543/776/601
f 506/652/532 507/658/536 531/780/601 529/777/601
f 520/688/562 521/690/564 545/781/601 544/779/601
f 507/658/536 508/660/538 532/782/601 531/780/601
f 521/690/564 522/692/566 546/783/601 545/781/601
f 508/660/538 509/662/540 533/784/601 532/782/601
f 522/692/566 523/694/568 547/785/601 546/783/601
f 509/662/540 510/664/542 534/786/601 533/784/601
f 523/695/568 524/698/570 548/775/601 547/787/601
f 510/664/542 511/666/544 535/788/601 534/786/601
f 554/789/602 556/790/603 558/791/604 555/792/605
f 555/792/605 558/791/604 557/793/606 553/794/607
f 560/795/608 554/789/602 555/792/605 561/796/609
f 561/796/609 555/792/605 553/794/607 559/797/610
f 563/798/611 560/795/608 561/796/609 564/799/612
f 564/799/612 561/796/609 559/797/610 562/800/613
f 566/801/614 563/798/611 564/799/612 567/802/615
f 567/802/615 564/799/612 562/800/613 565/803/616
f 569/804/617 566/801/614 567/802/615 570/805/618
f 570/805/618 567/802/615 565/803/616 568/806/619
f 572/807/620 569/804/617 570/805/618 573/808/621
f 573/808/621 570/805/618 568/806/619 571/809/622
f 575/810/623 572/811/620 573/812/621 576/813/624
f 576/813/624 573/812/621 571/814/622 574/815/625
f 578/816/626 575/810/623 576/813/624 579/817/627
f 579/817/627 576/813/624 574/815/625 577/818/628
f 581/819/629 578/816/626 579/817/627 582/820/630
f 582/820/630 579/817/627 577/818/628 580/821/631
f 584/822/632 581/819/629 582/820/630 585/823/633
f 585/823/633 582/820/630 580/821/631 583/824/634
f 587/825/635 584/822/632 585/823/633 588/826/636
f 588/826/636 585/823/633 583/824/634 586/827/637
f 590/828/638 587/825/635 588/826/636 591/829/639
f 591/829/639 588/826/636 586/827/637 589/830/640
f 593/831/641 590/832/638 591/833/639 594/834/642
f 594/834/642 591/833/639 589/835/640 592/836/643
f 596/837/644 593/831/641 594/834/642 597/838/645
f 597/838/645 594/834/642 592/836/643 595/839/646
f 599/840/647 596/837/644 597/838/645 600/841/648
f 600/841/648 597/838/645 595/839/646 598/842/649
f 602/843/650 599/840/647 600/841/648 603/844/651
f 603/844/651 600/841/648 598/842/649 601/845/652
f 605/846/653 602/843/650 603/844/651 606/847/654
f 606/847/654 603/844/651 601/845/652 604/848/655
f 608/849/656 605/846/653 606/847/654 609/850/657
f 609/850/657 606/847/654 604/848/655 607/851/658
f 611/852/659 608/853/656 609/854/657 612/855/660
f 612/855/660 609/854/657 607/856/658 610/857/661
f 614/858/662 611/852/659 612/855/660 615/859/663
f 615/859/663 612/855/660 610/857/661 613/860/664
f 617/861/665 614/858/662 615/859/663 618/862/666
f 618/862/666 615/859/663 613/860/664 616/863/667
f 620/864/668 617/861/665 618/862/666 621/865/669
f 621/865/669 618/862/666 616/863/667 619/866/670
f 623/867/671 620/864/668 621/865/669 624/868/672
f 624/868/672 621/865/669 619/866/670 622/869/673
f 556/870/603 623/867/671 624/868/672 558/871/604
f 558/871/604 624/868/672 622/869/673 557/872/606
f 458/594/482 457/593/481 556/790/603 554/789/602
f 459/601/487 458/594/482 554/789/602 560/795/608
f 457/598/481 480/597/485 623/867/671 556/870/603
f 460/603/489 459/601/487 560/795/608 563/798/611
f 461/605/491 460/603/489 563/798/611 566/801/614
f 462/607/493 461/605/491 566/801/614 569/804/617
f 463/609/495 462/607/493 569/804/617 572/807/620
f 464/612/497 463/611/495 572/811/620 575/810/623
f 465/615/499 464/612/497 575/810/623 578/816/626
f 466/617/501 465/615/499 578/816/626 581/819/629
f 467/619/503 466/617/501 581/819/629 584/822/632
f 468/621/505 467/619/503 584/822/632 587/825/635
f 469/623/507 468/621/505 587/825/635 590/828/638
f 470/626/509 469/625/507 590/832/638 593/831/641
f 471/629/511 470/626/509 593/831/641 596/837/644
f 472/631/513 471/629/511 596/837/644 599/840/647
f 473/633/515 472/631/513 599/840/647 602/843/650
f 474/635/517 473/633/515 602/843/650 605/846/653
f 475/637/519 474/635/517 605/846/653 608/849/656
f 476/640/521 475/639/519 608/853/656 611/852/659
f 477/643/523 476/640/521 611/852/659 614/858/662
f 478/645/525 477/643/523 614/858/662 617/861/665
f 479/647/527 478/645/525 617/861/665 620/864/668
f 480/597/485 479/647/527 620/864/668 623/867/671
f 635/873/674 655/874/675 657/875/676 636/876/677
f 636/876/677 657/875/676 656/877/678 634/878/679
f 629/879/680 635/873/674 636/876/677 630/880/681
f 630/880/681 636/876/677 634/878/679 628/881/682
f 659/882/683 629/879/680 630/880/681 660/883/684
f 660/883/684 630/880/681 628/881/682 658/884/685
f 662/885/686 659/882/683 660/883/684 663/886/687
f 663/886/687 660/883/684 658/884/685 661/887/688
f 665/888/689 662/885/686 663/886/687 666/889/690
f 666/889/690 663/886/687 661/887/688 664/890/691
f 668/891/692 665/888/689 666/889/690 669/892/693
f 669/892/693 666/889/690 664/890/691 667/893/694
f 671/894/695 668/895/692 669/896/693 672/897/696
f 672/897/696 669/896/693 667/898/694 670/899/697
f 674/900/698 671/894/695 672/897/696 675/901/699
f 675/901/699 672/897/696 670/899/697 673/902/700
f 677/903/701 674/900/698 675/901/699 678/904/702
f 678/904/702 675/901/699 673/902/700 676/905/703
f 647/906/704 677/903/701 678/904/702 648/907/705
f 648/907/705 678/904/702 676/905/703 646/908/706
f 650/909/707 647/906/704 648/907/705 651/910/708
f 651/910/708 648/907/705 646/908/706 649/911/709
f 644/912/710 650/909/707 651/910/708 645/913/711
f 645/913/711 651/910/708 649/911/709 643/914/712
f 641/915/713 644/916/710 645/917/711 642/918/714
f 642/918/714 645/917/711 643/919/712 640/920/715
f 638/921/716 641/915/713 642/918/714 639/922/717
f 639/922/717 642/918/714 640/920/715 637/923/718
f 632/924/719 638/921/716 639/922/717 633/925/720
f 633/925/720 639/922/717 637/923/718 631/926/721
f 626/927/722 632/924/719 633/925/720 627/928/723
f 627/928/723 633/925/720 631/926/721 625/929/724
f 680/930/725 626/927/722 627/928/723 681/931/726
f 681/931/726 627/928/723 625/929/724 679/932/727
f 683/933/728 680/930/725 681/931/726 684/934/729
f 684/934/729 681/931/726 679/932/727 682/935/730
f 686/936/731 683/937/728 684/938/729 687/939/732
f 687/939/732 684/938/729 682/940/730 685/941/733
f 689/942/734 686/936/731 687/939/732 690/943/735
f 690/943/735 687/939/732 685/941/733 688/944/736
f 692/945/737 689/942/734 690/943/735 693/946/738
f 693/946/738 690/943/735 688/944/736 691/947/739
f 695/948/740 692/945/737 693/946/738 696/949/741
f 696/949/741 693/946/738 691/947/739 694/950/742
f 653/951/743 695/948/740 696/949/741 654/952/744
f 654/952/744 696/949/741 694/950/742 652/953/745
f 655/954/675 653/951/743 654/952/744 657/955/676
f 657/955/676 654/952/744 652/953/745 656/956/678
f 544/957/478 545/958/477 625/929/724 631/926/721
f 601/845/652 626/927/722 680/930/725 604/848/655
f 598/842/649 632/924/719 626/927/722 601/845/652
f 545/958/477 546/959/476 679/932/727 625/929/724
f 529/960/468 531/961/467 628/881/682 634/878/679
f 559/797/610 629/879/680 659/882/683 562/800/613
f 553/794/607 635/873/674 629/879/680 559/797/610
f 531/961/467 532/962/466 658/884/685 628/881/682
f 543/963/479 544/957/478 631/926/721 637/923/718
f 595/839/646 638/921/716 632/924/719 598/842/649
f 530/964/469 529/960/468 634/878/679 656/877/678
f 557/793/606 655/874/675 635/873/674 553/794/607
f 542/965/480 543/963/479 637/923/718 640/920/715
f 592/836/643 641/915/713 638/921/716 595/839/646
f 541/966/458 542/965/480 640/920/715 643/919/712
f 589/835/640 644/916/710 641/915/713 592/836/643
f 540/967/457 541/968/458 643/914/712 649/911/709
f 586/827/637 650/909/707 644/912/710 589/830/640
f 538/969/460 539/970/459 646/908/706 676/905/703
f 583/824/634 647/906/704 650/909/707 586/827/637
f 580/821/631 677/903/701 647/906/704 583/824/634
f 539/970/459 540/967/457 649/911/709 646/908/706
f 551/971/471 552/972/470 652/953/745 694/950/742
f 622/869/673 653/951/743 655/954/675 557/872/606
f 619/866/670 695/948/740 653/951/743 622/869/673
f 552/972/470 530/973/469 656/956/678 652/953/745
f 562/800/613 659/882/683 662/885/686 565/803/616
f 532/962/466 533/974/465 661/887/688 658/884/685
f 565/803/616 662/885/686 665/888/689 568/806/619
f 533/974/465 534/975/464 664/890/691 661/887/688
f 568/806/619 665/888/689 668/891/692 571/809/622
f 534/975/464 535/976/463 667/893/694 664/890/691
f 571/814/622 668/895/692 671/894/695 574/815/625
f 535/977/463 536/978/462 670/899/697 667/898/694
f 574/815/625 671/894/695 674/900/698 577/818/628
f 536/978/462 537/979/461 673/902/700 670/899/697
f 577/818/628 674/900/698 677/903/701 580/821/631
f 537/979/461 538/969/460 676/905/703 673/902/700
f 604/848/655 680/930/725 683/933/728 607/851/658
f 546/959/476 547/980/475 682/935/730 679/932/727
f 607/856/658 683/937/728 686/936/731 610/857/661
f 547/981/475 548/982/474 685/941/733 682/940/730
f 610/857/661 686/936/731 689/942/734 613/860/664
f 548/982/474 549/983/473 688/944/736 685/941/733
f 613/860/664 689/942/734 692/945/737 616/863/667
f 549/983/473 550/984/472 691/947/739 688/944/736
f 616/863/667 692/945/737 695/948/740 619/866/670
f 550/984/472 551/971/471 694/950/742 691/947/739
f 759/985/746 758/986/746 754/987/746
f 760/988/746 759/985/746 753/989/746
f 762/990/746 761/991/746 751/992/746
f 748/993/746 763/994/746 749/995/746
f 764/996/746 763/994/746 748/993/746
f 746/997/746 765/998/746 747/999/746
f 766/1000/746 765/998/746 746/997/746
f 766/1000/746 745/1001/746 768/1002/746
f 746/997/746 745/1001/746 766/1000/746
f 757/1003/746 756/1004/746 755/1005/746
f 1035/1006/747 1038/1007/748 1037/1008/749 1034/1009/750
f 1033/1010/751 1036/1011/752 1038/1007/748 1035/1006/747
f 1030/1012/753 1033/1010/751 1035/1006/747 1032/1013/754
f 1029/1014/755 1032/1013/754 1031/1015/756 1028/1016/757
f 1026/1017/758 1029/1014/755 1028/1016/757 1025/1018/759
f 1024/1019/760 1027/1020/761 1029/1014/755 1026/1017/758
f 1021/1021/762 1024/1019/760 1026/1017/758 1023/1022/763
f 1020/1023/764 1023/1022/763 1022/1024/765 1019/1025/766
f 1017/1026/767 1020/1027/764 1019/1028/766 1016/1029/768
f 1015/1030/769 1018/1031/770 1020/1027/764 1017/1026/767
f 1012/1032/771 1015/1030/769 1017/1026/767 1014/1033/772
f 1011/1034/773 1014/1033/772 1013/1035/774 1010/1036/775
f 721/1037/776 1011/1034/773 1010/1036/775 722/1038/777
f 723/1039/778 1009/1040/779 1011/1034/773 721/1037/776
f 726/1041/780 723/1039/778 721/1037/776 724/1042/781
f 727/1043/782 724/1042/781 725/1044/783 728/1045/784
f 730/1046/785 727/1043/782 728/1045/784 731/1047/786
f 732/1048/787 729/1049/788 727/1043/782 730/1046/785
f 735/1050/789 732/1048/787 730/1046/785 733/1051/790
f 736/1052/791 733/1051/790 734/1053/792 737/1054/793
f 739/1055/794 736/1052/791 737/1054/793 740/1056/795
f 741/1057/796 738/1058/797 736/1052/791 739/1055/794
f 1052/1059/798 743/1060/799 742/1061/800 1053/1062/801
f 742/1061/800 739/1055/794 740/1056/795 744/1063/802
f 748/993/746 747/999/746 764/996/746
f 772/1064/803 769/1065/804 770/1066/805 771/1067/806
f 769/1065/804 813/1068/807 814/1069/808 770/1066/805
f 774/1070/809 772/1064/803 771/1067/806 773/1071/810
f 776/1072/811 774/1070/809 773/1071/810 775/1073/812
f 778/1074/813 776/1072/811 775/1073/812 777/1075/814
f 780/1076/815 778/1074/813 777/1075/814 779/1077/816
f 782/1078/817 780/1076/815 779/1077/816 781/1079/818
f 784/1080/819 782/1078/817 781/1079/818 783/1081/820
f 786/1082/821 784/1080/819 783/1081/820 785/1083/822
f 788/1084/823 786/1082/821 785/1083/822 787/1085/824
f 790/1086/825 788/1084/823 787/1085/824 789/1087/826
f 792/1088/827 790/1086/825 789/1087/826 791/1089/828
f 794/1090/829 792/1091/827 791/1092/828 793/1093/830
f 796/1094/831 794/1090/829 793/1093/830 795/1095/832
f 798/1096/833 796/1094/831 795/1095/832 797/1097/834
f 800/1098/835 798/1096/833 797/1097/834 799/1099/836
f 802/1100/837 800/1098/835 799/1099/836 801/1101/838
f 804/1102/839 802/1100/837 801/1101/838 803/1103/840
f 806/1104/841 804/1102/839 803/1103/840 805/1105/842
f 808/1106/843 806/1104/841 805/1105/842 807/1107/844
f 810/1108/845 808/1106/843 807/1107/844 809/1109/846
f 812/1110/847 810/1108/845 809/1109/846 811/1111/848
f 816/1112/849 812/1110/847 811/1111/848 815/1113/850
f 813/1114/807 816/1112/849 815/1113/850 814/1115/808
f 818/1116/851 819/1117/852 820/1118/853 817/1119/854
f 862/1120/855 818/1116/851 817/1119/854 861/1121/856
f 819/1117/852 821/1122/857 822/1123/858 820/1118/853
f 821/1122/857 823/1124/859 824/1125/860 822/1123/858
f 823/1124/859 825/1126/861 826/1127/862 824/1125/860
f 825/1126/861 827/1128/863 828/1129/864 826/1127/862
f 827/1128/863 829/1130/865 830/1131/866 828/1129/864
f 829/1130/865 831/1132/867 832/1133/868 830/1131/866
f 831/1132/867 833/1134/869 834/1135/870 832/1133/868
f 833/1134/869 835/1136/871 836/1137/872 834/1135/870
f 835/1136/871 837/1138/873 838/1139/874 836/1137/872
f 837/1138/873 839/1140/875 840/1141/876 838/1139/874
f 839/1142/875 841/1143/877 842/1144/878 840/1145/876
f 841/1143/877 843/1146/879 844/1147/880 842/1144/878
f 843/1146/879 845/1148/881 846/1149/882 844/1147/880
f 845/1148/881 847/1150/883 848/1151/884 846/1149/882
f 847/1150/883 849/1152/885 850/1153/886 848/1151/884
f 849/1152/885 851/1154/887 852/1155/888 850/1153/886
f 851/1154/887 853/1156/889 854/1157/890 852/1155/888
f 853/1156/889 855/1158/891 856/1159/892 854/1157/890
f 855/1158/891 857/1160/893 858/1161/894 856/1159/892
f 857/1160/893 859/1162/895 860/1163/896 858/1161/894
f 859/1162/895 863/1164/897 864/1165/898 860/1163/896
f 863/1164/897 862/1166/855 861/1167/856 864/1165/898
f 817/1119/854 820/1118/853 771/1067/806 770/1066/805
f 861/1121/856 817/1119/854 770/1066/805 814/1069/808
f 820/1118/853 822/1123/858 773/1071/810 771/1067/806
f 822/1123/858 824/1125/860 775/1073/812 773/1071/810
f 824/1125/860 826/1127/862 777/1075/814 775/1073/812
f 826/1127/862 828/1129/864 779/1077/816 777/1075/814
f 828/1129/864 830/1131/866 781/1079/818 779/1077/816
f 830/1131/866 832/1133/868 783/1081/820 781/1079/818
f 832/1133/868 834/1135/870 785/1083/822 783/1081/820
f 834/1135/870 836/1137/872 787/1085/824 785/1083/822
f 836/1137/872 838/1139/874 789/1087/826 787/1085/824
f 838/1139/874 840/1141/876 791/1089/828 789/1087/826
f 840/1145/876 842/1144/878 793/1093/830 791/1092/828
f 842/1144/878 844/1147/880 795/1095/832 793/1093/830
f 844/1147/880 846/1149/882 797/1097/834 795/1095/832
f 846/1149/882 848/1151/884 799/1099/836 797/1097/834
f 848/1151/884 850/1153/886 801/1101/838 799/1099/836
f 850/1153/886 852/1155/888 803/1103/840 801/1101/838
f 852/1155/888 854/1157/890 805/1105/842 803/1103/840
f 854/1157/890 856/1159/892 807/1107/844 805/1105/842
f 856/1159/892 858/1161/894 809/1109/846 807/1107/844
f 858/1161/894 860/1163/896 811/1111/848 809/1109/846
f 860/1163/896 864/1165/898 815/1113/850 811/1111/848
f 864/1165/898 861/1167/856 814/1115/808 815/1113/850
f 866/1168/899 868/1169/900 870/1170/901 867/1171/902
f 867/1171/902 870/1170/901 869/1172/903 865/1173/904
f 932/1174/905 866/1168/899 867/1171/902 933/1175/906
f 933/1175/906 867/1171/902 865/1173/904 931/1176/907
f 868/1169/900 871/1177/908 873/1178/909 870/1170/901
f 870/1170/901 873/1178/909 872/1179/910 869/1172/903
f 871/1177/908 874/1180/911 876/1181/912 873/1178/909
f 873/1178/909 876/1181/912 875/1182/913 872/1179/910
f 874/1180/911 877/1183/914 879/1184/915 876/1181/912
f 876/1181/912 879/1184/915 878/1185/916 875/1182/913
f 877/1183/914 880/1186/917 882/1187/918 879/1184/915
f 879/1184/915 882/1187/918 881/1188/919 878/1185/916
f 880/1186/917 883/1189/920 885/1190/921 882/1187/918
f 882/1187/918 885/1190/921 884/1191/922 881/1188/919
f 883/1189/920 886/1192/923 888/1193/924 885/1190/921
f 885/1190/921 888/1193/924 887/1194/925 884/1191/922
f 886/1192/923 889/1195/926 891/1196/927 888/1193/924
f 888/1193/924 891/1196/927 890/1197/928 887/1194/925
f 889/1195/926 892/1198/929 894/1199/930 891/1196/927
f 891/1196/927 894/1199/930 893/1200/931 890/1197/928
f 892/1198/929 895/1201/932 897/1202/933 894/1199/930
f 894/1199/930 897/1202/933 896/1203/934 893/1200/931
f 895/1201/932 898/1204/935 900/1205/936 897/1202/933
f 897/1202/933 900/1205/936 899/1206/937 896/1203/934
f 898/1207/935 901/1208/938 903/1209/939 900/1210/936
f 900/1210/936 903/1209/939 902/1211/940 899/1212/937
f 901/1208/938 904/1213/941 906/1214/942 903/1209/939
f 903/1209/939 906/1214/942 905/1215/943 902/1211/940
f 904/1213/941 907/1216/944 909/1217/945 906/1214/942
f 906/1214/942 909/1217/945 908/1218/946 905/1215/943
f 907/1216/944 910/1219/947 912/1220/948 909/1217/945
f 909/1217/945 912/1220/948 911/1221/949 908/1218/946
f 910/1219/947 913/1222/950 915/1223/951 912/1220/948
f 912/1220/948 915/1223/951 914/1224/952 911/1221/949
f 913/1222/950 916/1225/953 918/1226/954 915/1223/951
f 915/1223/951 918/1226/954 917/1227/955 914/1224/952
f 916/1225/953 919/1228/956 921/1229/957 918/1226/954
f 918/1226/954 921/1229/957 920/1230/958 917/1227/955
f 919/1228/956 922/1231/959 924/1232/960 921/1229/957
f 921/1229/957 924/1232/960 923/1233/961 920/1230/958
f 922/1231/959 925/1234/962 927/1235/963 924/1232/960
f 924/1232/960 927/1235/963 926/1236/964 923/1233/961
f 925/1234/962 928/1237/965 930/1238/966 927/1235/963
f 927/1235/963 930/1238/966 929/1239/967 926/1236/964
f 928/1237/965 934/1240/968 936/1241/969 930/1238/966
f 930/1238/966 936/1241/969 935/1242/970 929/1239/967
f 934/1240/968 932/1243/905 933/1244/906 936/1241/969
f 936/1241/969 933/1244/906 931/1245/907 935/1242/970
f 819/1117/852 818/1116/851 865/1173/904 869/1172/903
f 1056/1246/971 1053/1247/801 1051/1248/972 1055/1249/973
f 1054/1250/974 1052/1251/798 1053/1247/801 1056/1246/971
f 818/1116/851 862/1120/855 931/1176/907 865/1173/904
f 821/1122/857 819/1117/852 869/1172/903 872/1179/910
f 1047/1252/975 1050/1253/976 1049/1254/977 1046/1255/978
f 823/1124/859 821/1122/857 872/1179/910 875/1182/913
f 1044/1256/979 1047/1252/975 1046/1255/978 1043/1257/980
f 825/1126/861 823/1124/859 875/1182/913 878/1185/916
f 1041/1258/981 1044/1256/979 1043/1257/980 1040/1259/982
f 827/1128/863 825/1126/861 878/1185/916 881/1188/919
f 1038/1007/748 1041/1258/981 1040/1259/982 1037/1008/749
f 829/1130/865 827/1128/863 881/1188/919 884/1191/922
f 1036/1011/752 1039/1260/983 1041/1258/981 1038/1007/748
f 831/1132/867 829/1130/865 884/1191/922 887/1194/925
f 1032/1013/754 1035/1006/747 1034/1009/750 1031/1015/756
f 833/1134/869 831/1132/867 887/1194/925 890/1197/928
f 1027/1020/761 1030/1012/753 1032/1013/754 1029/1014/755
f 835/1136/871 833/1134/869 890/1197/928 893/1200/931
f 1023/1022/763 1026/1017/758 1025/1018/759 1022/1024/765
f 837/1138/873 835/1136/871 893/1200/931 896/1203/934
f 1018/1261/770 1021/1021/762 1023/1022/763 1020/1023/764
f 839/1140/875 837/1138/873 896/1203/934 899/1206/937
f 1014/1033/772 1017/1026/767 1016/1029/768 1013/1035/774
f 841/1143/877 839/1142/875 899/1212/937 902/1211/940
f 1009/1040/779 1012/1032/771 1014/1033/772 1011/1034/773
f 843/1146/879 841/1143/877 902/1211/940 905/1215/943
f 724/1042/781 721/1037/776 722/1038/777 725/1044/783
f 845/1148/881 843/1146/879 905/1215/943 908/1218/946
f 729/1049/788 726/1041/780 724/1042/781 727/1043/782
f 847/1150/883 845/1148/881 908/1218/946 911/1221/949
f 733/1051/790 730/1046/785 731/1047/786 734/1053/792
f 849/1152/885 847/1150/883 911/1221/949 914/1224/952
f 738/1058/797 735/1050/789 733/1051/790 736/1052/791
f 851/1154/887 849/1152/885 914/1224/952 917/1227/955
f 1053/1062/801 742/1061/800 744/1063/802 1051/1262/972
f 853/1156/889 851/1154/887 917/1227/955 920/1230/958
f 743/1060/799 741/1057/796 739/1055/794 742/1061/800
f 855/1158/891 853/1156/889 920/1230/958 923/1233/961
f 1050/1253/976 1056/1246/971 1055/1249/973 1049/1254/977
f 857/1160/893 855/1158/891 923/1233/961 926/1236/964
f 1048/1263/984 1054/1250/974 1056/1246/971 1050/1253/976
f 859/1162/895 857/1160/893 926/1236/964 929/1239/967
f 1045/1264/985 1048/1263/984 1050/1253/976 1047/1252/975
f 863/1164/897 859/1162/895 929/1239/967 935/1242/970
f 1042/1265/986 1045/1264/985 1047/1252/975 1044/1256/979
f 1039/1260/983 1042/1265/986 1044/1256/979 1041/1258/981
f 862/1166/855 863/1164/897 935/1242/970 931/1245/907
f 938/1266/987 940/1267/988 942/1268/989 939/1269/990
f 939/1269/990 942/1268/989 941/1270/991 937/1271/992
f 1004/1272/993 938/1266/987 939/1269/990 1005/1273/994
f 1005/1273/994 939/1269/990 937/1271/992 1003/1274/995
f 940/1267/988 943/1275/996 945/1276/997 942/1268/989
f 942/1268/989 945/1276/997 944/1277/998 941/1270/991
f 943/1275/996 946/1278/999 948/1279/1000 945/1276/997
f 945/1276/997 948/1279/1000 947/1280/1001 944/1277/998
f 946/1278/999 949/1281/1002 951/1282/1003 948/1279/1000
f 948/1279/1000 951/1282/1003 950/1283/1004 947/1280/1001
f 949/1281/1002 952/1284/1005 954/1285/1006 951/1282/1003
f 951/1282/1003 954/1285/1006 953/1286/1007 950/1283/1004
f 952/1284/1005 955/1287/1008 957/1288/1009 954/1285/1006
f 954/1285/1006 957/1288/1009 956/1289/1010 953/1286/1007
f 955/1287/1008 958/1290/1011 960/1291/1012 957/1288/1009
f 957/1288/1009 960/1291/1012 959/1292/1013 956/1289/1010
f 958/1290/1011 961/1293/1014 963/1294/1015 960/1291/1012
f 960/1291/1012 963/1294/1015 962/1295/1016 959/1292/1013
f 961/1293/1014 964/1296/1017 966/1297/1018 963/1294/1015
f 963/1294/1015 966/1297/1018 965/1298/1019 962/1295/1016
f 964/1296/1017 967/1299/1020 969/1300/1021 966/1297/1018
f 966/1297/1018 969/1300/1021 968/1301/1022 965/1298/1019
f 967/1299/1020 970/1302/1023 972/1303/1024 969/1300/1021
f 969/1300/1021 972/1303/1024 971/1304/1025 968/1301/1022
f 970/1305/1023 973/1306/1026 975/1307/1027 972/1308/1024
f 972/1308/1024 975/1307/1027 974/1309/1028 971/1310/1025
f 973/1306/1026 976/1311/1029 978/1312/1030 975/1307/1027
f 975/1307/1027 978/1312/1030 977/1313/1031 974/1309/1028
f 976/1311/1029 979/1314/1032 981/1315/1033 978/1312/1030
f 978/1312/1030 981/1315/1033 980/1316/1034 977/1313/1031
f 979/1314/1032 982/1317/1035 984/1318/1036 981/1315/1033
f 981/1315/1033 984/1318/1036 983/1319/1037 980/1316/1034
f 982/1317/1035 985/1320/1038 987/1321/1039 984/1318/1036
f 984/1318/1036 987/1321/1039 986/1322/1040 983/1319/1037
f 985/1320/1038 988/1323/1041 990/1324/1042 987/1321/1039
f 987/1321/1039 990/1324/1042 989/1325/1043 986/1322/1040
f 988/1323/1041 991/1326/1044 993/1327/1045 990/1324/1042
f 990/1324/1042 993/1327/1045 992/1328/1046 989/1325/1043
f 991/1326/1044 994/1329/1047 996/1330/1048 993/1327/1045
f 993/1327/1045 996/1330/1048 995/1331/1049 992/1328/1046
f 994/1329/1047 997/1332/1050 999/1333/1051 996/1330/1048
f 996/1330/1048 999/1333/1051 998/1334/1052 995/1331/1049
f 997/1332/1050 1000/1335/1053 1002/1336/1054 999/1333/1051
f 999/1333/1051 1002/1336/1054 1001/1337/1055 998/1334/1052
f 1000/1335/1053 1006/1338/1056 1008/1339/1057 1002/1336/1054
f 1002/1336/1054 1008/1339/1057 1007/1340/1058 1001/1337/1055
f 1006/1338/1056 1004/1341/993 1005/1342/994 1008/1339/1057
f 1008/1339/1057 1005/1342/994 1003/1343/995 1007/1340/1058
f 868/1169/900 866/1168/899 937/1271/992 941/1270/991
f 938/1344/987 1004/1345/993 767/1346/746 745/1001/746
f 940/1347/988 938/1344/987 745/1001/746 746/997/746
f 866/1168/899 932/1174/905 1003/1274/995 937/1271/992
f 871/1177/908 868/1169/900 941/1270/991 944/1277/998
f 943/1348/996 940/1347/988 746/997/746 747/999/746
f 874/1180/911 871/1177/908 944/1277/998 947/1280/1001
f 946/1349/999 943/1348/996 747/999/746 748/993/746
f 877/1183/914 874/1180/911 947/1280/1001 950/1283/1004
f 949/1350/1002 946/1349/999 748/993/746 749/995/746
f 880/1186/917 877/1183/914 950/1283/1004 953/1286/1007
f 952/1351/1005 949/1350/1002 749/995/746 750/1352/746
f 883/1189/920 880/1186/917 953/1286/1007 956/1289/1010
f 955/1353/1008 952/1351/1005 750/1352/746 751/992/746
f 886/1192/923 883/1189/920 956/1289/1010 959/1292/1013
f 958/1354/1011 955/1353/1008 751/992/746 752/1355/746
f 889/1195/926 886/1192/923 959/1292/1013 962/1295/1016
f 961/1356/1014 958/1354/1011 752/1355/746 753/989/746
f 892/1198/929 889/1195/926 962/1295/1016 965/1298/1019
f 964/1357/1017 961/1356/1014 753/989/746 754/987/746
f 895/1201/932 892/1198/929 965/1298/1019 968/1301/1022
f 967/1358/1020 964/1357/1017 754/987/746 755/1005/746
f 898/1204/935 895/1201/932 968/1301/1022 971/1304/1025
f 970/1359/1023 967/1358/1020 755/1005/746 756/1004/746
f 901/1208/938 898/1207/935 971/1310/1025 974/1309/1028
f 973/1360/1026 970/1359/1023 756/1004/746 757/1003/746
f 904/1213/941 901/1208/938 974/1309/1028 977/1313/1031
f 976/1361/1029 973/1360/1026 757/1003/746 758/986/746
f 907/1216/944 904/1213/941 977/1313/1031 980/1316/1034
f 979/1362/1032 976/1361/1029 758/986/746 759/985/746
f 910/1219/947 907/1216/944 980/1316/1034 983/1319/1037
f 982/1363/1035 979/1362/1032 759/985/746 760/988/746
f 913/1222/950 910/1219/947 983/1319/1037 986/1322/1040
f 985/1364/1038 982/1363/1035 760/988/746 761/991/746
f 916/1225/953 913/1222/950 986/1322/1040 989/1325/1043
f 988/1365/1041 985/1364/1038 761/991/746 762/990/746
f 919/1228/956 916/1225/953 989/1325/1043 992/1328/1046
f 991/1366/1044 988/1365/1041 762/990/746 763/994/746
f 922/1231/959 919/1228/956 992/1328/1046 995/1331/1049
f 994/1367/1047 991/1366/1044 763/994/746 764/996/746
f 925/1234/962 922/1231/959 995/1331/1049 998/1334/1052
f 997/1368/1050 994/1367/1047 764/996/746 765/998/746
f 928/1237/965 925/1234/962 998/1334/1052 1001/1337/1055
f 1000/1369/1053 997/1368/1050 765/998/746 766/1000/746
f 934/1240/968 928/1237/965 1001/1337/1055 1007/1340/1058
f 1006/1370/1056 1000/1369/1053 766/1000/746 768/1002/746
f 1004/1345/993 1006/1370/1056 768/1002/746 767/1346/746
f 932/1243/905 934/1240/968 1007/1340/1058 1003/1343/995
f 741/1057/796 743/1060/799 769/1065/804 772/1064/803
f 743/1060/799 1052/1059/798 813/1068/807 769/1065/804
f 738/1058/797 741/1057/796 772/1064/803 774/1070/809
f 735/1050/789 738/1058/797 774/1070/809 776/1072/811
f 732/1048/787 735/1050/789 776/1072/811 778/1074/813
f 729/1049/788 732/1048/787 778/1074/813 780/1076/815
f 726/1041/780 729/1049/788 780/1076/815 782/1078/817
f 723/1039/778 726/1041/780 782/1078/817 784/1080/819
f 750/1352/746 749/995/746 762/990/746
f 1009/1040/779 723/1039/778 784/1080/819 786/1082/821
f 751/992/746 750/1352/746 762/990/746
f 1012/1032/771 1009/1040/779 786/1082/821 788/1084/823
f 752/1355/746 751/992/746 761/991/746
f 1015/1030/769 1012/1032/771 788/1084/823 790/1086/825
f 753/989/746 752/1355/746 760/988/746
f 1018/1031/770 1015/1030/769 790/1086/825 792/1088/827
f 754/987/746 753/989/746 759/985/746
f 1021/1021/762 1018/1261/770 792/1091/827 794/1090/829
f 755/1005/746 754/987/746 758/986/746
f 1024/1019/760 1021/1021/762 794/1090/829 796/1094/831
f 758/986/746 757/1003/746 755/1005/746
f 1027/1020/761 1024/1019/760 796/1094/831 798/1096/833
f 761/991/746 760/988/746 752/1355/746
f 1030/1012/753 1027/1020/761 798/1096/833 800/1098/835
f 763/994/746 762/990/746 749/995/746
f 1033/1010/751 1030/1012/753 800/1098/835 802/1100/837
f 765/998/746 764/996/746 747/999/746
f 1036/1011/752 1033/1010/751 802/1100/837 804/1102/839
f 745/1001/746 767/1346/746 768/1002/746
f 1039/1260/983 1036/1011/752 804/1102/839 806/1104/841
f 1042/1265/986 1039/1260/983 806/1104/841 808/1106/843
f 1045/1264/985 1042/1265/986 808/1106/843 810/1108/845
f 1048/1263/984 1045/1264/985 810/1108/845 812/1110/847
f 1054/1250/974 1048/1263/984 812/1110/847 816/1112/849
f 1052/1251/798 1054/1250/974 816/1112/849 813/1114/807
f 1058/1371/1059 1060/1372/1060 1062/1373/1061 1059/1374/1062
f 1059/1374/1062 1062/1373/1061 1061/1375/1063 1057/1376/1064
f 1124/1377/1065 1058/1371/1059 1059/1374/1062 1125/1378/1066
f 1125/1378/1066 1059/1374/1062 1057/1376/1064 1123/1379/1067
f 1060/1372/1060 1063/1380/1068 1065/1381/1069 1062/1373/1061
f 1062/1373/1061 1065/1381/1069 1064/1382/1070 1061/1375/1063
f 1063/1380/1068 1066/1383/1071 1068/1384/1072 1065/1381/1069
f 1065/1381/1069 1068/1384/1072 1067/1385/1073 1064/1382/1070
f 1066/1383/1071 1069/1386/1074 1071/1387/1075 1068/1384/1072
f 1068/1384/1072 1071/1387/1075 1070/1388/1076 1067/1385/1073
f 1069/1386/1074 1072/1389/1077 1074/1390/1078 1071/1387/1075
f 1071/1387/1075 1074/1390/1078 1073/1391/1079 1070/1388/1076
f 1072/1389/1077 1075/1392/1080 1077/1393/1081 1074/1390/1078
f 1074/1390/1078 1077/1393/1081 1076/1394/1082 1073/1391/1079
f 1075/1392/1080 1078/1395/1083 1080/1396/1084 1077/1393/1081
f 1077/1393/1081 1080/1396/1084 1079/1397/1085 1076/1394/1082
f 1078/1395/1083 1081/1398/1086 1083/1399/1087 1080/1396/1084
f 1080/1396/1084 1083/1399/1087 1082/1400/1088 1079/1397/1085
f 1081/1398/1086 1084/1401/1089 1086/1402/1090 1083/1399/1087
f 1083/1399/1087 1086/1402/1090 1085/1403/1091 1082/1400/1088
f 1084/1401/1089 1087/1404/1092 1089/1405/1093 1086/1402/1090
f 1086/1402/1090 1089/1405/1093 1088/1406/1094 1085/1403/1091
f 1087/1404/1092 1090/1407/1095 1092/1408/1096 1089/1405/1093
f 1089/1405/1093 1092/1408/1096 1091/1409/1097 1088/1406/1094
f 1090/1410/1095 1093/1411/1098 1095/1412/1099 1092/1413/1096
f 1092/1413/1096 1095/1412/1099 1094/1414/1100 1091/1415/1097
f 1093/1411/1098 1096/1416/1101 1098/1417/1102 1095/1412/1099
f 1095/1412/1099 1098/1417/1102 1097/1418/1103 1094/1414/1100
f 1096/1416/1101 1099/1419/1104 1101/1420/1105 1098/1417/1102
f 1098/1417/1102 1101/1420/1105 1100/1421/1106 1097/1418/1103
f 1099/1419/1104 1102/1422/1107 1104/1423/1108 1101/1420/1105
f 1101/1420/1105 1104/1423/1108 1103/1424/1109 1100/1421/1106
f 1102/1422/1107 1105/1425/1110 1107/1426/1111 1104/1423/1108
f 1104/1423/1108 1107/1426/1111 1106/1427/1112 1103/1424/1109
f 1105/1425/1110 1108/1428/1113 1110/1429/1114 1107/1426/1111
f 1107/1426/1111 1110/1429/1114 1109/1430/1115 1106/1427/1112
f 1108/1428/1113 1111/1431/1116 1113/1432/1117 1110/1429/1114
f 1110/1429/1114 1113/1432/1117 1112/1433/1118 1109/1430/1115
f 1111/1431/1116 1114/1434/1119 1116/1435/1120 1113/1432/1117
f 1113/1432/1117 1116/1435/1120 1115/1436/1121 1112/1433/1118
f 1114/1434/1119 1117/1437/1122 1119/1438/1123 1116/1435/1120
f 1116/1435/1120 1119/1438/1123 1118/1439/1124 1115/1436/1121
f 1117/1437/1122 1120/1440/1125 1122/1441/1126 1119/1438/1123
f 1119/1438/1123 1122/1441/1126 1121/1442/1127 1118/1439/1124
f 1120/1440/1125 1126/1443/1128 1128/1444/1129 1122/1441/1126
f 1122/1441/1126 1128/1444/1129 1127/1445/1130 1121/1442/1127
f 1126/1443/1128 1124/1446/1065 1125/1447/1066 1128/1444/1129
f 1128/1444/1129 1125/1447/1066 1123/1448/1067 1127/1445/1130
f 1060/1372/1060 1058/1371/1059 744/1063/802 740/1056/795
f 698/1449/471 697/1450/470 1057/1376/1064 1061/1375/1063
f 1058/1371/1059 1124/1377/1065 1051/1262/972 744/1063/802
f 697/1450/470 719/1451/469 1123/1379/1067 1057/1376/1064
f 699/1452/472 698/1449/471 1061/1375/1063 1064/1382/1070
f 1063/1380/1068 1060/1372/1060 740/1056/795 737/1054/793
f 700/1453/473 699/1452/472 1064/1382/1070 1067/1385/1073
f 1066/1383/1071 1063/1380/1068 737/1054/793 734/1053/792
f 701/1454/474 700/1453/473 1067/1385/1073 1070/1388/1076
f 1069/1386/1074 1066/1383/1071 734/1053/792 731/1047/786
f 702/1455/475 701/1454/474 1070/1388/1076 1073/1391/1079
f 1072/1389/1077 1069/1386/1074 731/1047/786 728/1045/784
f 703/1456/476 702/1455/475 1073/1391/1079 1076/1394/1082
f 1075/1392/1080 1072/1389/1077 728/1045/784 725/1044/783
f 704/1457/477 703/1456/476 1076/1394/1082 1079/1397/1085
f 1078/1395/1083 1075/1392/1080 725/1044/783 722/1038/777
f 705/1458/478 704/1457/477 1079/1397/1085 1082/1400/1088
f 1081/1398/1086 1078/1395/1083 722/1038/777 1010/1036/775
f 706/1459/479 705/1458/478 1082/1400/1088 1085/1403/1091
f 1084/1401/1089 1081/1398/1086 1010/1036/775 1013/1035/774
f 707/1460/480 706/1459/479 1085/1403/1091 1088/1406/1094
f 1087/1404/1092 1084/1401/1089 1013/1035/774 1016/1029/768
f 708/1461/458 707/1460/480 1088/1406/1094 1091/1409/1097
f 1090/1407/1095 1087/1404/1092 1016/1029/768 1019/1028/766
f 709/1462/457 708/1463/458 1091/1415/1097 1094/1414/1100
f 1093/1411/1098 1090/1410/1095 1019/1025/766 1022/1024/765
f 710/1464/459 709/1462/457 1094/1414/1100 1097/1418/1103
f 1096/1416/1101 1093/1411/1098 1022/1024/765 1025/1018/759
f 711/1465/460 710/1464/459 1097/1418/1103 1100/1421/1106
f 1099/1419/1104 1096/1416/1101 1025/1018/759 1028/1016/757
f 712/1466/461 711/1465/460 1100/1421/1106 1103/1424/1109
f 1102/1422/1107 1099/1419/1104 1028/1016/757 1031/1015/756
f 713/1467/462 712/1466/461 1103/1424/1109 1106/1427/1112
f 1105/1425/1110 1102/1422/1107 1031/1015/756 1034/1009/750
f 714/1468/463 713/1467/462 1106/1427/1112 1109/1430/1115
f 1108/1428/1113 1105/1425/1110 1034/1009/750 1037/1008/749
f 715/1469/464 714/1468/463 1109/1430/1115 1112/1433/1118
f 1111/1431/1116 1108/1428/1113 1037/1008/749 1040/1259/982
f 716/1470/465 715/1469/464 1112/1433/1118 1115/1436/1121
f 1114/1434/1119 1111/1431/1116 1040/1259/982 1043/1257/980
f 717/1471/466 716/1470/465 1115/1436/1121 1118/1439/1124
f 1117/1437/1122 1114/1434/1119 1043/1257/980 1046/1255/978
f 718/1472/467 717/1471/466 1118/1439/1124 1121/1442/1127
f 1120/1440/1125 1117/1437/1122 1046/1255/978 1049/1254/977
f 720/1473/468 718/1472/467 1121/1442/1127 1127/1445/1130
f 1126/1443/1128 1120/1440/1125 1049/1254/977 1055/1249/973
f 1124/1446/1065 1126/1443/1128 1055/1249/973 1051/1248/972
f 719/1474/469 720/1473/468 1127/1445/1130 1123/1448/1067
o PanciAir
v 0.043889 0.098345 -0.174657
v 0.041684 0.128476 -0.246693
v 0.042256 0.130464 -0.188945
v 0.041684 0.109260 -0.245096
v 0.042256 0.109196 -0.188973
v 0.043889 0.130464 -0.174657
v 0.039701 0.123844 -0.252375
v 0.039701 0.111835 -0.250841
v 0.044049 0.130464 -0.239843
v 0.034032 0.130464 -0.229232
v 0.039240 0.130464 -0.207471
v 0.039240 0.113575 -0.207471
v 0.034032 0.114337 -0.227053
v 0.044049 0.109857 -0.237125
v 0.056302 0.098345 -0.171686
v 0.059340 0.114208 -0.170958
v 0.044961 0.125196 -0.246421
v 0.058144 0.127288 -0.189125
v 0.055019 0.130464 -0.188945
v 0.044961 0.112660 -0.245379
v 0.055019 0.109196 -0.188973
v 0.058144 0.119853 -0.189125
v 0.059340 0.127289 -0.170958
v 0.056302 0.130464 -0.171686
v 0.042825 0.120653 -0.251968
v 0.042825 0.115314 -0.251286
v 0.047326 0.127253 -0.239420
v 0.046795 0.130464 -0.229232
v 0.050312 0.127270 -0.228800
v 0.055128 0.127282 -0.207471
v 0.052004 0.130464 -0.207471
v 0.052004 0.113575 -0.207471
v 0.055128 0.119853 -0.207471
v 0.046795 0.114337 -0.227053
v 0.050312 0.119853 -0.227513
v 0.047326 0.113248 -0.237572
v 0.043889 0.119525 -0.174657
v 0.042256 0.119830 -0.188959
v 0.039240 0.122020 -0.207471
v 0.034032 0.122401 -0.228142
v 0.059340 0.120749 -0.170958
v 0.058144 0.123570 -0.189125
v 0.044961 0.118928 -0.245900
v 0.042825 0.117984 -0.251627
v 0.047326 0.120250 -0.238496
v 0.055128 0.123567 -0.207471
v 0.050312 0.123561 -0.228157
v 0.056302 0.119525 -0.171686
v 0.039701 0.117961 -0.253938
v -0.043889 0.098345 -0.174657
v -0.041684 0.128476 -0.246693
v -0.042256 0.130464 -0.188945
v -0.041684 0.109260 -0.245096
v -0.042256 0.109196 -0.188973
v -0.043889 0.130464 -0.174657
v -0.039701 0.123844 -0.252375
v -0.039701 0.111835 -0.250841
v -0.044049 0.130464 -0.239843
v -0.034032 0.130464 -0.229232
v -0.039240 0.130464 -0.207471
v -0.039240 0.113575 -0.207471
v -0.034032 0.114337 -0.227053
v -0.044049 0.109857 -0.237125
v -0.056302 0.098345 -0.171686
v -0.059340 0.114208 -0.170958
v -0.044961 0.125196 -0.246421
v -0.058144 0.127288 -0.189125
v -0.055019 0.130464 -0.188945
v -0.044961 0.112660 -0.245379
v -0.055019 0.109196 -0.188973
v -0.058144 0.119853 -0.189125
v -0.059340 0.127289 -0.170958
v -0.056302 0.130464 -0.171686
v -0.042825 0.120653 -0.251968
v -0.042825 0.115314 -0.251286
v -0.047326 0.127253 -0.239420
v -0.046795 0.130464 -0.229232
v -0.050312 0.127270 -0.228800
v -0.055128 0.127282 -0.207471
v -0.052004 0.130464 -0.207471
v -0.052004 0.113575 -0.207471
v -0.055128 0.119853 -0.207471
v -0.046795 0.114337 -0.227053
v -0.050312 0.119853 -0.227513
v -0.047326 0.113248 -0.237572
v -0.043889 0.119525 -0.174657
v -0.042256 0.119830 -0.188959
v -0.039240 0.122020 -0.207471
v -0.034032 0.122401 -0.228142
v -0.059340 0.120749 -0.170958
v -0.058144 0.123570 -0.189125
v -0.044961 0.118928 -0.245900
v -0.042825 0.117984 -0.251627
v -0.047326 0.120250 -0.238496
v -0.055128 0.123567 -0.207471
v -0.050312 0.123561 -0.228157
v -0.056302 0.119525 -0.171686
v -0.039701 0.117961 -0.253938
v 0.043889 0.098345 0.174657
v 0.041684 0.128476 0.246693
v 0.042256 0.130464 0.188945
v 0.041684 0.109260 0.245096
v 0.042256 0.109196 0.188973
v 0.043889 0.130464 0.174657
v 0.039701 0.123844 0.252375
v 0.039701 0.111835 0.250841
v 0.044049 0.130464 0.239843
v 0.034032 0.130464 0.229232
v 0.039240 0.130464 0.207471
v 0.039240 0.113575 0.207471
v 0.034032 0.114337 0.227053
v 0.044049 0.109857 0.237125
v 0.056302 0.098345 0.171686
v 0.059340 0.114208 0.170958
v 0.044961 0.125196 0.246421
v 0.058144 0.127288 0.189125
v 0.055019 0.130464 0.188945
v 0.044961 0.112660 0.245379
v 0.055019 0.109196 0.188973
v 0.058144 0.119853 0.189125
v 0.059340 0.127289 0.170958
v 0.056302 0.130464 0.171686
v 0.042825 0.120653 0.251968
v 0.042825 0.115314 0.251286
v 0.047326 0.127253 0.239420
v 0.046795 0.130464 0.229232
v 0.050312 0.127270 0.228800
v 0.055128 0.127282 0.207471
v 0.052004 0.130464 0.207471
v 0.052004 0.113575 0.207471
v 0.055128 0.119853 0.207471
v 0.046795 0.114337 0.227053
v 0.050312 0.119853 0.227513
v 0.047326 0.113248 0.237572
v 0.043889 0.119525 0.174657
v 0.042256 0.119830 0.188959
v 0.039240 0.122020 0.207471
v 0.034032 0.122401 0.228142
v 0.059340 0.120749 0.170958
v 0.058144 0.123570 0.189125
v 0.044961 0.118928 0.245900
v 0.042825 0.117984 0.251627
v 0.047326 0.120250 0.238496
v 0.055128 0.123567 0.207471
v 0.050312 0.123561 0.228157
v 0.056302 0.119525 0.171686
v 0.039701 0.117961 0.253938
v -0.043889 0.098345 0.174657
v -0.041684 0.128476 0.246693
v -0.042256 0.130464 0.188945
v -0.041684 0.109260 0.245096
v -0.042256 0.109196 0.188973
v -0.043889 0.130464 0.174657
v -0.039701 0.123844 0.252375
v -0.039701 0.111835 0.250841
v -0.044049 0.130464 0.239843
v -0.034032 0.130464 0.229232
v -0.039240 0.130464 0.207471
v -0.039240 0.113575 0.207471
v -0.034032 0.114337 0.227053
v -0.044049 0.109857 0.237125
v -0.056302 0.098345 0.171686
v -0.059340 0.114208 0.170958
v -0.044961 0.125196 0.246421
v -0.058144 0.127288 0.189125
v -0.055019 0.130464 0.188945
v -0.044961 0.112660 0.245379
v -0.055019 0.109196 0.188973
v -0.058144 0.119853 0.189125
v -0.059340 0.127289 0.170958
v -0.056302 0.130464 0.171686
v -0.042825 0.120653 0.251968
v -0.042825 0.115314 0.251286
v -0.047326 0.127253 0.239420
v -0.046795 0.130464 0.229232
v -0.050312 0.127270 0.228800
v -0.055128 0.127282 0.207471
v -0.052004 0.130464 0.207471
v -0.052004 0.113575 0.207471
v -0.055128 0.119853 0.207471
v -0.046795 0.114337 0.227053
v -0.050312 0.119853 0.227513
v -0.047326 0.113248 0.237572
v -0.043889 0.119525 0.174657
v -0.042256 0.119830 0.188959
v -0.039240 0.122020 0.207471
v -0.034032 0.122401 0.228142
v -0.059340 0.120749 0.170958
v -0.058144 0.123570 0.189125
v -0.044961 0.118928 0.245900
v -0.042825 0.117984 0.251627
v -0.047326 0.120250 0.238496
v -0.055128 0.123567 0.207471
v -0.050312 0.123561 0.228157
v -0.056302 0.119525 0.171686
v -0.039701 0.117961 0.253938
v -0.177094 0.032609 -0.047452
v -0.183341 0.032609 0.000000
v 0.158778 0.032609 -0.091671
v 0.129642 0.032609 -0.129642
v 0.047452 0.032609 0.177094
v 0.091671 0.032609 0.158778
v -0.177094 0.032609 0.047452
v 0.091671 0.032609 -0.158778
v 0.129642 0.032609 0.129642
v -0.158778 0.032609 0.091671
v 0.047452 0.032609 -0.177094
v 0.000000 0.032609 -0.183341
v -0.047452 0.032609 -0.177094
v 0.158778 0.032609 0.091671
v -0.129642 0.032609 0.129642
v -0.091671 0.032609 -0.158778
v 0.177094 0.032609 0.047452
v -0.091671 0.032609 0.158778
v -0.129642 0.032609 -0.129642
v 0.183341 0.032609 0.000000
v -0.047452 0.032609 0.177094
v -0.158778 0.032609 -0.091671
v 0.177094 0.032609 -0.047452
v 0.000000 0.032609 0.183341
v -0.000000 0.023430 -0.180665
v 0.000000 0.000063 -0.149320
v -0.000000 0.014488 -0.176191
v -0.000000 0.006907 -0.168663
v -0.000000 0.001841 -0.159227
v -0.038647 0.000063 -0.144232
v -0.046760 0.023430 -0.174509
v -0.041211 0.001841 -0.153802
v -0.043653 0.006907 -0.162916
v -0.045602 0.014488 -0.170188
v -0.074660 0.000063 -0.129315
v -0.090333 0.023430 -0.156461
v -0.079614 0.001841 -0.137895
v -0.084332 0.006907 -0.146067
v -0.088096 0.014488 -0.152586
v -0.105585 0.000063 -0.105585
v -0.127750 0.023430 -0.127750
v -0.112591 0.001841 -0.112591
v -0.119263 0.006907 -0.119263
v -0.124586 0.014488 -0.124586
v -0.129315 0.000063 -0.074660
v -0.156461 0.023430 -0.090333
v -0.137895 0.001841 -0.079614
v -0.146067 0.006907 -0.084332
v -0.152586 0.014488 -0.088096
v -0.144232 0.000063 -0.038647
v -0.174509 0.023430 -0.046760
v -0.153802 0.001841 -0.041211
v -0.162916 0.006907 -0.043653
v -0.170188 0.014488 -0.045602
v -0.149320 0.000063 0.000000
v -0.180665 0.023430 -0.000000
v -0.159227 0.001841 0.000000
v -0.168663 0.006907 -0.000000
v -0.176191 0.014488 0.000000
v -0.144232 0.000063 0.038647
v -0.174509 0.023430 0.046760
v -0.153802 0.001841 0.041211
v -0.162916 0.006907 0.043653
v -0.170188 0.014488 0.045602
v -0.129315 0.000063 0.074660
v -0.156461 0.023430 0.090333
v -0.137895 0.001841 0.079614
v -0.146067 0.006907 0.084332
v -0.152586 0.014488 0.088096
v -0.105585 0.000063 0.105585
v -0.127750 0.023430 0.127750
v -0.112591 0.001841 0.112591
v -0.119263 0.006907 0.119263
v -0.124586 0.014488 0.124586
v -0.074660 0.000063 0.129315
v -0.090333 0.023430 0.156461
v -0.079614 0.001841 0.137895
v -0.084332 0.006907 0.146067
v -0.088096 0.014488 0.152586
v -0.038647 0.000063 0.144232
v -0.046760 0.023430 0.174509
v -0.041211 0.001841 0.153802
v -0.043653 0.006907 0.162916
v -0.045602 0.014488 0.170188
v 0.000000 0.000063 0.149320
v -0.000000 0.023430 0.180665
v -0.000000 0.001841 0.159227
v -0.000000 0.006907 0.168663
v -0.000000 0.014488 0.176191
v 0.038647 0.000063 0.144232
v 0.046760 0.023430 0.174509
v 0.041211 0.001841 0.153802
v 0.043653 0.006907 0.162916
v 0.045602 0.014488 0.170188
v 0.074660 0.000063 0.129315
v 0.090333 0.023430 0.156461
v 0.079614 0.001841 0.137895
v 0.084332 0.006907 0.146067
v 0.088096 0.014488 0.152586
v 0.105585 0.000063 0.105585
v 0.127750 0.023430 0.127750
v 0.112591 0.001841 0.112591
v 0.119263 0.006907 0.119263
v 0.124586 0.014488 0.124586
v 0.129315 0.000063 0.074660
v 0.156461 0.023430 0.090333
v 0.137895 0.001841 0.079614
v 0.146067 0.006907 0.084332
v 0.152586 0.014488 0.088096
v 0.144232 0.000063 0.038647
v 0.174509 0.023430 0.046760
v 0.153802 0.001841 0.041211
v 0.162916 0.006907 0.043653
v 0.170188 0.014488 0.045602
v 0.149320 0.000063 0.000000
v 0.180665 0.023430 -0.000000
v 0.159227 0.001841 0.000000
v 0.168663 0.006907 -0.000000
v 0.176191 0.014488 0.000000
v 0.144232 0.000063 -0.038647
v 0.174509 0.023430 -0.046760
v 0.153802 0.001841 -0.041211
v 0.162916 0.006907 -0.043653
v 0.170188 0.014488 -0.045602
v 0.129315 0.000063 -0.074660
v 0.156461 0.023430 -0.090333
v 0.137895 0.001841 -0.079614
v 0.146067 0.006907 -0.084332
v 0.152586 0.014488 -0.088096
v 0.105585 0.000063 -0.105585
v 0.127750 0.023430 -0.127750
v 0.112591 0.001841 -0.112591
v 0.119263 0.006907 -0.119263
v 0.124586 0.014488 -0.124586
v 0.074660 0.000063 -0.129315
v 0.090333 0.023430 -0.156461
v 0.079614 0.001841 -0.137895
v 0.084332 0.006907 -0.146067
v 0.088096 0.014488 -0.152586
v 0.038647 0.000063 -0.144232
v 0.046760 0.023430 -0.174509
v 0.041211 0.001841 -0.153802
v 0.043653 0.006907 -0.162916
v 0.045602 0.014488 -0.170188
v -0.172125 0.033335 -0.046121
v -0.178197 0.033335 0.000000
v 0.154323 0.033335 -0.089099
v 0.126005 0.033335 -0.126005
v 0.046121 0.033335 0.172125
v 0.089099 0.033335 0.154323
v -0.172125 0.033335 0.046121
v 0.089099 0.033335 -0.154323
v 0.126005 0.033335 0.126005
v -0.154323 0.033335 0.089099
v 0.046121 0.033335 -0.172125
v -0.000000 0.033335 -0.178197
v -0.046121 0.033335 -0.172125
v 0.154323 0.033335 0.089099
v -0.126005 0.033335 0.126005
v -0.089099 0.033335 -0.154323
v 0.172125 0.033335 0.046121
v -0.089099 0.033335 0.154323
v -0.126005 0.033335 -0.126005
v 0.178197 0.033335 0.000000
v -0.046121 0.033335 0.172125
v -0.154323 0.033335 -0.089099
v 0.172125 0.033335 -0.046121
v 0.000000 0.033335 0.178197
v -0.000000 0.025314 -0.175824
v -0.000000 0.005233 -0.148821
v -0.000000 0.017486 -0.171949
v -0.000000 0.011041 -0.165517
v -0.000000 0.006726 -0.157459
v -0.038518 0.005233 -0.143750
v -0.045507 0.025314 -0.169833
v -0.040753 0.006726 -0.152093
v -0.042839 0.011041 -0.159877
v -0.044504 0.017486 -0.166090
v -0.074411 0.005233 -0.128883
v -0.087912 0.025314 -0.152268
v -0.078729 0.006726 -0.136363
v -0.082759 0.011041 -0.143342
v -0.085975 0.017486 -0.148913
v -0.105233 0.005233 -0.105233
v -0.124327 0.025314 -0.124327
v -0.111340 0.006726 -0.111340
v -0.117038 0.011041 -0.117038
v -0.121587 0.017486 -0.121587
v -0.128883 0.005233 -0.074411
v -0.152268 0.025314 -0.087912
v -0.136363 0.006726 -0.078729
v -0.143342 0.011041 -0.082759
v -0.148913 0.017486 -0.085975
v -0.143750 0.005233 -0.038518
v -0.169833 0.025314 -0.045507
v -0.152093 0.006726 -0.040753
v -0.159877 0.011041 -0.042839
v -0.166090 0.017486 -0.044504
v -0.148821 0.005233 0.000000
v -0.175824 0.025314 -0.000000
v -0.157459 0.006726 -0.000000
v -0.165517 0.011041 -0.000000
v -0.171949 0.017486 -0.000000
v -0.143750 0.005233 0.038518
v -0.169833 0.025314 0.045507
v -0.152093 0.006726 0.040753
v -0.159877 0.011041 0.042839
v -0.166090 0.017486 0.044504
v -0.128883 0.005233 0.074411
v -0.152268 0.025314 0.087912
v -0.136363 0.006726 0.078729
v -0.143342 0.011041 0.082759
v -0.148913 0.017486 0.085975
v -0.105233 0.005233 0.105233
v -0.124327 0.025314 0.124327
v -0.111340 0.006726 0.111340
v -0.117038 0.011041 0.117038
v -0.121587 0.017486 0.121587
v -0.074411 0.005233 0.128883
v -0.087912 0.025314 0.152268
v -0.078729 0.006726 0.136363
v -0.082759 0.011041 0.143342
v -0.085975 0.017486 0.148913
v -0.038518 0.005233 0.143750
v -0.045507 0.025314 0.169833
v -0.040753 0.006726 0.152093
v -0.042839 0.011041 0.159877
v -0.044504 0.017486 0.166090
v -0.000000 0.005233 0.148821
v 0.000000 0.025314 0.175824
v -0.000000 0.006726 0.157459
v -0.000000 0.011041 0.165517
v -0.000000 0.017486 0.171949
v 0.038518 0.005233 0.143750
v 0.045507 0.025314 0.169833
v 0.040753 0.006726 0.152093
v 0.042839 0.011041 0.159877
v 0.044504 0.017486 0.166090
v 0.074411 0.005233 0.128883
v 0.087912 0.025314 0.152268
v 0.078729 0.006726 0.136363
v 0.082759 0.011041 0.143342
v 0.085975 0.017486 0.148913
v 0.105233 0.005233 0.105233
v 0.124327 0.025314 0.124327
v 0.111340 0.006726 0.111340
v 0.117038 0.011041 0.117038
v 0.121587 0.017486 0.121587
v 0.128883 0.005233 0.074411
v 0.152268 0.025314 0.087912
v 0.136363 0.006726 0.078729
v 0.143342 0.011041 0.082759
v 0.148913 0.017486 0.085975
v 0.143750 0.005233 0.038518
v 0.169833 0.025314 0.045507
v 0.152093 0.006726 0.040753
v 0.159877 0.011041 0.042839
v 0.166090 0.017486 0.044504
v 0.148821 0.005233 0.000000
v 0.175824 0.025314 -0.000000
v 0.157459 0.006726 0.000000
v 0.165517 0.011041 -0.000000
v 0.171949 0.017486 0.000000
v 0.143750 0.005233 -0.038518
v 0.169833 0.025314 -0.045507
v 0.152093 0.006726 -0.040753
v 0.159877 0.011041 -0.042839
v 0.166090 0.017486 -0.044504
v 0.128883 0.005233 -0.074411
v 0.152268 0.025314 -0.087912
v 0.136363 0.006726 -0.078729
v 0.143342 0.011041 -0.082759
v 0.148913 0.017486 -0.085975
v 0.105233 0.005233 -0.105233
v 0.124327 0.025314 -0.124327
v 0.111340 0.006726 -0.111340
v 0.117038 0.011041 -0.117038
v 0.121587 0.017486 -0.121587
v 0.074411 0.005233 -0.128883
v 0.087912 0.025314 -0.152268
v 0.078729 0.006726 -0.136363
v 0.082759 0.011041 -0.143342
v 0.085975 0.017486 -0.148913
v 0.038518 0.005233 -0.143750
v 0.045507 0.025314 -0.169833
v 0.040753 0.006726 -0.152093
v 0.042839 0.011041 -0.159877
v 0.044504 0.017486 -0.166090
v 0.000000 0.158707 -0.181176
v 0.000000 0.156561 -0.183341
v 0.000000 0.158078 -0.182707
v -0.047452 0.156561 -0.177094
v -0.046892 0.158707 -0.175002
v -0.047288 0.158078 -0.176481
v -0.091671 0.156561 -0.158778
v -0.090588 0.158707 -0.156903
v -0.091353 0.158078 -0.158229
v -0.129642 0.156561 -0.129642
v -0.128111 0.158707 -0.128111
v -0.129193 0.158078 -0.129193
v -0.158778 0.156561 -0.091671
v -0.156903 0.158707 -0.090588
v -0.158229 0.158078 -0.091353
v -0.177094 0.156561 -0.047452
v -0.175002 0.158707 -0.046892
v -0.176481 0.158078 -0.047288
v -0.183341 0.156561 0.000000
v -0.181176 0.158707 0.000000
v -0.182707 0.158078 0.000000
v -0.177094 0.156561 0.047452
v -0.175002 0.158707 0.046892
v -0.176481 0.158078 0.047288
v -0.158778 0.156561 0.091671
v -0.156903 0.158707 0.090588
v -0.158229 0.158078 0.091353
v -0.129642 0.156561 0.129642
v -0.128111 0.158707 0.128111
v -0.129193 0.158078 0.129193
v -0.091671 0.156561 0.158778
v -0.090588 0.158707 0.156903
v -0.091353 0.158078 0.158229
v -0.047452 0.156561 0.177094
v -0.046892 0.158707 0.175002
v -0.047288 0.158078 0.176481
v 0.000000 0.156561 0.183341
v 0.000000 0.158707 0.181176
v 0.000000 0.158078 0.182707
v 0.047452 0.156561 0.177094
v 0.046892 0.158707 0.175002
v 0.047288 0.158078 0.176481
v 0.091671 0.156561 0.158778
v 0.090588 0.158707 0.156903
v 0.091353 0.158078 0.158229
v 0.129642 0.156561 0.129642
v 0.128111 0.158707 0.128111
v 0.129193 0.158078 0.129193
v 0.158778 0.156561 0.091671
v 0.156903 0.158707 0.090588
v 0.158229 0.158078 0.091353
v 0.177094 0.156561 0.047452
v 0.175002 0.158707 0.046892
v 0.176481 0.158078 0.047288
v 0.183341 0.156561 0.000000
v 0.181176 0.158707 0.000000
v 0.182707 0.158078 0.000000
v 0.177094 0.156561 -0.047452
v 0.175002 0.158707 -0.046892
v 0.176481 0.158078 -0.047288
v 0.158778 0.156561 -0.091671
v 0.156903 0.158707 -0.090588
v 0.158229 0.158078 -0.091353
v 0.129642 0.156561 -0.129642
v 0.128111 0.158707 -0.128111
v 0.129193 0.158078 -0.129193
v 0.091671 0.156561 -0.158778
v 0.090588 0.158707 -0.156903
v 0.091353 0.158078 -0.158229
v 0.047452 0.156561 -0.177094
v 0.046892 0.158707 -0.175002
v 0.047288 0.158078 -0.176481
v 0.000000 0.156569 -0.176527
v 0.000000 0.158707 -0.178504
v 0.000000 0.158081 -0.177028
v -0.046200 0.158707 -0.172422
v -0.045689 0.156569 -0.170512
v -0.045818 0.158081 -0.170996
v -0.089252 0.158707 -0.154589
v -0.088264 0.156569 -0.152877
v -0.088514 0.158081 -0.153311
v -0.126222 0.158707 -0.126222
v -0.124823 0.156569 -0.124823
v -0.125178 0.158081 -0.125178
v -0.154589 0.158707 -0.089252
v -0.152877 0.156569 -0.088264
v -0.153311 0.158081 -0.088514
v -0.172422 0.158707 -0.046200
v -0.170512 0.156569 -0.045689
v -0.170996 0.158081 -0.045818
v -0.178504 0.158707 0.000000
v -0.176527 0.156569 0.000000
v -0.177028 0.158081 0.000000
v -0.172422 0.158707 0.046200
v -0.170512 0.156569 0.045689
v -0.170996 0.158081 0.045818
v -0.154589 0.158707 0.089252
v -0.152877 0.156569 0.088264
v -0.153311 0.158081 0.088514
v -0.126222 0.158707 0.126222
v -0.124823 0.156569 0.124823
v -0.125178 0.158081 0.125178
v -0.089252 0.158707 0.154589
v -0.088264 0.156569 0.152877
v -0.088514 0.158081 0.153311
v -0.046200 0.158707 0.172422
v -0.045689 0.156569 0.170512
v -0.045818 0.158081 0.170996
v 0.000000 0.158707 0.178504
v 0.000000 0.156569 0.176527
v 0.000000 0.158081 0.177028
v 0.046200 0.158707 0.172422
v 0.045689 0.156569 0.170512
v 0.045818 0.158081 0.170996
v 0.089252 0.158707 0.154589
v 0.088264 0.156569 0.152877
v 0.088514 0.158081 0.153311
v 0.126222 0.158707 0.126222
v 0.124823 0.156569 0.124823
v 0.125178 0.158081 0.125178
v 0.154589 0.158707 0.089252
v 0.152877 0.156569 0.088264
v 0.153311 0.158081 0.088514
v 0.172422 0.158707 0.046200
v 0.170512 0.156569 0.045689
v 0.170996 0.158081 0.045818
v 0.178504 0.158707 0.000000
v 0.176527 0.156569 0.000000
v 0.177028 0.158081 0.000000
v 0.172422 0.158707 -0.046200
v 0.170512 0.156569 -0.045689
v 0.170996 0.158081 -0.045818
v 0.154589 0.158707 -0.089252
v 0.152877 0.156569 -0.088264
v 0.153311 0.158081 -0.088514
v 0.126222 0.158707 -0.126222
v 0.124823 0.156569 -0.124823
v 0.125178 0.158081 -0.125178
v 0.089252 0.158707 -0.154589
v 0.088264 0.156569 -0.152877
v 0.088514 0.158081 -0.153311
v 0.046200 0.158707 -0.172422
v 0.045689 0.156569 -0.170512
v 0.045818 0.158081 -0.170996
vn -0.9935 -0.0001 0.1134
vn -0.9935 -0.0001 0.1135
vn -0.9906 -0.0001 0.1371
vn -0.9791 0.0080 0.2030
vn -0.9793 0.0076 0.2025
vn -0.9913 -0.0001 0.1313
vn -0.6147 0.0951 0.7830
vn -0.6423 0.0913 0.7610
vn -0.3199 0.8003 -0.5071
vn 0.3199 0.8003 -0.5071
vn 0.2540 0.5121 -0.8205
vn -0.2540 0.5121 -0.8205
vn -0.4042 -0.9058 0.1273
vn 0.4042 -0.9058 0.1273
vn -0.0000 -0.9596 0.2813
vn -0.3448 -0.9063 -0.2444
vn 0.3448 -0.9063 -0.2444
vn -0.2578 -0.6893 -0.6770
vn 0.2579 -0.6893 -0.6770
vn 0.6147 0.0951 0.7830
vn -0.5899 0.0983 0.8015
vn 0.5899 0.0983 0.8015
vn -0.0000 1.0000 -0.0000
vn 0.3639 0.9022 -0.2317
vn -0.3639 0.9022 -0.2317
vn -0.2212 -0.1022 -0.9699
vn 0.2212 -0.1022 -0.9699
vn 0.6423 0.0913 0.7610
vn 0.9358 0.3469 -0.0631
vn 0.9224 0.3714 -0.1061
vn 0.3963 0.9170 -0.0466
vn 0.4567 0.8891 -0.0320
vn 0.9810 -0.1306 -0.1438
vn 0.9833 -0.1300 -0.1275
vn 0.5740 -0.6682 -0.4732
vn 0.6380 -0.6848 -0.3520
vn 0.8256 0.3209 -0.4641
vn 0.7110 0.1746 -0.6812
vn 0.8429 -0.4142 -0.3435
vn 0.9057 -0.4028 -0.1324
vn 0.3853 0.9195 -0.0774
vn 0.9107 0.3725 -0.1784
vn 0.7074 -0.3175 -0.6314
vn 0.8757 0.3707 -0.3095
vn 0.3742 0.9224 -0.0954
vn 0.9024 0.3653 -0.2284
vn 0.5485 -0.8090 -0.2115
vn 0.9550 -0.2135 -0.2060
vn 0.4999 -0.8642 0.0570
vn 0.9492 -0.2482 -0.1934
vn 0.0671 -0.8196 -0.5690
vn 0.0315 -0.9187 -0.3936
vn 0.9978 -0.0000 -0.0657
vn 0.9935 -0.0000 -0.1141
vn -0.2328 -0.0000 0.9725
vn 0.9463 -0.0329 -0.3216
vn 0.7507 -0.0784 -0.6560
vn 0.9586 -0.0357 -0.2824
vn 0.9808 -0.0098 -0.1946
vn -0.0000 -0.9924 -0.1229
vn 0.9688 -0.0293 -0.2462
vn -0.9798 0.0078 0.1998
vn -0.9936 -0.0001 0.1134
vn 0.9935 -0.0001 0.1134
vn 0.9906 -0.0001 0.1371
vn 0.9935 -0.0001 0.1135
vn 0.9913 -0.0001 0.1313
vn 0.9793 0.0076 0.2025
vn 0.9791 0.0080 0.2030
vn -0.9358 0.3469 -0.0631
vn -0.4567 0.8891 -0.0320
vn -0.3963 0.9170 -0.0466
vn -0.9224 0.3714 -0.1061
vn -0.9810 -0.1306 -0.1438
vn -0.6380 -0.6848 -0.3520
vn -0.5740 -0.6682 -0.4732
vn -0.9833 -0.1300 -0.1275
vn -0.7110 0.1746 -0.6812
vn -0.8256 0.3209 -0.4641
vn -0.9057 -0.4028 -0.1324
vn -0.8429 -0.4142 -0.3435
vn -0.3853 0.9195 -0.0774
vn -0.9107 0.3725 -0.1784
vn -0.7074 -0.3175 -0.6314
vn -0.8757 0.3707 -0.3095
vn -0.9024 0.3653 -0.2284
vn -0.3742 0.9224 -0.0954
vn -0.9550 -0.2135 -0.2060
vn -0.5485 -0.8090 -0.2115
vn -0.9492 -0.2482 -0.1934
vn -0.4999 -0.8642 0.0570
vn -0.0315 -0.9187 -0.3936
vn -0.0671 -0.8196 -0.5690
vn -0.9978 -0.0000 -0.0657
vn -0.9935 -0.0000 -0.1141
vn 0.2328 -0.0000 0.9725
vn -0.9463 -0.0329 -0.3216
vn -0.7507 -0.0784 -0.6560
vn -0.9586 -0.0357 -0.2824
vn -0.9808 -0.0098 -0.1946
vn -0.9688 -0.0293 -0.2462
vn 0.9798 0.0078 0.1998
vn 0.9936 -0.0001 0.1134
vn -0.9935 -0.0001 -0.1134
vn -0.9906 -0.0001 -0.1371
vn -0.9935 -0.0001 -0.1135
vn -0.9913 -0.0001 -0.1313
vn -0.9793 0.0076 -0.2025
vn -0.9791 0.0080 -0.2030
vn -0.6423 0.0913 -0.7610
vn -0.6147 0.0951 -0.7830
vn -0.3199 0.8003 0.5071
vn -0.2540 0.5121 0.8205
vn 0.2540 0.5121 0.8205
vn 0.3199 0.8003 0.5071
vn -0.4042 -0.9058 -0.1273
vn -0.0000 -0.9596 -0.2813
vn 0.4042 -0.9058 -0.1273
vn -0.3448 -0.9063 0.2444
vn 0.3448 -0.9063 0.2444
vn -0.2579 -0.6893 0.6770
vn 0.2578 -0.6893 0.6770
vn 0.6147 0.0951 -0.7830
vn 0.5899 0.0983 -0.8015
vn -0.5899 0.0983 -0.8015
vn -0.3639 0.9022 0.2317
vn 0.3639 0.9022 0.2317
vn -0.2212 -0.1022 0.9699
vn 0.2212 -0.1022 0.9699
vn 0.6423 0.0913 -0.7610
vn 0.9358 0.3469 0.0631
vn 0.4567 0.8891 0.0320
vn 0.3963 0.9170 0.0466
vn 0.9224 0.3714 0.1061
vn 0.9810 -0.1306 0.1438
vn 0.6380 -0.6848 0.3520
vn 0.5740 -0.6682 0.4732
vn 0.9833 -0.1300 0.1275
vn 0.7110 0.1746 0.6812
vn 0.8256 0.3209 0.4641
vn 0.9057 -0.4028 0.1324
vn 0.8429 -0.4142 0.3435
vn 0.3853 0.9195 0.0774
vn 0.9107 0.3725 0.1784
vn 0.7074 -0.3175 0.6314
vn 0.8757 0.3707 0.3095
vn 0.9024 0.3653 0.2284
vn 0.3742 0.9224 0.0954
vn 0.9550 -0.2135 0.2060
vn 0.5485 -0.8090 0.2115
vn 0.9492 -0.2482 0.1934
vn 0.4999 -0.8642 -0.0570
vn 0.0315 -0.9187 0.3936
vn 0.0671 -0.8196 0.5690
vn 0.9978 -0.0000 0.0657
vn 0.9935 -0.0000 0.1141
vn -0.2328 -0.0000 -0.9725
vn 0.9463 -0.0329 0.3216
vn 0.7507 -0.0784 0.6560
vn 0.9586 -0.0357 0.2824
vn 0.9808 -0.0098 0.1946
vn -0.0000 -0.9924 0.1229
vn 0.9688 -0.0293 0.2462
vn -0.9798 0.0078 -0.1998
vn -0.9936 -0.0001 -0.1134
vn 0.9935 -0.0001 -0.1134
vn 0.9935 -0.0001 -0.1135
vn 0.9906 -0.0001 -0.1371
vn 0.9791 0.0080 -0.2030
vn 0.9793 0.0076 -0.2025
vn 0.9913 -0.0001 -0.1313
vn -0.9358 0.3469 0.0631
vn -0.9224 0.3714 0.1061
vn -0.3963 0.9170 0.0466
vn -0.4567 0.8891 0.0320
vn -0.9810 -0.1306 0.1438
vn -0.9833 -0.1300 0.1275
vn -0.5740 -0.6682 0.4732
vn -0.6380 -0.6848 0.3520
vn -0.8256 0.3209 0.4641
vn -0.7110 0.1746 0.6812
vn -0.8429 -0.4142 0.3435
vn -0.9057 -0.4028 0.1324
vn -0.3853 0.9195 0.0774
vn -0.9107 0.3725 0.1784
vn -0.7074 -0.3175 0.6314
vn -0.8757 0.3707 0.3095
vn -0.3742 0.9224 0.0954
vn -0.9024 0.3653 0.2284
vn -0.5485 -0.8090 0.2115
vn -0.9550 -0.2135 0.2060
vn -0.4999 -0.8642 -0.0570
vn -0.9492 -0.2482 0.1934
vn -0.0671 -0.8196 0.5690
vn -0.0315 -0.9187 0.3936
vn -0.9978 -0.0000 0.0657
vn -0.9935 -0.0000 0.1141
vn 0.2328 -0.0000 -0.9725
vn -0.9463 -0.0329 0.3216
vn -0.7507 -0.0784 0.6560
vn -0.9586 -0.0357 0.2824
vn -0.9808 -0.0098 0.1946
vn -0.9688 -0.0293 0.2462
vn 0.9798 0.0078 -0.1998
vn 0.9936 -0.0001 -0.1134
vn -0.2412 -0.3626 -0.9002
vn -0.0000 -0.3626 -0.9319
vn -0.0000 -0.5772 -0.8166
vn -0.2113 -0.5772 -0.7888
vn -0.0000 -0.7958 -0.6056
vn -0.1567 -0.7958 -0.5850
vn -0.0000 -0.9403 -0.3405
vn -0.0881 -0.9403 -0.3289
vn -0.0000 -0.9954 -0.0960
vn -0.0249 -0.9954 -0.0928
vn -0.4660 -0.3626 -0.8071
vn -0.4083 -0.5772 -0.7072
vn -0.3028 -0.7958 -0.5245
vn -0.1702 -0.9403 -0.2949
vn -0.0480 -0.9954 -0.0832
vn -0.6590 -0.3626 -0.6590
vn -0.5774 -0.5772 -0.5774
vn -0.4282 -0.7958 -0.4282
vn -0.2408 -0.9403 -0.2408
vn -0.0679 -0.9954 -0.0679
vn -0.8071 -0.3626 -0.4660
vn -0.7072 -0.5772 -0.4083
vn -0.5245 -0.7958 -0.3028
vn -0.2949 -0.9403 -0.1702
vn -0.0832 -0.9954 -0.0480
vn -0.9002 -0.3626 -0.2412
vn -0.7888 -0.5772 -0.2113
vn -0.5850 -0.7958 -0.1567
vn -0.3289 -0.9403 -0.0881
vn -0.0928 -0.9954 -0.0249
vn -0.9319 -0.3626 -0.0000
vn -0.8166 -0.5772 -0.0000
vn -0.6056 -0.7958 -0.0000
vn -0.3405 -0.9403 -0.0000
vn -0.0960 -0.9954 -0.0000
vn -0.9002 -0.3626 0.2412
vn -0.7888 -0.5772 0.2113
vn -0.5850 -0.7958 0.1567
vn -0.3289 -0.9403 0.0881
vn -0.0928 -0.9954 0.0249
vn -0.8071 -0.3626 0.4660
vn -0.7072 -0.5772 0.4083
vn -0.5245 -0.7958 0.3028
vn -0.2949 -0.9403 0.1702
vn -0.0832 -0.9954 0.0480
vn -0.6590 -0.3626 0.6590
vn -0.5774 -0.5772 0.5774
vn -0.4282 -0.7958 0.4282
vn -0.2408 -0.9403 0.2408
vn -0.0679 -0.9954 0.0679
vn -0.4660 -0.3626 0.8071
vn -0.4083 -0.5772 0.7072
vn -0.3028 -0.7958 0.5245
vn -0.1702 -0.9403 0.2949
vn -0.0480 -0.9954 0.0832
vn -0.2412 -0.3626 0.9002
vn -0.2113 -0.5772 0.7888
vn -0.1567 -0.7958 0.5850
vn -0.0881 -0.9403 0.3289
vn -0.0249 -0.9954 0.0928
vn -0.0000 -0.3626 0.9319
vn -0.0000 -0.5772 0.8166
vn -0.0000 -0.7958 0.6056
vn -0.0000 -0.9403 0.3405
vn -0.0000 -0.9954 0.0960
vn 0.2412 -0.3626 0.9002
vn 0.2113 -0.5772 0.7888
vn 0.1567 -0.7958 0.5850
vn 0.0881 -0.9403 0.3289
vn 0.0249 -0.9954 0.0928
vn 0.4660 -0.3626 0.8071
vn 0.4083 -0.5772 0.7072
vn 0.3028 -0.7958 0.5245
vn 0.1702 -0.9403 0.2949
vn 0.0480 -0.9954 0.0832
vn 0.6590 -0.3626 0.6590
vn 0.5774 -0.5772 0.5774
vn 0.4282 -0.7958 0.4282
vn 0.2408 -0.9403 0.2408
vn 0.0679 -0.9954 0.0679
vn 0.8071 -0.3626 0.4660
vn 0.7072 -0.5772 0.4083
vn 0.5245 -0.7958 0.3028
vn 0.2949 -0.9403 0.1702
vn 0.0832 -0.9954 0.0480
vn 0.9002 -0.3626 0.2412
vn 0.7888 -0.5772 0.2113
vn 0.5850 -0.7958 0.1567
vn 0.3289 -0.9403 0.0881
vn 0.0928 -0.9954 0.0249
vn 0.9319 -0.3626 -0.0000
vn 0.8166 -0.5772 -0.0000
vn 0.6056 -0.7958 -0.0000
vn 0.3405 -0.9403 -0.0000
vn 0.0960 -0.9954 -0.0000
vn 0.9002 -0.3626 -0.2412
vn 0.7888 -0.5772 -0.2113
vn 0.5850 -0.7958 -0.1567
vn 0.3289 -0.9403 -0.0881
vn 0.0928 -0.9954 -0.0249
vn 0.8071 -0.3626 -0.4660
vn 0.7072 -0.5772 -0.4083
vn 0.5245 -0.7958 -0.3028
vn 0.2949 -0.9403 -0.1702
vn 0.0832 -0.9954 -0.0480
vn 0.6590 -0.3626 -0.6590
vn 0.5774 -0.5772 -0.5774
vn 0.4282 -0.7958 -0.4282
vn 0.2408 -0.9403 -0.2408
vn 0.0679 -0.9954 -0.0679
vn 0.4660 -0.3626 -0.8071
vn 0.4083 -0.5772 -0.7072
vn 0.3028 -0.7958 -0.5245
vn 0.1702 -0.9403 -0.2949
vn 0.0480 -0.9954 -0.0832
vn 0.2412 -0.3626 -0.9002
vn 0.2113 -0.5772 -0.7888
vn 0.1567 -0.7958 -0.5850
vn 0.0881 -0.9403 -0.3289
vn 0.0249 -0.9954 -0.0928
vn 0.2563 -0.1397 -0.9565
vn -0.0000 -0.1397 -0.9902
vn -0.2563 -0.1397 -0.9565
vn -0.4951 -0.1397 -0.8575
vn -0.7002 -0.1397 -0.7002
vn -0.8575 -0.1397 -0.4951
vn -0.9565 -0.1397 -0.2563
vn -0.9902 -0.1397 -0.0000
vn -0.9565 -0.1397 0.2563
vn -0.8575 -0.1397 0.4951
vn -0.7002 -0.1397 0.7002
vn -0.4951 -0.1397 0.8575
vn -0.2563 -0.1397 0.9565
vn -0.0000 -0.1397 0.9902
vn 0.2563 -0.1397 0.9565
vn 0.4951 -0.1397 0.8575
vn 0.7002 -0.1397 0.7002
vn 0.8575 -0.1397 0.4951
vn 0.9565 -0.1397 0.2563
vn 0.9902 -0.1397 -0.0000
vn 0.9565 -0.1397 -0.2563
vn 0.8575 -0.1397 -0.4951
vn 0.7002 -0.1397 -0.7002
vn 0.4951 -0.1397 -0.8575
vn 0.2412 0.3626 0.9002
vn 0.2115 0.5764 0.7893
vn -0.0000 0.5764 0.8172
vn -0.0000 0.3626 0.9319
vn 0.1564 0.7968 0.5836
vn -0.0000 0.7968 0.6042
vn 0.0872 0.9415 0.3256
vn -0.0000 0.9415 0.3371
vn 0.0239 0.9957 0.0893
vn -0.0000 0.9957 0.0925
vn 0.4660 0.3626 0.8071
vn 0.4086 0.5764 0.7077
vn 0.3021 0.7968 0.5232
vn 0.1685 0.9415 0.2919
vn 0.0463 0.9957 0.0801
vn 0.6590 0.3626 0.6590
vn 0.5778 0.5764 0.5778
vn 0.4272 0.7968 0.4272
vn 0.2384 0.9415 0.2384
vn 0.0654 0.9957 0.0654
vn 0.8071 0.3626 0.4660
vn 0.7077 0.5764 0.4086
vn 0.5232 0.7968 0.3021
vn 0.2919 0.9415 0.1685
vn 0.0801 0.9957 0.0463
vn 0.9002 0.3626 0.2412
vn 0.7893 0.5764 0.2115
vn 0.5836 0.7968 0.1564
vn 0.3256 0.9415 0.0872
vn 0.0894 0.9957 0.0239
vn 0.9319 0.3626 -0.0000
vn 0.8172 0.5764 -0.0000
vn 0.6042 0.7968 -0.0000
vn 0.3371 0.9415 -0.0000
vn 0.0925 0.9957 -0.0000
vn 0.9002 0.3626 -0.2412
vn 0.7893 0.5764 -0.2115
vn 0.5836 0.7968 -0.1564
vn 0.3256 0.9415 -0.0872
vn 0.0893 0.9957 -0.0239
vn 0.8071 0.3626 -0.4660
vn 0.7077 0.5764 -0.4086
vn 0.5232 0.7968 -0.3021
vn 0.2919 0.9415 -0.1685
vn 0.0801 0.9957 -0.0463
vn 0.6590 0.3626 -0.6590
vn 0.5778 0.5764 -0.5778
vn 0.4272 0.7968 -0.4272
vn 0.2384 0.9415 -0.2384
vn 0.0654 0.9957 -0.0654
vn 0.4660 0.3626 -0.8071
vn 0.4086 0.5764 -0.7077
vn 0.3021 0.7968 -0.5232
vn 0.1685 0.9415 -0.2919
vn 0.0463 0.9957 -0.0801
vn 0.2412 0.3626 -0.9002
vn 0.2115 0.5764 -0.7893
vn 0.1564 0.7968 -0.5836
vn 0.0872 0.9415 -0.3256
vn 0.0239 0.9957 -0.0893
vn -0.0000 0.3626 -0.9319
vn -0.0000 0.5764 -0.8172
vn -0.0000 0.7968 -0.6042
vn -0.0000 0.9415 -0.3371
vn -0.0000 0.9957 -0.0925
vn -0.2412 0.3626 -0.9002
vn -0.2115 0.5764 -0.7893
vn -0.1564 0.7968 -0.5836
vn -0.0872 0.9415 -0.3256
vn -0.0239 0.9957 -0.0893
vn -0.4660 0.3626 -0.8071
vn -0.4086 0.5764 -0.7077
vn -0.3021 0.7968 -0.5232
vn -0.1685 0.9415 -0.2919
vn -0.0463 0.9957 -0.0801
vn -0.6590 0.3626 -0.6590
vn -0.5778 0.5764 -0.5778
vn -0.4272 0.7968 -0.4272
vn -0.2384 0.9415 -0.2384
vn -0.0654 0.9957 -0.0654
vn -0.8071 0.3626 -0.4660
vn -0.7077 0.5764 -0.4086
vn -0.5232 0.7968 -0.3021
vn -0.2919 0.9415 -0.1685
vn -0.0801 0.9957 -0.0463
vn -0.9002 0.3626 -0.2412
vn -0.7893 0.5764 -0.2115
vn -0.5836 0.7968 -0.1564
vn -0.3256 0.9415 -0.0872
vn -0.0894 0.9957 -0.0239
vn -0.9319 0.3626 -0.0000
vn -0.8172 0.5764 -0.0000
vn -0.6042 0.7968 -0.0000
vn -0.3371 0.9415 -0.0000
vn -0.0925 0.9957 -0.0000
vn -0.9002 0.3626 0.2412
vn -0.7893 0.5764 0.2115
vn -0.5836 0.7968 0.1564
vn -0.3256 0.9415 0.0872
vn -0.0893 0.9957 0.0239
vn -0.8071 0.3626 0.4660
vn -0.7077 0.5764 0.4086
vn -0.5232 0.7968 0.3021
vn -0.2919 0.9415 0.1685
vn -0.0801 0.9957 0.0463
vn -0.6590 0.3626 0.6590
vn -0.5778 0.5764 0.5778
vn -0.4272 0.7968 0.4272
vn -0.2384 0.9415 0.2384
vn -0.0654 0.9957 0.0654
vn -0.4660 0.3626 0.8071
vn -0.4086 0.5764 0.7077
vn -0.3021 0.7968 0.5232
vn -0.1685 0.9415 0.2919
vn -0.0463 0.9957 0.0801
vn -0.2412 0.3626 0.9002
vn -0.2115 0.5764 0.7893
vn -0.1564 0.7968 0.5836
vn -0.0872 0.9415 0.3256
vn -0.0239 0.9957 0.0893
vn -0.2565 0.1350 0.9571
vn -0.0000 0.1350 0.9909
vn 0.2565 0.1350 0.9571
vn 0.4954 0.1350 0.8581
vn 0.7006 0.1350 0.7006
vn 0.8581 0.1350 0.4954
vn 0.9571 0.1350 0.2565
vn 0.9909 0.1350 -0.0000
vn 0.9571 0.1350 -0.2565
vn 0.8581 0.1350 -0.4954
vn 0.7006 0.1350 -0.7006
vn 0.4954 0.1350 -0.8581
vn 0.2565 0.1350 -0.9571
vn -0.0000 0.1350 -0.9909
vn -0.2565 0.1350 -0.9571
vn -0.4954 0.1350 -0.8581
vn -0.7006 0.1350 -0.7006
vn -0.8581 0.1350 -0.4954
vn -0.9571 0.1350 -0.2565
vn -0.9909 0.1350 -0.0000
vn -0.9571 0.1350 0.2565
vn -0.8581 0.1350 0.4954
vn -0.7006 0.1350 0.7006
vn -0.4954 0.1350 0.8581
vn -0.0541 0.9779 -0.2019
vn -0.0000 0.9779 -0.2090
vn -0.0000 0.6937 -0.7203
vn -0.1864 0.6937 -0.6957
vn -0.0000 0.1935 -0.9811
vn -0.2539 0.1935 -0.9477
vn -0.1045 0.9779 -0.1810
vn -0.3601 0.6937 -0.6238
vn -0.4905 0.1935 -0.8497
vn -0.1478 0.9779 -0.1478
vn -0.5093 0.6937 -0.5093
vn -0.6937 0.1935 -0.6937
vn -0.1810 0.9779 -0.1045
vn -0.6238 0.6937 -0.3601
vn -0.8497 0.1935 -0.4905
vn -0.2019 0.9779 -0.0541
vn -0.6957 0.6937 -0.1864
vn -0.9477 0.1935 -0.2539
vn -0.2090 0.9779 -0.0000
vn -0.7203 0.6937 -0.0000
vn -0.9811 0.1935 -0.0000
vn -0.2019 0.9779 0.0541
vn -0.6957 0.6937 0.1864
vn -0.9477 0.1935 0.2539
vn -0.1810 0.9779 0.1045
vn -0.6238 0.6937 0.3601
vn -0.8497 0.1935 0.4905
vn -0.1478 0.9779 0.1478
vn -0.5093 0.6937 0.5093
vn -0.6937 0.1935 0.6937
vn -0.1045 0.9779 0.1810
vn -0.3601 0.6937 0.6238
vn -0.4905 0.1935 0.8497
vn -0.0541 0.9779 0.2019
vn -0.1864 0.6937 0.6957
vn -0.2539 0.1935 0.9477
vn -0.0000 0.9779 0.2090
vn -0.0000 0.6937 0.7203
vn -0.0000 0.1935 0.9811
vn 0.0541 0.9779 0.2019
vn 0.1864 0.6937 0.6957
vn 0.2539 0.1935 0.9477
vn 0.1045 0.9779 0.1810
vn 0.3601 0.6937 0.6238
vn 0.4905 0.1935 0.8497
vn 0.1478 0.9779 0.1478
vn 0.5093 0.6937 0.5093
vn 0.6937 0.1935 0.6937
vn 0.1810 0.9779 0.1045
vn 0.6238 0.6937 0.3601
vn 0.8497 0.1935 0.4905
vn 0.2019 0.9779 0.0541
vn 0.6957 0.6937 0.1864
vn 0.9477 0.1935 0.2539
vn 0.2090 0.9779 -0.0000
vn 0.7203 0.6937 -0.0000
vn 0.9811 0.1935 -0.0000
vn 0.2019 0.9779 -0.0541
vn 0.6957 0.6937 -0.1864
vn 0.9477 0.1935 -0.2539
vn 0.1810 0.9779 -0.1045
vn 0.6238 0.6937 -0.3601
vn 0.8497 0.1935 -0.4905
vn 0.1478 0.9779 -0.1478
vn 0.5093 0.6937 -0.5093
vn 0.6937 0.1935 -0.6937
vn 0.1045 0.9779 -0.1810
vn 0.3601 0.6937 -0.6238
vn 0.4905 0.1935 -0.8497
vn 0.0541 0.9779 -0.2019
vn 0.1864 0.6937 -0.6957
vn 0.2539 0.1935 -0.9477
vn 0.2557 0.1548 0.9543
vn -0.0000 0.1548 0.9879
vn -0.0000 0.6953 0.7187
vn 0.1860 0.6953 0.6942
vn -0.0000 0.9831 0.1833
vn 0.0474 0.9831 0.1770
vn 0.4940 0.1548 0.8556
vn 0.3593 0.6953 0.6224
vn 0.0916 0.9831 0.1587
vn 0.6986 0.1548 0.6986
vn 0.5082 0.6953 0.5082
vn 0.1296 0.9831 0.1296
vn 0.8556 0.1548 0.4940
vn 0.6224 0.6953 0.3593
vn 0.1587 0.9831 0.0916
vn 0.9543 0.1548 0.2557
vn 0.6942 0.6953 0.1860
vn 0.1770 0.9831 0.0474
vn 0.9879 0.1548 -0.0000
vn 0.7187 0.6953 -0.0000
vn 0.1833 0.9831 -0.0000
vn 0.9543 0.1548 -0.2557
vn 0.6942 0.6953 -0.1860
vn 0.1770 0.9831 -0.0474
vn 0.8556 0.1548 -0.4940
vn 0.6224 0.6953 -0.3593
vn 0.1587 0.9831 -0.0916
vn 0.6986 0.1548 -0.6986
vn 0.5082 0.6953 -0.5082
vn 0.1296 0.9831 -0.1296
vn 0.4940 0.1548 -0.8556
vn 0.3593 0.6953 -0.6224
vn 0.0916 0.9831 -0.1587
vn 0.2557 0.1548 -0.9543
vn 0.1860 0.6953 -0.6942
vn 0.0474 0.9831 -0.1770
vn -0.0000 0.1548 -0.9879
vn -0.0000 0.6953 -0.7187
vn -0.0000 0.9831 -0.1833
vn -0.2557 0.1548 -0.9543
vn -0.1860 0.6953 -0.6942
vn -0.0474 0.9831 -0.1770
vn -0.4940 0.1548 -0.8556
vn -0.3593 0.6953 -0.6224
vn -0.0916 0.9831 -0.1587
vn -0.6986 0.1548 -0.6986
vn -0.5082 0.6953 -0.5082
vn -0.1296 0.9831 -0.1296
vn -0.8556 0.1548 -0.4940
vn -0.6224 0.6953 -0.3593
vn -0.1587 0.9831 -0.0916
vn -0.9543 0.1548 -0.2557
vn -0.6942 0.6953 -0.1860
vn -0.1770 0.9831 -0.0474
vn -0.9879 0.1548 -0.0000
vn -0.7187 0.6953 -0.0000
vn -0.1833 0.9831 -0.0000
vn -0.9543 0.1548 0.2557
vn -0.6942 0.6953 0.1860
vn -0.1770 0.9831 0.0474
vn -0.8556 0.1548 0.4940
vn -0.6224 0.6953 0.3593
vn -0.1587 0.9831 0.0916
vn -0.6986 0.1548 0.6986
vn -0.5082 0.6953 0.5082
vn -0.1296 0.9831 0.1296
vn -0.4940 0.1548 0.8556
vn -0.3593 0.6953 0.6224
vn -0.0916 0.9831 0.1587
vn -0.2557 0.1548 0.9543
vn -0.1860 0.6953 0.6942
vn -0.0474 0.9831 0.1770
vt 0.208181 0.316462
vt 0.190510 0.312649
vt 0.195962 0.289875
vt 0.213515 0.293015
vt 0.214234 0.261277
vt 0.228419 0.262261
vt 0.231046 0.296836
vt 0.212913 0.225471
vt 0.226643 0.225949
vt 0.112587 0.273399
vt 0.115083 0.137468
vt 0.126844 0.140835
vt 0.124414 0.270255
vt 0.169425 0.280739
vt 0.172307 0.132063
vt 0.190510 0.149507
vt 0.188248 0.264271
vt 0.156109 0.276483
vt 0.158773 0.135642
vt 0.145633 0.272967
vt 0.148098 0.138679
vt 0.212931 0.111026
vt 0.199182 0.225003
vt 0.199241 0.111494
vt 0.082763 0.263434
vt 0.084709 0.146985
vt 0.103584 0.132700
vt 0.101009 0.277990
vt 0.134270 0.271218
vt 0.136727 0.140098
vt 0.226619 0.110546
vt 0.024823 0.048455
vt 0.047344 0.068927
vt 0.042453 0.074626
vt 0.021062 0.054922
vt 0.055885 0.059711
vt 0.039437 0.032360
vt 0.057556 0.012963
vt 0.068926 0.045984
vt 0.118844 0.131697
vt 0.130428 0.135839
vt 0.131284 0.105915
vt 0.143892 0.118728
vt 0.136553 0.121129
vt 0.125116 0.110410
vt 0.064912 0.096970
vt 0.069435 0.090765
vt 0.138385 0.133583
vt 0.107909 0.126313
vt 0.091368 0.123169
vt 0.095577 0.115476
vt 0.086999 0.073576
vt 0.078126 0.081516
vt 0.112684 0.097010
vt 0.103799 0.104614
vt 0.078322 0.011088
vt 0.088991 0.038330
vt 0.032166 0.040383
vt 0.051617 0.064335
vt 0.264143 0.046880
vt 0.269336 0.049125
vt 0.268893 0.060289
vt 0.263450 0.065401
vt 0.127555 0.126224
vt 0.134267 0.134639
vt 0.116555 0.118141
vt 0.029606 0.091945
vt 0.012093 0.074522
vt 0.073803 0.086133
vt 0.053135 0.115631
vt 0.105828 0.063299
vt 0.099653 0.109942
vt 0.130033 0.083488
vt 0.242672 0.046747
vt 0.242166 0.064897
vt 0.242166 0.011414
vt 0.263693 0.011087
vt 0.269297 0.037785
vt 0.200043 0.260416
vt 0.242166 0.325404
vt 0.208183 0.020036
vt 0.213522 0.043481
vt 0.195969 0.046624
vt 0.190513 0.023852
vt 0.231053 0.039658
vt 0.228428 0.074237
vt 0.214244 0.075218
vt 0.026317 0.366392
vt 0.022193 0.360144
vt 0.042398 0.339162
vt 0.047596 0.344592
vt 0.056624 0.353344
vt 0.070402 0.366360
vt 0.061050 0.399992
vt 0.041818 0.381654
vt 0.127967 0.275260
vt 0.116352 0.279166
vt 0.129413 0.304347
vt 0.123087 0.300093
vt 0.134218 0.289614
vt 0.141595 0.291975
vt 0.063644 0.315455
vt 0.068461 0.321476
vt 0.135936 0.277639
vt 0.105481 0.284430
vt 0.093528 0.295547
vt 0.089113 0.287857
vt 0.077591 0.330360
vt 0.086838 0.337894
vt 0.102100 0.306252
vt 0.111269 0.313599
vt 0.090851 0.372862
vt 0.081876 0.400626
vt 0.034103 0.374043
vt 0.052111 0.348950
vt 0.264143 0.083922
vt 0.263450 0.065401
vt 0.268893 0.070512
vt 0.269336 0.081676
vt 0.125120 0.284633
vt 0.131809 0.276519
vt 0.114298 0.292572
vt 0.012093 0.341083
vt 0.028584 0.322575
vt 0.073048 0.325926
vt 0.050971 0.297261
vt 0.106166 0.347260
vt 0.097773 0.301012
vt 0.129239 0.326331
vt 0.242671 0.084055
vt 0.242166 0.065904
vt 0.242166 0.119388
vt 0.263693 0.119714
vt 0.269296 0.093017
vt 0.200055 0.076082
vt 0.242166 0.011087
vt 0.211614 0.735192
vt 0.216948 0.711746
vt 0.199395 0.708606
vt 0.193942 0.731379
vt 0.234479 0.715566
vt 0.231851 0.680992
vt 0.217667 0.680007
vt 0.230075 0.644680
vt 0.216346 0.644202
vt 0.116019 0.692129
vt 0.127847 0.688986
vt 0.130276 0.559565
vt 0.118515 0.556198
vt 0.172858 0.699469
vt 0.191680 0.683001
vt 0.193942 0.568237
vt 0.175739 0.550793
vt 0.159541 0.695214
vt 0.162205 0.554372
vt 0.149065 0.691697
vt 0.151531 0.557409
vt 0.216363 0.529757
vt 0.202673 0.530225
vt 0.202614 0.643734
vt 0.086195 0.682165
vt 0.104441 0.696721
vt 0.107017 0.551430
vt 0.088141 0.565715
vt 0.137702 0.689949
vt 0.140159 0.558828
vt 0.230051 0.529276
vt 0.028255 0.467186
vt 0.024494 0.473653
vt 0.045885 0.493356
vt 0.050777 0.487657
vt 0.059318 0.478441
vt 0.072358 0.464714
vt 0.060988 0.431693
vt 0.042869 0.451091
vt 0.133860 0.554569
vt 0.122276 0.550427
vt 0.134716 0.524646
vt 0.128548 0.529140
vt 0.139985 0.539860
vt 0.147324 0.537458
vt 0.068344 0.515701
vt 0.072867 0.509495
vt 0.141817 0.552314
vt 0.111341 0.545044
vt 0.099009 0.534206
vt 0.094800 0.541900
vt 0.081558 0.500247
vt 0.090431 0.492306
vt 0.107231 0.523345
vt 0.116116 0.515741
vt 0.092424 0.457060
vt 0.081754 0.429818
vt 0.035598 0.459114
vt 0.055049 0.483066
vt 0.267575 0.465610
vt 0.266883 0.484131
vt 0.272325 0.479020
vt 0.272768 0.467856
vt 0.130987 0.544954
vt 0.137699 0.553370
vt 0.119987 0.536871
vt 0.015526 0.493253
vt 0.033038 0.510676
vt 0.077235 0.504863
vt 0.056568 0.534361
vt 0.109260 0.482029
vt 0.103085 0.528672
vt 0.133466 0.502218
vt 0.246104 0.465477
vt 0.245598 0.483628
vt 0.245598 0.430144
vt 0.267125 0.429818
vt 0.272729 0.456515
vt 0.203475 0.679147
vt 0.245598 0.744134
vt 0.211615 0.438767
vt 0.193945 0.442583
vt 0.199402 0.465355
vt 0.216954 0.462212
vt 0.217677 0.493948
vt 0.231861 0.492968
vt 0.234485 0.458388
vt 0.029749 0.785122
vt 0.051028 0.763323
vt 0.045830 0.757892
vt 0.025625 0.778875
vt 0.060056 0.772074
vt 0.045250 0.800384
vt 0.064482 0.818723
vt 0.073834 0.785091
vt 0.119785 0.697897
vt 0.131400 0.693991
vt 0.132845 0.723078
vt 0.145027 0.710706
vt 0.137650 0.708345
vt 0.126519 0.718823
vt 0.067076 0.734185
vt 0.071893 0.740207
vt 0.139368 0.696369
vt 0.108913 0.703160
vt 0.092545 0.706588
vt 0.096960 0.714277
vt 0.090270 0.756624
vt 0.081023 0.749091
vt 0.114701 0.732330
vt 0.105532 0.724983
vt 0.085308 0.819356
vt 0.094283 0.791593
vt 0.037536 0.792773
vt 0.055543 0.767681
vt 0.267575 0.502652
vt 0.272768 0.500407
vt 0.272325 0.489243
vt 0.266883 0.484131
vt 0.128552 0.703363
vt 0.135241 0.695250
vt 0.117731 0.711302
vt 0.032016 0.741305
vt 0.015526 0.759814
vt 0.076480 0.744656
vt 0.054403 0.715992
vt 0.109598 0.765990
vt 0.101205 0.719743
vt 0.132672 0.745061
vt 0.246104 0.502786
vt 0.245598 0.484635
vt 0.245598 0.538118
vt 0.267125 0.538445
vt 0.272729 0.511748
vt 0.203487 0.494812
vt 0.245598 0.429818
vt 0.970549 0.656705
vt 0.993901 0.656705
vt 0.993901 0.661703
vt 0.970548 0.661703
vt 0.993901 0.667044
vt 0.970548 0.667044
vt 0.993901 0.672398
vt 0.970548 0.672398
vt 0.993901 0.677430
vt 0.970548 0.677430
vt 0.947196 0.656705
vt 0.947196 0.661703
vt 0.947196 0.667044
vt 0.947196 0.672398
vt 0.947196 0.677429
vt 0.923844 0.656705
vt 0.923844 0.661703
vt 0.923844 0.667044
vt 0.923844 0.672398
vt 0.923844 0.677429
vt 0.900491 0.656704
vt 0.900491 0.661703
vt 0.900491 0.667044
vt 0.900491 0.672398
vt 0.900491 0.677429
vt 0.877139 0.656704
vt 0.877139 0.661703
vt 0.877139 0.667044
vt 0.877139 0.672398
vt 0.877139 0.677429
vt 0.853786 0.656704
vt 0.853786 0.661703
vt 0.853786 0.667044
vt 0.853786 0.672397
vt 0.853786 0.677429
vt 0.830434 0.656704
vt 0.830434 0.661703
vt 0.830434 0.667044
vt 0.830434 0.672397
vt 0.830434 0.677429
vt 0.807082 0.656704
vt 0.807082 0.661703
vt 0.807082 0.667044
vt 0.807082 0.672397
vt 0.807082 0.677429
vt 0.783729 0.656704
vt 0.783729 0.661703
vt 0.783729 0.667043
vt 0.783729 0.672397
vt 0.783729 0.677429
vt 0.760377 0.656704
vt 0.760377 0.661703
vt 0.760377 0.667043
vt 0.760377 0.672397
vt 0.760377 0.677429
vt 0.737025 0.656704
vt 0.737024 0.661702
vt 0.737024 0.667043
vt 0.737024 0.672397
vt 0.737024 0.677429
vt 0.713672 0.656704
vt 0.713672 0.661702
vt 0.713672 0.667043
vt 0.713672 0.672397
vt 0.713672 0.677429
vt 0.690320 0.656704
vt 0.690320 0.661702
vt 0.690320 0.667043
vt 0.690320 0.672397
vt 0.690320 0.677429
vt 0.666967 0.656704
vt 0.666967 0.661702
vt 0.666967 0.667043
vt 0.666967 0.672397
vt 0.666967 0.677429
vt 0.643615 0.656704
vt 0.643615 0.661702
vt 0.643615 0.667043
vt 0.643615 0.672397
vt 0.643615 0.677428
vt 0.620263 0.656703
vt 0.620262 0.661702
vt 0.620262 0.667043
vt 0.620262 0.672397
vt 0.620262 0.677428
vt 0.596910 0.656703
vt 0.596910 0.661702
vt 0.596910 0.667043
vt 0.596910 0.672396
vt 0.596910 0.677428
vt 0.573558 0.656703
vt 0.573558 0.661702
vt 0.573558 0.667043
vt 0.573558 0.672396
vt 0.573558 0.677428
vt 0.550205 0.656703
vt 0.550205 0.661702
vt 0.550205 0.667043
vt 0.550205 0.672396
vt 0.550205 0.677428
vt 0.526853 0.656703
vt 0.526853 0.661702
vt 0.526853 0.667043
vt 0.526853 0.672396
vt 0.526853 0.677428
vt 0.503500 0.656703
vt 0.503500 0.661702
vt 0.503500 0.667042
vt 0.503500 0.672396
vt 0.503500 0.677428
vt 0.480148 0.656703
vt 0.480148 0.661702
vt 0.480148 0.667042
vt 0.480148 0.672396
vt 0.480148 0.677428
vt 0.456796 0.656703
vt 0.456796 0.661702
vt 0.456796 0.667042
vt 0.456796 0.672396
vt 0.456796 0.677428
vt 0.433443 0.656703
vt 0.433443 0.661701
vt 0.433443 0.667042
vt 0.433443 0.672396
vt 0.433443 0.677428
vt 0.446005 0.019871
vt 0.474596 0.088894
vt 0.429115 0.148166
vt 0.456796 0.651923
vt 0.433443 0.651923
vt 0.993901 0.651925
vt 0.970549 0.651925
vt 0.947196 0.651925
vt 0.923844 0.651925
vt 0.900491 0.651925
vt 0.877139 0.651925
vt 0.853786 0.651925
vt 0.830434 0.651925
vt 0.807082 0.651924
vt 0.783729 0.651924
vt 0.760377 0.651924
vt 0.737025 0.651924
vt 0.713672 0.651924
vt 0.690320 0.651924
vt 0.666967 0.651924
vt 0.643615 0.651924
vt 0.620263 0.651924
vt 0.596910 0.651924
vt 0.573558 0.651924
vt 0.550205 0.651923
vt 0.526853 0.651923
vt 0.503501 0.651923
vt 0.480148 0.651923
vt 0.553241 0.227044
vt 0.560329 0.230217
vt 0.548679 0.269555
vt 0.540961 0.268300
vt 0.567793 0.233564
vt 0.556695 0.270836
vt 0.575262 0.236912
vt 0.564756 0.272128
vt 0.582407 0.240112
vt 0.572493 0.273370
vt 0.575778 0.190360
vt 0.581876 0.195329
vt 0.588181 0.200473
vt 0.594515 0.205625
vt 0.600588 0.210557
vt 0.607077 0.160846
vt 0.611645 0.167184
vt 0.616411 0.173747
vt 0.621201 0.180365
vt 0.625795 0.186707
vt 0.644897 0.140344
vt 0.647680 0.147596
vt 0.650602 0.155239
vt 0.653517 0.162876
vt 0.656314 0.170192
vt 0.686784 0.130296
vt 0.687591 0.138126
vt 0.688416 0.146228
vt 0.689256 0.154354
vt 0.690066 0.162142
vt 0.729838 0.131553
vt 0.728575 0.139268
vt 0.727278 0.147311
vt 0.725990 0.155368
vt 0.724755 0.163101
vt 0.771092 0.143847
vt 0.767878 0.150972
vt 0.764542 0.158403
vt 0.761211 0.165863
vt 0.758013 0.173011
vt 0.807758 0.166397
vt 0.802811 0.172448
vt 0.797667 0.178761
vt 0.792507 0.185113
vt 0.787572 0.191190
vt 0.837332 0.197674
vt 0.830987 0.202240
vt 0.824383 0.207008
vt 0.817764 0.211798
vt 0.811422 0.216394
vt 0.857804 0.235538
vt 0.850494 0.238306
vt 0.842883 0.241203
vt 0.835250 0.244118
vt 0.827937 0.246915
vt 0.867777 0.277407
vt 0.860002 0.278191
vt 0.851902 0.279023
vt 0.843778 0.279864
vt 0.835991 0.280672
vt 0.866547 0.320423
vt 0.858871 0.319192
vt 0.850848 0.317906
vt 0.842780 0.316609
vt 0.835037 0.315364
vt 0.854305 0.361691
vt 0.847168 0.358517
vt 0.839713 0.355168
vt 0.832253 0.351820
vt 0.825115 0.348621
vt 0.831755 0.398370
vt 0.825653 0.393404
vt 0.819344 0.388261
vt 0.813009 0.383109
vt 0.806936 0.378177
vt 0.800454 0.427886
vt 0.795885 0.421549
vt 0.791118 0.414985
vt 0.786327 0.408368
vt 0.781732 0.402026
vt 0.762633 0.448388
vt 0.759849 0.441136
vt 0.756928 0.433493
vt 0.754013 0.425856
vt 0.751215 0.418540
vt 0.720745 0.458438
vt 0.719938 0.450607
vt 0.719114 0.442505
vt 0.718273 0.434379
vt 0.717463 0.426591
vt 0.677691 0.457181
vt 0.678954 0.449466
vt 0.680251 0.441423
vt 0.681539 0.433366
vt 0.682774 0.425633
vt 0.636436 0.444888
vt 0.639650 0.437762
vt 0.642986 0.430332
vt 0.646318 0.422872
vt 0.649516 0.415724
vt 0.599769 0.422337
vt 0.604717 0.416287
vt 0.609861 0.409974
vt 0.615021 0.403623
vt 0.619956 0.397547
vt 0.570195 0.391059
vt 0.576540 0.386494
vt 0.583144 0.381726
vt 0.589764 0.376936
vt 0.596106 0.372341
vt 0.549722 0.353194
vt 0.557032 0.350427
vt 0.564645 0.347530
vt 0.572278 0.344616
vt 0.579591 0.341820
vt 0.539747 0.311322
vt 0.547524 0.310541
vt 0.555625 0.309711
vt 0.563751 0.308871
vt 0.571538 0.308063
vt 0.532305 0.312122
vt 0.533562 0.267145
vt 0.546396 0.224014
vt 0.569953 0.185664
vt 0.602652 0.154736
vt 0.642244 0.133343
vt 0.686018 0.122906
vt 0.730997 0.124157
vt 0.774122 0.137001
vt 0.812456 0.160569
vt 0.843378 0.193260
vt 0.864786 0.232838
vt 0.875219 0.276607
vt 0.873951 0.321579
vt 0.861146 0.364721
vt 0.837581 0.403067
vt 0.804879 0.433995
vt 0.765286 0.455389
vt 0.721512 0.465826
vt 0.676532 0.464576
vt 0.633406 0.451733
vt 0.595072 0.428165
vt 0.564149 0.395473
vt 0.542740 0.355893
vt 0.438114 0.184364
vt 0.418706 0.256863
vt 0.417073 0.256648
vt 0.436593 0.183734
vt 0.415443 0.256434
vt 0.435074 0.183106
vt 0.475633 0.119352
vt 0.474326 0.118349
vt 0.473022 0.117349
vt 0.528715 0.066264
vt 0.527711 0.064957
vt 0.526711 0.063653
vt 0.593726 0.028733
vt 0.593096 0.027211
vt 0.592467 0.025692
vt 0.666225 0.009304
vt 0.666011 0.007670
vt 0.665796 0.006041
vt 0.741281 0.009308
vt 0.741496 0.007675
vt 0.741710 0.006045
vt 0.813779 0.028723
vt 0.814409 0.027201
vt 0.815037 0.025683
vt 0.878782 0.066247
vt 0.879785 0.064940
vt 0.880785 0.063636
vt 0.931856 0.119319
vt 0.933163 0.118316
vt 0.934467 0.117315
vt 0.969387 0.184315
vt 0.970909 0.183684
vt 0.972427 0.183056
vt 0.988819 0.256810
vt 0.990452 0.256595
vt 0.992081 0.256380
vt 0.988818 0.331861
vt 0.990452 0.332076
vt 0.992081 0.332290
vt 0.969423 0.404355
vt 0.970944 0.404985
vt 0.972463 0.405613
vt 0.931901 0.469377
vt 0.933209 0.470379
vt 0.934513 0.471379
vt 0.878818 0.522467
vt 0.879821 0.523774
vt 0.880822 0.525078
vt 0.813805 0.559999
vt 0.814435 0.561521
vt 0.815064 0.563040
vt 0.741305 0.579429
vt 0.741519 0.581062
vt 0.741734 0.582692
vt 0.666248 0.579426
vt 0.666033 0.581059
vt 0.665819 0.582688
vt 0.593748 0.560011
vt 0.593118 0.561532
vt 0.592490 0.563051
vt 0.528745 0.522485
vt 0.527742 0.523792
vt 0.526741 0.525096
vt 0.475669 0.469412
vt 0.474362 0.470415
vt 0.473058 0.471416
vt 0.438138 0.404414
vt 0.436616 0.405045
vt 0.435097 0.405674
vt 0.418705 0.331917
vt 0.417072 0.332132
vt 0.415443 0.332347
vt 0.443474 0.186583
vt 0.424453 0.257619
vt 0.422898 0.257414
vt 0.442025 0.185983
vt 0.421328 0.257208
vt 0.440562 0.185378
vt 0.480234 0.122881
vt 0.478989 0.121927
vt 0.477733 0.120963
vt 0.532244 0.070864
vt 0.531288 0.069618
vt 0.530325 0.068363
vt 0.595946 0.034089
vt 0.595346 0.032641
vt 0.594740 0.031178
vt 0.666983 0.015056
vt 0.666778 0.013500
vt 0.666571 0.011931
vt 0.740524 0.015054
vt 0.740729 0.013499
vt 0.740935 0.011930
vt 0.811560 0.034083
vt 0.812160 0.032633
vt 0.812765 0.031171
vt 0.875251 0.070848
vt 0.876206 0.069603
vt 0.877170 0.068347
vt 0.927257 0.122848
vt 0.928502 0.121892
vt 0.929758 0.120929
vt 0.964030 0.186534
vt 0.965480 0.185934
vt 0.966942 0.185329
vt 0.983067 0.257567
vt 0.984622 0.257363
vt 0.986192 0.257156
vt 0.983071 0.331106
vt 0.984626 0.331310
vt 0.986196 0.331517
vt 0.964062 0.402137
vt 0.965512 0.402737
vt 0.966974 0.403342
vt 0.927300 0.465847
vt 0.928545 0.466802
vt 0.929801 0.467765
vt 0.875289 0.517867
vt 0.876244 0.519113
vt 0.877208 0.520368
vt 0.811585 0.554642
vt 0.812186 0.556091
vt 0.812791 0.557554
vt 0.740547 0.573676
vt 0.740752 0.575233
vt 0.740959 0.576802
vt 0.667005 0.573679
vt 0.666800 0.575234
vt 0.666593 0.576804
vt 0.595968 0.554650
vt 0.595368 0.556100
vt 0.594762 0.557563
vt 0.532275 0.517884
vt 0.531320 0.519129
vt 0.530357 0.520385
vt 0.480269 0.465883
vt 0.479023 0.466839
vt 0.477767 0.467802
vt 0.443494 0.402195
vt 0.442045 0.402795
vt 0.440583 0.403401
vt 0.424457 0.331160
vt 0.422902 0.331364
vt 0.421332 0.331571
vt 0.456796 0.589960
vt 0.433443 0.589960
vt 0.993901 0.589962
vt 0.970549 0.589962
vt 0.947196 0.589962
vt 0.923844 0.589962
vt 0.900492 0.589962
vt 0.877139 0.589962
vt 0.853787 0.589962
vt 0.830434 0.589962
vt 0.807082 0.589961
vt 0.783729 0.589961
vt 0.760377 0.589961
vt 0.737025 0.589961
vt 0.713672 0.589961
vt 0.690320 0.589961
vt 0.666968 0.589961
vt 0.643615 0.589961
vt 0.620263 0.589961
vt 0.596910 0.589961
vt 0.573558 0.589961
vt 0.550205 0.589960
vt 0.526853 0.589960
vt 0.503501 0.589960
vt 0.480148 0.589960
vt 0.410276 0.153214
vt 0.390773 0.153214
vt 0.371934 0.148166
vt 0.355044 0.138414
vt 0.341253 0.124623
vt 0.326454 0.069391
vt 0.331501 0.107733
vt 0.326454 0.088894
vt 0.331501 0.050552
vt 0.341253 0.033662
vt 0.355044 0.019871
vt 0.371934 0.010119
vt 0.390773 0.005072
vt 0.410276 0.005072
vt 0.429115 0.010119
vt 0.459796 0.033662
vt 0.469548 0.050552
vt 0.474596 0.069391
vt 0.469548 0.107733
vt 0.459796 0.124623
vt 0.446005 0.138414
s 1
usemtl PanciAir
f 1165/1475/1131 1134/1476/1132 1131/1477/1133 1166/1478/1133
f 1166/1478/1133 1167/1479/1134 1140/1480/1135 1133/1481/1136
f 1167/1479/1134 1168/1482/1137 1141/1483/1138 1140/1480/1135
f 1179/1484/1139 1130/1485/1140 1135/1486/1141 1184/1487/1142
f 1191/1488/1143 1142/1489/1144 1141/1490/1145 1190/1491/1145
f 1181/1492/1146 1132/1493/1147 1142/1489/1144 1191/1488/1143
f 1185/1494/1148 1136/1495/1149 1132/1493/1147 1181/1492/1146
f 1217/1496/1150 1168/1482/1137 1138/1497/1151 1187/1498/1152
f 1187/1499/1153 1138/1500/1153 1137/1501/1154 1186/1502/1155
f 1226/1503/1156 1177/1504/1157 1136/1495/1149 1185/1494/1148
f 1190/1505/1158 1141/1483/1138 1168/1482/1137 1217/1496/1150
f 1151/1506/1159 1146/1507/1160 1147/1508/1161 1152/1509/1162
f 1150/1510/1163 1144/1511/1164 1143/1512/1165 1149/1513/1166
f 1135/1486/1141 1130/1485/1140 1145/1514/1167 1153/1515/1168
f 1142/1516/1144 1132/1517/1147 1148/1518/1169 1164/1519/1170
f 1159/1520/1171 1147/1508/1161 1146/1507/1160 1158/1521/1172
f 1132/1517/1147 1136/1495/1149 1154/1522/1173 1148/1518/1169
f 1130/1485/1140 1137/1501/1154 1155/1523/1174 1145/1514/1167
f 1137/1501/1154 1156/1524/1175 1157/1525/1176 1155/1523/1174
f 1156/1524/1175 1159/1520/1171 1158/1521/1172 1157/1525/1176
f 1149/1513/1166 1160/1526/1177 1161/1527/1178 1150/1510/1163
f 1160/1526/1177 1162/1528/1179 1163/1529/1180 1161/1527/1178
f 1162/1528/1179 1142/1516/1144 1164/1519/1170 1163/1529/1180
f 1149/1513/1166 1143/1512/1165 1129/1530/1181 1133/1531/1182
f 1169/1532/1183 1170/1533/1184 1146/1507/1160 1151/1506/1159
f 1176/1534/1185 1169/1535/1185 1151/1536/1185 1152/1537/1185
f 1171/1538/1186 1148/1518/1169 1154/1522/1173 1172/1539/1187
f 1173/1540/1188 1164/1519/1170 1148/1518/1169 1171/1538/1186
f 1152/1509/1162 1147/1508/1161 1131/1541/1153 1134/1542/1153
f 1170/1533/1184 1150/1510/1163 1161/1527/1178 1174/1543/1189
f 1147/1508/1161 1159/1520/1171 1139/1544/1153 1131/1541/1153
f 1160/1526/1177 1149/1513/1166 1133/1531/1182 1140/1545/1190
f 1175/1546/1191 1163/1529/1180 1164/1519/1170 1173/1540/1188
f 1156/1524/1175 1137/1501/1154 1138/1500/1153
f 1174/1543/1189 1161/1527/1178 1163/1529/1180 1175/1546/1191
f 1159/1520/1171 1156/1524/1175 1138/1500/1153 1139/1544/1153
f 1162/1528/1179 1160/1526/1177 1140/1545/1190 1141/1547/1145
f 1142/1516/1144 1162/1528/1179 1141/1547/1145
f 1165/1548/1185 1176/1534/1185 1152/1537/1185 1134/1549/1185
f 1129/1550/1185 1143/1551/1185 1176/1534/1185 1165/1548/1185
f 1158/1521/1172 1174/1543/1189 1175/1546/1191 1157/1525/1176
f 1157/1525/1176 1175/1546/1191 1173/1540/1188 1155/1523/1174
f 1146/1507/1160 1170/1533/1184 1174/1543/1189 1158/1521/1172
f 1155/1523/1174 1173/1540/1188 1171/1538/1186 1145/1514/1167
f 1145/1514/1167 1171/1538/1186 1172/1539/1187 1153/1515/1168
f 1143/1551/1185 1144/1552/1185 1169/1535/1185 1176/1534/1185
f 1144/1511/1164 1150/1510/1163 1170/1533/1184 1169/1532/1183
f 1184/1487/1142 1135/1486/1141 1177/1504/1157 1226/1503/1156
f 1139/1553/1192 1138/1497/1151 1168/1482/1137 1167/1479/1134
f 1131/1477/1133 1139/1553/1192 1167/1479/1134 1166/1478/1133
f 1129/1554/1193 1165/1475/1131 1166/1478/1133 1133/1481/1136
f 1177/1504/1157 1135/1486/1141 1153/1515/1168 1172/1539/1187
f 1136/1495/1149 1177/1504/1157 1172/1539/1187 1154/1522/1173
f 1214/1555/1194 1215/1556/1195 1180/1557/1195 1183/1558/1196
f 1215/1556/1195 1182/1559/1197 1189/1560/1198 1216/1561/1199
f 1216/1561/1199 1189/1560/1198 1190/1505/1158 1217/1496/1150
f 1200/1562/1200 1201/1563/1201 1196/1564/1202 1195/1565/1203
f 1199/1566/1204 1198/1567/1205 1192/1568/1206 1193/1569/1207
f 1184/1487/1142 1202/1570/1208 1194/1571/1209 1179/1484/1139
f 1191/1572/1143 1213/1573/1210 1197/1574/1211 1181/1575/1146
f 1208/1576/1212 1207/1577/1213 1195/1565/1203 1196/1564/1202
f 1181/1575/1146 1197/1574/1211 1203/1578/1214 1185/1494/1148
f 1179/1484/1139 1194/1571/1209 1204/1579/1215 1186/1502/1155
f 1186/1502/1155 1204/1579/1215 1206/1580/1216 1205/1581/1217
f 1205/1581/1217 1206/1580/1216 1207/1577/1213 1208/1576/1212
f 1198/1567/1205 1199/1566/1204 1210/1582/1218 1209/1583/1219
f 1209/1583/1219 1210/1582/1218 1212/1584/1220 1211/1585/1221
f 1211/1585/1221 1212/1584/1220 1213/1573/1210 1191/1572/1143
f 1198/1567/1205 1182/1586/1222 1178/1587/1223 1192/1568/1206
f 1218/1588/1224 1200/1562/1200 1195/1565/1203 1219/1589/1225
f 1225/1590/1226 1201/1591/1226 1200/1592/1226 1218/1593/1226
f 1220/1594/1227 1221/1595/1228 1203/1578/1214 1197/1574/1211
f 1222/1596/1229 1220/1594/1227 1197/1574/1211 1213/1573/1210
f 1201/1563/1201 1183/1597/1153 1180/1598/1153 1196/1564/1202
f 1219/1589/1225 1223/1599/1230 1210/1582/1218 1199/1566/1204
f 1196/1564/1202 1180/1598/1153 1188/1600/1153 1208/1576/1212
f 1209/1583/1219 1189/1601/1190 1182/1586/1222 1198/1567/1205
f 1224/1602/1231 1222/1596/1229 1213/1573/1210 1212/1584/1220
f 1205/1581/1217 1187/1499/1153 1186/1502/1155
f 1223/1599/1230 1224/1602/1231 1212/1584/1220 1210/1582/1218
f 1208/1576/1212 1188/1600/1153 1187/1499/1153 1205/1581/1217
f 1211/1585/1221 1190/1603/1145 1189/1601/1190 1209/1583/1219
f 1191/1572/1143 1190/1603/1145 1211/1585/1221
f 1214/1604/1226 1183/1605/1226 1201/1591/1226 1225/1590/1226
f 1178/1606/1226 1214/1604/1226 1225/1590/1226 1192/1607/1226
f 1207/1577/1213 1206/1580/1216 1224/1602/1231 1223/1599/1230
f 1206/1580/1216 1204/1579/1215 1222/1596/1229 1224/1602/1231
f 1195/1565/1203 1207/1577/1213 1223/1599/1230 1219/1589/1225
f 1204/1579/1215 1194/1571/1209 1220/1594/1227 1222/1596/1229
f 1194/1571/1209 1202/1570/1208 1221/1595/1228 1220/1594/1227
f 1192/1607/1226 1225/1590/1226 1218/1593/1226 1193/1608/1226
f 1193/1569/1207 1218/1588/1224 1219/1589/1225 1199/1566/1204
f 1188/1609/1232 1216/1561/1199 1217/1496/1150 1187/1498/1152
f 1180/1557/1195 1215/1556/1195 1216/1561/1199 1188/1609/1232
f 1178/1610/1233 1182/1559/1197 1215/1556/1195 1214/1555/1194
f 1226/1503/1156 1221/1595/1228 1202/1570/1208 1184/1487/1142
f 1185/1494/1148 1203/1578/1214 1221/1595/1228 1226/1503/1156
f 1186/1502/1155 1137/1501/1154 1130/1485/1140 1179/1484/1139
f 1263/1611/1234 1264/1612/1235 1229/1613/1235 1232/1614/1236
f 1264/1612/1235 1231/1615/1237 1238/1616/1238 1265/1617/1239
f 1265/1617/1239 1238/1616/1238 1239/1618/1240 1266/1619/1241
f 1277/1620/1242 1282/1621/1243 1233/1622/1244 1228/1623/1245
f 1289/1624/1246 1288/1625/1247 1239/1626/1247 1240/1627/1248
f 1279/1628/1249 1289/1624/1246 1240/1627/1248 1230/1629/1250
f 1283/1630/1251 1279/1628/1249 1230/1629/1250 1234/1631/1252
f 1315/1632/1253 1285/1633/1254 1236/1634/1255 1266/1619/1241
f 1285/1635/1153 1284/1636/1256 1235/1637/1257 1236/1638/1153
f 1324/1639/1258 1283/1630/1251 1234/1631/1252 1275/1640/1259
f 1288/1641/1260 1315/1632/1253 1266/1619/1241 1239/1618/1240
f 1249/1642/1261 1250/1643/1262 1245/1644/1263 1244/1645/1264
f 1248/1646/1265 1247/1647/1266 1241/1648/1267 1242/1649/1268
f 1233/1622/1244 1251/1650/1269 1243/1651/1270 1228/1623/1245
f 1240/1652/1248 1262/1653/1271 1246/1654/1272 1230/1655/1250
f 1257/1656/1273 1256/1657/1274 1244/1645/1264 1245/1644/1263
f 1230/1655/1250 1246/1654/1272 1252/1658/1275 1234/1631/1252
f 1228/1623/1245 1243/1651/1270 1253/1659/1276 1235/1637/1257
f 1235/1637/1257 1253/1659/1276 1255/1660/1277 1254/1661/1278
f 1254/1661/1278 1255/1660/1277 1256/1657/1274 1257/1656/1273
f 1247/1647/1266 1248/1646/1265 1259/1662/1279 1258/1663/1280
f 1258/1663/1280 1259/1662/1279 1261/1664/1281 1260/1665/1282
f 1260/1665/1282 1261/1664/1281 1262/1653/1271 1240/1652/1248
f 1247/1647/1266 1231/1666/1283 1227/1667/1284 1241/1648/1267
f 1267/1668/1285 1249/1642/1261 1244/1645/1264 1268/1669/1286
f 1274/1670/1287 1250/1671/1287 1249/1672/1287 1267/1673/1287
f 1269/1674/1288 1270/1675/1289 1252/1658/1275 1246/1654/1272
f 1271/1676/1290 1269/1674/1288 1246/1654/1272 1262/1653/1271
f 1250/1643/1262 1232/1677/1153 1229/1678/1153 1245/1644/1263
f 1268/1669/1286 1272/1679/1291 1259/1662/1279 1248/1646/1265
f 1245/1644/1263 1229/1678/1153 1237/1680/1153 1257/1656/1273
f 1258/1663/1280 1238/1681/1292 1231/1666/1283 1247/1647/1266
f 1273/1682/1293 1271/1676/1290 1262/1653/1271 1261/1664/1281
f 1254/1661/1278 1236/1638/1153 1235/1637/1257
f 1272/1679/1291 1273/1682/1293 1261/1664/1281 1259/1662/1279
f 1257/1656/1273 1237/1680/1153 1236/1638/1153 1254/1661/1278
f 1260/1665/1282 1239/1683/1247 1238/1681/1292 1258/1663/1280
f 1240/1652/1248 1239/1683/1247 1260/1665/1282
f 1263/1684/1287 1232/1685/1287 1250/1671/1287 1274/1670/1287
f 1227/1686/1287 1263/1684/1287 1274/1670/1287 1241/1687/1287
f 1256/1657/1274 1255/1660/1277 1273/1682/1293 1272/1679/1291
f 1255/1660/1277 1253/1659/1276 1271/1676/1290 1273/1682/1293
f 1244/1645/1264 1256/1657/1274 1272/1679/1291 1268/1669/1286
f 1253/1659/1276 1243/1651/1270 1269/1674/1288 1271/1676/1290
f 1243/1651/1270 1251/1650/1269 1270/1675/1289 1269/1674/1288
f 1241/1687/1287 1274/1670/1287 1267/1673/1287 1242/1688/1287
f 1242/1649/1268 1267/1668/1285 1268/1669/1286 1248/1646/1265
f 1282/1621/1243 1324/1639/1258 1275/1640/1259 1233/1622/1244
f 1237/1689/1294 1265/1617/1239 1266/1619/1241 1236/1634/1255
f 1229/1613/1235 1264/1612/1235 1265/1617/1239 1237/1689/1294
f 1227/1690/1295 1231/1615/1237 1264/1612/1235 1263/1611/1234
f 1275/1640/1259 1270/1675/1289 1251/1650/1269 1233/1622/1244
f 1234/1631/1252 1252/1658/1275 1270/1675/1289 1275/1640/1259
f 1312/1691/1296 1281/1692/1297 1278/1693/1298 1313/1694/1298
f 1313/1694/1298 1314/1695/1299 1287/1696/1300 1280/1697/1301
f 1314/1695/1299 1315/1632/1253 1288/1641/1260 1287/1696/1300
f 1298/1698/1302 1293/1699/1303 1294/1700/1304 1299/1701/1305
f 1297/1702/1306 1291/1703/1307 1290/1704/1308 1296/1705/1309
f 1282/1621/1243 1277/1620/1242 1292/1706/1310 1300/1707/1311
f 1289/1708/1246 1279/1709/1249 1295/1710/1312 1311/1711/1313
f 1306/1712/1314 1294/1700/1304 1293/1699/1303 1305/1713/1315
f 1279/1709/1249 1283/1630/1251 1301/1714/1316 1295/1710/1312
f 1277/1620/1242 1284/1636/1256 1302/1715/1317 1292/1706/1310
f 1284/1636/1256 1303/1716/1318 1304/1717/1319 1302/1715/1317
f 1303/1716/1318 1306/1712/1314 1305/1713/1315 1304/1717/1319
f 1296/1705/1309 1307/1718/1320 1308/1719/1321 1297/1702/1306
f 1307/1718/1320 1309/1720/1322 1310/1721/1323 1308/1719/1321
f 1309/1720/1322 1289/1708/1246 1311/1711/1313 1310/1721/1323
f 1296/1705/1309 1290/1704/1308 1276/1722/1324 1280/1723/1325
f 1316/1724/1326 1317/1725/1327 1293/1699/1303 1298/1698/1302
f 1323/1726/1328 1316/1727/1328 1298/1728/1328 1299/1729/1328
f 1318/1730/1329 1295/1710/1312 1301/1714/1316 1319/1731/1330
f 1320/1732/1331 1311/1711/1313 1295/1710/1312 1318/1730/1329
f 1299/1701/1305 1294/1700/1304 1278/1733/1153 1281/1734/1153
f 1317/1725/1327 1297/1702/1306 1308/1719/1321 1321/1735/1332
f 1294/1700/1304 1306/1712/1314 1286/1736/1153 1278/1733/1153
f 1307/1718/1320 1296/1705/1309 1280/1723/1325 1287/1737/1292
f 1322/1738/1333 1310/1721/1323 1311/1711/1313 1320/1732/1331
f 1303/1716/1318 1284/1636/1256 1285/1635/1153
f 1321/1735/1332 1308/1719/1321 1310/1721/1323 1322/1738/1333
f 1306/1712/1314 1303/1716/1318 1285/1635/1153 1286/1736/1153
f 1309/1720/1322 1307/1718/1320 1287/1737/1292 1288/1739/1247
f 1289/1708/1246 1309/1720/1322 1288/1739/1247
f 1312/1740/1328 1323/1726/1328 1299/1729/1328 1281/1741/1328
f 1276/1742/1328 1290/1743/1328 1323/1726/1328 1312/1740/1328
f 1305/1713/1315 1321/1735/1332 1322/1738/1333 1304/1717/1319
f 1304/1717/1319 1322/1738/1333 1320/1732/1331 1302/1715/1317
f 1293/1699/1303 1317/1725/1327 1321/1735/1332 1305/1713/1315
f 1302/1715/1317 1320/1732/1331 1318/1730/1329 1292/1706/1310
f 1292/1706/1310 1318/1730/1329 1319/1731/1330 1300/1707/1311
f 1290/1743/1328 1291/1744/1328 1316/1727/1328 1323/1726/1328
f 1291/1703/1307 1297/1702/1306 1317/1725/1327 1316/1724/1326
f 1286/1745/1334 1285/1633/1254 1315/1632/1253 1314/1695/1299
f 1278/1693/1298 1286/1745/1334 1314/1695/1299 1313/1694/1298
f 1276/1746/1335 1312/1691/1296 1313/1694/1298 1280/1697/1301
f 1324/1639/1258 1282/1621/1243 1300/1707/1311 1319/1731/1330
f 1283/1630/1251 1324/1639/1258 1319/1731/1330 1301/1714/1316
f 1284/1636/1256 1277/1620/1242 1228/1623/1245 1235/1637/1257
f 1355/1747/1336 1349/1748/1337 1351/1749/1338 1358/1750/1339
f 1358/1750/1339 1351/1749/1338 1352/1751/1340 1357/1752/1341
f 1357/1752/1341 1352/1751/1340 1353/1753/1342 1356/1754/1343
f 1356/1754/1343 1353/1753/1342 1350/1755/1344 1354/1756/1345
f 1360/1757/1346 1355/1747/1336 1358/1750/1339 1363/1758/1347
f 1363/1758/1347 1358/1750/1339 1357/1752/1341 1362/1759/1348
f 1362/1759/1348 1357/1752/1341 1356/1754/1343 1361/1760/1349
f 1361/1760/1349 1356/1754/1343 1354/1756/1345 1359/1761/1350
f 1365/1762/1351 1360/1757/1346 1363/1758/1347 1368/1763/1352
f 1368/1763/1352 1363/1758/1347 1362/1759/1348 1367/1764/1353
f 1367/1764/1353 1362/1759/1348 1361/1760/1349 1366/1765/1354
f 1366/1765/1354 1361/1760/1349 1359/1761/1350 1364/1766/1355
f 1370/1767/1356 1365/1762/1351 1368/1763/1352 1373/1768/1357
f 1373/1768/1357 1368/1763/1352 1367/1764/1353 1372/1769/1358
f 1372/1769/1358 1367/1764/1353 1366/1765/1354 1371/1770/1359
f 1371/1770/1359 1366/1765/1354 1364/1766/1355 1369/1771/1360
f 1375/1772/1361 1370/1767/1356 1373/1768/1357 1378/1773/1362
f 1378/1773/1362 1373/1768/1357 1372/1769/1358 1377/1774/1363
f 1377/1774/1363 1372/1769/1358 1371/1770/1359 1376/1775/1364
f 1376/1775/1364 1371/1770/1359 1369/1771/1360 1374/1776/1365
f 1380/1777/1366 1375/1772/1361 1378/1773/1362 1383/1778/1367
f 1383/1778/1367 1378/1773/1362 1377/1774/1363 1382/1779/1368
f 1382/1779/1368 1377/1774/1363 1376/1775/1364 1381/1780/1369
f 1381/1780/1369 1376/1775/1364 1374/1776/1365 1379/1781/1370
f 1385/1782/1371 1380/1777/1366 1383/1778/1367 1388/1783/1372
f 1388/1783/1372 1383/1778/1367 1382/1779/1368 1387/1784/1373
f 1387/1784/1373 1382/1779/1368 1381/1780/1369 1386/1785/1374
f 1386/1785/1374 1381/1780/1369 1379/1781/1370 1384/1786/1375
f 1390/1787/1376 1385/1782/1371 1388/1783/1372 1393/1788/1377
f 1393/1788/1377 1388/1783/1372 1387/1784/1373 1392/1789/1378
f 1392/1789/1378 1387/1784/1373 1386/1785/1374 1391/1790/1379
f 1391/1790/1379 1386/1785/1374 1384/1786/1375 1389/1791/1380
f 1395/1792/1381 1390/1787/1376 1393/1788/1377 1398/1793/1382
f 1398/1793/1382 1393/1788/1377 1392/1789/1378 1397/1794/1383
f 1397/1794/1383 1392/1789/1378 1391/1790/1379 1396/1795/1384
f 1396/1795/1384 1391/1790/1379 1389/1791/1380 1394/1796/1385
f 1400/1797/1386 1395/1792/1381 1398/1793/1382 1403/1798/1387
f 1403/1798/1387 1398/1793/1382 1397/1794/1383 1402/1799/1388
f 1402/1799/1388 1397/1794/1383 1396/1795/1384 1401/1800/1389
f 1401/1800/1389 1396/1795/1384 1394/1796/1385 1399/1801/1390
f 1405/1802/1391 1400/1797/1386 1403/1798/1387 1408/1803/1392
f 1408/1803/1392 1403/1798/1387 1402/1799/1388 1407/1804/1393
f 1407/1804/1393 1402/1799/1388 1401/1800/1389 1406/1805/1394
f 1406/1805/1394 1401/1800/1389 1399/1801/1390 1404/1806/1395
f 1410/1807/1396 1405/1802/1391 1408/1803/1392 1413/1808/1397
f 1413/1808/1397 1408/1803/1392 1407/1804/1393 1412/1809/1398
f 1412/1809/1398 1407/1804/1393 1406/1805/1394 1411/1810/1399
f 1411/1810/1399 1406/1805/1394 1404/1806/1395 1409/1811/1400
f 1415/1812/1401 1410/1807/1396 1413/1808/1397 1418/1813/1402
f 1418/1813/1402 1413/1808/1397 1412/1809/1398 1417/1814/1403
f 1417/1814/1403 1412/1809/1398 1411/1810/1399 1416/1815/1404
f 1416/1815/1404 1411/1810/1399 1409/1811/1400 1414/1816/1405
f 1420/1817/1406 1415/1812/1401 1418/1813/1402 1423/1818/1407
f 1423/1818/1407 1418/1813/1402 1417/1814/1403 1422/1819/1408
f 1422/1819/1408 1417/1814/1403 1416/1815/1404 1421/1820/1409
f 1421/1820/1409 1416/1815/1404 1414/1816/1405 1419/1821/1410
f 1425/1822/1411 1420/1817/1406 1423/1818/1407 1428/1823/1412
f 1428/1823/1412 1423/1818/1407 1422/1819/1408 1427/1824/1413
f 1427/1824/1413 1422/1819/1408 1421/1820/1409 1426/1825/1414
f 1426/1825/1414 1421/1820/1409 1419/1821/1410 1424/1826/1415
f 1430/1827/1416 1425/1822/1411 1428/1823/1412 1433/1828/1417
f 1433/1828/1417 1428/1823/1412 1427/1824/1413 1432/1829/1418
f 1432/1829/1418 1427/1824/1413 1426/1825/1414 1431/1830/1419
f 1431/1830/1419 1426/1825/1414 1424/1826/1415 1429/1831/1420
f 1435/1832/1421 1430/1827/1416 1433/1828/1417 1438/1833/1422
f 1438/1833/1422 1433/1828/1417 1432/1829/1418 1437/1834/1423
f 1437/1834/1423 1432/1829/1418 1431/1830/1419 1436/1835/1424
f 1436/1835/1424 1431/1830/1419 1429/1831/1420 1434/1836/1425
f 1440/1837/1426 1435/1832/1421 1438/1833/1422 1443/1838/1427
f 1443/1838/1427 1438/1833/1422 1437/1834/1423 1442/1839/1428
f 1442/1839/1428 1437/1834/1423 1436/1835/1424 1441/1840/1429
f 1441/1840/1429 1436/1835/1424 1434/1836/1425 1439/1841/1430
f 1445/1842/1431 1440/1837/1426 1443/1838/1427 1448/1843/1432
f 1448/1843/1432 1443/1838/1427 1442/1839/1428 1447/1844/1433
f 1447/1844/1433 1442/1839/1428 1441/1840/1429 1446/1845/1434
f 1446/1845/1434 1441/1840/1429 1439/1841/1430 1444/1846/1435
f 1450/1847/1436 1445/1842/1431 1448/1843/1432 1453/1848/1437
f 1453/1848/1437 1448/1843/1432 1447/1844/1433 1452/1849/1438
f 1452/1849/1438 1447/1844/1433 1446/1845/1434 1451/1850/1439
f 1451/1850/1439 1446/1845/1434 1444/1846/1435 1449/1851/1440
f 1455/1852/1441 1450/1847/1436 1453/1848/1437 1458/1853/1442
f 1458/1853/1442 1453/1848/1437 1452/1849/1438 1457/1854/1443
f 1457/1854/1443 1452/1849/1438 1451/1850/1439 1456/1855/1444
f 1456/1855/1444 1451/1850/1439 1449/1851/1440 1454/1856/1445
f 1460/1857/1446 1455/1852/1441 1458/1853/1442 1463/1858/1447
f 1463/1858/1447 1458/1853/1442 1457/1854/1443 1462/1859/1448
f 1462/1859/1448 1457/1854/1443 1456/1855/1444 1461/1860/1449
f 1461/1860/1449 1456/1855/1444 1454/1856/1445 1459/1861/1450
f 1465/1862/1451 1460/1857/1446 1463/1858/1447 1468/1863/1452
f 1468/1863/1452 1463/1858/1447 1462/1859/1448 1467/1864/1453
f 1467/1864/1453 1462/1859/1448 1461/1860/1449 1466/1865/1454
f 1466/1865/1454 1461/1860/1449 1459/1861/1450 1464/1866/1455
f 1349/1867/1337 1465/1862/1451 1468/1863/1452 1351/1868/1338
f 1351/1868/1338 1468/1863/1452 1467/1864/1453 1352/1869/1340
f 1352/1869/1340 1467/1864/1453 1466/1865/1454 1353/1870/1342
f 1353/1870/1342 1466/1865/1454 1464/1866/1455 1350/1871/1344
f 1399/1872/1390 1379/1873/1370 1359/1874/1350
f 1335/1875/1456 1465/1862/1451 1349/1867/1337 1336/1876/1457
f 1336/1877/1457 1349/1748/1337 1355/1747/1336 1337/1878/1458
f 1337/1878/1458 1355/1747/1336 1360/1757/1346 1340/1879/1459
f 1340/1879/1459 1360/1757/1346 1365/1762/1351 1343/1880/1460
f 1343/1880/1460 1365/1762/1351 1370/1767/1356 1346/1881/1461
f 1346/1881/1461 1370/1767/1356 1375/1772/1361 1325/1882/1462
f 1325/1882/1462 1375/1772/1361 1380/1777/1366 1326/1883/1463
f 1326/1883/1463 1380/1777/1366 1385/1782/1371 1331/1884/1464
f 1331/1884/1464 1385/1782/1371 1390/1787/1376 1334/1885/1465
f 1334/1885/1465 1390/1787/1376 1395/1792/1381 1339/1886/1466
f 1339/1886/1466 1395/1792/1381 1400/1797/1386 1342/1887/1467
f 1342/1887/1467 1400/1797/1386 1405/1802/1391 1345/1888/1468
f 1345/1888/1468 1405/1802/1391 1410/1807/1396 1348/1889/1469
f 1348/1889/1469 1410/1807/1396 1415/1812/1401 1329/1890/1470
f 1329/1890/1470 1415/1812/1401 1420/1817/1406 1330/1891/1471
f 1330/1891/1471 1420/1817/1406 1425/1822/1411 1333/1892/1472
f 1333/1892/1472 1425/1822/1411 1430/1827/1416 1338/1893/1473
f 1338/1893/1473 1430/1827/1416 1435/1832/1421 1341/1894/1474
f 1341/1894/1474 1435/1832/1421 1440/1837/1426 1344/1895/1475
f 1344/1895/1475 1440/1837/1426 1445/1842/1431 1347/1896/1476
f 1347/1896/1476 1445/1842/1431 1450/1847/1436 1327/1897/1477
f 1327/1897/1477 1450/1847/1436 1455/1852/1441 1328/1898/1478
f 1328/1898/1478 1455/1852/1441 1460/1857/1446 1332/1899/1479
f 1332/1899/1479 1460/1857/1446 1465/1862/1451 1335/1875/1456
f 1499/1900/1480 1502/1901/1481 1495/1902/1482 1493/1903/1483
f 1502/1901/1481 1501/1904/1484 1496/1905/1485 1495/1902/1482
f 1501/1904/1484 1500/1906/1486 1497/1907/1487 1496/1905/1485
f 1500/1906/1486 1498/1908/1488 1494/1909/1489 1497/1907/1487
f 1504/1910/1490 1507/1911/1491 1502/1901/1481 1499/1900/1480
f 1507/1911/1491 1506/1912/1492 1501/1904/1484 1502/1901/1481
f 1506/1912/1492 1505/1913/1493 1500/1906/1486 1501/1904/1484
f 1505/1913/1493 1503/1914/1494 1498/1908/1488 1500/1906/1486
f 1509/1915/1495 1512/1916/1496 1507/1911/1491 1504/1910/1490
f 1512/1916/1496 1511/1917/1497 1506/1912/1492 1507/1911/1491
f 1511/1917/1497 1510/1918/1498 1505/1913/1493 1506/1912/1492
f 1510/1918/1498 1508/1919/1499 1503/1914/1494 1505/1913/1493
f 1514/1920/1500 1517/1921/1501 1512/1916/1496 1509/1915/1495
f 1517/1921/1501 1516/1922/1502 1511/1917/1497 1512/1916/1496
f 1516/1922/1502 1515/1923/1503 1510/1918/1498 1511/1917/1497
f 1515/1923/1503 1513/1924/1504 1508/1919/1499 1510/1918/1498
f 1519/1925/1505 1522/1926/1506 1517/1921/1501 1514/1920/1500
f 1522/1926/1506 1521/1927/1507 1516/1922/1502 1517/1921/1501
f 1521/1927/1507 1520/1928/1508 1515/1923/1503 1516/1922/1502
f 1520/1928/1508 1518/1929/1509 1513/1924/1504 1515/1923/1503
f 1524/1930/1510 1527/1931/1511 1522/1926/1506 1519/1925/1505
f 1527/1931/1511 1526/1932/1512 1521/1927/1507 1522/1926/1506
f 1526/1932/1512 1525/1933/1513 1520/1928/1508 1521/1927/1507
f 1525/1933/1513 1523/1934/1514 1518/1929/1509 1520/1928/1508
f 1529/1935/1515 1532/1936/1516 1527/1931/1511 1524/1930/1510
f 1532/1936/1516 1531/1937/1517 1526/1932/1512 1527/1931/1511
f 1531/1937/1517 1530/1938/1518 1525/1933/1513 1526/1932/1512
f 1530/1938/1518 1528/1939/1519 1523/1934/1514 1525/1933/1513
f 1534/1940/1520 1537/1941/1521 1532/1936/1516 1529/1935/1515
f 1537/1941/1521 1536/1942/1522 1531/1937/1517 1532/1936/1516
f 1536/1942/1522 1535/1943/1523 1530/1938/1518 1531/1937/1517
f 1535/1943/1523 1533/1944/1524 1528/1939/1519 1530/1938/1518
f 1539/1945/1525 1542/1946/1526 1537/1941/1521 1534/1940/1520
f 1542/1946/1526 1541/1947/1527 1536/1942/1522 1537/1941/1521
f 1541/1947/1527 1540/1948/1528 1535/1943/1523 1536/1942/1522
f 1540/1948/1528 1538/1949/1529 1533/1944/1524 1535/1943/1523
f 1544/1950/1530 1547/1951/1531 1542/1946/1526 1539/1945/1525
f 1547/1951/1531 1546/1952/1532 1541/1947/1527 1542/1946/1526
f 1546/1952/1532 1545/1953/1533 1540/1948/1528 1541/1947/1527
f 1545/1953/1533 1543/1954/1534 1538/1949/1529 1540/1948/1528
f 1549/1955/1535 1552/1956/1536 1547/1951/1531 1544/1950/1530
f 1552/1956/1536 1551/1957/1537 1546/1952/1532 1547/1951/1531
f 1551/1957/1537 1550/1958/1538 1545/1953/1533 1546/1952/1532
f 1550/1958/1538 1548/1959/1539 1543/1954/1534 1545/1953/1533
f 1554/1960/1540 1557/1961/1541 1552/1956/1536 1549/1955/1535
f 1557/1961/1541 1556/1962/1542 1551/1957/1537 1552/1956/1536
f 1556/1962/1542 1555/1963/1543 1550/1958/1538 1551/1957/1537
f 1555/1963/1543 1553/1964/1544 1548/1959/1539 1550/1958/1538
f 1559/1965/1545 1562/1966/1546 1557/1961/1541 1554/1960/1540
f 1562/1966/1546 1561/1967/1547 1556/1962/1542 1557/1961/1541
f 1561/1967/1547 1560/1968/1548 1555/1963/1543 1556/1962/1542
f 1560/1968/1548 1558/1969/1549 1553/1964/1544 1555/1963/1543
f 1564/1970/1550 1567/1971/1551 1562/1966/1546 1559/1965/1545
f 1567/1971/1551 1566/1972/1552 1561/1967/1547 1562/1966/1546
f 1566/1972/1552 1565/1973/1553 1560/1968/1548 1561/1967/1547
f 1565/1973/1553 1563/1974/1554 1558/1969/1549 1560/1968/1548
f 1569/1975/1555 1572/1976/1556 1567/1971/1551 1564/1970/1550
f 1572/1976/1556 1571/1977/1557 1566/1972/1552 1567/1971/1551
f 1571/1977/1557 1570/1978/1558 1565/1973/1553 1566/1972/1552
f 1570/1978/1558 1568/1979/1559 1563/1974/1554 1565/1973/1553
f 1574/1980/1560 1577/1981/1561 1572/1976/1556 1569/1975/1555
f 1577/1981/1561 1576/1982/1562 1571/1977/1557 1572/1976/1556
f 1576/1982/1562 1575/1983/1563 1570/1978/1558 1571/1977/1557
f 1575/1983/1563 1573/1984/1564 1568/1979/1559 1570/1978/1558
f 1579/1985/1565 1582/1986/1566 1577/1981/1561 1574/1980/1560
f 1582/1986/1566 1581/1987/1567 1576/1982/1562 1577/1981/1561
f 1581/1987/1567 1580/1988/1568 1575/1983/1563 1576/1982/1562
f 1580/1988/1568 1578/1989/1569 1573/1984/1564 1575/1983/1563
f 1584/1990/1570 1587/1991/1571 1582/1986/1566 1579/1985/1565
f 1587/1991/1571 1586/1992/1572 1581/1987/1567 1582/1986/1566
f 1586/1992/1572 1585/1993/1573 1580/1988/1568 1581/1987/1567
f 1585/1993/1573 1583/1994/1574 1578/1989/1569 1580/1988/1568
f 1589/1995/1575 1592/1996/1576 1587/1991/1571 1584/1990/1570
f 1592/1996/1576 1591/1997/1577 1586/1992/1572 1587/1991/1571
f 1591/1997/1577 1590/1998/1578 1585/1993/1573 1586/1992/1572
f 1590/1998/1578 1588/1999/1579 1583/1994/1574 1585/1993/1573
f 1594/2000/1580 1597/2001/1581 1592/1996/1576 1589/1995/1575
f 1597/2001/1581 1596/2002/1582 1591/1997/1577 1592/1996/1576
f 1596/2002/1582 1595/2003/1583 1590/1998/1578 1591/1997/1577
f 1595/2003/1583 1593/2004/1584 1588/1999/1579 1590/1998/1578
f 1599/2005/1585 1602/2006/1586 1597/2001/1581 1594/2000/1580
f 1602/2006/1586 1601/2007/1587 1596/2002/1582 1597/2001/1581
f 1601/2007/1587 1600/2008/1588 1595/2003/1583 1596/2002/1582
f 1600/2008/1588 1598/2009/1589 1593/2004/1584 1595/2003/1583
f 1604/2010/1590 1607/2011/1591 1602/2006/1586 1599/2005/1585
f 1607/2011/1591 1606/2012/1592 1601/2007/1587 1602/2006/1586
f 1606/2012/1592 1605/2013/1593 1600/2008/1588 1601/2007/1587
f 1605/2013/1593 1603/2014/1594 1598/2009/1589 1600/2008/1588
f 1609/2015/1595 1612/2016/1596 1607/2011/1591 1604/2010/1590
f 1612/2016/1596 1611/2017/1597 1606/2012/1592 1607/2011/1591
f 1611/2017/1597 1610/2018/1598 1605/2013/1593 1606/2012/1592
f 1610/2018/1598 1608/2019/1599 1603/2014/1594 1605/2013/1593
f 1493/1903/1483 1495/1902/1482 1612/2016/1596 1609/2015/1595
f 1495/1902/1482 1496/1905/1485 1611/2017/1597 1612/2016/1596
f 1496/1905/1485 1497/1907/1487 1610/2018/1598 1611/2017/1597
f 1497/1907/1487 1494/1909/1489 1608/2019/1599 1610/2018/1598
f 1533/1944/1524 1573/1984/1564 1494/1909/1489
f 1479/2020/1600 1480/2021/1601 1493/1903/1483 1609/2015/1595
f 1480/2021/1601 1481/2022/1602 1499/1900/1480 1493/1903/1483
f 1481/2022/1602 1484/2023/1603 1504/1910/1490 1499/1900/1480
f 1484/2023/1603 1487/2024/1604 1509/1915/1495 1504/1910/1490
f 1487/2024/1604 1490/2025/1605 1514/1920/1500 1509/1915/1495
f 1490/2025/1605 1469/2026/1606 1519/1925/1505 1514/1920/1500
f 1469/2026/1606 1470/2027/1607 1524/1930/1510 1519/1925/1505
f 1470/2027/1607 1475/2028/1608 1529/1935/1515 1524/1930/1510
f 1475/2028/1608 1478/2029/1609 1534/1940/1520 1529/1935/1515
f 1478/2029/1609 1483/2030/1610 1539/1945/1525 1534/1940/1520
f 1483/2030/1610 1486/2031/1611 1544/1950/1530 1539/1945/1525
f 1486/2031/1611 1489/2032/1612 1549/1955/1535 1544/1950/1530
f 1489/2032/1612 1492/2033/1613 1554/1960/1540 1549/1955/1535
f 1492/2033/1613 1473/2034/1614 1559/1965/1545 1554/1960/1540
f 1473/2034/1614 1474/2035/1615 1564/1970/1550 1559/1965/1545
f 1474/2035/1615 1477/2036/1616 1569/1975/1555 1564/1970/1550
f 1477/2036/1616 1482/2037/1617 1574/1980/1560 1569/1975/1555
f 1482/2037/1617 1485/2038/1618 1579/1985/1565 1574/1980/1560
f 1485/2038/1618 1488/2039/1619 1584/1990/1570 1579/1985/1565
f 1488/2039/1619 1491/2040/1620 1589/1995/1575 1584/1990/1570
f 1491/2040/1620 1471/2041/1621 1594/2000/1580 1589/1995/1575
f 1471/2041/1621 1472/2042/1622 1599/2005/1585 1594/2000/1580
f 1472/2042/1622 1476/2043/1623 1604/2010/1590 1599/2005/1585
f 1476/2043/1623 1479/2020/1600 1609/2015/1595 1604/2010/1590
f 1617/2044/1624 1613/2045/1625 1615/2046/1626 1618/2047/1627
f 1618/2047/1627 1615/2046/1626 1614/2048/1628 1616/2049/1629
f 1620/2050/1630 1617/2044/1624 1618/2047/1627 1621/2051/1631
f 1621/2051/1631 1618/2047/1627 1616/2049/1629 1619/2052/1632
f 1623/2053/1633 1620/2050/1630 1621/2051/1631 1624/2054/1634
f 1624/2054/1634 1621/2051/1631 1619/2052/1632 1622/2055/1635
f 1626/2056/1636 1623/2053/1633 1624/2054/1634 1627/2057/1637
f 1627/2057/1637 1624/2054/1634 1622/2055/1635 1625/2058/1638
f 1629/2059/1639 1626/2056/1636 1627/2057/1637 1630/2060/1640
f 1630/2060/1640 1627/2057/1637 1625/2058/1638 1628/2061/1641
f 1632/2062/1642 1629/2059/1639 1630/2060/1640 1633/2063/1643
f 1633/2063/1643 1630/2060/1640 1628/2061/1641 1631/2064/1644
f 1635/2065/1645 1632/2062/1642 1633/2063/1643 1636/2066/1646
f 1636/2066/1646 1633/2063/1643 1631/2064/1644 1634/2067/1647
f 1638/2068/1648 1635/2065/1645 1636/2066/1646 1639/2069/1649
f 1639/2069/1649 1636/2066/1646 1634/2067/1647 1637/2070/1650
f 1641/2071/1651 1638/2068/1648 1639/2069/1649 1642/2072/1652
f 1642/2072/1652 1639/2069/1649 1637/2070/1650 1640/2073/1653
f 1644/2074/1654 1641/2071/1651 1642/2072/1652 1645/2075/1655
f 1645/2075/1655 1642/2072/1652 1640/2073/1653 1643/2076/1656
f 1647/2077/1657 1644/2074/1654 1645/2075/1655 1648/2078/1658
f 1648/2078/1658 1645/2075/1655 1643/2076/1656 1646/2079/1659
f 1650/2080/1660 1647/2077/1657 1648/2078/1658 1651/2081/1661
f 1651/2081/1661 1648/2078/1658 1646/2079/1659 1649/2082/1662
f 1653/2083/1663 1650/2080/1660 1651/2081/1661 1654/2084/1664
f 1654/2084/1664 1651/2081/1661 1649/2082/1662 1652/2085/1665
f 1656/2086/1666 1653/2083/1663 1654/2084/1664 1657/2087/1667
f 1657/2087/1667 1654/2084/1664 1652/2085/1665 1655/2088/1668
f 1659/2089/1669 1656/2086/1666 1657/2087/1667 1660/2090/1670
f 1660/2090/1670 1657/2087/1667 1655/2088/1668 1658/2091/1671
f 1662/2092/1672 1659/2089/1669 1660/2090/1670 1663/2093/1673
f 1663/2093/1673 1660/2090/1670 1658/2091/1671 1661/2094/1674
f 1665/2095/1675 1662/2092/1672 1663/2093/1673 1666/2096/1676
f 1666/2096/1676 1663/2093/1673 1661/2094/1674 1664/2097/1677
f 1668/2098/1678 1665/2095/1675 1666/2096/1676 1669/2099/1679
f 1669/2099/1679 1666/2096/1676 1664/2097/1677 1667/2100/1680
f 1671/2101/1681 1668/2098/1678 1669/2099/1679 1672/2102/1682
f 1672/2102/1682 1669/2099/1679 1667/2100/1680 1670/2103/1683
f 1674/2104/1684 1671/2101/1681 1672/2102/1682 1675/2105/1685
f 1675/2105/1685 1672/2102/1682 1670/2103/1683 1673/2106/1686
f 1677/2107/1687 1674/2104/1684 1675/2105/1685 1678/2108/1688
f 1678/2108/1688 1675/2105/1685 1673/2106/1686 1676/2109/1689
f 1680/2110/1690 1677/2107/1687 1678/2108/1688 1681/2111/1691
f 1681/2111/1691 1678/2108/1688 1676/2109/1689 1679/2112/1692
f 1683/2113/1693 1680/2110/1690 1681/2111/1691 1684/2114/1694
f 1684/2114/1694 1681/2111/1691 1679/2112/1692 1682/2115/1695
f 1613/2045/1625 1683/2113/1693 1684/2114/1694 1615/2046/1626
f 1615/2046/1626 1684/2114/1694 1682/2115/1695 1614/2048/1628
f 1689/2116/1696 1685/2117/1697 1687/2118/1698 1690/2119/1699
f 1690/2119/1699 1687/2118/1698 1686/2120/1700 1688/2121/1701
f 1692/2122/1702 1689/2116/1696 1690/2119/1699 1693/2123/1703
f 1693/2123/1703 1690/2119/1699 1688/2121/1701 1691/2124/1704
f 1695/2125/1705 1692/2122/1702 1693/2123/1703 1696/2126/1706
f 1696/2126/1706 1693/2123/1703 1691/2124/1704 1694/2127/1707
f 1698/2128/1708 1695/2125/1705 1696/2126/1706 1699/2129/1709
f 1699/2129/1709 1696/2126/1706 1694/2127/1707 1697/2130/1710
f 1701/2131/1711 1698/2128/1708 1699/2129/1709 1702/2132/1712
f 1702/2132/1712 1699/2129/1709 1697/2130/1710 1700/2133/1713
f 1704/2134/1714 1701/2131/1711 1702/2132/1712 1705/2135/1715
f 1705/2135/1715 1702/2132/1712 1700/2133/1713 1703/2136/1716
f 1707/2137/1717 1704/2134/1714 1705/2135/1715 1708/2138/1718
f 1708/2138/1718 1705/2135/1715 1703/2136/1716 1706/2139/1719
f 1710/2140/1720 1707/2137/1717 1708/2138/1718 1711/2141/1721
f 1711/2141/1721 1708/2138/1718 1706/2139/1719 1709/2142/1722
f 1713/2143/1723 1710/2140/1720 1711/2141/1721 1714/2144/1724
f 1714/2144/1724 1711/2141/1721 1709/2142/1722 1712/2145/1725
f 1716/2146/1726 1713/2143/1723 1714/2144/1724 1717/2147/1727
f 1717/2147/1727 1714/2144/1724 1712/2145/1725 1715/2148/1728
f 1719/2149/1729 1716/2146/1726 1717/2147/1727 1720/2150/1730
f 1720/2150/1730 1717/2147/1727 1715/2148/1728 1718/2151/1731
f 1722/2152/1732 1719/2149/1729 1720/2150/1730 1723/2153/1733
f 1723/2153/1733 1720/2150/1730 1718/2151/1731 1721/2154/1734
f 1725/2155/1735 1722/2152/1732 1723/2153/1733 1726/2156/1736
f 1726/2156/1736 1723/2153/1733 1721/2154/1734 1724/2157/1737
f 1728/2158/1738 1725/2155/1735 1726/2156/1736 1729/2159/1739
f 1729/2159/1739 1726/2156/1736 1724/2157/1737 1727/2160/1740
f 1731/2161/1741 1728/2158/1738 1729/2159/1739 1732/2162/1742
f 1732/2162/1742 1729/2159/1739 1727/2160/1740 1730/2163/1743
f 1734/2164/1744 1731/2161/1741 1732/2162/1742 1735/2165/1745
f 1735/2165/1745 1732/2162/1742 1730/2163/1743 1733/2166/1746
f 1737/2167/1747 1734/2164/1744 1735/2165/1745 1738/2168/1748
f 1738/2168/1748 1735/2165/1745 1733/2166/1746 1736/2169/1749
f 1740/2170/1750 1737/2167/1747 1738/2168/1748 1741/2171/1751
f 1741/2171/1751 1738/2168/1748 1736/2169/1749 1739/2172/1752
f 1743/2173/1753 1740/2170/1750 1741/2171/1751 1744/2174/1754
f 1744/2174/1754 1741/2171/1751 1739/2172/1752 1742/2175/1755
f 1746/2176/1756 1743/2173/1753 1744/2174/1754 1747/2177/1757
f 1747/2177/1757 1744/2174/1754 1742/2175/1755 1745/2178/1758
f 1749/2179/1759 1746/2176/1756 1747/2177/1757 1750/2180/1760
f 1750/2180/1760 1747/2177/1757 1745/2178/1758 1748/2181/1761
f 1752/2182/1762 1749/2179/1759 1750/2180/1760 1753/2183/1763
f 1753/2183/1763 1750/2180/1760 1748/2181/1761 1751/2184/1764
f 1755/2185/1765 1752/2182/1762 1753/2183/1763 1756/2186/1766
f 1756/2186/1766 1753/2183/1763 1751/2184/1764 1754/2187/1767
f 1685/2117/1697 1755/2185/1765 1756/2186/1766 1687/2118/1698
f 1687/2118/1698 1756/2186/1766 1754/2187/1767 1686/2120/1700
f 1613/2045/1625 1617/2044/1624 1688/2121/1701 1686/2120/1700
f 1682/2188/1695 1335/1875/1456 1336/1876/1457 1614/2189/1628
f 1614/2190/1628 1336/1877/1457 1337/1878/1458 1616/2191/1629
f 1683/2113/1693 1613/2045/1625 1686/2120/1700 1754/2187/1767
f 1617/2044/1624 1620/2050/1630 1691/2124/1704 1688/2121/1701
f 1616/2191/1629 1337/1878/1458 1340/1879/1459 1619/2192/1632
f 1620/2050/1630 1623/2053/1633 1694/2127/1707 1691/2124/1704
f 1619/2192/1632 1340/1879/1459 1343/1880/1460 1622/2193/1635
f 1623/2053/1633 1626/2056/1636 1697/2130/1710 1694/2127/1707
f 1622/2193/1635 1343/1880/1460 1346/1881/1461 1625/2194/1638
f 1626/2056/1636 1629/2059/1639 1700/2133/1713 1697/2130/1710
f 1625/2194/1638 1346/1881/1461 1325/1882/1462 1628/2195/1641
f 1629/2059/1639 1632/2062/1642 1703/2136/1716 1700/2133/1713
f 1628/2195/1641 1325/1882/1462 1326/1883/1463 1631/2196/1644
f 1632/2062/1642 1635/2065/1645 1706/2139/1719 1703/2136/1716
f 1631/2196/1644 1326/1883/1463 1331/1884/1464 1634/2197/1647
f 1635/2065/1645 1638/2068/1648 1709/2142/1722 1706/2139/1719
f 1634/2197/1647 1331/1884/1464 1334/1885/1465 1637/2198/1650
f 1638/2068/1648 1641/2071/1651 1712/2145/1725 1709/2142/1722
f 1637/2198/1650 1334/1885/1465 1339/1886/1466 1640/2199/1653
f 1641/2071/1651 1644/2074/1654 1715/2148/1728 1712/2145/1725
f 1640/2199/1653 1339/1886/1466 1342/1887/1467 1643/2200/1656
f 1644/2074/1654 1647/2077/1657 1718/2151/1731 1715/2148/1728
f 1643/2200/1656 1342/1887/1467 1345/1888/1468 1646/2201/1659
f 1647/2077/1657 1650/2080/1660 1721/2154/1734 1718/2151/1731
f 1646/2201/1659 1345/1888/1468 1348/1889/1469 1649/2202/1662
f 1650/2080/1660 1653/2083/1663 1724/2157/1737 1721/2154/1734
f 1649/2202/1662 1348/1889/1469 1329/1890/1470 1652/2203/1665
f 1653/2083/1663 1656/2086/1666 1727/2160/1740 1724/2157/1737
f 1652/2203/1665 1329/1890/1470 1330/1891/1471 1655/2204/1668
f 1656/2086/1666 1659/2089/1669 1730/2163/1743 1727/2160/1740
f 1655/2204/1668 1330/1891/1471 1333/1892/1472 1658/2205/1671
f 1659/2089/1669 1662/2092/1672 1733/2166/1746 1730/2163/1743
f 1658/2205/1671 1333/1892/1472 1338/1893/1473 1661/2206/1674
f 1662/2092/1672 1665/2095/1675 1736/2169/1749 1733/2166/1746
f 1661/2206/1674 1338/1893/1473 1341/1894/1474 1664/2207/1677
f 1665/2095/1675 1668/2098/1678 1739/2172/1752 1736/2169/1749
f 1664/2207/1677 1341/1894/1474 1344/1895/1475 1667/2208/1680
f 1668/2098/1678 1671/2101/1681 1742/2175/1755 1739/2172/1752
f 1667/2208/1680 1344/1895/1475 1347/1896/1476 1670/2209/1683
f 1671/2101/1681 1674/2104/1684 1745/2178/1758 1742/2175/1755
f 1670/2209/1683 1347/1896/1476 1327/1897/1477 1673/2210/1686
f 1674/2104/1684 1677/2107/1687 1748/2181/1761 1745/2178/1758
f 1673/2210/1686 1327/1897/1477 1328/1898/1478 1676/2211/1689
f 1677/2107/1687 1680/2110/1690 1751/2184/1764 1748/2181/1761
f 1676/2211/1689 1328/1898/1478 1332/1899/1479 1679/2212/1692
f 1680/2110/1690 1683/2113/1693 1754/2187/1767 1751/2184/1764
f 1679/2212/1692 1332/1899/1479 1335/1875/1456 1682/2188/1695
f 1685/2117/1697 1689/2116/1696 1481/2022/1602 1480/2021/1601
f 1755/2185/1765 1685/2117/1697 1480/2021/1601 1479/2020/1600
f 1689/2116/1696 1692/2122/1702 1484/2023/1603 1481/2022/1602
f 1692/2122/1702 1695/2125/1705 1487/2024/1604 1484/2023/1603
f 1695/2125/1705 1698/2128/1708 1490/2025/1605 1487/2024/1604
f 1698/2128/1708 1701/2131/1711 1469/2026/1606 1490/2025/1605
f 1701/2131/1711 1704/2134/1714 1470/2027/1607 1469/2026/1606
f 1704/2134/1714 1707/2137/1717 1475/2028/1608 1470/2027/1607
f 1707/2137/1717 1710/2140/1720 1478/2029/1609 1475/2028/1608
f 1710/2140/1720 1713/2143/1723 1483/2030/1610 1478/2029/1609
f 1713/2143/1723 1716/2146/1726 1486/2031/1611 1483/2030/1610
f 1716/2146/1726 1719/2149/1729 1489/2032/1612 1486/2031/1611
f 1719/2149/1729 1722/2152/1732 1492/2033/1613 1489/2032/1612
f 1722/2152/1732 1725/2155/1735 1473/2034/1614 1492/2033/1613
f 1725/2155/1735 1728/2158/1738 1474/2035/1615 1473/2034/1614
f 1728/2158/1738 1731/2161/1741 1477/2036/1616 1474/2035/1615
f 1731/2161/1741 1734/2164/1744 1482/2037/1617 1477/2036/1616
f 1734/2164/1744 1737/2167/1747 1485/2038/1618 1482/2037/1617
f 1737/2167/1747 1740/2170/1750 1488/2039/1619 1485/2038/1618
f 1740/2170/1750 1743/2173/1753 1491/2040/1620 1488/2039/1619
f 1743/2173/1753 1746/2176/1756 1471/2041/1621 1491/2040/1620
f 1746/2176/1756 1749/2179/1759 1472/2042/1622 1471/2041/1621
f 1749/2179/1759 1752/2182/1762 1476/2043/1623 1472/2042/1622
f 1752/2182/1762 1755/2185/1765 1479/2020/1600 1476/2043/1623
f 1494/1909/1489 1498/1908/1488 1503/1914/1494
f 1503/1914/1494 1508/1919/1499 1494/1909/1489
f 1508/1919/1499 1513/1924/1504 1494/1909/1489
f 1513/1924/1504 1518/1929/1509 1533/1944/1524
f 1518/1929/1509 1523/1934/1514 1533/1944/1524
f 1523/1934/1514 1528/1939/1519 1533/1944/1524
f 1533/1944/1524 1538/1949/1529 1553/1964/1544
f 1538/1949/1529 1543/1954/1534 1553/1964/1544
f 1543/1954/1534 1548/1959/1539 1553/1964/1544
f 1553/1964/1544 1558/1969/1549 1563/1974/1554
f 1563/1974/1554 1568/1979/1559 1553/1964/1544
f 1568/1979/1559 1573/1984/1564 1553/1964/1544
f 1573/1984/1564 1578/1989/1569 1593/2004/1584
f 1578/1989/1569 1583/1994/1574 1593/2004/1584
f 1583/1994/1574 1588/1999/1579 1593/2004/1584
f 1593/2004/1584 1598/2009/1589 1494/1909/1489
f 1598/2009/1589 1603/2014/1594 1494/1909/1489
f 1603/2014/1594 1608/2019/1599 1494/1909/1489
f 1494/1909/1489 1513/1924/1504 1533/1944/1524
f 1533/1944/1524 1553/1964/1544 1573/1984/1564
f 1573/1984/1564 1593/2004/1584 1494/1909/1489
f 1359/1874/1350 1354/2213/1345 1350/2214/1344
f 1350/2214/1344 1464/2215/1455 1359/1874/1350
f 1464/2215/1455 1459/2216/1450 1359/1874/1350
f 1459/2216/1450 1454/2217/1445 1439/2218/1430
f 1454/2217/1445 1449/2219/1440 1439/2218/1430
f 1449/2219/1440 1444/2220/1435 1439/2218/1430
f 1439/2218/1430 1434/2221/1425 1429/2222/1420
f 1429/2222/1420 1424/2223/1415 1439/2218/1430
f 1424/2223/1415 1419/2224/1410 1439/2218/1430
f 1419/2224/1410 1414/2225/1405 1409/2226/1400
f 1409/2226/1400 1404/2227/1395 1399/1872/1390
f 1399/1872/1390 1394/2228/1385 1379/1873/1370
f 1394/2228/1385 1389/2229/1380 1379/1873/1370
f 1389/2229/1380 1384/2230/1375 1379/1873/1370
f 1379/1873/1370 1374/2231/1365 1369/2232/1360
f 1369/2232/1360 1364/2233/1355 1379/1873/1370
f 1364/2233/1355 1359/1874/1350 1379/1873/1370
f 1419/2224/1410 1409/2226/1400 1439/2218/1430
f 1409/2226/1400 1399/1872/1390 1439/2218/1430
f 1359/1874/1350 1459/2216/1450 1399/1872/1390
f 1459/2216/1450 1439/2218/1430 1399/1872/1390
