# Blender 5.0.1
# www.blender.org
mtllib PanciAir_TutupKaca.mtl
o PanciAir_TutupKaca
v 0.045333 0.163700 -0.169186
v 0.087577 0.163700 -0.151688
v 0.123853 0.163700 -0.123853
v 0.151688 0.163700 -0.087577
v 0.169186 0.163700 -0.045333
v 0.175155 0.163700 0.000000
v 0.169186 0.163700 0.045333
v 0.151688 0.163700 0.087577
v 0.123853 0.163700 0.123853
v 0.087577 0.163700 0.151688
v 0.045333 0.163700 0.169186
v 0.000000 0.163700 0.175155
v -0.045333 0.163700 0.169186
v -0.087577 0.163700 0.151688
v -0.123853 0.163700 0.123853
v -0.151688 0.163700 0.087577
v -0.169186 0.163700 0.045333
v -0.175155 0.163700 0.000000
v -0.169186 0.163700 -0.045333
v -0.151688 0.163700 -0.087577
v -0.123853 0.163700 -0.123853
v -0.087577 0.163700 -0.151688
v 0.000000 0.163700 -0.175155
v -0.045333 0.163700 -0.169186
v 0.041086 0.169410 -0.153335
v 0.079372 0.169410 -0.137476
v 0.112249 0.169410 -0.112249
v 0.137476 0.169410 -0.079372
v 0.153335 0.169410 -0.041086
v 0.158744 0.169410 0.000000
v 0.153335 0.169410 0.041086
v 0.137476 0.169410 0.079372
v 0.112249 0.169410 0.112249
v 0.079372 0.169410 0.137476
v 0.041086 0.169410 0.153335
v 0.000000 0.169410 0.158744
v -0.041086 0.169410 0.153335
v -0.079372 0.169410 0.137476
v -0.112249 0.169410 0.112249
v -0.137476 0.169410 0.079372
v -0.153335 0.169410 0.041086
v -0.158744 0.169410 0.000000
v -0.153335 0.169410 -0.041086
v -0.137476 0.169410 -0.079372
v -0.112249 0.169410 -0.112249
v -0.079372 0.169410 -0.137476
v 0.000000 0.169410 -0.158744
v -0.041086 0.169410 -0.153335
v 0.032573 0.175959 -0.121566
v 0.062927 0.175959 -0.108993
v 0.088992 0.175959 -0.088992
v 0.108993 0.175959 -0.062927
v 0.121566 0.175959 -0.032573
v 0.125854 0.175959 0.000000
v 0.121566 0.175959 0.032573
v 0.108993 0.175959 0.062927
v 0.088992 0.175959 0.088992
v 0.062927 0.175959 0.108993
v 0.032573 0.175959 0.121566
v 0.000000 0.175959 0.125854
v -0.032573 0.175959 0.121566
v -0.062927 0.175959 0.108993
v -0.088992 0.175959 0.088992
v -0.108993 0.175959 0.062927
v -0.121566 0.175959 0.032573
v -0.125854 0.175959 0.000000
v -0.121566 0.175959 -0.032573
v -0.108993 0.175959 -0.062927
v -0.088992 0.175959 -0.088992
v -0.062927 0.175959 -0.108993
v 0.000000 0.175959 -0.125854
v -0.032573 0.175959 -0.121566
v 0.065966 0.182063 0.038085
v 0.073575 0.182063 0.019714
v -0.019714 0.182063 -0.073575
v -0.038085 0.182063 -0.065966
v 0.038085 0.182063 -0.065966
v 0.019714 0.182063 -0.073575
v -0.065966 0.182063 0.038085
v -0.053861 0.182063 0.053861
v 0.053861 0.182063 0.053861
v 0.000000 0.182063 -0.076171
v -0.073575 0.182063 0.019714
v 0.038085 0.182063 0.065966
v 0.053861 0.182063 -0.053861
v -0.076171 0.182063 -0.000000
v 0.019714 0.182063 0.073575
v 0.065966 0.182063 -0.038085
v -0.073575 0.182063 -0.019714
v 0.000000 0.182063 0.076171
v 0.073575 0.182063 -0.019714
v -0.065966 0.182063 -0.038085
v -0.019714 0.182063 0.073575
v 0.076171 0.182063 -0.000000
v -0.053861 0.182063 -0.053861
v -0.038085 0.182063 0.065966
v 0.024811 0.185378 0.006648
v -0.012843 0.185378 -0.022245
v 0.006648 0.185378 -0.024811
v -0.018163 0.185378 0.018163
v 0.022245 0.185378 0.012843
v -0.006648 0.185378 -0.024811
v 0.012843 0.185378 -0.022245
v -0.022245 0.185378 0.012843
v 0.018163 0.185378 0.018163
v 0.000000 0.185378 -0.025686
v -0.024811 0.185378 0.006648
v 0.012843 0.185378 0.022245
v 0.018163 0.185378 -0.018163
v -0.025686 0.185378 -0.000000
v 0.006648 0.185378 0.024811
v 0.022245 0.185378 -0.012843
v -0.024811 0.185378 -0.006648
v 0.000000 0.185378 0.025686
v 0.024811 0.185378 -0.006648
v -0.022245 0.185378 -0.012843
v -0.006648 0.185378 0.024811
v 0.025686 0.185378 -0.000000
v -0.018163 0.185378 -0.018163
v -0.012843 0.185378 0.022245
v 0.045163 0.161811 -0.168551
v 0.087249 0.161811 -0.151119
v 0.123388 0.161811 -0.123388
v 0.151119 0.161811 -0.087249
v 0.168551 0.161811 -0.045163
v 0.174497 0.161811 0.000000
v 0.168551 0.161811 0.045163
v 0.151119 0.161811 0.087249
v 0.123388 0.161811 0.123388
v 0.087249 0.161811 0.151119
v 0.045163 0.161811 0.168551
v 0.000000 0.161811 0.174497
v -0.045163 0.161811 0.168551
v -0.087249 0.161811 0.151119
v -0.123388 0.161811 0.123388
v -0.151119 0.161811 0.087249
v -0.168551 0.161811 0.045163
v -0.174497 0.161811 0.000000
v -0.168551 0.161811 -0.045163
v -0.151119 0.161811 -0.087249
v -0.123388 0.161811 -0.123388
v -0.087249 0.161811 -0.151119
v 0.000000 0.161811 -0.174497
v -0.045163 0.161811 -0.168551
v 0.040947 0.167483 -0.152817
v 0.079104 0.167483 -0.137012
v 0.111870 0.167483 -0.111870
v 0.137012 0.167483 -0.079104
v 0.152817 0.167483 -0.040947
v 0.158208 0.167483 0.000000
v 0.152817 0.167483 0.040947
v 0.137012 0.167483 0.079104
v 0.111870 0.167483 0.111870
v 0.079104 0.167483 0.137012
v 0.040947 0.167483 0.152817
v 0.000000 0.167483 0.158208
v -0.040947 0.167483 0.152817
v -0.079104 0.167483 0.137012
v -0.111870 0.167483 0.111870
v -0.137012 0.167483 0.079104
v -0.152817 0.167483 0.040947
v -0.158208 0.167483 0.000000
v -0.152817 0.167483 -0.040947
v -0.137012 0.167483 -0.079104
v -0.111870 0.167483 -0.111870
v -0.079104 0.167483 -0.137012
v 0.000000 0.167483 -0.158208
v -0.040947 0.167483 -0.152817
v 0.032490 0.173985 -0.121254
v 0.062765 0.173985 -0.108713
v 0.088764 0.173985 -0.088764
v 0.108713 0.173985 -0.062765
v 0.121254 0.173985 -0.032490
v 0.125531 0.173985 0.000000
v 0.121254 0.173985 0.032490
v 0.108713 0.173985 0.062765
v 0.088764 0.173985 0.088764
v 0.062765 0.173985 0.108713
v 0.032490 0.173985 0.121254
v 0.000000 0.173985 0.125531
v -0.032490 0.173985 0.121254
v -0.062765 0.173985 0.108713
v -0.088764 0.173985 0.088764
v -0.108713 0.173985 0.062765
v -0.121254 0.173985 0.032490
v -0.125531 0.173985 0.000000
v -0.121254 0.173985 -0.032490
v -0.108713 0.173985 -0.062765
v -0.088764 0.173985 -0.088764
v -0.062765 0.173985 -0.108713
v 0.000000 0.173985 -0.125531
v -0.032490 0.173985 -0.121254
v 0.065799 0.180072 0.037989
v 0.073390 0.180072 0.019665
v -0.019665 0.180072 -0.073390
v -0.037989 0.180072 -0.065799
v 0.037989 0.180072 -0.065799
v 0.019665 0.180072 -0.073390
v -0.065799 0.180072 0.037989
v -0.053725 0.180072 0.053725
v 0.053725 0.180072 0.053725
v 0.000000 0.180072 -0.075978
v -0.073390 0.180072 0.019665
v 0.037989 0.180072 0.065799
v 0.053725 0.180072 -0.053725
v -0.075978 0.180072 -0.000000
v 0.019665 0.180072 0.073390
v 0.065799 0.180072 -0.037989
v -0.073390 0.180072 -0.019665
v 0.000000 0.180072 0.075978
v 0.073390 0.180072 -0.019665
v -0.065799 0.180072 -0.037989
v -0.019665 0.180072 0.073390
v 0.075978 0.180072 -0.000000
v -0.053725 0.180072 -0.053725
v -0.037989 0.180072 0.065799
v 0.024684 0.183382 0.006614
v -0.012778 0.183382 -0.022131
v 0.006614 0.183382 -0.024684
v -0.018070 0.183382 0.018070
v 0.022131 0.183382 0.012778
v -0.006614 0.183382 -0.024684
v 0.012778 0.183382 -0.022131
v -0.022131 0.183382 0.012778
v 0.018070 0.183382 0.018070
v 0.000000 0.183382 -0.025555
v -0.024684 0.183382 0.006614
v 0.012778 0.183382 0.022131
v 0.018070 0.183382 -0.018070
v -0.025555 0.183382 -0.000000
v 0.006614 0.183382 0.024684
v 0.022131 0.183382 -0.012778
v -0.024684 0.183382 -0.006614
v 0.000000 0.183382 0.025555
v 0.024684 0.183382 -0.006614
v -0.022131 0.183382 -0.012778
v -0.006614 0.183382 0.024684
v 0.025555 0.183382 -0.000000
v -0.018070 0.183382 -0.018070
v -0.012778 0.183382 0.022131
v 0.004309 0.185954 -0.016083
v 0.008325 0.185954 -0.014419
v 0.011773 0.185954 -0.011773
v 0.014419 0.185954 -0.008325
v 0.016083 0.185954 -0.004309
v 0.016650 0.185954 -0.000000
v 0.016083 0.185954 0.004309
v 0.014419 0.185954 0.008325
v 0.011773 0.185954 0.011773
v 0.008325 0.185954 0.014419
v 0.004309 0.185954 0.016083
v 0.000000 0.185954 0.016650
v -0.004309 0.185954 0.016083
v -0.008325 0.185954 0.014419
v -0.011773 0.185954 0.011773
v -0.014419 0.185954 0.008325
v -0.016083 0.185954 0.004309
v -0.016650 0.185954 -0.000000
v -0.016083 0.185954 -0.004309
v -0.014419 0.185954 -0.008325
v -0.011773 0.185954 -0.011773
v -0.008325 0.185954 -0.014419
v 0.000000 0.185954 -0.016650
v -0.004309 0.185954 -0.016083
v 0.025127 0.185400 0.006733
v -0.013006 0.185400 -0.022528
v 0.006733 0.185400 -0.025127
v -0.018394 0.185400 0.018394
v 0.022528 0.185400 0.013006
v -0.006733 0.185400 -0.025127
v 0.013006 0.185400 -0.022528
v -0.022528 0.185400 0.013006
v 0.018394 0.185400 0.018394
v 0.000000 0.185400 -0.026013
v -0.025127 0.185400 0.006733
v 0.013006 0.185400 0.022528
v 0.018394 0.185400 -0.018394
v -0.026013 0.185400 -0.000000
v 0.006733 0.185400 0.025127
v 0.022528 0.185400 -0.013006
v -0.025127 0.185400 -0.006733
v 0.000000 0.185400 0.026013
v 0.025127 0.185400 -0.006733
v -0.022528 0.185400 -0.013006
v -0.006733 0.185400 0.025127
v 0.026013 0.185400 -0.000000
v -0.018394 0.185400 -0.018394
v -0.013006 0.185400 0.022528
v 0.004482 0.188737 -0.016728
v 0.004309 0.188199 -0.016083
v 0.004360 0.188637 -0.016272
v 0.008325 0.188199 -0.014419
v 0.008659 0.188737 -0.014998
v 0.008423 0.188637 -0.014589
v 0.011773 0.188199 -0.011773
v 0.012246 0.188737 -0.012246
v 0.011912 0.188637 -0.011912
v 0.014419 0.188199 -0.008325
v 0.014998 0.188737 -0.008659
v 0.014589 0.188637 -0.008423
v 0.016083 0.188199 -0.004309
v 0.016728 0.188737 -0.004482
v 0.016272 0.188637 -0.004360
v 0.016650 0.188199 -0.000000
v 0.017318 0.188737 -0.000000
v 0.016846 0.188637 -0.000000
v 0.016083 0.188199 0.004309
v 0.016728 0.188737 0.004482
v 0.016272 0.188637 0.004360
v 0.014419 0.188199 0.008325
v 0.014998 0.188737 0.008659
v 0.014589 0.188637 0.008423
v 0.011773 0.188199 0.011773
v 0.012246 0.188737 0.012246
v 0.011912 0.188637 0.011912
v 0.008325 0.188199 0.014419
v 0.008659 0.188737 0.014998
v 0.008423 0.188637 0.014589
v 0.004309 0.188199 0.016083
v 0.004482 0.188737 0.016728
v 0.004360 0.188637 0.016272
v 0.000000 0.188199 0.016650
v 0.000000 0.188737 0.017318
v 0.000000 0.188637 0.016846
v -0.004309 0.188199 0.016083
v -0.004482 0.188737 0.016728
v -0.004360 0.188637 0.016272
v -0.008325 0.188199 0.014419
v -0.008659 0.188737 0.014998
v -0.008423 0.188637 0.014589
v -0.011773 0.188199 0.011773
v -0.012246 0.188737 0.012246
v -0.011912 0.188637 0.011912
v -0.014419 0.188199 0.008325
v -0.014998 0.188737 0.008659
v -0.014589 0.188637 0.008423
v -0.016083 0.188199 0.004309
v -0.016728 0.188737 0.004482
v -0.016272 0.188637 0.004360
v -0.016650 0.188199 -0.000000
v -0.017318 0.188737 -0.000000
v -0.016846 0.188637 -0.000000
v -0.016083 0.188199 -0.004309
v -0.016728 0.188737 -0.004482
v -0.016272 0.188637 -0.004360
v -0.014419 0.188199 -0.008325
v -0.014998 0.188737 -0.008659
v -0.014589 0.188637 -0.008423
v -0.011773 0.188199 -0.011773
v -0.012246 0.188737 -0.012246
v -0.011912 0.188637 -0.011912
v -0.008325 0.188199 -0.014419
v -0.008659 0.188737 -0.014998
v -0.008423 0.188637 -0.014589
v 0.000000 0.188737 -0.017318
v 0.000000 0.188199 -0.016650
v 0.000000 0.188637 -0.016846
v -0.004309 0.188199 -0.016083
v -0.004482 0.188737 -0.016728
v -0.004360 0.188637 -0.016272
v 0.024481 0.187069 0.006560
v 0.025127 0.186252 0.006733
v 0.024937 0.186772 0.006682
v -0.012672 0.187069 -0.021949
v -0.013006 0.186252 -0.022528
v -0.012909 0.186772 -0.022358
v 0.006560 0.187069 -0.024481
v 0.006733 0.186252 -0.025127
v 0.006682 0.186772 -0.024937
v -0.017921 0.187069 0.017921
v -0.018394 0.186252 0.018394
v -0.018255 0.186772 0.018255
v 0.022528 0.186252 0.013006
v 0.021949 0.187069 0.012672
v 0.022358 0.186772 0.012909
v -0.006733 0.186252 -0.025127
v -0.006560 0.187069 -0.024481
v -0.006682 0.186772 -0.024937
v 0.013006 0.186252 -0.022528
v 0.012672 0.187069 -0.021949
v 0.012909 0.186772 -0.022358
v -0.022528 0.186252 0.013006
v -0.021949 0.187069 0.012672
v -0.022358 0.186772 0.012909
v 0.018394 0.186252 0.018394
v 0.017921 0.187069 0.017921
v 0.018255 0.186772 0.018255
v 0.000000 0.186252 -0.026013
v 0.000000 0.187069 -0.025344
v 0.000000 0.186772 -0.025817
v -0.025127 0.186252 0.006733
v -0.024481 0.187069 0.006560
v -0.024937 0.186772 0.006682
v 0.013006 0.186252 0.022528
v 0.012672 0.187069 0.021949
v 0.012909 0.186772 0.022358
v 0.018394 0.186252 -0.018394
v 0.017921 0.187069 -0.017921
v 0.018255 0.186772 -0.018255
v -0.026013 0.186252 -0.000000
v -0.025344 0.187069 -0.000000
v -0.025817 0.186772 -0.000000
v 0.006733 0.186252 0.025127
v 0.006560 0.187069 0.024481
v 0.006682 0.186772 0.024937
v 0.022528 0.186252 -0.013006
v 0.021949 0.187069 -0.012672
v 0.022358 0.186772 -0.012909
v -0.025127 0.186252 -0.006733
v -0.024481 0.187069 -0.006560
v -0.024937 0.186772 -0.006682
v 0.000000 0.186252 0.026013
v 0.000000 0.187069 0.025344
v 0.000000 0.186772 0.025817
v 0.025127 0.186252 -0.006733
v 0.024481 0.187069 -0.006560
v 0.024937 0.186772 -0.006682
v -0.022528 0.186252 -0.013006
v -0.021949 0.187069 -0.012672
v -0.022358 0.186772 -0.012909
v -0.006733 0.186252 0.025127
v -0.006560 0.187069 0.024481
v -0.006682 0.186772 0.024937
v 0.026013 0.186252 -0.000000
v 0.025344 0.187069 -0.000000
v 0.025817 0.186772 -0.000000
v -0.018394 0.186252 -0.018394
v -0.017921 0.187069 -0.017921
v -0.018255 0.186772 -0.018255
v -0.013006 0.186252 0.022528
v -0.012672 0.187069 0.021949
v -0.012909 0.186772 0.022358
v -0.168026 0.151711 -0.045022
v -0.173953 0.151711 0.000000
v 0.150648 0.151711 -0.086977
v 0.123004 0.151711 -0.123004
v 0.045022 0.151711 0.168026
v 0.086977 0.151711 0.150648
v -0.168026 0.151711 0.045022
v 0.086977 0.151711 -0.150648
v 0.123004 0.151711 0.123004
v -0.150648 0.151711 0.086977
v 0.045022 0.151711 -0.168026
v -0.000000 0.151711 -0.173953
v -0.045022 0.151711 -0.168026
v 0.150648 0.151711 0.086977
v -0.123004 0.151711 0.123004
v -0.086977 0.151711 -0.150648
v 0.168026 0.151711 0.045022
v -0.086977 0.151711 0.150648
v -0.123004 0.151711 -0.123004
v 0.173953 0.151711 0.000000
v -0.045022 0.151711 0.168026
v -0.150648 0.151711 -0.086977
v 0.168026 0.151711 -0.045022
v 0.000000 0.151711 0.173953
v 0.000000 0.158176 -0.174497
v -0.045163 0.158176 -0.168551
v -0.087249 0.158176 -0.151119
v -0.123388 0.158176 -0.123388
v -0.151119 0.158176 -0.087249
v -0.168551 0.158176 -0.045163
v -0.174497 0.158176 0.000000
v -0.168551 0.158176 0.045163
v -0.151119 0.158176 0.087249
v -0.123388 0.158176 0.123388
v -0.087249 0.158176 0.151119
v -0.045163 0.158176 0.168551
v 0.000000 0.158176 0.174497
v 0.045163 0.158176 0.168551
v 0.087249 0.158176 0.151119
v 0.123388 0.158176 0.123388
v 0.151119 0.158176 0.087249
v 0.168551 0.158176 0.045163
v 0.174497 0.158176 0.000000
v 0.168551 0.158176 -0.045163
v 0.151119 0.158176 -0.087249
v 0.123388 0.158176 -0.123388
v 0.087249 0.158176 -0.151119
v 0.045163 0.158176 -0.168551
v -0.169987 0.151540 -0.045548
v -0.175983 0.151540 0.000000
v 0.152406 0.151540 -0.087992
v 0.124439 0.151540 -0.124439
v 0.045548 0.151540 0.169987
v 0.087992 0.151540 0.152406
v -0.169987 0.151540 0.045548
v 0.087992 0.151540 -0.152406
v 0.124439 0.151540 0.124439
v -0.152406 0.151540 0.087992
v 0.045548 0.151540 -0.169987
v -0.000000 0.151540 -0.175983
v -0.045548 0.151540 -0.169987
v 0.152406 0.151540 0.087992
v -0.124439 0.151540 0.124439
v -0.087992 0.151540 -0.152406
v 0.169987 0.151540 0.045548
v -0.087992 0.151540 0.152406
v -0.124439 0.151540 -0.124439
v 0.175983 0.151540 0.000000
v -0.045548 0.151540 0.169987
v -0.152406 0.151540 -0.087992
v 0.169987 0.151540 -0.045548
v 0.000000 0.151540 0.175983
v 0.000000 0.158005 -0.176527
v -0.045689 0.158005 -0.170512
v -0.088264 0.158005 -0.152877
v -0.124823 0.158005 -0.124823
v -0.152877 0.158005 -0.088264
v -0.170512 0.158005 -0.045689
v -0.176527 0.158005 0.000000
v -0.170512 0.158005 0.045689
v -0.152877 0.158005 0.088264
v -0.124823 0.158005 0.124823
v -0.088264 0.158005 0.152877
v -0.045689 0.158005 0.170512
v 0.000000 0.158005 0.176527
v 0.045689 0.158005 0.170512
v 0.088264 0.158005 0.152877
v 0.124823 0.158005 0.124823
v 0.152877 0.158005 0.088264
v 0.170512 0.158005 0.045689
v 0.176527 0.158005 0.000000
v 0.170512 0.158005 -0.045689
v 0.152877 0.158005 -0.088264
v 0.124823 0.158005 -0.124823
v 0.088264 0.158005 -0.152877
v 0.045689 0.158005 -0.170512
v -0.047222 0.158005 -0.176235
v 0.000000 0.158005 -0.182452
v -0.091226 0.158005 -0.158008
v -0.129013 0.158005 -0.129013
v -0.158008 0.158005 -0.091226
v -0.176235 0.158005 -0.047222
v -0.182452 0.158005 0.000000
v -0.176235 0.158005 0.047222
v -0.158008 0.158005 0.091226
v -0.129013 0.158005 0.129013
v -0.091226 0.158005 0.158008
v -0.047222 0.158005 0.176235
v 0.000000 0.158005 0.182452
v 0.047222 0.158005 0.176235
v 0.091226 0.158005 0.158008
v 0.129013 0.158005 0.129013
v 0.158008 0.158005 0.091226
v 0.176235 0.158005 0.047222
v 0.182452 0.158005 0.000000
v 0.176235 0.158005 -0.047222
v 0.158008 0.158005 -0.091226
v 0.129013 0.158005 -0.129013
v 0.091226 0.158005 -0.158008
v 0.047222 0.158005 -0.176235
v -0.045385 0.163880 -0.169381
v -0.045163 0.163342 -0.168551
v -0.045228 0.163890 -0.168794
v 0.000000 0.163342 -0.174497
v 0.000000 0.163880 -0.175356
v 0.000000 0.163890 -0.174749
v -0.087678 0.163880 -0.151863
v -0.087249 0.163342 -0.151119
v -0.087374 0.163890 -0.151337
v -0.123995 0.163880 -0.123995
v -0.123388 0.163342 -0.123388
v -0.123566 0.163890 -0.123566
v -0.151863 0.163880 -0.087678
v -0.151119 0.163342 -0.087249
v -0.151337 0.163890 -0.087374
v -0.169381 0.163880 -0.045385
v -0.168551 0.163342 -0.045163
v -0.168794 0.163890 -0.045228
v -0.175356 0.163880 0.000000
v -0.174497 0.163342 0.000000
v -0.174749 0.163890 0.000000
v -0.169381 0.163880 0.045385
v -0.168551 0.163342 0.045163
v -0.168794 0.163890 0.045228
v -0.151863 0.163880 0.087678
v -0.151119 0.163342 0.087249
v -0.151337 0.163890 0.087374
v -0.123995 0.163880 0.123995
v -0.123388 0.163342 0.123388
v -0.123566 0.163890 0.123566
v -0.087678 0.163880 0.151863
v -0.087249 0.163342 0.151119
v -0.087374 0.163890 0.151337
v -0.045385 0.163880 0.169381
v -0.045163 0.163342 0.168551
v -0.045228 0.163890 0.168794
v 0.000000 0.163880 0.175356
v 0.000000 0.163342 0.174497
v 0.000000 0.163890 0.174749
v 0.045385 0.163880 0.169381
v 0.045163 0.163342 0.168551
v 0.045228 0.163890 0.168794
v 0.087678 0.163880 0.151863
v 0.087249 0.163342 0.151119
v 0.087374 0.163890 0.151337
v 0.123995 0.163880 0.123995
v 0.123388 0.163342 0.123388
v 0.123566 0.163890 0.123566
v 0.151863 0.163880 0.087678
v 0.151119 0.163342 0.087249
v 0.151337 0.163890 0.087374
v 0.169381 0.163880 0.045385
v 0.168551 0.163342 0.045163
v 0.168794 0.163890 0.045228
v 0.175356 0.163880 0.000000
v 0.174497 0.163342 0.000000
v 0.174749 0.163890 0.000000
v 0.169381 0.163880 -0.045385
v 0.168551 0.163342 -0.045163
v 0.168794 0.163890 -0.045228
v 0.151863 0.163880 -0.087678
v 0.151119 0.163342 -0.087249
v 0.151337 0.163890 -0.087374
v 0.123995 0.163880 -0.123995
v 0.123388 0.163342 -0.123388
v 0.123566 0.163890 -0.123566
v 0.087678 0.163880 -0.151863
v 0.087249 0.163342 -0.151119
v 0.087374 0.163890 -0.151337
v 0.045385 0.163880 -0.169381
v 0.045163 0.163342 -0.168551
v 0.045228 0.163890 -0.168794
v 0.158008 0.159968 0.091226
v 0.157565 0.160772 0.090970
v 0.157878 0.160436 0.091151
v -0.091226 0.159968 -0.158008
v -0.090970 0.160772 -0.157565
v -0.091151 0.160436 -0.157878
v 0.129013 0.159968 0.129013
v 0.128651 0.160772 0.128651
v 0.128907 0.160436 0.128907
v -0.047222 0.159968 -0.176235
v -0.047090 0.160772 -0.175741
v -0.047183 0.160436 -0.176090
v 0.091226 0.159968 0.158008
v 0.090970 0.160772 0.157565
v 0.091151 0.160436 0.157878
v 0.047222 0.159968 0.176235
v 0.047090 0.160772 0.175741
v 0.047183 0.160436 0.176090
v 0.000000 0.159968 0.182452
v 0.000000 0.160772 0.181940
v 0.000000 0.160436 0.182302
v -0.091226 0.159968 0.158008
v -0.090970 0.160772 0.157565
v -0.091151 0.160436 0.157878
v -0.047222 0.159968 0.176235
v -0.047090 0.160772 0.175741
v -0.047183 0.160436 0.176090
v 0.047222 0.159968 -0.176235
v 0.047090 0.160772 -0.175741
v 0.047183 0.160436 -0.176090
v 0.000000 0.160772 -0.181940
v 0.000000 0.159968 -0.182452
v 0.000000 0.160436 -0.182302
v -0.129013 0.159968 -0.129013
v -0.128651 0.160772 -0.128651
v -0.128907 0.160436 -0.128907
v -0.158008 0.159968 -0.091226
v -0.157565 0.160772 -0.090970
v -0.157878 0.160436 -0.091151
v -0.176235 0.159968 -0.047222
v -0.175741 0.160772 -0.047090
v -0.176090 0.160436 -0.047183
v -0.182452 0.159968 0.000000
v -0.181940 0.160772 0.000000
v -0.182302 0.160436 0.000000
v -0.176235 0.159968 0.047222
v -0.175741 0.160772 0.047090
v -0.176090 0.160436 0.047183
v -0.158008 0.159968 0.091226
v -0.157565 0.160772 0.090970
v -0.157878 0.160436 0.091151
v -0.129013 0.159968 0.129013
v -0.128651 0.160772 0.128651
v -0.128907 0.160436 0.128907
v 0.176235 0.159968 0.047222
v 0.175741 0.160772 0.047090
v 0.176090 0.160436 0.047183
v 0.182452 0.159968 0.000000
v 0.181940 0.160772 0.000000
v 0.182302 0.160436 0.000000
v 0.176235 0.159968 -0.047222
v 0.175741 0.160772 -0.047090
v 0.176090 0.160436 -0.047183
v 0.158008 0.159968 -0.091226
v 0.157565 0.160772 -0.090970
v 0.157878 0.160436 -0.091151
v 0.129013 0.159968 -0.129013
v 0.128651 0.160772 -0.128651
v 0.128907 0.160436 -0.128907
v 0.091226 0.159968 -0.158008
v 0.090970 0.160772 -0.157565
v 0.091151 0.160436 -0.157878
v 0.004469 0.185949 -0.016678
v 0.008633 0.185949 -0.014953
v 0.012209 0.185949 -0.012209
v 0.014953 0.185949 -0.008633
v 0.016678 0.185949 -0.004469
v 0.017266 0.185949 -0.000000
v 0.016678 0.185949 0.004469
v 0.014953 0.185949 0.008633
v 0.012209 0.185949 0.012209
v 0.008633 0.185949 0.014953
v 0.004469 0.185949 0.016678
v 0.000000 0.185949 0.017266
v -0.004469 0.185949 0.016678
v -0.008633 0.185949 0.014953
v -0.012209 0.185949 0.012209
v -0.014953 0.185949 0.008633
v -0.016678 0.185949 0.004469
v -0.017266 0.185949 -0.000000
v -0.016678 0.185949 -0.004469
v -0.014953 0.185949 -0.008633
v -0.012209 0.185949 -0.012209
v -0.008633 0.185949 -0.014953
v 0.000000 0.185949 -0.017266
v -0.004469 0.185949 -0.016678
v 0.018216 0.199064 0.013349
v 0.017740 0.198720 0.012660
v 0.018414 0.199894 0.013634
v 0.020293 0.199064 0.006893
v 0.019701 0.198720 0.006496
v 0.020538 0.199894 0.007057
v 0.020997 0.199064 -0.000000
v 0.020357 0.198720 -0.000000
v 0.021262 0.199894 -0.000000
v 0.020293 0.199064 -0.006893
v 0.019701 0.198720 -0.006496
v 0.020538 0.199894 -0.007057
v 0.018216 0.199064 -0.013349
v 0.017740 0.198720 -0.012660
v 0.018414 0.199894 -0.013634
v 0.014892 0.199064 -0.018925
v 0.014549 0.198720 -0.018065
v 0.015035 0.199894 -0.019281
v 0.010541 0.199064 -0.023222
v 0.010322 0.198720 -0.022274
v 0.010631 0.199894 -0.023615
v 0.005459 0.199064 -0.025929
v 0.005503 0.199894 -0.026339
v 0.005353 0.198720 -0.024941
v 0.001696 0.210116 -0.008115
v 0.003276 0.210116 -0.007276
v 0.004632 0.210116 -0.005941
v 0.005674 0.210116 -0.004201
v 0.006328 0.210116 -0.002174
v 0.006551 0.210116 -0.000000
v 0.006328 0.210116 0.002174
v 0.005674 0.210116 0.004201
v 0.004632 0.210116 0.005941
v 0.003276 0.210116 0.007276
v 0.001696 0.210116 0.008115
v 0.000000 0.210116 0.008402
v -0.001696 0.210116 0.008115
v -0.003276 0.210116 0.007276
v -0.004632 0.210116 0.005941
v -0.005674 0.210116 0.004201
v -0.006328 0.210116 0.002174
v -0.006551 0.210116 -0.000000
v -0.006328 0.210116 -0.002174
v -0.005674 0.210116 -0.004201
v -0.004632 0.210116 -0.005941
v -0.003276 0.210116 -0.007276
v 0.000000 0.210116 -0.008402
v -0.001696 0.210116 -0.008115
v 0.005503 0.206561 -0.026339
v 0.005103 0.210855 -0.024423
v 0.009850 0.210855 -0.021880
v 0.010631 0.206561 -0.023615
v 0.013915 0.210855 -0.017845
v 0.015035 0.206561 -0.019281
v 0.017023 0.210855 -0.012604
v 0.018414 0.206561 -0.013634
v 0.018970 0.210856 -0.006519
v 0.020538 0.206561 -0.007057
v 0.019633 0.210856 -0.000000
v 0.021262 0.206561 -0.000000
v 0.018970 0.210856 0.006519
v 0.020538 0.206561 0.007057
v 0.017023 0.210855 0.012604
v 0.018414 0.206561 0.013634
v 0.013915 0.210855 0.017845
v 0.015035 0.206561 0.019281
v 0.009850 0.210855 0.021880
v 0.010631 0.206561 0.023615
v 0.005103 0.210855 0.024423
v 0.005503 0.206561 0.026339
v 0.000000 0.210855 0.025291
v 0.000000 0.206561 0.027268
v -0.005103 0.210855 0.024423
v -0.005503 0.206561 0.026339
v -0.009850 0.210855 0.021880
v -0.010631 0.206561 0.023615
v -0.013915 0.210855 0.017845
v -0.015035 0.206561 0.019281
v -0.017023 0.210855 0.012604
v -0.018414 0.206561 0.013634
v -0.018970 0.210856 0.006519
v -0.020538 0.206561 0.007057
v -0.019633 0.210856 -0.000000
v -0.021262 0.206561 -0.000000
v -0.018970 0.210856 -0.006519
v -0.020538 0.206561 -0.007057
v -0.017023 0.210855 -0.012604
v -0.018414 0.206561 -0.013634
v -0.013915 0.210855 -0.017845
v -0.015035 0.206561 -0.019281
v -0.009850 0.210855 -0.021880
v -0.010631 0.206561 -0.023615
v 0.000000 0.206561 -0.027268
v 0.000000 0.210855 -0.025291
v -0.005103 0.210855 -0.024423
v -0.005503 0.206561 -0.026339
v 0.004594 0.213117 -0.021989
v 0.004075 0.214071 -0.019505
v 0.007847 0.214071 -0.017431
v 0.008858 0.213118 -0.019675
v 0.011045 0.214071 -0.014165
v 0.012491 0.213119 -0.016019
v 0.013461 0.214071 -0.009967
v 0.015253 0.213120 -0.011294
v 0.014957 0.214071 -0.005140
v 0.016974 0.213121 -0.005833
v 0.015463 0.214071 -0.000000
v 0.017558 0.213122 -0.000000
v 0.014957 0.214071 0.005140
v 0.016974 0.213121 0.005833
v 0.013461 0.214071 0.009967
v 0.015253 0.213120 0.011294
v 0.011045 0.214071 0.014165
v 0.012491 0.213119 0.016019
v 0.007847 0.214071 0.017431
v 0.008858 0.213118 0.019675
v 0.004075 0.214071 0.019505
v 0.004594 0.213117 0.021989
v 0.000000 0.214071 0.020217
v 0.000000 0.213117 0.022780
v -0.004075 0.214071 0.019505
v -0.004594 0.213117 0.021989
v -0.007847 0.214071 0.017431
v -0.008858 0.213118 0.019675
v -0.011045 0.214071 0.014165
v -0.012491 0.213119 0.016019
v -0.013461 0.214071 0.009967
v -0.015253 0.213120 0.011294
v -0.014957 0.214071 0.005140
v -0.016974 0.213121 0.005833
v -0.015463 0.214071 -0.000000
v -0.017558 0.213122 -0.000000
v -0.014957 0.214071 -0.005140
v -0.016974 0.213121 -0.005833
v -0.013461 0.214071 -0.009967
v -0.015253 0.213120 -0.011294
v -0.011045 0.214071 -0.014165
v -0.012491 0.213119 -0.016019
v -0.007847 0.214071 -0.017431
v -0.008858 0.213118 -0.019675
v 0.000000 0.213117 -0.022780
v 0.000000 0.214071 -0.020217
v -0.004075 0.214071 -0.019505
v -0.004594 0.213117 -0.021989
v 0.003879 0.214071 -0.018565
v 0.003645 0.213031 -0.017445
v 0.003713 0.213767 -0.017773
v 0.007041 0.213031 -0.015641
v 0.007498 0.214071 -0.016654
v 0.007175 0.213767 -0.015938
v 0.009958 0.213031 -0.012771
v 0.010612 0.214071 -0.013610
v 0.010150 0.213767 -0.013016
v 0.012196 0.213031 -0.009030
v 0.013009 0.214071 -0.009632
v 0.012434 0.213767 -0.009206
v 0.013603 0.213031 -0.004674
v 0.014519 0.214071 -0.004989
v 0.013871 0.213767 -0.004767
v 0.014083 0.213031 -0.000000
v 0.015035 0.214071 -0.000000
v 0.014362 0.213767 -0.000000
v 0.013603 0.213031 0.004674
v 0.014519 0.214071 0.004989
v 0.013871 0.213767 0.004767
v 0.012196 0.213031 0.009030
v 0.013009 0.214071 0.009632
v 0.012434 0.213767 0.009206
v 0.009958 0.213031 0.012771
v 0.010612 0.214071 0.013610
v 0.010150 0.213767 0.013016
v 0.007041 0.213031 0.015641
v 0.007498 0.214071 0.016654
v 0.007175 0.213767 0.015938
v 0.003645 0.213031 0.017445
v 0.003879 0.214071 0.018565
v 0.003713 0.213767 0.017773
v 0.000000 0.213031 0.018060
v 0.000000 0.214071 0.019215
v 0.000000 0.213767 0.018399
v -0.003645 0.213031 0.017445
v -0.003879 0.214071 0.018565
v -0.003713 0.213767 0.017773
v -0.007041 0.213031 0.015641
v -0.007498 0.214071 0.016654
v -0.007175 0.213767 0.015938
v -0.009958 0.213031 0.012771
v -0.010612 0.214071 0.013610
v -0.010150 0.213767 0.013016
v -0.012196 0.213031 0.009030
v -0.013009 0.214071 0.009632
v -0.012434 0.213767 0.009206
v -0.013603 0.213031 0.004674
v -0.014519 0.214071 0.004989
v -0.013871 0.213767 0.004767
v -0.014083 0.213031 -0.000000
v -0.015035 0.214071 -0.000000
v -0.014362 0.213767 -0.000000
v -0.013603 0.213031 -0.004674
v -0.014519 0.214071 -0.004989
v -0.013871 0.213767 -0.004767
v -0.012196 0.213031 -0.009030
v -0.013009 0.214071 -0.009632
v -0.012434 0.213767 -0.009206
v -0.009958 0.213031 -0.012771
v -0.010612 0.214071 -0.013610
v -0.010150 0.213767 -0.013016
v -0.007041 0.213031 -0.015641
v -0.007498 0.214071 -0.016654
v -0.007175 0.213767 -0.015938
v 0.000000 0.214071 -0.019216
v 0.000000 0.213031 -0.018060
v 0.000000 0.213767 -0.018399
v -0.003645 0.213031 -0.017445
v -0.003879 0.214071 -0.018565
v -0.003713 0.213767 -0.017773
v 0.003645 0.211290 -0.017445
v 0.003381 0.210116 -0.016182
v 0.003568 0.210460 -0.017075
v 0.006527 0.210116 -0.014497
v 0.007041 0.211290 -0.015641
v 0.006891 0.210460 -0.015306
v 0.009220 0.210116 -0.011824
v 0.009958 0.211290 -0.012771
v 0.009742 0.210460 -0.012493
v 0.011279 0.210116 -0.008351
v 0.012196 0.211290 -0.009030
v 0.011927 0.210460 -0.008831
v 0.012569 0.210116 -0.004319
v 0.013603 0.211290 -0.004674
v 0.013300 0.210460 -0.004570
v 0.013008 0.210116 -0.000000
v 0.014083 0.211290 -0.000000
v 0.013768 0.210460 -0.000000
v 0.012569 0.210116 0.004319
v 0.013603 0.211290 0.004674
v 0.013300 0.210460 0.004570
v 0.011279 0.210116 0.008351
v 0.012196 0.211290 0.009030
v 0.011927 0.210460 0.008831
v 0.009220 0.210116 0.011824
v 0.009958 0.211290 0.012771
v 0.009742 0.210460 0.012493
v 0.006527 0.210116 0.014497
v 0.007041 0.211290 0.015641
v 0.006891 0.210460 0.015306
v 0.003381 0.210116 0.016182
v 0.003645 0.211290 0.017445
v 0.003568 0.210460 0.017075
v 0.000000 0.210116 0.016757
v 0.000000 0.211290 0.018060
v 0.000000 0.210460 0.017679
v -0.003381 0.210116 0.016182
v -0.003645 0.211290 0.017445
v -0.003568 0.210460 0.017075
v -0.006527 0.210116 0.014497
v -0.007041 0.211290 0.015641
v -0.006891 0.210460 0.015306
v -0.009220 0.210116 0.011824
v -0.009958 0.211290 0.012771
v -0.009742 0.210460 0.012493
v -0.011279 0.210116 0.008351
v -0.012196 0.211290 0.009030
v -0.011927 0.210460 0.008831
v -0.012569 0.210116 0.004319
v -0.013603 0.211290 0.004674
v -0.013300 0.210460 0.004570
v -0.013008 0.210116 -0.000000
v -0.014083 0.211290 -0.000000
v -0.013768 0.210460 -0.000000
v -0.012569 0.210116 -0.004319
v -0.013603 0.211290 -0.004674
v -0.013300 0.210460 -0.004570
v -0.011279 0.210116 -0.008351
v -0.012196 0.211290 -0.009030
v -0.011927 0.210460 -0.008831
v -0.009220 0.210116 -0.011824
v -0.009958 0.211290 -0.012771
v -0.009742 0.210460 -0.012493
v -0.006527 0.210116 -0.014497
v -0.007041 0.211290 -0.015641
v -0.006891 0.210460 -0.015306
v 0.000000 0.211290 -0.018060
v 0.000000 0.210116 -0.016757
v 0.000000 0.210460 -0.017679
v -0.003381 0.210116 -0.016182
v -0.003645 0.211290 -0.017445
v -0.003568 0.210460 -0.017075
v 0.015035 0.199894 0.019281
v 0.014549 0.198720 0.018065
v 0.014892 0.199064 0.018925
v 0.010631 0.199894 0.023615
v 0.010322 0.198720 0.022274
v 0.010541 0.199064 0.023222
v 0.005503 0.199894 0.026339
v 0.005353 0.198720 0.024941
v 0.005459 0.199064 0.025929
v 0.000000 0.199894 0.027268
v 0.000000 0.198720 0.025854
v 0.000000 0.199064 0.026854
v -0.005503 0.199894 0.026339
v -0.005353 0.198720 0.024941
v -0.005459 0.199064 0.025929
v -0.010631 0.199894 0.023615
v -0.010322 0.198720 0.022274
v -0.010541 0.199064 0.023222
v -0.015035 0.199894 0.019281
v -0.014549 0.198720 0.018065
v -0.014892 0.199064 0.018925
v -0.018414 0.199894 0.013634
v -0.017740 0.198720 0.012660
v -0.018216 0.199064 0.013349
v -0.020538 0.199894 0.007057
v -0.019701 0.198720 0.006496
v -0.020293 0.199064 0.006893
v -0.021262 0.199894 -0.000000
v -0.020357 0.198720 -0.000000
v -0.020997 0.199064 -0.000000
v -0.020538 0.199894 -0.007057
v -0.019701 0.198720 -0.006496
v -0.020293 0.199064 -0.006893
v -0.018414 0.199894 -0.013634
v -0.017740 0.198720 -0.012660
v -0.018216 0.199064 -0.013349
v -0.015035 0.199894 -0.019281
v -0.014549 0.198720 -0.018065
v -0.014892 0.199064 -0.018925
v -0.010631 0.199894 -0.023615
v -0.010322 0.198720 -0.022274
v -0.010541 0.199064 -0.023222
v 0.000000 0.198720 -0.025854
v 0.000000 0.199894 -0.027268
v 0.000000 0.199064 -0.026854
v -0.005503 0.199894 -0.026339
v -0.005353 0.198720 -0.024941
v -0.005459 0.199064 -0.025929
v 0.004469 0.196860 -0.016678
v 0.004695 0.198720 -0.018791
v 0.004535 0.198175 -0.017297
v 0.009104 0.198720 -0.016995
v 0.008633 0.196860 -0.014953
v 0.008771 0.198175 -0.015551
v 0.012960 0.198720 -0.014089
v 0.012209 0.196860 -0.012209
v 0.012429 0.198175 -0.012760
v 0.016021 0.198720 -0.010176
v 0.014953 0.196860 -0.008633
v 0.015266 0.198175 -0.009085
v 0.018046 0.198720 -0.005386
v 0.016678 0.196860 -0.004469
v 0.017078 0.198175 -0.004737
v 0.018770 0.198720 -0.000000
v 0.017266 0.196860 -0.000000
v 0.017707 0.198175 -0.000000
v 0.018046 0.198720 0.005386
v 0.016678 0.196860 0.004469
v 0.017078 0.198175 0.004737
v 0.016021 0.198720 0.010176
v 0.014953 0.196860 0.008633
v 0.015266 0.198175 0.009085
v 0.012960 0.198720 0.014089
v 0.012209 0.196860 0.012209
v 0.012429 0.198175 0.012760
v 0.009104 0.198720 0.016995
v 0.008633 0.196860 0.014953
v 0.008771 0.198175 0.015551
v 0.004695 0.198720 0.018791
v 0.004469 0.196860 0.016678
v 0.004535 0.198175 0.017297
v 0.000000 0.198720 0.019398
v 0.000000 0.196860 0.017266
v 0.000000 0.198175 0.017891
v -0.004695 0.198720 0.018791
v -0.004469 0.196860 0.016678
v -0.004535 0.198175 0.017297
v -0.009104 0.198720 0.016995
v -0.008633 0.196860 0.014953
v -0.008771 0.198175 0.015551
v -0.012960 0.198720 0.014089
v -0.012209 0.196860 0.012209
v -0.012429 0.198175 0.012760
v -0.016021 0.198720 0.010176
v -0.014953 0.196860 0.008633
v -0.015266 0.198175 0.009085
v -0.018046 0.198720 0.005386
v -0.016678 0.196860 0.004469
v -0.017078 0.198175 0.004737
v -0.018770 0.198720 -0.000000
v -0.017266 0.196860 -0.000000
v -0.017707 0.198175 -0.000000
v -0.018046 0.198720 -0.005386
v -0.016678 0.196860 -0.004469
v -0.017078 0.198175 -0.004737
v -0.016021 0.198720 -0.010176
v -0.014953 0.196860 -0.008633
v -0.015266 0.198175 -0.009085
v -0.012960 0.198720 -0.014089
v -0.012209 0.196860 -0.012209
v -0.012429 0.198175 -0.012760
v -0.009104 0.198720 -0.016995
v -0.008633 0.196860 -0.014953
v -0.008771 0.198175 -0.015551
v 0.000000 0.196860 -0.017266
v 0.000000 0.198720 -0.019398
v 0.000000 0.198175 -0.017891
v -0.004695 0.198720 -0.018791
v -0.004469 0.196860 -0.016678
v -0.004535 0.198175 -0.017297
vn 0.3286 0.9445 -0.0000
vn 0.3174 0.9445 -0.0851
vn 0.2588 0.9634 -0.0693
vn 0.2679 0.9634 -0.0000
vn -0.2324 0.9445 -0.2324
vn -0.2846 0.9445 -0.1643
vn -0.2320 0.9634 -0.1340
vn -0.1895 0.9634 -0.1895
vn -0.1643 0.9445 0.2846
vn -0.0851 0.9445 0.3174
vn -0.0693 0.9634 0.2588
vn -0.1340 0.9634 0.2320
vn 0.3174 0.9445 0.0851
vn 0.2588 0.9634 0.0693
vn -0.1643 0.9445 -0.2846
vn -0.1340 0.9634 -0.2320
vn -0.2324 0.9445 0.2324
vn -0.1895 0.9634 0.1895
vn 0.2846 0.9445 0.1643
vn 0.2320 0.9634 0.1340
vn -0.0851 0.9445 -0.3174
vn -0.0693 0.9634 -0.2588
vn 0.1643 0.9445 -0.2846
vn 0.0851 0.9445 -0.3174
vn 0.0693 0.9634 -0.2588
vn 0.1340 0.9634 -0.2320
vn -0.2846 0.9445 0.1643
vn -0.2320 0.9634 0.1340
vn 0.2324 0.9445 0.2324
vn 0.1895 0.9634 0.1895
vn -0.0000 0.9445 -0.3286
vn -0.0000 0.9634 -0.2679
vn -0.3174 0.9445 0.0851
vn -0.2588 0.9634 0.0693
vn 0.1643 0.9445 0.2846
vn 0.1340 0.9634 0.2320
vn 0.2324 0.9445 -0.2324
vn 0.1895 0.9634 -0.1895
vn -0.3286 0.9445 -0.0000
vn -0.2679 0.9634 -0.0000
vn 0.0851 0.9445 0.3174
vn 0.0693 0.9634 0.2588
vn 0.2846 0.9445 -0.1643
vn 0.2320 0.9634 -0.1340
vn -0.3174 0.9445 -0.0851
vn -0.2588 0.9634 -0.0693
vn -0.0000 0.9445 0.3286
vn -0.0000 0.9634 0.2679
vn 0.1144 0.9868 -0.1144
vn 0.1401 0.9868 -0.0809
vn -0.1617 0.9868 -0.0000
vn -0.1562 0.9868 -0.0419
vn 0.0419 0.9868 0.1562
vn -0.0000 0.9868 0.1617
vn 0.1562 0.9868 -0.0419
vn -0.1401 0.9868 -0.0809
vn -0.0419 0.9868 0.1562
vn 0.1617 0.9868 -0.0000
vn -0.1144 0.9868 -0.1144
vn -0.0809 0.9868 0.1401
vn 0.1562 0.9868 0.0419
vn -0.0809 0.9868 -0.1401
vn -0.1144 0.9868 0.1144
vn 0.1401 0.9868 0.0809
vn -0.0419 0.9868 -0.1562
vn 0.0419 0.9868 -0.1562
vn 0.0809 0.9868 -0.1401
vn -0.1401 0.9868 0.0809
vn 0.1144 0.9868 0.1144
vn -0.0000 0.9868 -0.1617
vn -0.1562 0.9868 0.0419
vn 0.0809 0.9868 0.1401
vn -0.0481 0.9954 0.0832
vn -0.0680 0.9954 0.0680
vn -0.0680 0.9954 -0.0680
vn -0.0481 0.9954 -0.0832
vn 0.0961 0.9954 -0.0000
vn 0.0928 0.9954 0.0249
vn -0.0249 0.9954 0.0928
vn -0.0832 0.9954 -0.0481
vn 0.0928 0.9954 -0.0249
vn -0.0000 0.9954 0.0961
vn -0.0928 0.9954 -0.0249
vn 0.0832 0.9954 -0.0481
vn 0.0249 0.9954 0.0928
vn -0.0961 0.9954 -0.0000
vn 0.0680 0.9954 -0.0680
vn 0.0481 0.9954 0.0832
vn -0.0928 0.9954 0.0249
vn 0.0481 0.9954 -0.0832
vn 0.0680 0.9954 0.0680
vn -0.0832 0.9954 0.0481
vn -0.0000 0.9954 -0.0961
vn 0.0249 0.9954 -0.0928
vn -0.0249 0.9954 -0.0928
vn 0.0832 0.9954 0.0481
vn -0.0328 0.9979 0.0567
vn -0.0463 0.9979 0.0463
vn -0.0463 0.9979 -0.0463
vn -0.0328 0.9979 -0.0567
vn 0.0655 0.9979 -0.0000
vn 0.0633 0.9979 0.0170
vn -0.0170 0.9979 0.0633
vn -0.0567 0.9979 -0.0328
vn 0.0633 0.9979 -0.0170
vn -0.0000 0.9979 0.0655
vn -0.0633 0.9979 -0.0170
vn 0.0567 0.9979 -0.0328
vn 0.0170 0.9979 0.0633
vn -0.0655 0.9979 -0.0000
vn 0.0463 0.9979 -0.0463
vn 0.0328 0.9979 0.0567
vn -0.0633 0.9979 0.0170
vn 0.0328 0.9979 -0.0567
vn 0.0463 0.9979 0.0463
vn -0.0567 0.9979 0.0328
vn -0.0000 0.9979 -0.0655
vn 0.0170 0.9979 -0.0633
vn -0.0170 0.9979 -0.0633
vn 0.0567 0.9979 0.0328
vn -0.3288 -0.9444 -0.0000
vn -0.2680 -0.9634 -0.0000
vn -0.2589 -0.9634 0.0694
vn -0.3176 -0.9444 0.0851
vn 0.2325 -0.9444 0.2325
vn 0.1895 -0.9634 0.1895
vn 0.2321 -0.9634 0.1340
vn 0.2848 -0.9444 0.1644
vn 0.1644 -0.9444 -0.2848
vn 0.1340 -0.9634 -0.2321
vn 0.0694 -0.9634 -0.2589
vn 0.0851 -0.9444 -0.3176
vn -0.3176 -0.9444 -0.0851
vn -0.2589 -0.9634 -0.0694
vn 0.1644 -0.9444 0.2848
vn 0.1340 -0.9634 0.2321
vn 0.2325 -0.9444 -0.2325
vn 0.1895 -0.9634 -0.1895
vn -0.2848 -0.9444 -0.1644
vn -0.2321 -0.9634 -0.1340
vn 0.0851 -0.9444 0.3176
vn 0.0694 -0.9634 0.2589
vn -0.1644 -0.9444 0.2848
vn -0.1340 -0.9634 0.2321
vn -0.0694 -0.9634 0.2589
vn -0.0851 -0.9444 0.3176
vn 0.2848 -0.9444 -0.1644
vn 0.2321 -0.9634 -0.1340
vn -0.2325 -0.9444 -0.2325
vn -0.1895 -0.9634 -0.1895
vn -0.0000 -0.9444 0.3288
vn -0.0000 -0.9634 0.2680
vn 0.3176 -0.9444 -0.0851
vn 0.2589 -0.9634 -0.0694
vn -0.1644 -0.9444 -0.2848
vn -0.1340 -0.9634 -0.2321
vn -0.2325 -0.9444 0.2325
vn -0.1895 -0.9634 0.1895
vn 0.3288 -0.9444 -0.0000
vn 0.2680 -0.9634 -0.0000
vn -0.0851 -0.9444 -0.3176
vn -0.0694 -0.9634 -0.2589
vn -0.2848 -0.9444 0.1644
vn -0.2321 -0.9634 0.1340
vn 0.3176 -0.9444 0.0851
vn 0.2589 -0.9634 0.0694
vn -0.0000 -0.9444 -0.3288
vn -0.0000 -0.9634 -0.2680
vn -0.1400 -0.9868 0.0808
vn -0.1143 -0.9868 0.1143
vn 0.1562 -0.9868 0.0418
vn 0.1617 -0.9868 -0.0000
vn -0.0000 -0.9868 -0.1617
vn -0.0418 -0.9868 -0.1562
vn -0.1562 -0.9868 0.0418
vn 0.1400 -0.9868 0.0808
vn 0.0418 -0.9868 -0.1562
vn -0.1617 -0.9868 -0.0000
vn 0.1143 -0.9868 0.1143
vn 0.0808 -0.9868 -0.1400
vn -0.1562 -0.9868 -0.0418
vn 0.0808 -0.9868 0.1400
vn 0.1143 -0.9868 -0.1143
vn -0.1400 -0.9868 -0.0808
vn 0.0418 -0.9868 0.1562
vn -0.0808 -0.9868 0.1400
vn -0.0418 -0.9868 0.1562
vn 0.1400 -0.9868 -0.0808
vn -0.1143 -0.9868 -0.1143
vn -0.0000 -0.9868 0.1617
vn 0.1562 -0.9868 -0.0418
vn -0.0808 -0.9868 -0.1400
vn 0.0679 -0.9954 -0.0679
vn 0.0480 -0.9954 -0.0832
vn 0.0480 -0.9954 0.0832
vn 0.0679 -0.9954 0.0679
vn -0.0928 -0.9954 -0.0249
vn -0.0961 -0.9954 -0.0000
vn 0.0249 -0.9954 -0.0928
vn 0.0832 -0.9954 0.0480
vn -0.0928 -0.9954 0.0249
vn -0.0000 -0.9954 -0.0961
vn 0.0928 -0.9954 0.0249
vn -0.0832 -0.9954 0.0480
vn -0.0249 -0.9954 -0.0928
vn 0.0961 -0.9954 -0.0000
vn -0.0679 -0.9954 0.0679
vn -0.0480 -0.9954 -0.0832
vn 0.0928 -0.9954 -0.0249
vn -0.0480 -0.9954 0.0832
vn -0.0679 -0.9954 -0.0679
vn 0.0832 -0.9954 -0.0480
vn -0.0249 -0.9954 0.0928
vn -0.0000 -0.9954 0.0961
vn 0.0249 -0.9954 0.0928
vn -0.0832 -0.9954 -0.0480
vn 0.0463 -0.9979 -0.0463
vn 0.0327 -0.9979 -0.0567
vn 0.0327 -0.9979 0.0567
vn 0.0463 -0.9979 0.0463
vn -0.0633 -0.9979 -0.0170
vn -0.0655 -0.9979 -0.0000
vn 0.0169 -0.9979 -0.0633
vn 0.0567 -0.9979 0.0327
vn -0.0633 -0.9979 0.0170
vn -0.0000 -0.9979 -0.0655
vn 0.0633 -0.9979 0.0170
vn -0.0567 -0.9979 0.0327
vn -0.0170 -0.9979 -0.0633
vn 0.0655 -0.9979 -0.0000
vn -0.0463 -0.9979 0.0463
vn -0.0327 -0.9979 -0.0567
vn 0.0633 -0.9979 -0.0170
vn -0.0327 -0.9979 0.0567
vn -0.0463 -0.9979 -0.0463
vn 0.0567 -0.9979 -0.0327
vn -0.0170 -0.9979 0.0633
vn -0.0000 -0.9979 0.0655
vn 0.0170 -0.9979 0.0633
vn -0.0567 -0.9979 -0.0327
vn 0.2444 -0.3288 -0.9122
vn 0.4722 -0.3288 -0.8179
vn -0.0000 -0.3288 -0.9444
vn 0.6678 -0.3288 -0.6678
vn 0.8179 -0.3288 -0.4722
vn 0.9122 -0.3288 -0.2444
vn 0.9444 -0.3288 -0.0000
vn 0.9122 -0.3288 0.2444
vn 0.8179 -0.3288 0.4722
vn 0.6678 -0.3288 0.6678
vn 0.4722 -0.3288 0.8179
vn 0.2444 -0.3288 0.9122
vn -0.0000 -0.3288 0.9444
vn -0.2444 -0.3288 0.9122
vn -0.4722 -0.3288 0.8179
vn -0.6678 -0.3288 0.6678
vn -0.8179 -0.3288 0.4722
vn -0.9122 -0.3288 0.2444
vn -0.9444 -0.3288 -0.0000
vn -0.9122 -0.3288 -0.2444
vn -0.8179 -0.3288 -0.4722
vn -0.6678 -0.3288 -0.6678
vn -0.4722 -0.3288 -0.8179
vn -0.2444 -0.3288 -0.9122
vn 0.7056 0.0655 -0.7056
vn 0.4989 0.0655 -0.8642
vn 0.4989 0.0655 0.8642
vn 0.7056 0.0655 0.7056
vn -0.9639 0.0655 -0.2583
vn -0.9979 0.0655 -0.0000
vn 0.2583 0.0655 -0.9639
vn 0.8642 0.0655 0.4989
vn -0.9639 0.0655 0.2583
vn -0.0000 0.0655 -0.9979
vn 0.9639 0.0655 0.2583
vn -0.8642 0.0655 0.4989
vn -0.2583 0.0655 -0.9639
vn 0.9979 0.0655 -0.0000
vn -0.7056 0.0655 0.7056
vn -0.4989 0.0655 -0.8642
vn 0.9639 0.0655 -0.2583
vn -0.4989 0.0655 0.8642
vn -0.7056 0.0655 -0.7056
vn 0.8642 0.0655 -0.4989
vn -0.2583 0.0655 0.9639
vn -0.0000 0.0655 0.9979
vn 0.2583 0.0655 0.9639
vn -0.8642 0.0655 -0.4989
vn -0.0511 -0.9983 -0.0295
vn -0.0570 -0.9983 -0.0153
vn 0.0153 -0.9983 0.0570
vn 0.0295 -0.9983 0.0511
vn -0.0295 -0.9983 0.0511
vn -0.0153 -0.9983 0.0570
vn 0.0511 -0.9983 -0.0295
vn 0.0417 -0.9983 -0.0417
vn -0.0417 -0.9983 -0.0417
vn -0.0000 -0.9983 0.0590
vn 0.0570 -0.9983 -0.0153
vn -0.0295 -0.9983 -0.0511
vn -0.0417 -0.9983 0.0417
vn 0.0590 -0.9983 -0.0000
vn -0.0153 -0.9983 -0.0570
vn -0.0511 -0.9983 0.0295
vn 0.0570 -0.9983 0.0153
vn -0.0000 -0.9983 -0.0590
vn -0.0570 -0.9983 0.0153
vn 0.0511 -0.9983 0.0295
vn 0.0153 -0.9983 -0.0570
vn -0.0590 -0.9983 -0.0000
vn 0.0417 -0.9983 0.0417
vn 0.0295 -0.9983 -0.0511
vn -0.2529 0.2122 0.9439
vn -0.4886 0.2122 0.8463
vn -0.3023 0.7966 0.5235
vn -0.1565 0.7966 0.5839
vn 0.0076 0.9999 -0.0132
vn 0.0039 0.9999 -0.0147
vn -0.0000 0.2122 0.9772
vn -0.0000 0.7966 0.6045
vn -0.0000 0.9999 -0.0153
vn -0.6910 0.2122 0.6910
vn -0.4275 0.7966 0.4275
vn 0.0108 0.9999 -0.0108
vn -0.8463 0.2122 0.4886
vn -0.5235 0.7966 0.3023
vn 0.0132 0.9999 -0.0076
vn -0.9439 0.2122 0.2529
vn -0.5839 0.7966 0.1565
vn 0.0147 0.9999 -0.0039
vn -0.9772 0.2122 -0.0000
vn -0.6045 0.7966 -0.0000
vn 0.0153 0.9999 -0.0000
vn -0.9439 0.2122 -0.2529
vn -0.5839 0.7966 -0.1565
vn 0.0147 0.9999 0.0039
vn -0.8463 0.2122 -0.4886
vn -0.5235 0.7966 -0.3023
vn 0.0132 0.9999 0.0076
vn -0.6910 0.2122 -0.6910
vn -0.4275 0.7966 -0.4275
vn 0.0108 0.9999 0.0108
vn -0.4886 0.2122 -0.8463
vn -0.3023 0.7966 -0.5235
vn 0.0076 0.9999 0.0132
vn -0.2529 0.2122 -0.9439
vn -0.1565 0.7966 -0.5839
vn 0.0039 0.9999 0.0147
vn -0.0000 0.2122 -0.9772
vn -0.0000 0.7966 -0.6045
vn -0.0000 0.9999 0.0153
vn 0.2529 0.2122 -0.9439
vn 0.1565 0.7966 -0.5839
vn -0.0039 0.9999 0.0147
vn 0.4886 0.2122 -0.8463
vn 0.3023 0.7966 -0.5235
vn -0.0076 0.9999 0.0132
vn 0.6910 0.2122 -0.6910
vn 0.4275 0.7966 -0.4275
vn -0.0108 0.9999 0.0108
vn 0.8463 0.2122 -0.4886
vn 0.5235 0.7966 -0.3023
vn -0.0132 0.9999 0.0076
vn 0.9439 0.2122 -0.2529
vn 0.5839 0.7966 -0.1565
vn -0.0147 0.9999 0.0039
vn 0.9772 0.2122 -0.0000
vn 0.6045 0.7966 -0.0000
vn -0.0153 0.9999 -0.0000
vn 0.9439 0.2122 0.2529
vn 0.5839 0.7966 0.1565
vn -0.0147 0.9999 -0.0039
vn 0.8463 0.2122 0.4886
vn 0.5235 0.7966 0.3023
vn -0.0132 0.9999 -0.0076
vn 0.6910 0.2122 0.6910
vn 0.4275 0.7966 0.4275
vn -0.0108 0.9999 -0.0108
vn 0.4886 0.2122 0.8463
vn 0.3023 0.7966 0.5235
vn -0.0076 0.9999 -0.0132
vn 0.2529 0.2122 0.9439
vn 0.1565 0.7966 0.5839
vn -0.0039 0.9999 -0.0147
vn -0.1930 0.9225 0.3342
vn -0.2729 0.9225 0.2729
vn -0.5546 0.6203 0.5546
vn -0.3922 0.6203 0.6793
vn -0.6960 0.1767 0.6960
vn -0.4921 0.1767 0.8524
vn -0.2729 0.9225 -0.2729
vn -0.1930 0.9225 -0.3342
vn -0.3922 0.6203 -0.6793
vn -0.5546 0.6203 -0.5546
vn -0.4921 0.1767 -0.8524
vn -0.6960 0.1767 -0.6960
vn 0.3860 0.9225 -0.0000
vn 0.3728 0.9225 0.0999
vn 0.7577 0.6203 0.2030
vn 0.7844 0.6203 -0.0000
vn 0.9507 0.1767 0.2547
vn 0.9843 0.1767 -0.0000
vn -0.0999 0.9225 0.3728
vn -0.2030 0.6203 0.7577
vn -0.2547 0.1767 0.9507
vn -0.3342 0.9225 -0.1930
vn -0.6793 0.6203 -0.3922
vn -0.8524 0.1767 -0.4921
vn 0.3728 0.9225 -0.0999
vn 0.7577 0.6203 -0.2030
vn 0.9507 0.1767 -0.2547
vn -0.0000 0.9225 0.3859
vn -0.0000 0.6203 0.7844
vn -0.0000 0.1767 0.9843
vn -0.3728 0.9225 -0.0999
vn -0.7577 0.6203 -0.2030
vn -0.9507 0.1767 -0.2548
vn 0.3342 0.9225 -0.1930
vn 0.6793 0.6203 -0.3922
vn 0.8524 0.1767 -0.4921
vn 0.0999 0.9225 0.3728
vn 0.2030 0.6203 0.7577
vn 0.2547 0.1767 0.9507
vn -0.3859 0.9225 -0.0000
vn -0.7844 0.6203 -0.0000
vn -0.9843 0.1767 -0.0000
vn 0.2729 0.9225 -0.2729
vn 0.5546 0.6203 -0.5546
vn 0.6960 0.1767 -0.6960
vn 0.1930 0.9225 0.3342
vn 0.3922 0.6203 0.6793
vn 0.4921 0.1767 0.8524
vn -0.3728 0.9225 0.0999
vn -0.7577 0.6203 0.2030
vn -0.9507 0.1767 0.2547
vn 0.1930 0.9225 -0.3342
vn 0.3922 0.6203 -0.6793
vn 0.4921 0.1767 -0.8524
vn 0.2729 0.9225 0.2729
vn 0.5546 0.6203 0.5546
vn 0.6960 0.1767 0.6960
vn -0.3342 0.9225 0.1930
vn -0.6793 0.6203 0.3922
vn -0.8524 0.1767 0.4921
vn -0.0000 0.9225 -0.3859
vn 0.0999 0.9225 -0.3728
vn 0.2030 0.6203 -0.7577
vn -0.0000 0.6203 -0.7844
vn 0.2547 0.1767 -0.9507
vn -0.0000 0.1767 -0.9843
vn -0.0999 0.9225 -0.3728
vn -0.2030 0.6203 -0.7577
vn -0.2547 0.1767 -0.9507
vn 0.3342 0.9225 0.1930
vn 0.6793 0.6203 0.3922
vn 0.8524 0.1767 0.4921
vn -0.2588 -0.0000 0.9659
vn -0.0000 -0.0000 1.0000
vn -0.5000 -0.0000 0.8660
vn -0.7071 -0.0000 0.7071
vn -0.8660 -0.0000 0.5000
vn -0.9659 -0.0000 0.2588
vn -1.0000 -0.0000 -0.0000
vn -0.9659 -0.0000 -0.2588
vn -0.8660 -0.0000 -0.5000
vn -0.7071 -0.0000 -0.7071
vn -0.5000 -0.0000 -0.8660
vn -0.2588 -0.0000 -0.9659
vn -0.0000 -0.0000 -1.0000
vn 0.2588 -0.0000 -0.9659
vn 0.5000 -0.0000 -0.8660
vn 0.7071 -0.0000 -0.7071
vn 0.8660 -0.0000 -0.5000
vn 0.9659 -0.0000 -0.2588
vn 1.0000 -0.0000 -0.0000
vn 0.9659 -0.0000 0.2588
vn 0.8660 -0.0000 0.5000
vn 0.7071 -0.0000 0.7071
vn 0.5000 -0.0000 0.8660
vn 0.2588 -0.0000 0.9659
vn -0.0000 0.0418 0.9991
vn 0.2586 0.0418 0.9651
vn 0.2579 0.0838 0.9625
vn -0.0000 0.0838 0.9965
vn -0.2586 0.0418 0.9651
vn -0.2579 0.0838 0.9625
vn 0.4996 0.0418 0.8653
vn 0.4982 0.0838 0.8630
vn 0.7065 0.0418 0.7065
vn 0.7046 0.0838 0.7046
vn 0.8653 0.0418 0.4996
vn 0.8630 0.0838 0.4982
vn 0.9651 0.0418 0.2586
vn 0.9625 0.0838 0.2579
vn 0.9991 0.0418 -0.0000
vn 0.9965 0.0838 -0.0000
vn 0.9651 0.0418 -0.2586
vn 0.9625 0.0838 -0.2579
vn 0.8653 0.0418 -0.4996
vn 0.8630 0.0838 -0.4982
vn 0.7065 0.0418 -0.7065
vn 0.7046 0.0838 -0.7046
vn 0.4996 0.0418 -0.8653
vn 0.4982 0.0838 -0.8630
vn 0.2586 0.0418 -0.9651
vn 0.2579 0.0838 -0.9625
vn -0.0000 0.0418 -0.9991
vn -0.0000 0.0838 -0.9965
vn -0.2586 0.0418 -0.9651
vn -0.2579 0.0838 -0.9625
vn -0.4996 0.0418 -0.8653
vn -0.4982 0.0838 -0.8630
vn -0.7065 0.0418 -0.7065
vn -0.7046 0.0838 -0.7046
vn -0.8653 0.0418 -0.4996
vn -0.8630 0.0838 -0.4982
vn -0.9651 0.0418 -0.2586
vn -0.9625 0.0838 -0.2579
vn -0.9991 0.0418 -0.0000
vn -0.9965 0.0838 -0.0000
vn -0.9651 0.0418 0.2586
vn -0.9625 0.0838 0.2579
vn -0.8653 0.0418 0.4996
vn -0.8630 0.0838 0.4982
vn -0.7065 0.0418 0.7065
vn -0.7046 0.0838 0.7046
vn -0.4996 0.0418 0.8653
vn -0.4982 0.0838 0.8630
vn -0.0000 -0.7651 -0.6439
vn -0.0000 -0.0838 -0.9965
vn -0.2579 -0.0838 -0.9625
vn -0.1667 -0.7651 -0.6220
vn 0.1667 -0.7651 -0.6220
vn 0.2579 -0.0838 -0.9625
vn -0.4982 -0.0838 -0.8630
vn -0.3219 -0.7651 -0.5576
vn -0.7046 -0.0838 -0.7046
vn -0.4553 -0.7651 -0.4553
vn -0.8630 -0.0838 -0.4982
vn -0.5576 -0.7651 -0.3219
vn -0.9625 -0.0838 -0.2579
vn -0.6220 -0.7651 -0.1667
vn -0.9965 -0.0838 -0.0000
vn -0.6439 -0.7651 -0.0000
vn -0.9625 -0.0838 0.2579
vn -0.6220 -0.7651 0.1667
vn -0.8630 -0.0838 0.4982
vn -0.5576 -0.7651 0.3219
vn -0.7046 -0.0838 0.7046
vn -0.4553 -0.7651 0.4553
vn -0.4982 -0.0838 0.8630
vn -0.3219 -0.7651 0.5576
vn -0.2579 -0.0838 0.9625
vn -0.1667 -0.7651 0.6220
vn -0.0000 -0.0838 0.9965
vn -0.0000 -0.7651 0.6439
vn 0.2579 -0.0838 0.9625
vn 0.1667 -0.7651 0.6220
vn 0.4982 -0.0838 0.8630
vn 0.3219 -0.7651 0.5576
vn 0.7046 -0.0838 0.7046
vn 0.4553 -0.7651 0.4553
vn 0.8630 -0.0838 0.4982
vn 0.5576 -0.7651 0.3219
vn 0.9625 -0.0838 0.2579
vn 0.6220 -0.7651 0.1667
vn 0.9965 -0.0838 -0.0000
vn 0.6439 -0.7651 -0.0000
vn 0.9625 -0.0838 -0.2579
vn 0.6220 -0.7651 -0.1667
vn 0.8630 -0.0838 -0.4982
vn 0.5576 -0.7651 -0.3219
vn 0.7046 -0.0838 -0.7046
vn 0.4553 -0.7651 -0.4553
vn 0.4982 -0.0838 -0.8630
vn 0.3219 -0.7651 -0.5576
vn -0.0000 -0.9965 -0.0838
vn -0.0217 -0.9965 -0.0810
vn -0.0810 -0.9965 0.0217
vn -0.0726 -0.9965 0.0419
vn 0.0726 -0.9965 0.0419
vn 0.0810 -0.9965 0.0217
vn 0.0217 -0.9965 -0.0810
vn -0.0838 -0.9965 -0.0000
vn 0.0593 -0.9965 0.0593
vn 0.0419 -0.9965 -0.0726
vn -0.0810 -0.9965 -0.0217
vn 0.0419 -0.9965 0.0726
vn 0.0593 -0.9965 -0.0593
vn -0.0726 -0.9965 -0.0419
vn 0.0217 -0.9965 0.0810
vn -0.0217 -0.9965 0.0810
vn -0.0000 -0.9965 0.0838
vn 0.0726 -0.9965 -0.0419
vn -0.0593 -0.9965 -0.0593
vn -0.0419 -0.9965 0.0726
vn 0.0810 -0.9965 -0.0217
vn -0.0419 -0.9965 -0.0726
vn -0.0593 -0.9965 0.0593
vn 0.0838 -0.9965 -0.0000
vn -0.0000 -1.0000 -0.0000
vn 0.2526 0.2173 0.9429
vn -0.0000 0.2173 0.9761
vn -0.0000 0.8669 0.4984
vn 0.1290 0.8670 0.4814
vn -0.0000 0.9699 -0.2436
vn -0.0631 0.9699 -0.2353
vn 0.4881 0.2173 0.8453
vn 0.2492 0.8670 0.4316
vn -0.1218 0.9699 -0.2110
vn 0.6902 0.2173 0.6902
vn 0.3524 0.8670 0.3524
vn -0.1723 0.9699 -0.1723
vn 0.8453 0.2173 0.4881
vn 0.4316 0.8670 0.2492
vn -0.2110 0.9699 -0.1218
vn 0.9429 0.2173 0.2526
vn 0.4814 0.8670 0.1290
vn -0.2353 0.9699 -0.0631
vn 0.9761 0.2173 -0.0000
vn 0.4984 0.8669 -0.0000
vn -0.2436 0.9699 -0.0000
vn 0.9429 0.2173 -0.2526
vn 0.4814 0.8670 -0.1290
vn -0.2353 0.9699 0.0631
vn 0.8453 0.2173 -0.4881
vn 0.4316 0.8670 -0.2492
vn -0.2110 0.9699 0.1218
vn 0.6902 0.2173 -0.6902
vn 0.3524 0.8670 -0.3524
vn -0.1723 0.9699 0.1723
vn 0.4881 0.2173 -0.8453
vn 0.2492 0.8670 -0.4316
vn -0.1218 0.9699 0.2110
vn 0.2526 0.2173 -0.9429
vn 0.1290 0.8670 -0.4814
vn -0.0631 0.9699 0.2353
vn -0.0000 0.2173 -0.9761
vn -0.0000 0.8669 -0.4984
vn -0.0000 0.9699 0.2436
vn -0.2526 0.2173 -0.9429
vn -0.1290 0.8670 -0.4814
vn 0.0631 0.9699 0.2353
vn -0.4881 0.2173 -0.8453
vn -0.2492 0.8670 -0.4316
vn 0.1218 0.9699 0.2110
vn -0.6902 0.2173 -0.6902
vn -0.3524 0.8670 -0.3524
vn 0.1723 0.9699 0.1723
vn -0.8453 0.2173 -0.4881
vn -0.4316 0.8670 -0.2492
vn 0.2110 0.9699 0.1218
vn -0.9429 0.2173 -0.2526
vn -0.4814 0.8670 -0.1290
vn 0.2353 0.9699 0.0631
vn -0.9761 0.2173 -0.0000
vn -0.4984 0.8669 -0.0000
vn 0.2436 0.9699 -0.0000
vn -0.9429 0.2173 0.2526
vn -0.4814 0.8670 0.1290
vn 0.2353 0.9699 -0.0631
vn -0.8453 0.2173 0.4881
vn -0.4316 0.8670 0.2492
vn 0.2110 0.9699 -0.1218
vn -0.6902 0.2173 0.6902
vn -0.3524 0.8670 0.3524
vn 0.1723 0.9699 -0.1723
vn -0.4881 0.2173 0.8453
vn -0.2492 0.8670 0.4316
vn 0.1218 0.9699 -0.2110
vn -0.2526 0.2173 0.9429
vn -0.1290 0.8670 0.4814
vn 0.0631 0.9699 -0.2353
vn -0.1471 0.8227 -0.5491
vn -0.0000 0.8227 -0.5685
vn -0.0000 0.5274 -0.8496
vn -0.2199 0.5274 -0.8207
vn -0.0000 0.1524 -0.9883
vn -0.2558 0.1524 -0.9546
vn -0.2842 0.8227 -0.4923
vn -0.4248 0.5274 -0.7358
vn -0.4942 0.1524 -0.8559
vn -0.4020 0.8227 -0.4020
vn -0.6008 0.5274 -0.6008
vn -0.6988 0.1524 -0.6988
vn -0.4923 0.8227 -0.2842
vn -0.7358 0.5274 -0.4248
vn -0.8559 0.1524 -0.4942
vn -0.5491 0.8227 -0.1471
vn -0.8206 0.5274 -0.2199
vn -0.9546 0.1524 -0.2558
vn -0.5685 0.8227 -0.0000
vn -0.8496 0.5274 -0.0000
vn -0.9883 0.1524 -0.0000
vn -0.5491 0.8227 0.1471
vn -0.8206 0.5274 0.2199
vn -0.9546 0.1524 0.2558
vn -0.4923 0.8227 0.2842
vn -0.7358 0.5274 0.4248
vn -0.8559 0.1524 0.4942
vn -0.4020 0.8227 0.4020
vn -0.6008 0.5274 0.6008
vn -0.6988 0.1524 0.6988
vn -0.2842 0.8227 0.4923
vn -0.4248 0.5274 0.7358
vn -0.4942 0.1524 0.8559
vn -0.1471 0.8227 0.5491
vn -0.2199 0.5274 0.8207
vn -0.2558 0.1524 0.9546
vn -0.0000 0.8227 0.5685
vn -0.0000 0.5274 0.8496
vn -0.0000 0.1524 0.9883
vn 0.1471 0.8227 0.5491
vn 0.2199 0.5274 0.8207
vn 0.2558 0.1524 0.9546
vn 0.2842 0.8227 0.4923
vn 0.4248 0.5274 0.7358
vn 0.4942 0.1524 0.8559
vn 0.4020 0.8227 0.4020
vn 0.6008 0.5274 0.6008
vn 0.6988 0.1524 0.6988
vn 0.4923 0.8227 0.2842
vn 0.7358 0.5274 0.4248
vn 0.8559 0.1524 0.4942
vn 0.5491 0.8227 0.1471
vn 0.8206 0.5274 0.2199
vn 0.9546 0.1524 0.2558
vn 0.5685 0.8227 -0.0000
vn 0.8496 0.5274 -0.0000
vn 0.9883 0.1524 -0.0000
vn 0.5491 0.8227 -0.1471
vn 0.8206 0.5274 -0.2199
vn 0.9546 0.1524 -0.2558
vn 0.4923 0.8227 -0.2842
vn 0.7358 0.5274 -0.4248
vn 0.8559 0.1524 -0.4942
vn 0.4020 0.8227 -0.4020
vn 0.6008 0.5274 -0.6008
vn 0.6988 0.1524 -0.6988
vn 0.2842 0.8227 -0.4923
vn 0.4248 0.5274 -0.7358
vn 0.4942 0.1524 -0.8559
vn 0.1471 0.8227 -0.5491
vn 0.2199 0.5274 -0.8207
vn 0.2558 0.1524 -0.9546
vn -0.0000 1.0000 -0.0000
vn -0.7558 -0.6352 0.1590
vn -0.7797 -0.6261 -0.0000
vn -0.2597 -0.9657 -0.0000
vn -0.2507 -0.9670 0.0459
vn -0.9657 -0.1567 0.2070
vn -0.9884 -0.1517 -0.0000
vn -0.8949 -0.1699 0.4128
vn -0.6869 -0.6573 0.3100
vn -0.5752 -0.6841 0.4484
vn -0.2232 -0.9706 0.0903
vn -0.1798 -0.9753 0.1283
vn -0.4200 -0.7091 0.5663
vn -0.1257 -0.9796 0.1570
vn -0.5734 -0.2058 0.7930
vn -0.7676 -0.1876 0.6129
vn -0.3102 -0.2196 0.9250
vn -0.2236 -0.7269 0.6493
vn -0.0000 -0.7334 0.6798
vn -0.0647 -0.9824 0.1751
vn -0.0000 -0.9834 0.1814
vn 0.2237 -0.7269 0.6493
vn 0.0647 -0.9824 0.1751
vn 0.3102 -0.2196 0.9250
vn -0.0000 -0.2248 0.9744
vn 0.5734 -0.2058 0.7930
vn 0.4200 -0.7091 0.5663
vn 0.5752 -0.6841 0.4484
vn 0.1257 -0.9796 0.1570
vn 0.1798 -0.9753 0.1283
vn 0.6869 -0.6573 0.3100
vn 0.2232 -0.9706 0.0903
vn 0.8949 -0.1699 0.4128
vn 0.7676 -0.1876 0.6129
vn 0.9657 -0.1567 0.2070
vn 0.7558 -0.6352 0.1590
vn 0.7797 -0.6261 -0.0000
vn 0.2507 -0.9670 0.0459
vn 0.2597 -0.9657 -0.0000
vn 0.7558 -0.6351 -0.1590
vn 0.2507 -0.9670 -0.0459
vn 0.9657 -0.1567 -0.2070
vn 0.9884 -0.1517 -0.0000
vn 0.8949 -0.1699 -0.4128
vn 0.6869 -0.6573 -0.3100
vn 0.5752 -0.6841 -0.4484
vn 0.2232 -0.9706 -0.0903
vn 0.1798 -0.9753 -0.1283
vn 0.4200 -0.7091 -0.5663
vn 0.1257 -0.9796 -0.1570
vn 0.5734 -0.2058 -0.7930
vn 0.7676 -0.1876 -0.6129
vn -0.0000 -0.2248 -0.9744
vn 0.3102 -0.2196 -0.9250
vn 0.2236 -0.7269 -0.6493
vn -0.0000 -0.7334 -0.6798
vn 0.0647 -0.9824 -0.1751
vn 0.5774 0.1997 -0.7916
vn 0.3133 0.2069 -0.9268
vn 0.2644 0.5776 -0.7723
vn 0.4908 0.5632 -0.6647
vn -0.0000 0.2097 -0.9778
vn -0.0000 0.5834 -0.8122
vn 0.7701 0.1912 -0.6086
vn 0.6603 0.5459 -0.5158
vn 0.8944 0.1841 -0.4077
vn 0.7725 0.5311 -0.3481
vn 0.9625 0.1795 -0.2035
vn 0.8352 0.5215 -0.1746
vn 0.9840 0.1780 -0.0000
vn 0.8552 0.5183 -0.0000
vn 0.9625 0.1795 0.2035
vn 0.8352 0.5215 0.1746
vn 0.8944 0.1841 0.4077
vn 0.7725 0.5311 0.3481
vn 0.7701 0.1912 0.6086
vn 0.6603 0.5459 0.5158
vn 0.5774 0.1997 0.7916
vn 0.4908 0.5632 0.6648
vn 0.3133 0.2069 0.9268
vn 0.2644 0.5776 0.7723
vn -0.0000 0.2097 0.9778
vn -0.0000 0.5834 0.8122
vn -0.3133 0.2069 0.9268
vn -0.2644 0.5776 0.7723
vn -0.5774 0.1997 0.7916
vn -0.4909 0.5632 0.6648
vn -0.7701 0.1912 0.6086
vn -0.6603 0.5459 0.5158
vn -0.8944 0.1841 0.4077
vn -0.7725 0.5311 0.3481
vn -0.9625 0.1795 0.2034
vn -0.8352 0.5215 0.1746
vn -0.9840 0.1780 -0.0000
vn -0.8552 0.5183 -0.0000
vn -0.9625 0.1795 -0.2035
vn -0.8352 0.5215 -0.1746
vn -0.8944 0.1841 -0.4077
vn -0.7725 0.5311 -0.3481
vn -0.7701 0.1912 -0.6086
vn -0.6603 0.5459 -0.5158
vn -0.5774 0.1997 -0.7916
vn -0.4909 0.5632 -0.6648
vn -0.3133 0.2069 -0.9268
vn -0.2644 0.5776 -0.7723
vn 0.0681 0.9801 -0.1865
vn 0.1270 0.9787 -0.1613
vn 0.3330 0.8334 -0.4411
vn 0.1778 0.8429 -0.5078
vn -0.0000 0.9807 -0.1958
vn -0.0000 0.8467 -0.5321
vn 0.1718 0.9771 -0.1258
vn 0.4528 0.8218 -0.3459
vn 0.2019 0.9757 -0.0852
vn 0.5345 0.8117 -0.2356
vn 0.2188 0.9748 -0.0428
vn 0.5811 0.8051 -0.1188
vn 0.2242 0.9745 -0.0000
vn 0.5962 0.8028 -0.0000
vn 0.2188 0.9748 0.0428
vn 0.5811 0.8051 0.1188
vn 0.2019 0.9757 0.0852
vn 0.5345 0.8117 0.2356
vn 0.1718 0.9771 0.1258
vn 0.4528 0.8218 0.3459
vn 0.1270 0.9787 0.1613
vn 0.3330 0.8334 0.4411
vn 0.0681 0.9801 0.1865
vn 0.1778 0.8429 0.5078
vn -0.0000 0.9807 0.1958
vn -0.0000 0.8467 0.5321
vn -0.0680 0.9801 0.1865
vn -0.1778 0.8429 0.5078
vn -0.1270 0.9787 0.1613
vn -0.3330 0.8334 0.4411
vn -0.1718 0.9771 0.1258
vn -0.4528 0.8218 0.3459
vn -0.2019 0.9757 0.0852
vn -0.5345 0.8117 0.2356
vn -0.2188 0.9748 0.0428
vn -0.5811 0.8051 0.1188
vn -0.2242 0.9745 -0.0000
vn -0.5962 0.8028 -0.0000
vn -0.2188 0.9748 -0.0428
vn -0.5811 0.8051 -0.1188
vn -0.2019 0.9757 -0.0852
vn -0.5345 0.8117 -0.2356
vn -0.1718 0.9771 -0.1258
vn -0.4528 0.8218 -0.3459
vn -0.1270 0.9787 -0.1613
vn -0.3330 0.8334 -0.4411
vn -0.0681 0.9801 -0.1865
vn -0.1778 0.8429 -0.5078
vn -0.3167 0.2155 0.9237
vn -0.5816 0.2066 0.7868
vn -0.4004 0.7360 0.5458
vn -0.2134 0.7488 0.6275
vn -0.0981 0.9854 0.1391
vn -0.0504 0.9868 0.1541
vn -0.0000 0.2191 0.9757
vn -0.0000 0.7539 0.6570
vn -0.0000 0.9873 0.1590
vn -0.7729 0.1967 0.6033
vn -0.5449 0.7209 0.4282
vn -0.1396 0.9836 0.1141
vn -0.8954 0.1887 0.4033
vn -0.6432 0.7080 0.2916
vn -0.1714 0.9819 0.0808
vn -0.9622 0.1837 0.2010
vn -0.6992 0.6997 0.1470
vn -0.1912 0.9807 0.0418
vn -0.9833 0.1820 -0.0000
vn -0.7172 0.6969 -0.0000
vn -0.1979 0.9802 -0.0000
vn -0.9622 0.1837 -0.2010
vn -0.6992 0.6997 -0.1470
vn -0.1912 0.9807 -0.0418
vn -0.8954 0.1887 -0.4033
vn -0.6432 0.7080 -0.2916
vn -0.1714 0.9819 -0.0808
vn -0.7729 0.1967 -0.6033
vn -0.5449 0.7209 -0.4283
vn -0.1396 0.9836 -0.1141
vn -0.5816 0.2066 -0.7868
vn -0.4004 0.7360 -0.5458
vn -0.0981 0.9854 -0.1391
vn -0.3167 0.2155 -0.9237
vn -0.2134 0.7488 -0.6275
vn -0.0504 0.9868 -0.1541
vn -0.0000 0.2191 -0.9757
vn -0.0000 0.7539 -0.6570
vn -0.0000 0.9873 -0.1590
vn 0.3167 0.2155 -0.9237
vn 0.2134 0.7488 -0.6275
vn 0.0504 0.9868 -0.1541
vn 0.5816 0.2066 -0.7868
vn 0.4004 0.7360 -0.5458
vn 0.0981 0.9854 -0.1391
vn 0.7729 0.1967 -0.6033
vn 0.5449 0.7209 -0.4283
vn 0.1396 0.9836 -0.1141
vn 0.8954 0.1887 -0.4033
vn 0.6432 0.7080 -0.2916
vn 0.1714 0.9819 -0.0808
vn 0.9622 0.1837 -0.2010
vn 0.6992 0.6997 -0.1470
vn 0.1912 0.9807 -0.0418
vn 0.9833 0.1820 -0.0000
vn 0.7172 0.6969 -0.0000
vn 0.1979 0.9802 -0.0000
vn 0.9622 0.1837 0.2010
vn 0.6992 0.6997 0.1470
vn 0.1912 0.9807 0.0418
vn 0.8954 0.1887 0.4033
vn 0.6432 0.7080 0.2916
vn 0.1714 0.9819 0.0808
vn 0.7729 0.1967 0.6033
vn 0.5449 0.7209 0.4282
vn 0.1396 0.9836 0.1141
vn 0.5816 0.2066 0.7868
vn 0.4004 0.7360 0.5458
vn 0.0981 0.9854 0.1391
vn 0.3167 0.2155 0.9237
vn 0.2134 0.7488 0.6275
vn 0.0504 0.9868 0.1541
vn -0.2236 -0.7269 -0.6493
vn -0.0000 -0.9834 -0.1814
vn -0.0647 -0.9824 -0.1751
vn -0.3102 -0.2196 -0.9250
vn -0.5752 -0.6841 -0.4484
vn -0.4200 -0.7091 -0.5663
vn -0.1257 -0.9796 -0.1570
vn -0.1798 -0.9753 -0.1283
vn -0.6869 -0.6573 -0.3100
vn -0.2232 -0.9706 -0.0903
vn -0.7558 -0.6352 -0.1590
vn -0.2508 -0.9670 -0.0459
vn -0.9657 -0.1567 -0.2070
vn -0.5734 -0.2058 -0.7930
vn -0.7676 -0.1876 -0.6129
vn -0.8949 -0.1699 -0.4128
vn -0.0666 0.9802 0.1867
vn -0.1248 0.9788 0.1623
vn -0.4231 0.7012 0.5738
vn -0.2280 0.7101 0.6662
vn -0.5769 0.1996 0.7920
vn -0.3130 0.2068 0.9270
vn -0.0000 0.9807 0.1956
vn -0.0000 0.7135 0.7006
vn -0.0000 0.2096 0.9778
vn -0.1698 0.9772 0.1275
vn -0.5697 0.6903 0.4460
vn -0.7697 0.1912 0.6092
vn -0.2007 0.9758 0.0869
vn -0.6676 0.6807 0.3017
vn -0.8942 0.1840 0.4082
vn -0.2184 0.9749 0.0439
vn -0.7228 0.6743 0.1516
vn -0.9624 0.1794 0.2037
vn -0.2242 0.9746 -0.0000
vn -0.7405 0.6721 -0.0000
vn -0.9841 0.1779 -0.0000
vn -0.2184 0.9749 -0.0439
vn -0.7228 0.6743 -0.1516
vn -0.9624 0.1794 -0.2037
vn -0.2007 0.9758 -0.0869
vn -0.6676 0.6807 -0.3017
vn -0.8942 0.1840 -0.4082
vn -0.1698 0.9772 -0.1275
vn -0.5697 0.6903 -0.4460
vn -0.7697 0.1912 -0.6092
vn -0.1248 0.9788 -0.1623
vn -0.4231 0.7012 -0.5738
vn -0.5769 0.1996 -0.7920
vn -0.0666 0.9802 -0.1867
vn -0.2280 0.7101 -0.6662
vn -0.3130 0.2068 -0.9270
vn -0.0000 0.9807 -0.1956
vn -0.0000 0.7135 -0.7006
vn -0.0000 0.2096 -0.9778
vn 0.0666 0.9802 -0.1867
vn 0.2280 0.7101 -0.6662
vn 0.3130 0.2068 -0.9270
vn 0.1248 0.9788 -0.1623
vn 0.4232 0.7012 -0.5738
vn 0.5769 0.1996 -0.7920
vn 0.1698 0.9772 -0.1275
vn 0.5697 0.6903 -0.4460
vn 0.7697 0.1912 -0.6092
vn 0.2007 0.9758 -0.0869
vn 0.6676 0.6807 -0.3017
vn 0.8942 0.1840 -0.4082
vn 0.2184 0.9749 -0.0439
vn 0.7228 0.6743 -0.1516
vn 0.9624 0.1794 -0.2037
vn 0.2241 0.9746 -0.0000
vn 0.7405 0.6721 -0.0000
vn 0.9841 0.1779 -0.0000
vn 0.2184 0.9749 0.0439
vn 0.7228 0.6743 0.1516
vn 0.9624 0.1794 0.2037
vn 0.2007 0.9758 0.0869
vn 0.6676 0.6807 0.3017
vn 0.8942 0.1840 0.4082
vn 0.1698 0.9772 0.1275
vn 0.5697 0.6903 0.4460
vn 0.7697 0.1912 0.6092
vn 0.1248 0.9788 0.1623
vn 0.4232 0.7012 0.5738
vn 0.5769 0.1996 0.7920
vn 0.0666 0.9802 0.1867
vn 0.2280 0.7101 0.6662
vn 0.3130 0.2068 0.9270
vn 0.0394 -0.9870 -0.1555
vn 0.0796 -0.9860 -0.1465
vn 0.3344 -0.7418 -0.5813
vn 0.1696 -0.7531 -0.6357
vn 0.4926 -0.2118 -0.8441
vn 0.2547 -0.2211 -0.9414
vn -0.0000 -0.9874 -0.1584
vn -0.0000 -0.7568 -0.6536
vn -0.0000 -0.2243 -0.9745
vn 0.1210 -0.9841 -0.1298
vn 0.4881 -0.7229 -0.4891
vn 0.6974 -0.1976 -0.6889
vn 0.1630 -0.9813 -0.1022
vn 0.6200 -0.6985 -0.3574
vn 0.8548 -0.1812 -0.4863
vn 0.1999 -0.9780 -0.0592
vn 0.7122 -0.6759 -0.1895
vn 0.9534 -0.1676 -0.2511
vn 0.2164 -0.9763 -0.0000
vn 0.7454 -0.6667 -0.0000
vn 0.9868 -0.1622 -0.0000
vn 0.1999 -0.9780 0.0592
vn 0.7122 -0.6759 0.1895
vn 0.9534 -0.1676 0.2511
vn 0.1630 -0.9813 0.1022
vn 0.6200 -0.6985 0.3574
vn 0.8548 -0.1812 0.4863
vn 0.1210 -0.9841 0.1298
vn 0.4881 -0.7229 0.4891
vn 0.6974 -0.1976 0.6889
vn 0.0796 -0.9860 0.1465
vn 0.3344 -0.7418 0.5813
vn 0.4926 -0.2118 0.8441
vn 0.0394 -0.9870 0.1555
vn 0.1696 -0.7531 0.6357
vn 0.2547 -0.2211 0.9414
vn -0.0000 -0.9874 0.1584
vn -0.0000 -0.7568 0.6536
vn -0.0000 -0.2243 0.9745
vn -0.0394 -0.9870 0.1555
vn -0.1696 -0.7531 0.6357
vn -0.2547 -0.2211 0.9414
vn -0.0796 -0.9860 0.1465
vn -0.3344 -0.7418 0.5813
vn -0.4926 -0.2118 0.8441
vn -0.1210 -0.9841 0.1298
vn -0.4881 -0.7229 0.4891
vn -0.6974 -0.1976 0.6889
vn -0.1630 -0.9813 0.1022
vn -0.6200 -0.6985 0.3574
vn -0.8548 -0.1812 0.4863
vn -0.1999 -0.9780 0.0592
vn -0.7122 -0.6759 0.1895
vn -0.9534 -0.1676 0.2511
vn -0.2164 -0.9763 -0.0000
vn -0.7454 -0.6667 -0.0000
vn -0.9868 -0.1622 -0.0000
vn -0.1999 -0.9780 -0.0592
vn -0.7122 -0.6759 -0.1895
vn -0.9534 -0.1676 -0.2511
vn -0.1630 -0.9813 -0.1022
vn -0.6199 -0.6985 -0.3574
vn -0.8548 -0.1812 -0.4863
vn -0.1210 -0.9841 -0.1298
vn -0.4881 -0.7229 -0.4891
vn -0.6974 -0.1976 -0.6889
vn -0.0796 -0.9860 -0.1465
vn -0.3344 -0.7418 -0.5813
vn -0.4926 -0.2118 -0.8441
vn -0.0394 -0.9870 -0.1555
vn -0.1696 -0.7531 -0.6357
vn -0.2547 -0.2211 -0.9414
vt 0.634604 0.996269
vt 0.615018 0.996270
vt 0.615018 0.990975
vt 0.634604 0.990975
vt 0.928405 0.996269
vt 0.908819 0.996269
vt 0.908819 0.990975
vt 0.928405 0.990975
vt 0.791298 0.996269
vt 0.771711 0.996269
vt 0.771711 0.990975
vt 0.791298 0.990975
vt 0.654191 0.996269
vt 0.654191 0.990975
vt 0.947992 0.996269
vt 0.947992 0.990975
vt 0.810885 0.996269
vt 0.810885 0.990975
vt 0.673778 0.996269
vt 0.673778 0.990975
vt 0.967579 0.996269
vt 0.967579 0.990974
vt 0.556257 0.996270
vt 0.536671 0.996270
vt 0.536671 0.990975
vt 0.556257 0.990975
vt 0.830472 0.996269
vt 0.830472 0.990975
vt 0.693365 0.996269
vt 0.693364 0.990975
vt 0.987166 0.996269
vt 0.987166 0.990974
vt 0.517084 0.996270
vt 0.517084 0.990975
vt 0.850058 0.996269
vt 0.850058 0.990975
vt 0.712951 0.996269
vt 0.712951 0.990975
vt 0.575844 0.996270
vt 0.575844 0.990975
vt 0.869645 0.996269
vt 0.869645 0.990975
vt 0.732538 0.996269
vt 0.732538 0.990975
vt 0.595431 0.996270
vt 0.595431 0.990975
vt 0.889232 0.996269
vt 0.889232 0.990975
vt 0.752125 0.996269
vt 0.752125 0.990975
vt 0.575844 0.980757
vt 0.595431 0.980757
vt 0.869645 0.980756
vt 0.889232 0.980756
vt 0.732538 0.980757
vt 0.752125 0.980757
vt 0.615018 0.980757
vt 0.908818 0.980756
vt 0.771711 0.980757
vt 0.634604 0.980757
vt 0.928405 0.980756
vt 0.791298 0.980756
vt 0.654191 0.980757
vt 0.947992 0.980756
vt 0.810885 0.980756
vt 0.673778 0.980757
vt 0.967579 0.980756
vt 0.536671 0.980757
vt 0.556257 0.980757
vt 0.830472 0.980756
vt 0.693364 0.980757
vt 0.987165 0.980756
vt 0.517084 0.980757
vt 0.850058 0.980756
vt 0.712951 0.980757
vt 0.791298 0.965504
vt 0.810885 0.965504
vt 0.928405 0.965504
vt 0.947992 0.965504
vt 0.634604 0.965504
vt 0.654191 0.965504
vt 0.771711 0.965504
vt 0.908818 0.965504
vt 0.615017 0.965504
vt 0.752124 0.965504
vt 0.889232 0.965504
vt 0.595431 0.965504
vt 0.732538 0.965504
vt 0.869645 0.965504
vt 0.575844 0.965504
vt 0.712951 0.965504
vt 0.850058 0.965504
vt 0.556257 0.965504
vt 0.693364 0.965504
vt 0.830471 0.965504
vt 0.517084 0.965504
vt 0.536671 0.965504
vt 0.967579 0.965504
vt 0.987165 0.965504
vt 0.673778 0.965504
vt 0.791298 0.950088
vt 0.810885 0.950088
vt 0.928405 0.950088
vt 0.947992 0.950088
vt 0.634604 0.950089
vt 0.654191 0.950089
vt 0.771711 0.950088
vt 0.908818 0.950088
vt 0.615017 0.950089
vt 0.752124 0.950088
vt 0.889231 0.950088
vt 0.595431 0.950089
vt 0.732538 0.950088
vt 0.869645 0.950088
vt 0.575844 0.950089
vt 0.712951 0.950088
vt 0.850058 0.950088
vt 0.556257 0.950089
vt 0.693364 0.950088
vt 0.830471 0.950088
vt 0.517084 0.950089
vt 0.536670 0.950089
vt 0.967578 0.950088
vt 0.987165 0.950088
vt 0.673777 0.950088
vt 0.634273 0.903252
vt 0.634273 0.908481
vt 0.614643 0.908481
vt 0.614643 0.903252
vt 0.928723 0.903252
vt 0.928723 0.908481
vt 0.909093 0.908481
vt 0.909093 0.903252
vt 0.791313 0.903252
vt 0.791313 0.908481
vt 0.771683 0.908481
vt 0.771683 0.903252
vt 0.653903 0.903252
vt 0.653903 0.908481
vt 0.948353 0.903252
vt 0.948353 0.908481
vt 0.810943 0.903252
vt 0.810943 0.908481
vt 0.673533 0.903252
vt 0.673533 0.908481
vt 0.967983 0.903252
vt 0.967983 0.908481
vt 0.555753 0.903252
vt 0.555753 0.908481
vt 0.536124 0.908481
vt 0.536124 0.903252
vt 0.830573 0.903252
vt 0.830573 0.908481
vt 0.693163 0.903252
vt 0.693163 0.908481
vt 0.987613 0.903251
vt 0.987613 0.908480
vt 0.516493 0.908481
vt 0.516493 0.903252
vt 0.850203 0.903252
vt 0.850203 0.908481
vt 0.712793 0.903252
vt 0.712793 0.908481
vt 0.575383 0.903252
vt 0.575383 0.908481
vt 0.869833 0.903252
vt 0.869833 0.908481
vt 0.732423 0.903252
vt 0.732423 0.908481
vt 0.595013 0.903252
vt 0.595013 0.908481
vt 0.889463 0.903252
vt 0.889463 0.908481
vt 0.752053 0.903252
vt 0.752053 0.908481
vt 0.595013 0.918582
vt 0.575384 0.918582
vt 0.889463 0.918581
vt 0.869833 0.918581
vt 0.752053 0.918582
vt 0.732423 0.918582
vt 0.614643 0.918582
vt 0.909093 0.918581
vt 0.771683 0.918582
vt 0.634273 0.918582
vt 0.928723 0.918581
vt 0.791313 0.918581
vt 0.653903 0.918582
vt 0.948353 0.918581
vt 0.810943 0.918581
vt 0.673533 0.918582
vt 0.967983 0.918581
vt 0.555754 0.918582
vt 0.536124 0.918582
vt 0.830573 0.918581
vt 0.693163 0.918582
vt 0.987613 0.918581
vt 0.516494 0.918582
vt 0.850203 0.918581
vt 0.712793 0.918582
vt 0.810943 0.933717
vt 0.791313 0.933717
vt 0.948353 0.933717
vt 0.928723 0.933717
vt 0.653904 0.933717
vt 0.634274 0.933717
vt 0.771683 0.933717
vt 0.909093 0.933717
vt 0.614644 0.933717
vt 0.752053 0.933717
vt 0.889463 0.933717
vt 0.595014 0.933717
vt 0.732423 0.933717
vt 0.869833 0.933717
vt 0.575384 0.933717
vt 0.712793 0.933717
vt 0.850203 0.933717
vt 0.555754 0.933717
vt 0.693163 0.933717
vt 0.830573 0.933717
vt 0.536124 0.933717
vt 0.516494 0.933717
vt 0.987613 0.933716
vt 0.967983 0.933716
vt 0.673533 0.933717
vt 0.810943 0.949036
vt 0.791313 0.949036
vt 0.948353 0.949036
vt 0.928723 0.949036
vt 0.653904 0.949036
vt 0.634274 0.949036
vt 0.771683 0.949036
vt 0.909093 0.949036
vt 0.614644 0.949036
vt 0.752053 0.949036
vt 0.889463 0.949036
vt 0.595014 0.949036
vt 0.732424 0.949036
vt 0.869833 0.949036
vt 0.575384 0.949036
vt 0.712794 0.949036
vt 0.850203 0.949036
vt 0.555754 0.949037
vt 0.693164 0.949036
vt 0.830573 0.949036
vt 0.536124 0.949037
vt 0.516494 0.949037
vt 0.987613 0.949036
vt 0.967983 0.949036
vt 0.673534 0.949036
vt 0.548380 0.997011
vt 0.579701 0.997011
vt 0.579701 0.997627
vt 0.548380 0.997627
vt 0.517059 0.997011
vt 0.517059 0.997627
vt 0.611022 0.997011
vt 0.611022 0.997627
vt 0.642343 0.997011
vt 0.642343 0.997627
vt 0.673665 0.997011
vt 0.673665 0.997627
vt 0.704986 0.997011
vt 0.704986 0.997627
vt 0.736307 0.997011
vt 0.736307 0.997627
vt 0.767628 0.997011
vt 0.767628 0.997627
vt 0.798949 0.997011
vt 0.798949 0.997627
vt 0.830270 0.997011
vt 0.830270 0.997627
vt 0.861591 0.997011
vt 0.861591 0.997627
vt 0.892913 0.997011
vt 0.892913 0.997627
vt 0.924234 0.997011
vt 0.924234 0.997627
vt 0.955555 0.997011
vt 0.955555 0.997627
vt 0.986876 0.997011
vt 0.986876 0.997626
vt 0.908585 0.902899
vt 0.877263 0.902899
vt 0.877263 0.902283
vt 0.908585 0.902283
vt 0.845942 0.902899
vt 0.845942 0.902283
vt 0.814621 0.902900
vt 0.814621 0.902284
vt 0.783300 0.902900
vt 0.783300 0.902284
vt 0.751979 0.902900
vt 0.751979 0.902284
vt 0.720657 0.902900
vt 0.720657 0.902284
vt 0.689336 0.902900
vt 0.689336 0.902284
vt 0.658015 0.902900
vt 0.658015 0.902284
vt 0.626694 0.902901
vt 0.626694 0.902285
vt 0.584484 0.902809
vt 0.579892 0.902809
vt 0.579892 0.902193
vt 0.584484 0.902193
vt 0.616629 0.902809
vt 0.612037 0.902809
vt 0.612037 0.902193
vt 0.616629 0.902193
vt 0.547746 0.902809
vt 0.543154 0.902809
vt 0.543154 0.902193
vt 0.547746 0.902193
vt 0.575299 0.902809
vt 0.575299 0.902193
vt 0.607445 0.902809
vt 0.607445 0.902193
vt 0.538562 0.902809
vt 0.538562 0.902193
vt 0.570707 0.902809
vt 0.570707 0.902193
vt 0.602852 0.902809
vt 0.602852 0.902193
vt 0.533969 0.902809
vt 0.533969 0.902193
vt 0.566115 0.902809
vt 0.566115 0.902193
vt 0.598260 0.902809
vt 0.598260 0.902193
vt 0.529377 0.902809
vt 0.529377 0.902193
vt 0.561523 0.902809
vt 0.561523 0.902193
vt 0.593668 0.902809
vt 0.593668 0.902193
vt 0.524785 0.902809
vt 0.524785 0.902193
vt 0.556931 0.902809
vt 0.556931 0.902193
vt 0.589076 0.902809
vt 0.589076 0.902193
vt 0.520193 0.902809
vt 0.515601 0.902809
vt 0.515601 0.902193
vt 0.520193 0.902193
vt 0.625814 0.902809
vt 0.621221 0.902809
vt 0.621221 0.902193
vt 0.625814 0.902193
vt 0.552338 0.902809
vt 0.552338 0.902193
vt 0.219776 0.820545
vt 0.206611 0.810444
vt 0.210455 0.803784
vt 0.225785 0.810134
vt 0.177229 0.746859
vt 0.179395 0.763310
vt 0.171968 0.765301
vt 0.165618 0.749971
vt 0.211272 0.755980
vt 0.201172 0.769144
vt 0.194512 0.765300
vt 0.200862 0.749969
vt 0.140699 0.810138
vt 0.156029 0.803787
vt 0.159874 0.810446
vt 0.146709 0.820549
vt 0.211275 0.829045
vt 0.201174 0.815881
vt 0.189250 0.746859
vt 0.187085 0.763310
vt 0.137587 0.798526
vt 0.154038 0.796360
vt 0.200866 0.835057
vt 0.194515 0.819726
vt 0.219774 0.764479
vt 0.206609 0.774581
vt 0.137587 0.786505
vt 0.154038 0.788670
vt 0.189254 0.838168
vt 0.187088 0.821717
vt 0.225784 0.774890
vt 0.210454 0.781240
vt 0.140697 0.774893
vt 0.156028 0.781243
vt 0.177233 0.838168
vt 0.179398 0.821717
vt 0.228896 0.786501
vt 0.212444 0.788668
vt 0.146707 0.764482
vt 0.159872 0.774583
vt 0.165621 0.835058
vt 0.171971 0.819727
vt 0.228896 0.798522
vt 0.212445 0.796357
vt 0.155207 0.755982
vt 0.165309 0.769146
vt 0.155211 0.829048
vt 0.165311 0.815883
vt 0.306219 0.771844
vt 0.299032 0.767670
vt 0.299345 0.766918
vt 0.306718 0.771198
vt 0.299661 0.766162
vt 0.307219 0.770549
vt 0.312078 0.777740
vt 0.312722 0.777248
vt 0.313372 0.776751
vt 0.291004 0.765497
vt 0.291113 0.764692
vt 0.291223 0.763881
vt 0.282683 0.765470
vt 0.282579 0.764660
vt 0.282473 0.763845
vt 0.274649 0.767621
vt 0.274337 0.766867
vt 0.274023 0.766110
vt 0.267446 0.771772
vt 0.266954 0.771129
vt 0.266457 0.770479
vt 0.261550 0.777632
vt 0.260904 0.777133
vt 0.260256 0.776632
vt 0.257366 0.784819
vt 0.256615 0.784506
vt 0.255855 0.784190
vt 0.255218 0.792853
vt 0.254413 0.792746
vt 0.253603 0.792638
vt 0.255191 0.801168
vt 0.254383 0.801271
vt 0.253571 0.801374
vt 0.257319 0.809207
vt 0.256561 0.809519
vt 0.255802 0.809832
vt 0.261478 0.816408
vt 0.260835 0.816901
vt 0.260185 0.817398
vt 0.267339 0.822304
vt 0.266841 0.822950
vt 0.266340 0.823599
vt 0.274528 0.826477
vt 0.274215 0.827229
vt 0.273899 0.827986
vt 0.282556 0.828650
vt 0.282447 0.829454
vt 0.282337 0.830266
vt 0.290876 0.828674
vt 0.290982 0.829486
vt 0.291088 0.830301
vt 0.298911 0.826526
vt 0.299224 0.827278
vt 0.299538 0.828035
vt 0.306113 0.822374
vt 0.306607 0.823018
vt 0.307104 0.823668
vt 0.312010 0.816515
vt 0.312655 0.817012
vt 0.313304 0.817513
vt 0.316185 0.809325
vt 0.316937 0.809638
vt 0.317692 0.809955
vt 0.318366 0.801295
vt 0.319176 0.801402
vt 0.319990 0.801511
vt 0.318371 0.792975
vt 0.319176 0.792869
vt 0.319989 0.792762
vt 0.316228 0.784941
vt 0.316982 0.784629
vt 0.317739 0.784316
vt 0.268434 0.841138
vt 0.280465 0.844376
vt 0.280336 0.845351
vt 0.268056 0.842045
vt 0.280208 0.846325
vt 0.267680 0.842952
vt 0.334056 0.803390
vt 0.334106 0.790939
vt 0.335081 0.790813
vt 0.335032 0.803520
vt 0.336054 0.790687
vt 0.336005 0.803649
vt 0.257783 0.759129
vt 0.248971 0.767942
vt 0.248191 0.767344
vt 0.257187 0.758348
vt 0.247412 0.766747
vt 0.256589 0.757569
vt 0.257649 0.834890
vt 0.257049 0.835669
vt 0.256451 0.836448
vt 0.330837 0.815419
vt 0.331744 0.815796
vt 0.332651 0.816171
vt 0.268601 0.752942
vt 0.268228 0.752033
vt 0.267854 0.751122
vt 0.248841 0.826070
vt 0.248060 0.826666
vt 0.247280 0.827262
vt 0.324596 0.826205
vt 0.325375 0.826804
vt 0.326154 0.827401
vt 0.280645 0.749770
vt 0.280518 0.748794
vt 0.280393 0.747823
vt 0.242672 0.815247
vt 0.241763 0.815620
vt 0.240852 0.815995
vt 0.315780 0.835017
vt 0.316377 0.835798
vt 0.316974 0.836577
vt 0.293097 0.749771
vt 0.293226 0.748797
vt 0.293356 0.747821
vt 0.239447 0.803212
vt 0.238472 0.803339
vt 0.237502 0.803466
vt 0.304962 0.841203
vt 0.305335 0.842112
vt 0.305708 0.843023
vt 0.305128 0.753010
vt 0.305506 0.752102
vt 0.305882 0.751198
vt 0.239452 0.790748
vt 0.238477 0.790617
vt 0.237505 0.790488
vt 0.292918 0.844376
vt 0.293045 0.845352
vt 0.293170 0.846323
vt 0.324724 0.768076
vt 0.315913 0.759258
vt 0.316513 0.758479
vt 0.325505 0.767479
vt 0.317111 0.757700
vt 0.326287 0.766882
vt 0.330916 0.778893
vt 0.331826 0.778519
vt 0.332732 0.778148
vt 0.242742 0.778733
vt 0.241834 0.778355
vt 0.240928 0.777977
vt 0.303858 0.774809
vt 0.309036 0.779990
vt 0.297515 0.771144
vt 0.290440 0.769245
vt 0.283115 0.769244
vt 0.276039 0.771146
vt 0.269695 0.774814
vt 0.264514 0.779993
vt 0.260851 0.786336
vt 0.258958 0.793413
vt 0.258958 0.800740
vt 0.260853 0.807816
vt 0.264520 0.814158
vt 0.269700 0.819339
vt 0.276044 0.823003
vt 0.283120 0.824900
vt 0.290445 0.824900
vt 0.297520 0.823000
vt 0.303863 0.819334
vt 0.309045 0.814154
vt 0.312711 0.807810
vt 0.314610 0.800733
vt 0.314605 0.793408
vt 0.312703 0.786333
vt 0.246217 0.765823
vt 0.239536 0.777391
vt 0.255677 0.756365
vt 0.337553 0.790500
vt 0.334131 0.777579
vt 0.337501 0.803854
vt 0.318036 0.756506
vt 0.306467 0.749806
vt 0.327491 0.765970
vt 0.280004 0.847821
vt 0.293359 0.847821
vt 0.267095 0.844344
vt 0.236009 0.790280
vt 0.293560 0.746324
vt 0.306276 0.844423
vt 0.236003 0.803657
vt 0.317886 0.837781
vt 0.239453 0.816564
vt 0.280204 0.746325
vt 0.327349 0.828326
vt 0.246076 0.828173
vt 0.267287 0.749722
vt 0.334044 0.816755
vt 0.255526 0.837642
vt 0.512473 0.726212
vt 0.591689 0.726212
vt 0.591689 0.738010
vt 0.512473 0.738009
vt 0.917224 0.885506
vt 0.998982 0.885507
vt 0.998982 0.896938
vt 0.917224 0.896938
vt 0.670905 0.726212
vt 0.670905 0.738010
vt 0.750121 0.726212
vt 0.750121 0.738010
vt 0.829337 0.726213
vt 0.829337 0.738010
vt 0.908554 0.726213
vt 0.908554 0.738011
vt 0.987770 0.726213
vt 0.987770 0.738011
vt 0.512439 0.783661
vt 0.591733 0.783662
vt 0.591733 0.795448
vt 0.512439 0.795448
vt 0.671026 0.783662
vt 0.671026 0.795448
vt 0.750320 0.783662
vt 0.750320 0.795448
vt 0.829613 0.783662
vt 0.829613 0.795449
vt 0.908907 0.783663
vt 0.908907 0.795449
vt 0.988200 0.783663
vt 0.988200 0.795449
vt 0.508164 0.829284
vt 0.589969 0.829284
vt 0.589969 0.840710
vt 0.508164 0.840710
vt 0.671774 0.829284
vt 0.671774 0.840710
vt 0.753579 0.829285
vt 0.753579 0.840710
vt 0.835384 0.829285
vt 0.835384 0.840711
vt 0.917189 0.829285
vt 0.917189 0.840711
vt 0.998994 0.829286
vt 0.998994 0.840711
vt 0.508435 0.885505
vt 0.590193 0.885505
vt 0.590193 0.896936
vt 0.508435 0.896936
vt 0.671951 0.885505
vt 0.671951 0.896937
vt 0.753708 0.885506
vt 0.753708 0.896937
vt 0.835466 0.885506
vt 0.835466 0.896937
vt 0.498348 0.864020
vt 0.498348 0.875555
vt 0.416962 0.875555
vt 0.416962 0.864020
vt 0.091520 0.919849
vt 0.091520 0.931387
vt 0.010158 0.931386
vt 0.010158 0.919848
vt 0.335576 0.875554
vt 0.335576 0.864020
vt 0.254191 0.875554
vt 0.254191 0.864019
vt 0.172805 0.875554
vt 0.172805 0.864019
vt 0.091419 0.875553
vt 0.091419 0.864019
vt 0.010034 0.875553
vt 0.010034 0.864018
vt 0.498335 0.947392
vt 0.498335 0.958929
vt 0.416971 0.958929
vt 0.416971 0.947391
vt 0.335607 0.958929
vt 0.335607 0.947391
vt 0.254243 0.958928
vt 0.254243 0.947391
vt 0.172879 0.958928
vt 0.172880 0.947390
vt 0.091515 0.958928
vt 0.091515 0.947390
vt 0.010152 0.958928
vt 0.010152 0.947390
vt 0.498349 0.891964
vt 0.498349 0.903498
vt 0.416963 0.903498
vt 0.416963 0.891964
vt 0.335577 0.903498
vt 0.335577 0.891963
vt 0.254191 0.903498
vt 0.254191 0.891963
vt 0.172804 0.903497
vt 0.172804 0.891963
vt 0.091418 0.903497
vt 0.091418 0.891962
vt 0.010032 0.903497
vt 0.010032 0.891962
vt 0.498328 0.919850
vt 0.498328 0.931388
vt 0.416966 0.931388
vt 0.416966 0.919850
vt 0.335605 0.931387
vt 0.335605 0.919849
vt 0.254243 0.931387
vt 0.254243 0.919849
vt 0.172882 0.931387
vt 0.172882 0.919849
vt 0.018713 0.974386
vt 0.099189 0.974387
vt 0.099189 0.977976
vt 0.018713 0.977975
vt 0.099189 0.980811
vt 0.179666 0.980811
vt 0.179666 0.984400
vt 0.099189 0.984400
vt 0.340616 0.967731
vt 0.421092 0.967731
vt 0.421092 0.971320
vt 0.340616 0.971320
vt 0.421097 0.986770
vt 0.501573 0.986771
vt 0.501573 0.990360
vt 0.421097 0.990359
vt 0.018712 0.980810
vt 0.018712 0.984399
vt 0.260140 0.967730
vt 0.260140 0.971319
vt 0.340620 0.986770
vt 0.340620 0.990359
vt 0.421091 0.974388
vt 0.501567 0.974388
vt 0.501567 0.977977
vt 0.421091 0.977977
vt 0.179664 0.967730
vt 0.179664 0.971319
vt 0.260143 0.986770
vt 0.260143 0.990359
vt 0.340616 0.974388
vt 0.340616 0.977977
vt 0.099188 0.967730
vt 0.099188 0.971319
vt 0.421096 0.980812
vt 0.501573 0.980812
vt 0.501573 0.984401
vt 0.421096 0.984401
vt 0.179666 0.986769
vt 0.179666 0.990359
vt 0.260140 0.974387
vt 0.260140 0.977976
vt 0.018712 0.967730
vt 0.018712 0.971319
vt 0.340619 0.980812
vt 0.340619 0.984401
vt 0.099190 0.986769
vt 0.099190 0.990358
vt 0.179664 0.974387
vt 0.179664 0.977976
vt 0.260143 0.980811
vt 0.260143 0.984400
vt 0.018713 0.986769
vt 0.018713 0.990358
vt 0.501567 0.967731
vt 0.501567 0.971320
vt 0.416963 0.881429
vt 0.498349 0.881430
vt 0.010152 0.936853
vt 0.091516 0.936853
vt 0.172880 0.936853
vt 0.010158 0.909311
vt 0.091520 0.909311
vt 0.254243 0.936854
vt 0.172882 0.909311
vt 0.335607 0.936854
vt 0.254243 0.909312
vt 0.416971 0.936854
vt 0.335605 0.909312
vt 0.498335 0.936854
vt 0.416966 0.909312
vt 0.335577 0.881429
vt 0.416962 0.853486
vt 0.498348 0.853486
vt 0.254191 0.881429
vt 0.335576 0.853485
vt 0.172805 0.881429
vt 0.254191 0.853485
vt 0.091418 0.881428
vt 0.172805 0.853485
vt 0.010032 0.881428
vt 0.091419 0.853485
vt 0.498328 0.909313
vt 0.010034 0.853484
vt 0.591689 0.716817
vt 0.512473 0.716817
vt 0.512473 0.715720
vt 0.591689 0.715720
vt 0.512473 0.714616
vt 0.591689 0.714616
vt 0.670905 0.716818
vt 0.670905 0.715721
vt 0.670905 0.714616
vt 0.750121 0.716818
vt 0.750121 0.715721
vt 0.750121 0.714616
vt 0.829337 0.716818
vt 0.829337 0.715721
vt 0.829337 0.714617
vt 0.908554 0.716819
vt 0.908554 0.715722
vt 0.908554 0.714617
vt 0.987770 0.716819
vt 0.987770 0.715722
vt 0.987770 0.714617
vt 0.591733 0.774276
vt 0.512439 0.774276
vt 0.512439 0.773180
vt 0.591733 0.773181
vt 0.512439 0.772077
vt 0.591733 0.772077
vt 0.671026 0.774277
vt 0.671026 0.773181
vt 0.671026 0.772077
vt 0.750320 0.774277
vt 0.750320 0.773181
vt 0.750320 0.772078
vt 0.829613 0.774277
vt 0.829613 0.773181
vt 0.829613 0.772078
vt 0.908907 0.774278
vt 0.908907 0.773182
vt 0.908907 0.772078
vt 0.988200 0.774278
vt 0.988200 0.773182
vt 0.988200 0.772078
vt 0.589969 0.820186
vt 0.508164 0.820186
vt 0.508164 0.819123
vt 0.589969 0.819124
vt 0.508164 0.818054
vt 0.589969 0.818054
vt 0.671774 0.820186
vt 0.671774 0.819124
vt 0.671774 0.818054
vt 0.753579 0.820187
vt 0.753579 0.819124
vt 0.753579 0.818054
vt 0.835384 0.820187
vt 0.835384 0.819125
vt 0.835384 0.818055
vt 0.917189 0.820187
vt 0.917189 0.819125
vt 0.917189 0.818055
vt 0.998994 0.820188
vt 0.998994 0.819125
vt 0.998994 0.818055
vt 0.590193 0.876403
vt 0.508435 0.876402
vt 0.508435 0.875340
vt 0.590193 0.875340
vt 0.508435 0.874269
vt 0.590193 0.874270
vt 0.671951 0.876403
vt 0.671951 0.875340
vt 0.671951 0.874270
vt 0.753708 0.876403
vt 0.753708 0.875341
vt 0.753708 0.874270
vt 0.835466 0.876404
vt 0.835466 0.875341
vt 0.835466 0.874270
vt 0.917224 0.876404
vt 0.917224 0.875341
vt 0.917224 0.874271
vt 0.998982 0.876404
vt 0.998982 0.875342
vt 0.998982 0.874271
vt 0.591689 0.701376
vt 0.512473 0.701375
vt 0.512473 0.700478
vt 0.591689 0.700478
vt 0.512473 0.699584
vt 0.591689 0.699584
vt 0.670905 0.701376
vt 0.670905 0.700479
vt 0.670905 0.699585
vt 0.750121 0.701376
vt 0.750121 0.700479
vt 0.750121 0.699585
vt 0.829337 0.701376
vt 0.829337 0.700479
vt 0.829337 0.699585
vt 0.908554 0.701377
vt 0.908554 0.700480
vt 0.908554 0.699586
vt 0.987770 0.701377
vt 0.987770 0.700480
vt 0.987770 0.699586
vt 0.591733 0.758850
vt 0.512439 0.758850
vt 0.512439 0.757953
vt 0.591733 0.757953
vt 0.512439 0.757060
vt 0.591733 0.757060
vt 0.671026 0.758850
vt 0.671026 0.757954
vt 0.671026 0.757061
vt 0.750320 0.758850
vt 0.750320 0.757954
vt 0.750320 0.757061
vt 0.829613 0.758851
vt 0.829613 0.757954
vt 0.829613 0.757061
vt 0.908907 0.758851
vt 0.908907 0.757955
vt 0.908907 0.757061
vt 0.988200 0.758851
vt 0.988200 0.757955
vt 0.988200 0.757062
vt 0.589969 0.805231
vt 0.508165 0.805231
vt 0.508165 0.804362
vt 0.589969 0.804362
vt 0.508165 0.803496
vt 0.589969 0.803496
vt 0.671774 0.805231
vt 0.671774 0.804362
vt 0.671774 0.803497
vt 0.753579 0.805232
vt 0.753579 0.804363
vt 0.753579 0.803497
vt 0.835384 0.805232
vt 0.835384 0.804363
vt 0.835384 0.803497
vt 0.917189 0.805232
vt 0.917189 0.804363
vt 0.917189 0.803498
vt 0.998994 0.805233
vt 0.998994 0.804364
vt 0.998994 0.803498
vt 0.590193 0.861441
vt 0.508435 0.861441
vt 0.508435 0.860571
vt 0.590193 0.860572
vt 0.508435 0.859705
vt 0.590193 0.859706
vt 0.671951 0.861441
vt 0.671951 0.860572
vt 0.671951 0.859706
vt 0.753708 0.861442
vt 0.753708 0.860572
vt 0.753708 0.859706
vt 0.835466 0.861442
vt 0.835466 0.860573
vt 0.835466 0.859706
vt 0.917224 0.861442
vt 0.917224 0.860573
vt 0.917224 0.859707
vt 0.998982 0.861443
vt 0.998982 0.860573
vt 0.998982 0.859707
vt 0.753579 0.800040
vt 0.835384 0.800041
vt 0.917189 0.800041
vt 0.591689 0.696015
vt 0.670905 0.696015
vt 0.750121 0.696016
vt 0.671774 0.800040
vt 0.512473 0.696015
vt 0.589969 0.800040
vt 0.508164 0.800039
vt 0.908907 0.753496
vt 0.988200 0.753496
vt 0.750320 0.753495
vt 0.829613 0.753495
vt 0.835466 0.856248
vt 0.917224 0.856248
vt 0.998982 0.856249
vt 0.829337 0.696016
vt 0.908554 0.696016
vt 0.987770 0.696016
vt 0.512439 0.753494
vt 0.591733 0.753494
vt 0.671026 0.753495
vt 0.998994 0.800041
vt 0.508435 0.856247
vt 0.590193 0.856247
vt 0.671951 0.856247
vt 0.753708 0.856248
vt 0.130502 0.381714
vt 0.135769 0.377490
vt 0.158883 0.379841
vt 0.126205 0.387479
vt 0.163190 0.385039
vt 0.121600 0.401985
vt 0.123168 0.394393
vt 0.167821 0.398935
vt 0.163225 0.421193
vt 0.121608 0.409737
vt 0.166261 0.414279
vt 0.123190 0.417121
vt 0.153661 0.431181
vt 0.126239 0.423633
vt 0.158927 0.426958
vt 0.130547 0.428831
vt 0.147785 0.433576
vt 0.135820 0.432359
vt 0.141645 0.375096
vt 0.147730 0.374695
vt 0.153609 0.376313
vt 0.338232 0.580712
vt 0.331939 0.602704
vt 0.329402 0.602032
vt 0.335426 0.580774
vt 0.341340 0.581297
vt 0.334998 0.603513
vt 0.347966 0.560075
vt 0.344838 0.559675
vt 0.351216 0.539884
vt 0.341755 0.560162
vt 0.347919 0.540515
vt 0.356741 0.521064
vt 0.353292 0.521669
vt 0.359853 0.521211
vt 0.354328 0.540141
vt 0.363974 0.502638
vt 0.360728 0.502565
vt 0.362259 0.483576
vt 0.357064 0.503063
vt 0.357608 0.484212
vt 0.316238 0.389033
vt 0.312564 0.407388
vt 0.308295 0.405678
vt 0.312844 0.387565
vt 0.319385 0.389854
vt 0.316485 0.408391
vt 0.320180 0.370915
vt 0.317142 0.370215
vt 0.316565 0.350572
vt 0.313968 0.368705
vt 0.313536 0.349102
vt 0.315443 0.329760
vt 0.312582 0.328497
vt 0.318572 0.330176
vt 0.319639 0.351139
vt 0.317629 0.307935
vt 0.314471 0.307707
vt 0.314085 0.284815
vt 0.311773 0.306932
vt 0.311460 0.284823
vt 0.314471 0.261945
vt 0.311777 0.262730
vt 0.317625 0.261704
vt 0.317250 0.284805
vt 0.318531 0.239491
vt 0.315407 0.239915
vt 0.316444 0.219147
vt 0.312555 0.241183
vt 0.313423 0.220609
vt 0.316910 0.199538
vt 0.313735 0.201015
vt 0.319953 0.198875
vt 0.319517 0.218590
vt 0.316507 0.160769
vt 0.319126 0.179868
vt 0.315972 0.180638
vt 0.312535 0.161899
vt 0.312561 0.182067
vt 0.342588 0.198583
vt 0.342962 0.179253
vt 0.359735 0.182759
vt 0.358464 0.201240
vt 0.343793 0.160361
vt 0.363153 0.164951
vt 0.342289 0.218742
vt 0.358140 0.220675
vt 0.341909 0.239921
vt 0.358050 0.241203
vt 0.341536 0.262081
vt 0.357943 0.262711
vt 0.341460 0.284864
vt 0.357895 0.284844
vt 0.341509 0.307604
vt 0.357942 0.306958
vt 0.341907 0.329702
vt 0.358078 0.328423
vt 0.342367 0.350785
vt 0.358229 0.348902
vt 0.342772 0.370869
vt 0.358611 0.368317
vt 0.343183 0.390291
vt 0.359874 0.386853
vt 0.343816 0.409668
vt 0.363212 0.404774
vt 0.387157 0.508214
vt 0.392850 0.490181
vt 0.410361 0.499626
vt 0.402450 0.515943
vt 0.381792 0.526788
vt 0.396439 0.533465
vt 0.376284 0.546183
vt 0.391095 0.552153
vt 0.370435 0.566542
vt 0.385694 0.571959
vt 0.364339 0.587850
vt 0.380023 0.592706
vt 0.358368 0.609837
vt 0.374248 0.614071
vt 0.352529 0.631815
vt 0.368569 0.635444
vt 0.347193 0.653262
vt 0.363144 0.656212
vt 0.342181 0.673745
vt 0.357989 0.676033
vt 0.337373 0.693251
vt 0.353332 0.694885
vt 0.332743 0.712116
vt 0.349755 0.713117
vt 0.328339 0.730997
vt 0.348340 0.731290
vt 0.380293 0.191562
vt 0.378291 0.207889
vt 0.369545 0.204481
vt 0.371270 0.187114
vt 0.385235 0.177289
vt 0.375942 0.171141
vt 0.377597 0.225722
vt 0.369094 0.223083
vt 0.377332 0.244753
vt 0.369006 0.242864
vt 0.377131 0.264605
vt 0.368915 0.263583
vt 0.376922 0.284835
vt 0.368801 0.284838
vt 0.377142 0.305059
vt 0.368923 0.306082
vt 0.377373 0.324890
vt 0.369044 0.326771
vt 0.377680 0.343900
vt 0.369180 0.346522
vt 0.378401 0.361735
vt 0.369669 0.365119
vt 0.380396 0.378088
vt 0.371384 0.382521
vt 0.385311 0.392390
vt 0.376011 0.398543
vt 0.428497 0.517259
vt 0.420029 0.529767
vt 0.412465 0.523134
vt 0.421112 0.508915
vt 0.413868 0.545019
vt 0.406303 0.539463
vt 0.408582 0.562065
vt 0.401052 0.557314
vt 0.403400 0.580378
vt 0.395847 0.576399
vt 0.398067 0.599502
vt 0.390397 0.596388
vt 0.392629 0.618989
vt 0.384784 0.616889
vt 0.387606 0.638580
vt 0.379403 0.637441
vt 0.382696 0.657794
vt 0.374164 0.657455
vt 0.378072 0.676237
vt 0.369184 0.676569
vt 0.374152 0.693650
vt 0.364842 0.694658
vt 0.371846 0.709962
vt 0.361993 0.711912
vt 0.372892 0.725048
vt 0.362315 0.728585
vt 0.389035 0.195935
vt 0.386649 0.211161
vt 0.383885 0.210346
vt 0.386294 0.194762
vt 0.381092 0.209127
vt 0.383445 0.193258
vt 0.393592 0.182989
vt 0.391040 0.181545
vt 0.388374 0.179616
vt 0.385447 0.228075
vt 0.382669 0.227535
vt 0.379944 0.226572
vt 0.384708 0.246295
vt 0.381921 0.245954
vt 0.379253 0.245266
vt 0.384184 0.265378
vt 0.381389 0.265208
vt 0.378756 0.264840
vt 0.383887 0.284834
vt 0.381080 0.284835
vt 0.378451 0.284835
vt 0.384196 0.304287
vt 0.381402 0.304457
vt 0.378768 0.304824
vt 0.384750 0.323352
vt 0.381962 0.323692
vt 0.379294 0.324379
vt 0.385528 0.341561
vt 0.382750 0.342097
vt 0.380026 0.343055
vt 0.386749 0.358481
vt 0.383988 0.359291
vt 0.381199 0.360504
vt 0.389131 0.373732
vt 0.386392 0.374899
vt 0.383544 0.376398
vt 0.393671 0.386684
vt 0.391119 0.388130
vt 0.388452 0.390061
vt 0.435093 0.524929
vt 0.427341 0.536254
vt 0.424997 0.534412
vt 0.433003 0.522873
vt 0.422634 0.532221
vt 0.430927 0.520320
vt 0.421095 0.550343
vt 0.418636 0.548841
vt 0.416254 0.546940
vt 0.415556 0.566369
vt 0.413012 0.565129
vt 0.410629 0.563493
vt 0.410126 0.583778
vt 0.407522 0.582727
vt 0.405123 0.581371
vt 0.404679 0.602074
vt 0.402025 0.601186
vt 0.399576 0.600150
vt 0.399356 0.620790
vt 0.396645 0.620064
vt 0.394105 0.619384
vt 0.394620 0.639660
vt 0.391877 0.639101
vt 0.389238 0.638774
vt 0.390220 0.658219
vt 0.387439 0.657825
vt 0.384684 0.657798
vt 0.386258 0.676009
vt 0.383436 0.675807
vt 0.380557 0.676027
vt 0.383058 0.692668
vt 0.380181 0.692735
vt 0.377173 0.693185
vt 0.381410 0.708015
vt 0.378463 0.708433
vt 0.375324 0.709144
vt 0.382444 0.721701
vt 0.379604 0.722438
vt 0.376528 0.723612
vt 0.307042 0.703927
vt 0.298742 0.720705
vt 0.295061 0.717948
vt 0.304143 0.701631
vt 0.309869 0.705534
vt 0.302270 0.722689
vt 0.317313 0.666861
vt 0.312786 0.685984
vt 0.310111 0.683704
vt 0.314767 0.664657
vt 0.321617 0.646468
vt 0.319180 0.644508
vt 0.326386 0.624915
vt 0.323981 0.623469
vt 0.329377 0.625953
vt 0.366388 0.483512
vt 0.308208 0.163718
vt 0.315539 0.687447
vt 0.320135 0.668204
vt 0.324532 0.647680
vt 0.401320 0.200119
vt 0.399052 0.214068
vt 0.395870 0.212939
vt 0.398105 0.198861
vt 0.392726 0.212201
vt 0.395035 0.197815
vt 0.405459 0.188282
vt 0.402376 0.186606
vt 0.399406 0.185271
vt 0.397818 0.230113
vt 0.394728 0.229070
vt 0.391574 0.228537
vt 0.397023 0.247693
vt 0.394017 0.246859
vt 0.390868 0.246479
vt 0.396465 0.266129
vt 0.393508 0.265655
vt 0.390363 0.265446
vt 0.396168 0.284840
vt 0.393238 0.284839
vt 0.390095 0.284838
vt 0.396482 0.303538
vt 0.393525 0.304011
vt 0.390379 0.304218
vt 0.397076 0.321954
vt 0.394072 0.322789
vt 0.390924 0.323170
vt 0.397921 0.339527
vt 0.394833 0.340570
vt 0.391680 0.341103
vt 0.399176 0.355593
vt 0.395993 0.356712
vt 0.392849 0.357438
vt 0.401390 0.369580
vt 0.398167 0.370817
vt 0.395090 0.371842
vt 0.405459 0.381451
vt 0.402366 0.383107
vt 0.399392 0.384424
vt 0.445186 0.533113
vt 0.438124 0.543475
vt 0.435344 0.541427
vt 0.442642 0.530695
vt 0.432650 0.539622
vt 0.440119 0.528638
vt 0.432323 0.556361
vt 0.429541 0.554447
vt 0.426696 0.552920
vt 0.426978 0.571540
vt 0.424262 0.569733
vt 0.421354 0.568401
vt 0.421659 0.588315
vt 0.418972 0.586731
vt 0.416029 0.585550
vt 0.416348 0.605979
vt 0.413614 0.604755
vt 0.410630 0.603739
vt 0.411217 0.623975
vt 0.408388 0.623215
vt 0.405352 0.622401
vt 0.406681 0.642117
vt 0.403702 0.641808
vt 0.400610 0.641194
vt 0.402488 0.660059
vt 0.399370 0.660088
vt 0.396231 0.659640
vt 0.398755 0.677252
vt 0.395502 0.677460
vt 0.392319 0.677158
vt 0.395809 0.693095
vt 0.392444 0.693352
vt 0.389219 0.693240
vt 0.394327 0.707178
vt 0.390893 0.707539
vt 0.387656 0.707732
vt 0.395185 0.719698
vt 0.391768 0.720497
vt 0.388554 0.720999
vt 0.150836 0.462640
vt 0.138702 0.463457
vt 0.141700 0.433977
vt 0.162538 0.457825
vt 0.173000 0.449361
vt 0.181511 0.437848
vt 0.187511 0.424085
vt 0.190611 0.409004
vt 0.167829 0.406687
vt 0.190611 0.393607
vt 0.187505 0.378919
vt 0.166239 0.391551
vt 0.181486 0.365928
vt 0.172943 0.355530
vt 0.162450 0.348458
vt 0.150728 0.345215
vt 0.138594 0.346032
vt 0.126892 0.350846
vt 0.116430 0.359310
vt 0.107918 0.370823
vt 0.101919 0.384586
vt 0.098819 0.399668
vt 0.098819 0.415065
vt 0.101924 0.429753
vt 0.107943 0.442744
vt 0.116487 0.453142
vt 0.126980 0.460214
vt 0.292962 0.193358
vt 0.297328 0.210414
vt 0.292546 0.213489
vt 0.287979 0.196573
vt 0.287778 0.215594
vt 0.283196 0.199035
vt 0.286416 0.177509
vt 0.281795 0.181006
vt 0.277573 0.183571
vt 0.300790 0.228070
vt 0.296247 0.231004
vt 0.291465 0.232776
vt 0.303477 0.246271
vt 0.299099 0.248792
vt 0.294241 0.250166
vt 0.305197 0.265194
vt 0.300904 0.266761
vt 0.295964 0.267549
vt 0.305815 0.284840
vt 0.301551 0.284853
vt 0.296566 0.284867
vt 0.305182 0.304497
vt 0.300880 0.302952
vt 0.295931 0.302188
vt 0.303470 0.323434
vt 0.299072 0.320930
vt 0.294194 0.319579
vt 0.300837 0.341639
vt 0.296260 0.338722
vt 0.291446 0.336972
vt 0.297500 0.359270
vt 0.292671 0.356221
vt 0.287862 0.354152
vt 0.293326 0.376272
vt 0.288330 0.373085
vt 0.283503 0.370699
vt 0.286913 0.392076
vt 0.282406 0.388622
vt 0.278291 0.386098
vt 0.332989 0.491892
vt 0.335210 0.508896
vt 0.329564 0.510711
vt 0.327621 0.494074
vt 0.324307 0.511851
vt 0.322879 0.495459
vt 0.335011 0.526501
vt 0.329596 0.528233
vt 0.324446 0.529032
vt 0.333785 0.544451
vt 0.328638 0.546109
vt 0.323560 0.546583
vt 0.331670 0.562727
vt 0.326788 0.564029
vt 0.321740 0.564099
vt 0.328432 0.581451
vt 0.323880 0.581852
vt 0.318905 0.581336
vt 0.323944 0.600587
vt 0.319822 0.599496
vt 0.315003 0.598219
vt 0.318244 0.619410
vt 0.314490 0.616804
vt 0.309906 0.614785
vt 0.311689 0.637258
vt 0.308089 0.633702
vt 0.303727 0.631133
vt 0.304434 0.654162
vt 0.300767 0.650159
vt 0.296571 0.647223
vt 0.296646 0.670328
vt 0.292771 0.666133
vt 0.288662 0.662889
vt 0.288214 0.685669
vt 0.284213 0.681299
vt 0.280168 0.677744
vt 0.277928 0.699275
vt 0.274469 0.694772
vt 0.271147 0.691269
vt 0.250312 0.224398
vt 0.246193 0.209372
vt 0.241493 0.194358
vt 0.253592 0.239509
vt 0.255964 0.254670
vt 0.257390 0.269846
vt 0.257842 0.285023
vt 0.257288 0.300220
vt 0.255741 0.315445
vt 0.253241 0.330682
vt 0.249880 0.345899
vt 0.245857 0.361115
vt 0.241774 0.376583
vt 0.285889 0.512258
vt 0.285236 0.496539
vt 0.285979 0.527838
vt 0.285235 0.543282
vt 0.283602 0.558542
vt 0.281051 0.573570
vt 0.277559 0.588346
vt 0.273090 0.602882
vt 0.267655 0.617187
vt 0.261296 0.631258
vt 0.254111 0.645086
vt 0.246286 0.658742
vt 0.238338 0.672626
s 1
usemtl Glass
f 6/1/1 5/2/2 29/3/3 30/4/4
f 21/5/5 20/6/6 44/7/7 45/8/8
f 14/9/9 13/10/10 37/11/11 38/12/12
f 7/13/13 6/1/1 30/4/4 31/14/14
f 22/15/15 21/5/5 45/8/8 46/16/16
f 15/17/17 14/9/9 38/12/12 39/18/18
f 8/19/19 7/13/13 31/14/14 32/20/20
f 24/21/21 22/15/15 46/16/16 48/22/22
f 2/23/23 1/24/24 25/25/25 26/26/26
f 16/27/27 15/17/17 39/18/18 40/28/28
f 9/29/29 8/19/19 32/20/20 33/30/30
f 23/31/31 24/21/21 48/22/22 47/32/32
f 1/24/24 23/33/31 47/34/32 25/25/25
f 17/35/33 16/27/27 40/28/28 41/36/34
f 10/37/35 9/29/29 33/30/30 34/38/36
f 3/39/37 2/23/23 26/26/26 27/40/38
f 18/41/39 17/35/33 41/36/34 42/42/40
f 11/43/41 10/37/35 34/38/36 35/44/42
f 4/45/43 3/39/37 27/40/38 28/46/44
f 19/47/45 18/41/39 42/42/40 43/48/46
f 12/49/47 11/43/41 35/44/42 36/50/48
f 5/2/2 4/45/43 28/46/44 29/3/3
f 20/6/6 19/47/45 43/48/46 44/7/7
f 13/10/10 12/49/47 36/50/48 37/11/11
f 28/46/44 27/40/38 51/51/49 52/52/50
f 43/48/46 42/42/40 66/53/51 67/54/52
f 36/50/48 35/44/42 59/55/53 60/56/54
f 29/3/3 28/46/44 52/52/50 53/57/55
f 44/7/7 43/48/46 67/54/52 68/58/56
f 37/11/11 36/50/48 60/56/54 61/59/57
f 30/4/4 29/3/3 53/57/55 54/60/58
f 45/8/8 44/7/7 68/58/56 69/61/59
f 38/12/12 37/11/11 61/59/57 62/62/60
f 31/14/14 30/4/4 54/60/58 55/63/61
f 46/16/16 45/8/8 69/61/59 70/64/62
f 39/18/18 38/12/12 62/62/60 63/65/63
f 32/20/20 31/14/14 55/63/61 56/66/64
f 48/22/22 46/16/16 70/64/62 72/67/65
f 26/26/26 25/25/25 49/68/66 50/69/67
f 40/28/28 39/18/18 63/65/63 64/70/68
f 33/30/30 32/20/20 56/66/64 57/71/69
f 47/32/32 48/22/22 72/67/65 71/72/70
f 25/25/25 47/34/32 71/73/70 49/68/66
f 41/36/34 40/28/28 64/70/68 65/74/71
f 34/38/36 33/30/30 57/71/69 58/75/72
f 27/40/38 26/26/26 50/69/67 51/51/49
f 42/42/40 41/36/34 65/74/71 66/53/51
f 35/44/42 34/38/36 58/75/72 59/55/53
f 63/65/63 62/62/60 96/76/73 80/77/74
f 70/64/62 69/61/59 95/78/75 76/79/76
f 55/63/61 54/60/58 94/80/77 74/81/78
f 62/62/60 61/59/57 93/82/79 96/76/73
f 69/61/59 68/58/56 92/83/80 95/78/75
f 54/60/58 53/57/55 91/84/81 94/80/77
f 61/59/57 60/56/54 90/85/82 93/82/79
f 68/58/56 67/54/52 89/86/83 92/83/80
f 53/57/55 52/52/50 88/87/84 91/84/81
f 60/56/54 59/55/53 87/88/85 90/85/82
f 67/54/52 66/53/51 86/89/86 89/86/83
f 52/52/50 51/51/49 85/90/87 88/87/84
f 59/55/53 58/75/72 84/91/88 87/88/85
f 66/53/51 65/74/71 83/92/89 86/89/86
f 51/51/49 50/69/67 77/93/90 85/90/87
f 58/75/72 57/71/69 81/94/91 84/91/88
f 65/74/71 64/70/68 79/95/92 83/92/89
f 49/68/66 71/73/70 82/96/93 78/97/94
f 71/72/70 72/67/65 75/98/95 82/99/93
f 57/71/69 56/66/64 73/100/96 81/94/91
f 64/70/68 63/65/63 80/77/74 79/95/92
f 50/69/67 49/68/66 78/97/94 77/93/90
f 72/67/65 70/64/62 76/79/76 75/98/95
f 56/66/64 55/63/61 74/81/78 73/100/96
f 80/77/74 96/76/73 120/101/97 100/102/98
f 76/79/76 95/78/75 119/103/99 98/104/100
f 74/81/78 94/80/77 118/105/101 97/106/102
f 96/76/73 93/82/79 117/107/103 120/101/97
f 95/78/75 92/83/80 116/108/104 119/103/99
f 94/80/77 91/84/81 115/109/105 118/105/101
f 93/82/79 90/85/82 114/110/106 117/107/103
f 92/83/80 89/86/83 113/111/107 116/108/104
f 91/84/81 88/87/84 112/112/108 115/109/105
f 90/85/82 87/88/85 111/113/109 114/110/106
f 89/86/83 86/89/86 110/114/110 113/111/107
f 88/87/84 85/90/87 109/115/111 112/112/108
f 87/88/85 84/91/88 108/116/112 111/113/109
f 86/89/86 83/92/89 107/117/113 110/114/110
f 85/90/87 77/93/90 103/118/114 109/115/111
f 84/91/88 81/94/91 105/119/115 108/116/112
f 83/92/89 79/95/92 104/120/116 107/117/113
f 78/97/94 82/96/93 106/121/117 99/122/118
f 82/99/93 75/98/95 102/123/119 106/124/117
f 81/94/91 73/100/96 101/125/120 105/119/115
f 79/95/92 80/77/74 100/102/98 104/120/116
f 77/93/90 78/97/94 99/122/118 103/118/114
f 75/98/95 76/79/76 98/104/100 102/123/119
f 73/100/96 74/81/78 97/106/102 101/125/120
f 126/126/121 150/127/122 149/128/123 125/129/124
f 141/130/125 165/131/126 164/132/127 140/133/128
f 134/134/129 158/135/130 157/136/131 133/137/132
f 127/138/133 151/139/134 150/127/122 126/126/121
f 142/140/135 166/141/136 165/131/126 141/130/125
f 135/142/137 159/143/138 158/135/130 134/134/129
f 128/144/139 152/145/140 151/139/134 127/138/133
f 144/146/141 168/147/142 166/141/136 142/140/135
f 122/148/143 146/149/144 145/150/145 121/151/146
f 136/152/147 160/153/148 159/143/138 135/142/137
f 129/154/149 153/155/150 152/145/140 128/144/139
f 143/156/151 167/157/152 168/147/142 144/146/141
f 121/151/146 145/150/145 167/158/152 143/159/151
f 137/160/153 161/161/154 160/153/148 136/152/147
f 130/162/155 154/163/156 153/155/150 129/154/149
f 123/164/157 147/165/158 146/149/144 122/148/143
f 138/166/159 162/167/160 161/161/154 137/160/153
f 131/168/161 155/169/162 154/163/156 130/162/155
f 124/170/163 148/171/164 147/165/158 123/164/157
f 139/172/165 163/173/166 162/167/160 138/166/159
f 132/174/167 156/175/168 155/169/162 131/168/161
f 125/129/124 149/128/123 148/171/164 124/170/163
f 140/133/128 164/132/127 163/173/166 139/172/165
f 133/137/132 157/136/131 156/175/168 132/174/167
f 148/171/164 172/176/169 171/177/170 147/165/158
f 163/173/166 187/178/171 186/179/172 162/167/160
f 156/175/168 180/180/173 179/181/174 155/169/162
f 149/128/123 173/182/175 172/176/169 148/171/164
f 164/132/127 188/183/176 187/178/171 163/173/166
f 157/136/131 181/184/177 180/180/173 156/175/168
f 150/127/122 174/185/178 173/182/175 149/128/123
f 165/131/126 189/186/179 188/183/176 164/132/127
f 158/135/130 182/187/180 181/184/177 157/136/131
f 151/139/134 175/188/181 174/185/178 150/127/122
f 166/141/136 190/189/182 189/186/179 165/131/126
f 159/143/138 183/190/183 182/187/180 158/135/130
f 152/145/140 176/191/184 175/188/181 151/139/134
f 168/147/142 192/192/185 190/189/182 166/141/136
f 146/149/144 170/193/186 169/194/187 145/150/145
f 160/153/148 184/195/188 183/190/183 159/143/138
f 153/155/150 177/196/189 176/191/184 152/145/140
f 167/157/152 191/197/190 192/192/185 168/147/142
f 145/150/145 169/194/187 191/198/190 167/158/152
f 161/161/154 185/199/191 184/195/188 160/153/148
f 154/163/156 178/200/192 177/196/189 153/155/150
f 147/165/158 171/177/170 170/193/186 146/149/144
f 162/167/160 186/179/172 185/199/191 161/161/154
f 155/169/162 179/181/174 178/200/192 154/163/156
f 183/190/183 200/201/193 216/202/194 182/187/180
f 190/189/182 196/203/195 215/204/196 189/186/179
f 175/188/181 194/205/197 214/206/198 174/185/178
f 182/187/180 216/202/194 213/207/199 181/184/177
f 189/186/179 215/204/196 212/208/200 188/183/176
f 174/185/178 214/206/198 211/209/201 173/182/175
f 181/184/177 213/207/199 210/210/202 180/180/173
f 188/183/176 212/208/200 209/211/203 187/178/171
f 173/182/175 211/209/201 208/212/204 172/176/169
f 180/180/173 210/210/202 207/213/205 179/181/174
f 187/178/171 209/211/203 206/214/206 186/179/172
f 172/176/169 208/212/204 205/215/207 171/177/170
f 179/181/174 207/213/205 204/216/208 178/200/192
f 186/179/172 206/214/206 203/217/209 185/199/191
f 171/177/170 205/215/207 197/218/210 170/193/186
f 178/200/192 204/216/208 201/219/211 177/196/189
f 185/199/191 203/217/209 199/220/212 184/195/188
f 169/194/187 198/221/213 202/222/214 191/198/190
f 191/197/190 202/223/214 195/224/215 192/192/185
f 177/196/189 201/219/211 193/225/216 176/191/184
f 184/195/188 199/220/212 200/201/193 183/190/183
f 170/193/186 197/218/210 198/221/213 169/194/187
f 192/192/185 195/224/215 196/203/195 190/189/182
f 176/191/184 193/225/216 194/205/197 175/188/181
f 200/201/193 220/226/217 240/227/218 216/202/194
f 196/203/195 218/228/219 239/229/220 215/204/196
f 194/205/197 217/230/221 238/231/222 214/206/198
f 216/202/194 240/227/218 237/232/223 213/207/199
f 215/204/196 239/229/220 236/233/224 212/208/200
f 214/206/198 238/231/222 235/234/225 211/209/201
f 213/207/199 237/232/223 234/235/226 210/210/202
f 212/208/200 236/233/224 233/236/227 209/211/203
f 211/209/201 235/234/225 232/237/228 208/212/204
f 210/210/202 234/235/226 231/238/229 207/213/205
f 209/211/203 233/236/227 230/239/230 206/214/206
f 208/212/204 232/237/228 229/240/231 205/215/207
f 207/213/205 231/238/229 228/241/232 204/216/208
f 206/214/206 230/239/230 227/242/233 203/217/209
f 205/215/207 229/240/231 223/243/234 197/218/210
f 204/216/208 228/241/232 225/244/235 201/219/211
f 203/217/209 227/242/233 224/245/236 199/220/212
f 198/221/213 219/246/237 226/247/238 202/222/214
f 202/223/214 226/248/238 222/249/239 195/224/215
f 201/219/211 225/244/235 221/250/240 193/225/216
f 199/220/212 224/245/236 220/226/217 200/201/193
f 197/218/210 223/243/234 219/246/237 198/221/213
f 195/224/215 222/249/239 218/228/219 196/203/195
f 193/225/216 221/250/240 217/230/221 194/205/197
f 1/251/241 2/252/242 122/253/242 121/254/241
f 23/255/243 1/251/241 121/254/241 143/256/243
f 2/252/242 3/257/244 123/258/244 122/253/242
f 3/257/244 4/259/245 124/260/245 123/258/244
f 4/259/245 5/261/246 125/262/246 124/260/245
f 5/261/246 6/263/247 126/264/247 125/262/246
f 6/263/247 7/265/248 127/266/248 126/264/247
f 7/265/248 8/267/249 128/268/249 127/266/248
f 8/267/249 9/269/250 129/270/250 128/268/249
f 9/269/250 10/271/251 130/272/251 129/270/250
f 10/271/251 11/273/252 131/274/252 130/272/251
f 11/273/252 12/275/253 132/276/253 131/274/252
f 12/275/253 13/277/254 133/278/254 132/276/253
f 13/277/254 14/279/255 134/280/255 133/278/254
f 14/279/255 15/281/256 135/282/256 134/280/255
f 15/283/256 16/284/257 136/285/257 135/286/256
f 16/284/257 17/287/258 137/288/258 136/285/257
f 17/287/258 18/289/259 138/290/259 137/288/258
f 18/289/259 19/291/260 139/292/260 138/290/259
f 19/291/260 20/293/261 140/294/261 139/292/260
f 20/293/261 21/295/262 141/296/262 140/294/261
f 21/295/262 22/297/263 142/298/263 141/296/262
f 22/297/263 24/299/264 144/300/264 142/298/263
f 24/299/264 23/301/243 143/302/243 144/300/264
f 100/303/265 120/304/266 240/305/266 220/306/265
f 98/307/267 119/308/268 239/309/268 218/310/267
f 97/311/269 118/312/270 238/313/270 217/314/269
f 120/304/266 117/315/271 237/316/271 240/305/266
f 119/308/268 116/317/272 236/318/272 239/309/268
f 118/312/270 115/319/273 235/320/273 238/313/270
f 117/315/271 114/321/274 234/322/274 237/316/271
f 116/317/272 113/323/275 233/324/275 236/318/272
f 115/319/273 112/325/276 232/326/276 235/320/273
f 114/321/274 111/327/277 231/328/277 234/322/274
f 113/323/275 110/329/278 230/330/278 233/324/275
f 112/325/276 109/331/279 229/332/279 232/326/276
f 111/327/277 108/333/280 228/334/280 231/328/277
f 110/329/278 107/335/281 227/336/281 230/330/278
f 109/331/279 103/337/282 223/338/282 229/332/279
f 108/333/280 105/339/283 225/340/283 228/334/280
f 107/335/281 104/341/284 224/342/284 227/336/281
f 99/343/285 106/344/286 226/345/286 219/346/285
f 106/347/286 102/348/287 222/349/287 226/350/286
f 105/339/283 101/351/288 221/352/288 225/340/283
f 104/341/284 100/303/265 220/306/265 224/342/284
f 103/337/282 99/343/285 219/346/285 223/338/282
f 102/348/287 98/307/267 218/310/267 222/349/287
f 101/351/288 97/311/269 217/314/269 221/352/288
usemtl PanciAir
f 269/353/289 248/354/289 247/355/290 265/356/290
f 270/357/291 264/358/291 262/359/292 266/360/292
f 271/361/293 242/362/293 241/363/294 267/364/294
f 272/365/295 256/366/295 255/367/296 268/368/296
f 273/369/297 249/370/297 248/354/289 269/353/289
f 274/371/298 263/372/298 264/358/291 270/357/291
f 267/364/294 241/363/294 263/372/298 274/371/298
f 275/373/299 257/374/299 256/366/295 272/365/295
f 276/375/300 250/376/300 249/370/297 273/369/297
f 277/377/301 243/378/301 242/362/293 271/361/293
f 278/379/302 258/380/302 257/374/299 275/373/299
f 279/381/303 251/382/303 250/376/300 276/375/300
f 280/383/304 244/384/304 243/378/301 277/377/301
f 281/385/305 259/386/305 258/380/302 278/379/302
f 282/387/306 252/388/306 251/382/303 279/381/303
f 283/389/307 245/390/307 244/384/304 280/383/304
f 284/391/308 260/392/308 259/386/305 281/385/305
f 285/393/309 253/394/309 252/388/306 282/387/306
f 286/395/310 246/396/310 245/390/307 283/389/307
f 287/397/311 261/398/311 260/392/308 284/391/308
f 288/399/312 254/400/312 253/394/309 285/393/309
f 265/356/290 247/355/290 246/396/310 286/395/310
f 266/360/292 262/359/292 261/398/311 287/397/311
f 268/368/296 255/367/296 254/400/312 288/399/312
f 290/401/313 292/402/314 294/403/315 291/404/316
f 291/404/316 294/403/315 293/405/317 289/406/318
f 356/407/319 290/401/313 291/404/316 357/408/320
f 357/408/320 291/404/316 289/406/318 355/409/321
f 292/402/314 295/410/322 297/411/323 294/403/315
f 294/403/315 297/411/323 296/412/324 293/405/317
f 295/410/322 298/413/325 300/414/326 297/411/323
f 297/411/323 300/414/326 299/415/327 296/412/324
f 298/413/325 301/416/328 303/417/329 300/414/326
f 300/414/326 303/417/329 302/418/330 299/415/327
f 301/416/328 304/419/331 306/420/332 303/417/329
f 303/417/329 306/420/332 305/421/333 302/418/330
f 304/419/331 307/422/334 309/423/335 306/420/332
f 306/420/332 309/423/335 308/424/336 305/421/333
f 307/422/334 310/425/337 312/426/338 309/423/335
f 309/423/335 312/426/338 311/427/339 308/424/336
f 310/425/337 313/428/340 315/429/341 312/426/338
f 312/426/338 315/429/341 314/430/342 311/427/339
f 313/428/340 316/431/343 318/432/344 315/429/341
f 315/429/341 318/432/344 317/433/345 314/430/342
f 316/431/343 319/434/346 321/435/347 318/432/344
f 318/432/344 321/435/347 320/436/348 317/433/345
f 319/434/346 322/437/349 324/438/350 321/435/347
f 321/435/347 324/438/350 323/439/351 320/436/348
f 322/437/349 325/440/352 327/441/353 324/438/350
f 324/438/350 327/441/353 326/442/354 323/439/351
f 325/440/352 328/443/355 330/444/356 327/441/353
f 327/441/353 330/444/356 329/445/357 326/442/354
f 328/443/355 331/446/358 333/447/359 330/444/356
f 330/444/356 333/447/359 332/448/360 329/445/357
f 331/446/358 334/449/361 336/450/362 333/447/359
f 333/447/359 336/450/362 335/451/363 332/448/360
f 334/449/361 337/452/364 339/453/365 336/450/362
f 336/450/362 339/453/365 338/454/366 335/451/363
f 337/452/364 340/455/367 342/456/368 339/453/365
f 339/453/365 342/456/368 341/457/369 338/454/366
f 340/455/367 343/458/370 345/459/371 342/456/368
f 342/456/368 345/459/371 344/460/372 341/457/369
f 343/458/370 346/461/373 348/462/374 345/459/371
f 345/459/371 348/462/374 347/463/375 344/460/372
f 346/461/373 349/464/376 351/465/377 348/462/374
f 348/462/374 351/465/377 350/466/378 347/463/375
f 349/464/376 352/467/379 354/468/380 351/465/377
f 351/465/377 354/468/380 353/469/381 350/466/378
f 352/467/379 358/470/382 360/471/383 354/468/380
f 354/468/380 360/471/383 359/472/384 353/469/381
f 358/470/382 356/407/319 357/408/320 360/471/383
f 360/471/383 357/408/320 355/409/321 359/472/384
f 431/473/385 370/474/386 372/475/387 432/476/388
f 432/476/388 372/475/387 371/477/389 430/478/390
f 428/479/391 364/480/392 366/481/393 429/482/394
f 429/482/394 366/481/393 365/483/395 427/484/396
f 425/485/397 361/486/398 363/487/399 426/488/400
f 426/488/400 363/487/399 362/489/401 424/490/402
f 422/491/403 431/473/385 432/476/388 423/492/404
f 423/492/404 432/476/388 430/478/390 421/493/405
f 419/494/406 428/479/391 429/482/394 420/495/407
f 420/495/407 429/482/394 427/484/396 418/496/408
f 416/497/409 425/485/397 426/488/400 417/498/410
f 417/498/410 426/488/400 424/490/402 415/499/411
f 413/500/412 422/491/403 423/492/404 414/501/413
f 414/501/413 423/492/404 421/493/405 412/502/414
f 410/503/415 419/494/406 420/495/407 411/504/416
f 411/504/416 420/495/407 418/496/408 409/505/417
f 407/506/418 416/497/409 417/498/410 408/507/419
f 408/507/419 417/498/410 415/499/411 406/508/420
f 404/509/421 413/500/412 414/501/413 405/510/422
f 405/510/422 414/501/413 412/502/414 403/511/423
f 401/512/424 410/503/415 411/504/416 402/513/425
f 402/513/425 411/504/416 409/505/417 400/514/426
f 398/515/427 407/506/418 408/507/419 399/516/428
f 399/516/428 408/507/419 406/508/420 397/517/429
f 395/518/430 404/509/421 405/510/422 396/519/431
f 396/519/431 405/510/422 403/511/423 394/520/432
f 392/521/433 401/512/424 402/513/425 393/522/434
f 393/522/434 402/513/425 400/514/426 391/523/435
f 380/524/436 398/515/427 399/516/428 381/525/437
f 381/525/437 399/516/428 397/517/429 379/526/438
f 386/527/439 395/518/430 396/519/431 387/528/440
f 387/528/440 396/519/431 394/520/432 385/529/441
f 383/530/442 392/521/433 393/522/434 384/531/443
f 384/531/443 393/522/434 391/523/435 382/532/444
f 389/533/445 367/534/446 369/535/447 390/536/448
f 390/536/448 369/535/447 368/537/449 388/538/450
f 377/539/451 389/533/445 390/536/448 378/540/452
f 378/540/452 390/536/448 388/538/450 376/541/453
f 374/542/454 386/527/439 387/528/440 375/543/455
f 375/543/455 387/528/440 385/529/441 373/544/456
f 370/474/386 383/530/442 384/531/443 372/475/387
f 372/475/387 384/531/443 382/532/444 371/477/389
f 367/534/446 380/524/436 381/525/437 369/535/447
f 369/535/447 381/525/437 379/526/438 368/537/449
f 364/480/392 377/539/451 378/540/452 366/481/393
f 366/481/393 378/540/452 376/541/453 365/483/395
f 361/486/398 374/542/454 375/543/455 363/487/399
f 363/487/399 375/543/455 373/544/456 362/489/401
f 367/534/446 289/406/318 293/405/317 380/524/436
f 241/545/457 290/401/313 356/407/319 263/546/458
f 242/547/459 292/402/314 290/401/313 241/545/457
f 389/533/445 355/409/321 289/406/318 367/534/446
f 380/524/436 293/405/317 296/412/324 398/515/427
f 243/548/460 295/410/322 292/402/314 242/547/459
f 398/515/427 296/412/324 299/415/327 407/506/418
f 244/549/461 298/413/325 295/410/322 243/548/460
f 407/506/418 299/415/327 302/418/330 416/497/409
f 245/550/462 301/416/328 298/413/325 244/549/461
f 416/497/409 302/418/330 305/421/333 425/485/397
f 246/551/463 304/419/331 301/416/328 245/550/462
f 425/485/397 305/421/333 308/424/336 361/486/398
f 247/552/464 307/422/334 304/419/331 246/551/463
f 361/486/398 308/424/336 311/427/339 374/542/454
f 248/553/465 310/425/337 307/422/334 247/552/464
f 374/542/454 311/427/339 314/430/342 386/527/439
f 249/554/466 313/428/340 310/425/337 248/553/465
f 386/527/439 314/430/342 317/433/345 395/518/430
f 250/555/467 316/431/343 313/428/340 249/554/466
f 395/518/430 317/433/345 320/436/348 404/509/421
f 251/556/468 319/434/346 316/431/343 250/555/467
f 404/509/421 320/436/348 323/439/351 413/500/412
f 252/557/469 322/437/349 319/434/346 251/556/468
f 413/500/412 323/439/351 326/442/354 422/491/403
f 253/558/470 325/440/352 322/437/349 252/557/469
f 422/491/403 326/442/354 329/445/357 431/473/385
f 254/559/471 328/443/355 325/440/352 253/558/470
f 431/473/385 329/445/357 332/448/360 370/474/386
f 255/560/472 331/446/358 328/443/355 254/559/471
f 370/474/386 332/448/360 335/451/363 383/530/442
f 256/561/473 334/449/361 331/446/358 255/560/472
f 383/530/442 335/451/363 338/454/366 392/521/433
f 257/562/474 337/452/364 334/449/361 256/561/473
f 392/521/433 338/454/366 341/457/369 401/512/424
f 258/563/475 340/455/367 337/452/364 257/562/474
f 401/512/424 341/457/369 344/460/372 410/503/415
f 259/564/476 343/458/370 340/455/367 258/563/475
f 410/503/415 344/460/372 347/463/375 419/494/406
f 260/565/477 346/461/373 343/458/370 259/564/476
f 419/494/406 347/463/375 350/466/378 428/479/391
f 261/566/478 349/464/376 346/461/373 260/565/477
f 428/479/391 350/466/378 353/469/381 364/480/392
f 262/567/479 352/467/379 349/464/376 261/566/478
f 364/480/392 353/469/381 359/472/384 377/539/451
f 264/568/480 358/470/382 352/467/379 262/567/479
f 263/546/458 356/407/319 358/470/382 264/568/480
f 377/539/451 359/472/384 355/409/321 389/533/445
f 265/569/476 362/489/401 373/544/456 269/570/477
f 286/571/475 424/490/402 362/489/401 265/569/476
f 266/572/467 365/483/395 376/541/453 270/573/468
f 287/574/466 427/484/396 365/483/395 266/572/467
f 267/575/470 368/537/449 379/526/438 271/576/471
f 274/577/469 388/538/450 368/537/449 267/575/470
f 268/578/460 371/477/389 382/532/444 272/579/461
f 288/580/459 430/478/390 371/477/389 268/578/460
f 269/570/477 373/544/456 385/529/441 273/581/478
f 270/573/468 376/541/453 388/538/450 274/577/469
f 271/576/471 379/526/438 397/517/429 277/582/472
f 272/579/461 382/532/444 391/523/435 275/583/462
f 273/581/478 385/529/441 394/520/432 276/584/479
f 275/583/462 391/523/435 400/514/426 278/585/463
f 276/584/479 394/520/432 403/511/423 279/586/480
f 277/582/472 397/517/429 406/508/420 280/587/473
f 278/585/463 400/514/426 409/505/417 281/588/464
f 279/586/480 403/511/423 412/502/414 282/589/458
f 280/587/473 406/508/420 415/499/411 283/590/474
f 281/588/464 409/505/417 418/496/408 284/591/465
f 282/589/458 412/502/414 421/493/405 285/592/457
f 283/590/474 415/499/411 424/490/402 286/571/475
f 284/591/465 418/496/408 427/484/396 287/574/466
f 285/592/457 421/493/405 430/478/390 288/580/459
f 457/593/481 458/594/482 445/595/483 444/596/484
f 480/597/485 457/598/481 444/599/484 443/600/486
f 458/594/482 459/601/487 448/602/488 445/595/483
f 459/601/487 460/603/489 451/604/490 448/602/488
f 460/603/489 461/605/491 454/606/492 451/604/490
f 461/605/491 462/607/493 433/608/494 454/606/492
f 462/607/493 463/609/495 434/610/496 433/608/494
f 463/611/495 464/612/497 439/613/498 434/614/496
f 464/612/497 465/615/499 442/616/500 439/613/498
f 465/615/499 466/617/501 447/618/502 442/616/500
f 466/617/501 467/619/503 450/620/504 447/618/502
f 467/619/503 468/621/505 453/622/506 450/620/504
f 468/621/505 469/623/507 456/624/508 453/622/506
f 469/625/507 470/626/509 437/627/510 456/628/508
f 470/626/509 471/629/511 438/630/512 437/627/510
f 471/629/511 472/631/513 441/632/514 438/630/512
f 472/631/513 473/633/515 446/634/516 441/632/514
f 473/633/515 474/635/517 449/636/518 446/634/516
f 474/635/517 475/637/519 452/638/520 449/636/518
f 475/639/519 476/640/521 455/641/522 452/642/520
f 476/640/521 477/643/523 435/644/524 455/641/522
f 477/643/523 478/645/525 436/646/526 435/644/524
f 478/645/525 479/647/527 440/648/528 436/646/526
f 479/647/527 480/597/485 443/600/486 440/648/528
f 505/649/529 492/650/530 493/651/531 506/652/532
f 528/653/533 491/654/534 492/655/530 505/656/529
f 506/652/532 493/651/531 496/657/535 507/658/536
f 507/658/536 496/657/535 499/659/537 508/660/538
f 508/660/538 499/659/537 502/661/539 509/662/540
f 509/662/540 502/661/539 481/663/541 510/664/542
f 510/664/542 481/663/541 482/665/543 511/666/544
f 511/667/544 482/668/543 487/669/545 512/670/546
f 512/670/546 487/669/545 490/671/547 513/672/548
f 513/672/548 490/671/547 495/673/549 514/674/550
f 514/674/550 495/673/549 498/675/551 515/676/552
f 515/676/552 498/675/551 501/677/553 516/678/554
f 516/678/554 501/677/553 504/679/555 517/680/556
f 517/681/556 504/682/555 485/683/557 518/684/558
f 518/684/558 485/683/557 486/685/559 519/686/560
f 519/686/560 486/685/559 489/687/561 520/688/562
f 520/688/562 489/687/561 494/689/563 521/690/564
f 521/690/564 494/689/563 497/691/565 522/692/566
f 522/692/566 497/691/565 500/693/567 523/694/568
f 523/695/568 500/696/567 503/697/569 524/698/570
f 524/698/570 503/697/569 483/699/571 525/700/572
f 525/700/572 483/699/571 484/701/573 526/702/574
f 526/702/574 484/701/573 488/703/575 527/704/576
f 527/704/576 488/703/575 491/654/534 528/653/533
f 456/705/577 437/706/578 485/707/578 504/708/577
f 455/709/579 435/710/580 483/711/580 503/712/579
f 454/713/581 433/714/582 481/715/582 502/716/581
f 453/717/583 456/718/577 504/719/577 501/720/583
f 452/721/584 455/709/579 503/712/579 500/722/584
f 451/723/585 454/713/581 502/716/581 499/724/585
f 450/725/586 453/717/583 501/720/583 498/726/586
f 449/727/587 452/728/584 500/729/584 497/730/587
f 448/731/588 451/723/585 499/724/585 496/732/588
f 447/733/589 450/725/586 498/726/586 495/734/589
f 446/735/590 449/727/587 497/730/587 494/736/590
f 445/737/591 448/731/588 496/732/588 493/738/591
f 443/739/592 444/740/593 492/741/593 491/742/592
f 442/743/594 447/733/589 495/734/589 490/744/594
f 441/745/595 446/735/590 494/736/590 489/746/595
f 444/747/593 445/737/591 493/738/591 492/748/593
f 440/749/596 443/739/592 491/742/592 488/750/596
f 439/751/597 442/743/594 490/744/594 487/752/597
f 438/753/598 441/745/595 489/746/595 486/754/598
f 436/755/599 440/749/596 488/750/596 484/756/599
f 434/757/600 439/751/597 487/752/597 482/758/600
f 437/706/578 438/753/598 486/754/598 485/707/578
f 435/710/580 436/755/599 484/756/599 483/711/580
f 433/714/582 434/759/600 482/760/600 481/715/582
f 517/681/556 518/684/558 542/761/601 541/762/601
f 516/678/554 517/680/556 541/763/601 540/764/601
f 515/676/552 516/678/554 540/764/601 539/765/601
f 528/653/533 505/656/529 530/766/601 552/767/601
f 514/674/550 515/676/552 539/765/601 538/768/601
f 527/704/576 528/653/533 552/767/601 551/769/601
f 513/672/548 514/674/550 538/768/601 537/770/601
f 526/702/574 527/704/576 551/769/601 550/771/601
f 512/670/546 513/672/548 537/770/601 536/772/601
f 525/700/572 526/702/574 550/771/601 549/773/601
f 511/667/544 512/670/546 536/772/601 535/774/601
f 524/698/570 525/700/572 549/773/601 548/775/601
f 518/684/558 519/686/560 543/776/601 542/761/601
f 505/649/529 506/652/532 529/777/601 530/778/601
f 519/686/560 520/688/562 544/779/601 543/776/601
f 506/652/532 507/658/536 531/780/601 529/777/601
f 520/688/562 521/690/564 545/781/601 544/779/601
f 507/658/536 508/660/538 532/782/601 531/780/601
f 521/690/564 522/692/566 546/783/601 545/781/601
f 508/660/538 509/662/540 533/784/601 532/782/601
f 522/692/566 523/694/568 547/785/601 546/783/601
f 509/662/540 510/664/542 534/786/601 533/784/601
f 523/695/568 524/698/570 548/775/601 547/787/601
f 510/664/542 511/666/544 535/788/601 534/786/601
f 554/789/602 556/790/603 558/791/604 555/792/605
f 555/792/605 558/791/604 557/793/606 553/794/607
f 560/795/608 554/789/602 555/792/605 561/796/609
f 561/796/609 555/792/605 553/794/607 559/797/610
f 563/798/611 560/795/608 561/796/609 564/799/612
f 564/799/612 561/796/609 559/797/610 562/800/613
f 566/801/614 563/798/611 564/799/612 567/802/615
f 567/802/615 564/799/612 562/800/613 565/803/616
f 569/804/617 566/801/614 567/802/615 570/805/618
f 570/805/618 567/802/615 565/803/616 568/806/619
f 572/807/620 569/804/617 570/805/618 573/808/621
f 573/808/621 570/805/618 568/806/619 571/809/622
f 575/810/623 572/811/620 573/812/621 576/813/624
f 576/813/624 573/812/621 571/814/622 574/815/625
f 578/816/626 575/810/623 576/813/624 579/817/627
f 579/817/627 576/813/624 574/815/625 577/818/628
f 581/819/629 578/816/626 579/817/627 582/820/630
f 582/820/630 579/817/627 577/818/628 580/821/631
f 584/822/632 581/819/629 582/820/630 585/823/633
f 585/823/633 582/820/630 580/821/631 583/824/634
f 587/825/635 584/822/632 585/823/633 588/826/636
f 588/826/636 585/823/633 583/824/634 586/827/637
f 590/828/638 587/825/635 588/826/636 591/829/639
f 591/829/639 588/826/636 586/827/637 589/830/640
f 593/831/641 590/832/638 591/833/639 594/834/642
f 594/834/642 591/833/639 589/835/640 592/836/643
f 596/837/644 593/831/641 594/834/642 597/838/645
f 597/838/645 594/834/642 592/836/643 595/839/646
f 599/840/647 596/837/644 597/838/645 600/841/648
f 600/841/648 597/838/645 595/839/646 598/842/649
f 602/843/650 599/840/647 600/841/648 603/844/651
f 603/844/651 600/841/648 598/842/649 601/845/652
f 605/846/653 602/843/650 603/844/651 606/847/654
f 606/847/654 603/844/651 601/845/652 604/848/655
f 608/849/656 605/846/653 606/847/654 609/850/657
f 609/850/657 606/847/654 604/848/655 607/851/658
f 611/852/659 608/853/656 609/854/657 612/855/660
f 612/855/660 609/854/657 607/856/658 610/857/661
f 614/858/662 611/852/659 612/855/660 615/859/663
f 615/859/663 612/855/660 610/857/661 613/860/664
f 617/861/665 614/858/662 615/859/663 618/862/666
f 618/862/666 615/859/663 613/860/664 616/863/667
f 620/864/668 617/861/665 618/862/666 621/865/669
f 621/865/669 618/862/666 616/863/667 619/866/670
f 623/867/671 620/864/668 621/865/669 624/868/672
f 624/868/672 621/865/669 619/866/670 622/869/673
f 556/870/603 623/867/671 624/868/672 558/871/604
f 558/871/604 624/868/672 622/869/673 557/872/606
f 458/594/482 457/593/481 556/790/603 554/789/602
f 459/601/487 458/594/482 554/789/602 560/795/608
f 457/598/481 480/597/485 623/867/671 556/870/603
f 460/603/489 459/601/487 560/795/608 563/798/611
f 461/605/491 460/603/489 563/798/611 566/801/614
f 462/607/493 461/605/491 566/801/614 569/804/617
f 463/609/495 462/607/493 569/804/617 572/807/620
f 464/612/497 463/611/495 572/811/620 575/810/623
f 465/615/499 464/612/497 575/810/623 578/816/626
f 466/617/501 465/615/499 578/816/626 581/819/629
f 467/619/503 466/617/501 581/819/629 584/822/632
f 468/621/505 467/619/503 584/822/632 587/825/635
f 469/623/507 468/621/505 587/825/635 590/828/638
f 470/626/509 469/625/507 590/832/638 593/831/641
f 471/629/511 470/626/509 593/831/641 596/837/644
f 472/631/513 471/629/511 596/837/644 599/840/647
f 473/633/515 472/631/513 599/840/647 602/843/650
f 474/635/517 473/633/515 602/843/650 605/846/653
f 475/637/519 474/635/517 605/846/653 608/849/656
f 476/640/521 475/639/519 608/853/656 611/852/659
f 477/643/523 476/640/521 611/852/659 614/858/662
f 478/645/525 477/643/523 614/858/662 617/861/665
f 479/647/527 478/645/525 617/861/665 620/864/668
f 480/597/485 479/647/527 620/864/668 623/867/671
f 635/873/674 655/874/675 657/875/676 636/876/677
f 636/876/677 657/875/676 656/877/678 634/878/679
f 629/879/680 635/873/674 636/876/677 630/880/681
f 630/880/681 636/876/677 634/878/679 628/881/682
f 659/882/683 629/879/680 630/880/681 660/883/684
f 660/883/684 630/880/681 628/881/682 658/884/685
f 662/885/686 659/882/683 660/883/684 663/886/687
f 663/886/687 660/883/684 658/884/685 661/887/688
f 665/888/689 662/885/686 663/886/687 666/889/690
f 666/889/690 663/886/687 661/887/688 664/890/691
f 668/891/692 665/888/689 666/889/690 669/892/693
f 669/892/693 666/889/690 664/890/691 667/893/694
f 671/894/695 668/895/692 669/896/693 672/897/696
f 672/897/696 669/896/693 667/898/694 670/899/697
f 674/900/698 671/894/695 672/897/696 675/901/699
f 675/901/699 672/897/696 670/899/697 673/902/700
f 677/903/701 674/900/698 675/901/699 678/904/702
f 678/904/702 675/901/699 673/902/700 676/905/703
f 647/906/704 677/903/701 678/904/702 648/907/705
f 648/907/705 678/904/702 676/905/703 646/908/706
f 650/909/707 647/906/704 648/907/705 651/910/708
f 651/910/708 648/907/705 646/908/706 649/911/709
f 644/912/710 650/909/707 651/910/708 645/913/711
f 645/913/711 651/910/708 649/911/709 643/914/712
f 641/915/713 644/916/710 645/917/711 642/918/714
f 642/918/714 645/917/711 643/919/712 640/920/715
f 638/921/716 641/915/713 642/918/714 639/922/717
f 639/922/717 642/918/714 640/920/715 637/923/718
f 632/924/719 638/921/716 639/922/717 633/925/720
f 633/925/720 639/922/717 637/923/718 631/926/721
f 626/927/722 632/924/719 633/925/720 627/928/723
f 627/928/723 633/925/720 631/926/721 625/929/724
f 680/930/725 626/927/722 627/928/723 681/931/726
f 681/931/726 627/928/723 625/929/724 679/932/727
f 683/933/728 680/930/725 681/931/726 684/934/729
f 684/934/729 681/931/726 679/932/727 682/935/730
f 686/936/731 683/937/728 684/938/729 687/939/732
f 687/939/732 684/938/729 682/940/730 685/941/733
f 689/942/734 686/936/731 687/939/732 690/943/735
f 690/943/735 687/939/732 685/941/733 688/944/736
f 692/945/737 689/942/734 690/943/735 693/946/738
f 693/946/738 690/943/735 688/944/736 691/947/739
f 695/948/740 692/945/737 693/946/738 696/949/741
f 696/949/741 693/946/738 691/947/739 694/950/742
f 653/951/743 695/948/740 696/949/741 654/952/744
f 654/952/744 696/949/741 694/950/742 652/953/745
f 655/954/675 653/951/743 654/952/744 657/955/676
f 657/955/676 654/952/744 652/953/745 656/956/678
f 544/957/478 545/958/477 625/929/724 631/926/721
f 601/845/652 626/927/722 680/930/725 604/848/655
f 598/842/649 632/924/719 626/927/722 601/845/652
f 545/958/477 546/959/476 679/932/727 625/929/724
f 529/960/468 531/961/467 628/881/682 634/878/679
f 559/797/610 629/879/680 659/882/683 562/800/613
f 553/794/607 635/873/674 629/879/680 559/797/610
f 531/961/467 532/962/466 658/884/685 628/881/682
f 543/963/479 544/957/478 631/926/721 637/923/718
f 595/839/646 638/921/716 632/924/719 598/842/649
f 530/964/469 529/960/468 634/878/679 656/877/678
f 557/793/606 655/874/675 635/873/674 553/794/607
f 542/965/480 543/963/479 637/923/718 640/920/715
f 592/836/643 641/915/713 638/921/716 595/839/646
f 541/966/458 542/965/480 640/920/715 643/919/712
f 589/835/640 644/916/710 641/915/713 592/836/643
f 540/967/457 541/968/458 643/914/712 649/911/709
f 586/827/637 650/909/707 644/912/710 589/830/640
f 538/969/460 539/970/459 646/908/706 676/905/703
f 583/824/634 647/906/704 650/909/707 586/827/637
f 580/821/631 677/903/701 647/906/704 583/824/634
f 539/970/459 540/967/457 649/911/709 646/908/706
f 551/971/471 552/972/470 652/953/745 694/950/742
f 622/869/673 653/951/743 655/954/675 557/872/606
f 619/866/670 695/948/740 653/951/743 622/869/673
f 552/972/470 530/973/469 656/956/678 652/953/745
f 562/800/613 659/882/683 662/885/686 565/803/616
f 532/962/466 533/974/465 661/887/688 658/884/685
f 565/803/616 662/885/686 665/888/689 568/806/619
f 533/974/465 534/975/464 664/890/691 661/887/688
f 568/806/619 665/888/689 668/891/692 571/809/622
f 534/975/464 535/976/463 667/893/694 664/890/691
f 571/814/622 668/895/692 671/894/695 574/815/625
f 535/977/463 536/978/462 670/899/697 667/898/694
f 574/815/625 671/894/695 674/900/698 577/818/628
f 536/978/462 537/979/461 673/902/700 670/899/697
f 577/818/628 674/900/698 677/903/701 580/821/631
f 537/979/461 538/969/460 676/905/703 673/902/700
f 604/848/655 680/930/725 683/933/728 607/851/658
f 546/959/476 547/980/475 682/935/730 679/932/727
f 607/856/658 683/937/728 686/936/731 610/857/661
f 547/981/475 548/982/474 685/941/733 682/940/730
f 610/857/661 686/936/731 689/942/734 613/860/664
f 548/982/474 549/983/473 688/944/736 685/941/733
f 613/860/664 689/942/734 692/945/737 616/863/667
f 549/983/473 550/984/472 691/947/739 688/944/736
f 616/863/667 692/945/737 695/948/740 619/866/670
f 550/984/472 551/971/471 694/950/742 691/947/739
f 759/985/746 758/986/746 754/987/746
f 760/988/746 759/985/746 753/989/746
f 762/990/746 761/991/746 751/992/746
f 748/993/746 763/994/746 749/995/746
f 764/996/746 763/994/746 748/993/746
f 746/997/746 765/998/746 747/999/746
f 766/1000/746 765/998/746 746/997/746
f 766/1000/746 745/1001/746 768/1002/746
f 746/997/746 745/1001/746 766/1000/746
f 757/1003/746 756/1004/746 755/1005/746
f 1035/1006/747 1038/1007/748 1037/1008/749 1034/1009/750
f 1033/1010/751 1036/1011/752 1038/1007/748 1035/1006/747
f 1030/1012/753 1033/1010/751 1035/1006/747 1032/1013/754
f 1029/1014/755 1032/1013/754 1031/1015/756 1028/1016/757
f 1026/1017/758 1029/1014/755 1028/1016/757 1025/1018/759
f 1024/1019/760 1027/1020/761 1029/1014/755 1026/1017/758
f 1021/1021/762 1024/1019/760 1026/1017/758 1023/1022/763
f 1020/1023/764 1023/1022/763 1022/1024/765 1019/1025/766
f 1017/1026/767 1020/1027/764 1019/1028/766 1016/1029/768
f 1015/1030/769 1018/1031/770 1020/1027/764 1017/1026/767
f 1012/1032/771 1015/1030/769 1017/1026/767 1014/1033/772
f 1011/1034/773 1014/1033/772 1013/1035/774 1010/1036/775
f 721/1037/776 1011/1034/773 1010/1036/775 722/1038/777
f 723/1039/778 1009/1040/779 1011/1034/773 721/1037/776
f 726/1041/780 723/1039/778 721/1037/776 724/1042/781
f 727/1043/782 724/1042/781 725/1044/783 728/1045/784
f 730/1046/785 727/1043/782 728/1045/784 731/1047/786
f 732/1048/787 729/1049/788 727/1043/782 730/1046/785
f 735/1050/789 732/1048/787 730/1046/785 733/1051/790
f 736/1052/791 733/1051/790 734/1053/792 737/1054/793
f 739/1055/794 736/1052/791 737/1054/793 740/1056/795
f 741/1057/796 738/1058/797 736/1052/791 739/1055/794
f 1052/1059/798 743/1060/799 742/1061/800 1053/1062/801
f 742/1061/800 739/1055/794 740/1056/795 744/1063/802
f 748/993/746 747/999/746 764/996/746
f 772/1064/803 769/1065/804 770/1066/805 771/1067/806
f 769/1065/804 813/1068/807 814/1069/808 770/1066/805
f 774/1070/809 772/1064/803 771/1067/806 773/1071/810
f 776/1072/811 774/1070/809 773/1071/810 775/1073/812
f 778/1074/813 776/1072/811 775/1073/812 777/1075/814
f 780/1076/815 778/1074/813 777/1075/814 779/1077/816
f 782/1078/817 780/1076/815 779/1077/816 781/1079/818
f 784/1080/819 782/1078/817 781/1079/818 783/1081/820
f 786/1082/821 784/1080/819 783/1081/820 785/1083/822
f 788/1084/823 786/1082/821 785/1083/822 787/1085/824
f 790/1086/825 788/1084/823 787/1085/824 789/1087/826
f 792/1088/827 790/1086/825 789/1087/826 791/1089/828
f 794/1090/829 792/1091/827 791/1092/828 793/1093/830
f 796/1094/831 794/1090/829 793/1093/830 795/1095/832
f 798/1096/833 796/1094/831 795/1095/832 797/1097/834
f 800/1098/835 798/1096/833 797/1097/834 799/1099/836
f 802/1100/837 800/1098/835 799/1099/836 801/1101/838
f 804/1102/839 802/1100/837 801/1101/838 803/1103/840
f 806/1104/841 804/1102/839 803/1103/840 805/1105/842
f 808/1106/843 806/1104/841 805/1105/842 807/1107/844
f 810/1108/845 808/1106/843 807/1107/844 809/1109/846
f 812/1110/847 810/1108/845 809/1109/846 811/1111/848
f 816/1112/849 812/1110/847 811/1111/848 815/1113/850
f 813/1114/807 816/1112/849 815/1113/850 814/1115/808
f 818/1116/851 819/1117/852 820/1118/853 817/1119/854
f 862/1120/855 818/1116/851 817/1119/854 861/1121/856
f 819/1117/852 821/1122/857 822/1123/858 820/1118/853
f 821/1122/857 823/1124/859 824/1125/860 822/1123/858
f 823/1124/859 825/1126/861 826/1127/862 824/1125/860
f 825/1126/861 827/1128/863 828/1129/864 826/1127/862
f 827/1128/863 829/1130/865 830/1131/866 828/1129/864
f 829/1130/865 831/1132/867 832/1133/868 830/1131/866
f 831/1132/867 833/1134/869 834/1135/870 832/1133/868
f 833/1134/869 835/1136/871 836/1137/872 834/1135/870
f 835/1136/871 837/1138/873 838/1139/874 836/1137/872
f 837/1138/873 839/1140/875 840/1141/876 838/1139/874
f 839/1142/875 841/1143/877 842/1144/878 840/1145/876
f 841/1143/877 843/1146/879 844/1147/880 842/1144/878
f 843/1146/879 845/1148/881 846/1149/882 844/1147/880
f 845/1148/881 847/1150/883 848/1151/884 846/1149/882
f 847/1150/883 849/1152/885 850/1153/886 848/1151/884
f 849/1152/885 851/1154/887 852/1155/888 850/1153/886
f 851/1154/887 853/1156/889 854/1157/890 852/1155/888
f 853/1156/889 855/1158/891 856/1159/892 854/1157/890
f 855/1158/891 857/1160/893 858/1161/894 856/1159/892
f 857/1160/893 859/1162/895 860/1163/896 858/1161/894
f 859/1162/895 863/1164/897 864/1165/898 860/1163/896
f 863/1164/897 862/1166/855 861/1167/856 864/1165/898
f 817/1119/854 820/1118/853 771/1067/806 770/1066/805
f 861/1121/856 817/1119/854 770/1066/805 814/1069/808
f 820/1118/853 822/1123/858 773/1071/810 771/1067/806
f 822/1123/858 824/1125/860 775/1073/812 773/1071/810
f 824/1125/860 826/1127/862 777/1075/814 775/1073/812
f 826/1127/862 828/1129/864 779/1077/816 777/1075/814
f 828/1129/864 830/1131/866 781/1079/818 779/1077/816
f 830/1131/866 832/1133/868 783/1081/820 781/1079/818
f 832/1133/868 834/1135/870 785/1083/822 783/1081/820
f 834/1135/870 836/1137/872 787/1085/824 785/1083/822
f 836/1137/872 838/1139/874 789/1087/826 787/1085/824
f 838/1139/874 840/1141/876 791/1089/828 789/1087/826
f 840/1145/876 842/1144/878 793/1093/830 791/1092/828
f 842/1144/878 844/1147/880 795/1095/832 793/1093/830
f 844/1147/880 846/1149/882 797/1097/834 795/1095/832
f 846/1149/882 848/1151/884 799/1099/836 797/1097/834
f 848/1151/884 850/1153/886 801/1101/838 799/1099/836
f 850/1153/886 852/1155/888 803/1103/840 801/1101/838
f 852/1155/888 854/1157/890 805/1105/842 803/1103/840
f 854/1157/890 856/1159/892 807/1107/844 805/1105/842
f 856/1159/892 858/1161/894 809/1109/846 807/1107/844
f 858/1161/894 860/1163/896 811/1111/848 809/1109/846
f 860/1163/896 864/1165/898 815/1113/850 811/1111/848
f 864/1165/898 861/1167/856 814/1115/808 815/1113/850
f 866/1168/899 868/1169/900 870/1170/901 867/1171/902
f 867/1171/902 870/1170/901 869/1172/903 865/1173/904
f 932/1174/905 866/1168/899 867/1171/902 933/1175/906
f 933/1175/906 867/1171/902 865/1173/904 931/1176/907
f 868/1169/900 871/1177/908 873/1178/909 870/1170/901
f 870/1170/901 873/1178/909 872/1179/910 869/1172/903
f 871/1177/908 874/1180/911 876/1181/912 873/1178/909
f 873/1178/909 876/1181/912 875/1182/913 872/1179/910
f 874/1180/911 877/1183/914 879/1184/915 876/1181/912
f 876/1181/912 879/1184/915 878/1185/916 875/1182/913
f 877/1183/914 880/1186/917 882/1187/918 879/1184/915
f 879/1184/915 882/1187/918 881/1188/919 878/1185/916
f 880/1186/917 883/1189/920 885/1190/921 882/1187/918
f 882/1187/918 885/1190/921 884/1191/922 881/1188/919
f 883/1189/920 886/1192/923 888/1193/924 885/1190/921
f 885/1190/921 888/1193/924 887/1194/925 884/1191/922
f 886/1192/923 889/1195/926 891/1196/927 888/1193/924
f 888/1193/924 891/1196/927 890/1197/928 887/1194/925
f 889/1195/926 892/1198/929 894/1199/930 891/1196/927
f 891/1196/927 894/1199/930 893/1200/931 890/1197/928
f 892/1198/929 895/1201/932 897/1202/933 894/1199/930
f 894/1199/930 897/1202/933 896/1203/934 893/1200/931
f 895/1201/932 898/1204/935 900/1205/936 897/1202/933
f 897/1202/933 900/1205/936 899/1206/937 896/1203/934
f 898/1207/935 901/1208/938 903/1209/939 900/1210/936
f 900/1210/936 903/1209/939 902/1211/940 899/1212/937
f 901/1208/938 904/1213/941 906/1214/942 903/1209/939
f 903/1209/939 906/1214/942 905/1215/943 902/1211/940
f 904/1213/941 907/1216/944 909/1217/945 906/1214/942
f 906/1214/942 909/1217/945 908/1218/946 905/1215/943
f 907/1216/944 910/1219/947 912/1220/948 909/1217/945
f 909/1217/945 912/1220/948 911/1221/949 908/1218/946
f 910/1219/947 913/1222/950 915/1223/951 912/1220/948
f 912/1220/948 915/1223/951 914/1224/952 911/1221/949
f 913/1222/950 916/1225/953 918/1226/954 915/1223/951
f 915/1223/951 918/1226/954 917/1227/955 914/1224/952
f 916/1225/953 919/1228/956 921/1229/957 918/1226/954
f 918/1226/954 921/1229/957 920/1230/958 917/1227/955
f 919/1228/956 922/1231/959 924/1232/960 921/1229/957
f 921/1229/957 924/1232/960 923/1233/961 920/1230/958
f 922/1231/959 925/1234/962 927/1235/963 924/1232/960
f 924/1232/960 927/1235/963 926/1236/964 923/1233/961
f 925/1234/962 928/1237/965 930/1238/966 927/1235/963
f 927/1235/963 930/1238/966 929/1239/967 926/1236/964
f 928/1237/965 934/1240/968 936/1241/969 930/1238/966
f 930/1238/966 936/1241/969 935/1242/970 929/1239/967
f 934/1240/968 932/1243/905 933/1244/906 936/1241/969
f 936/1241/969 933/1244/906 931/1245/907 935/1242/970
f 819/1117/852 818/1116/851 865/1173/904 869/1172/903
f 1056/1246/971 1053/1247/801 1051/1248/972 1055/1249/973
f 1054/1250/974 1052/1251/798 1053/1247/801 1056/1246/971
f 818/1116/851 862/1120/855 931/1176/907 865/1173/904
f 821/1122/857 819/1117/852 869/1172/903 872/1179/910
f 1047/1252/975 1050/1253/976 1049/1254/977 1046/1255/978
f 823/1124/859 821/1122/857 872/1179/910 875/1182/913
f 1044/1256/979 1047/1252/975 1046/1255/978 1043/1257/980
f 825/1126/861 823/1124/859 875/1182/913 878/1185/916
f 1041/1258/981 1044/1256/979 1043/1257/980 1040/1259/982
f 827/1128/863 825/1126/861 878/1185/916 881/1188/919
f 1038/1007/748 1041/1258/981 1040/1259/982 1037/1008/749
f 829/1130/865 827/1128/863 881/1188/919 884/1191/922
f 1036/1011/752 1039/1260/983 1041/1258/981 1038/1007/748
f 831/1132/867 829/1130/865 884/1191/922 887/1194/925
f 1032/1013/754 1035/1006/747 1034/1009/750 1031/1015/756
f 833/1134/869 831/1132/867 887/1194/925 890/1197/928
f 1027/1020/761 1030/1012/753 1032/1013/754 1029/1014/755
f 835/1136/871 833/1134/869 890/1197/928 893/1200/931
f 1023/1022/763 1026/1017/758 1025/1018/759 1022/1024/765
f 837/1138/873 835/1136/871 893/1200/931 896/1203/934
f 1018/1261/770 1021/1021/762 1023/1022/763 1020/1023/764
f 839/1140/875 837/1138/873 896/1203/934 899/1206/937
f 1014/1033/772 1017/1026/767 1016/1029/768 1013/1035/774
f 841/1143/877 839/1142/875 899/1212/937 902/1211/940
f 1009/1040/779 1012/1032/771 1014/1033/772 1011/1034/773
f 843/1146/879 841/1143/877 902/1211/940 905/1215/943
f 724/1042/781 721/1037/776 722/1038/777 725/1044/783
f 845/1148/881 843/1146/879 905/1215/943 908/1218/946
f 729/1049/788 726/1041/780 724/1042/781 727/1043/782
f 847/1150/883 845/1148/881 908/1218/946 911/1221/949
f 733/1051/790 730/1046/785 731/1047/786 734/1053/792
f 849/1152/885 847/1150/883 911/1221/949 914/1224/952
f 738/1058/797 735/1050/789 733/1051/790 736/1052/791
f 851/1154/887 849/1152/885 914/1224/952 917/1227/955
f 1053/1062/801 742/1061/800 744/1063/802 1051/1262/972
f 853/1156/889 851/1154/887 917/1227/955 920/1230/958
f 743/1060/799 741/1057/796 739/1055/794 742/1061/800
f 855/1158/891 853/1156/889 920/1230/958 923/1233/961
f 1050/1253/976 1056/1246/971 1055/1249/973 1049/1254/977
f 857/1160/893 855/1158/891 923/1233/961 926/1236/964
f 1048/1263/984 1054/1250/974 1056/1246/971 1050/1253/976
f 859/1162/895 857/1160/893 926/1236/964 929/1239/967
f 1045/1264/985 1048/1263/984 1050/1253/976 1047/1252/975
f 863/1164/897 859/1162/895 929/1239/967 935/1242/970
f 1042/1265/986 1045/1264/985 1047/1252/975 1044/1256/979
f 1039/1260/983 1042/1265/986 1044/1256/979 1041/1258/981
f 862/1166/855 863/1164/897 935/1242/970 931/1245/907
f 938/1266/987 940/1267/988 942/1268/989 939/1269/990
f 939/1269/990 942/1268/989 941/1270/991 937/1271/992
f 1004/1272/993 938/1266/987 939/1269/990 1005/1273/994
f 1005/1273/994 939/1269/990 937/1271/992 1003/1274/995
f 940/1267/988 943/1275/996 945/1276/997 942/1268/989
f 942/1268/989 945/1276/997 944/1277/998 941/1270/991
f 943/1275/996 946/1278/999 948/1279/1000 945/1276/997
f 945/1276/997 948/1279/1000 947/1280/1001 944/1277/998
f 946/1278/999 949/1281/1002 951/1282/1003 948/1279/1000
f 948/1279/1000 951/1282/1003 950/1283/1004 947/1280/1001
f 949/1281/1002 952/1284/1005 954/1285/1006 951/1282/1003
f 951/1282/1003 954/1285/1006 953/1286/1007 950/1283/1004
f 952/1284/1005 955/1287/1008 957/1288/1009 954/1285/1006
f 954/1285/1006 957/1288/1009 956/1289/1010 953/1286/1007
f 955/1287/1008 958/1290/1011 960/1291/1012 957/1288/1009
f 957/1288/1009 960/1291/1012 959/1292/1013 956/1289/1010
f 958/1290/1011 961/1293/1014 963/1294/1015 960/1291/1012
f 960/1291/1012 963/1294/1015 962/1295/1016 959/1292/1013
f 961/1293/1014 964/1296/1017 966/1297/1018 963/1294/1015
f 963/1294/1015 966/1297/1018 965/1298/1019 962/1295/1016
f 964/1296/1017 967/1299/1020 969/1300/1021 966/1297/1018
f 966/1297/1018 969/1300/1021 968/1301/1022 965/1298/1019
f 967/1299/1020 970/1302/1023 972/1303/1024 969/1300/1021
f 969/1300/1021 972/1303/1024 971/1304/1025 968/1301/1022
f 970/1305/1023 973/1306/1026 975/1307/1027 972/1308/1024
f 972/1308/1024 975/1307/1027 974/1309/1028 971/1310/1025
f 973/1306/1026 976/1311/1029 978/1312/1030 975/1307/1027
f 975/1307/1027 978/1312/1030 977/1313/1031 974/1309/1028
f 976/1311/1029 979/1314/1032 981/1315/1033 978/1312/1030
f 978/1312/1030 981/1315/1033 980/1316/1034 977/1313/1031
f 979/1314/1032 982/1317/1035 984/1318/1036 981/1315/1033
f 981/1315/1033 984/1318/1036 983/1319/1037 980/1316/1034
f 982/1317/1035 985/1320/1038 987/1321/1039 984/1318/1036
f 984/1318/1036 987/1321/1039 986/1322/1040 983/1319/1037
f 985/1320/1038 988/1323/1041 990/1324/1042 987/1321/1039
f 987/1321/1039 990/1324/1042 989/1325/1043 986/1322/1040
f 988/1323/1041 991/1326/1044 993/1327/1045 990/1324/1042
f 990/1324/1042 993/1327/1045 992/1328/1046 989/1325/1043
f 991/1326/1044 994/1329/1047 996/1330/1048 993/1327/1045
f 993/1327/1045 996/1330/1048 995/1331/1049 992/1328/1046
f 994/1329/1047 997/1332/1050 999/1333/1051 996/1330/1048
f 996/1330/1048 999/1333/1051 998/1334/1052 995/1331/1049
f 997/1332/1050 1000/1335/1053 1002/1336/1054 999/1333/1051
f 999/1333/1051 1002/1336/1054 1001/1337/1055 998/1334/1052
f 1000/1335/1053 1006/1338/1056 1008/1339/1057 1002/1336/1054
f 1002/1336/1054 1008/1339/1057 1007/1340/1058 1001/1337/1055
f 1006/1338/1056 1004/1341/993 1005/1342/994 1008/1339/1057
f 1008/1339/1057 1005/1342/994 1003/1343/995 1007/1340/1058
f 868/1169/900 866/1168/899 937/1271/992 941/1270/991
f 938/1344/987 1004/1345/993 767/1346/746 745/1001/746
f 940/1347/988 938/1344/987 745/1001/746 746/997/746
f 866/1168/899 932/1174/905 1003/1274/995 937/1271/992
f 871/1177/908 868/1169/900 941/1270/991 944/1277/998
f 943/1348/996 940/1347/988 746/997/746 747/999/746
f 874/1180/911 871/1177/908 944/1277/998 947/1280/1001
f 946/1349/999 943/1348/996 747/999/746 748/993/746
f 877/1183/914 874/1180/911 947/1280/1001 950/1283/1004
f 949/1350/1002 946/1349/999 748/993/746 749/995/746
f 880/1186/917 877/1183/914 950/1283/1004 953/1286/1007
f 952/1351/1005 949/1350/1002 749/995/746 750/1352/746
f 883/1189/920 880/1186/917 953/1286/1007 956/1289/1010
f 955/1353/1008 952/1351/1005 750/1352/746 751/992/746
f 886/1192/923 883/1189/920 956/1289/1010 959/1292/1013
f 958/1354/1011 955/1353/1008 751/992/746 752/1355/746
f 889/1195/926 886/1192/923 959/1292/1013 962/1295/1016
f 961/1356/1014 958/1354/1011 752/1355/746 753/989/746
f 892/1198/929 889/1195/926 962/1295/1016 965/1298/1019
f 964/1357/1017 961/1356/1014 753/989/746 754/987/746
f 895/1201/932 892/1198/929 965/1298/1019 968/1301/1022
f 967/1358/1020 964/1357/1017 754/987/746 755/1005/746
f 898/1204/935 895/1201/932 968/1301/1022 971/1304/1025
f 970/1359/1023 967/1358/1020 755/1005/746 756/1004/746
f 901/1208/938 898/1207/935 971/1310/1025 974/1309/1028
f 973/1360/1026 970/1359/1023 756/1004/746 757/1003/746
f 904/1213/941 901/1208/938 974/1309/1028 977/1313/1031
f 976/1361/1029 973/1360/1026 757/1003/746 758/986/746
f 907/1216/944 904/1213/941 977/1313/1031 980/1316/1034
f 979/1362/1032 976/1361/1029 758/986/746 759/985/746
f 910/1219/947 907/1216/944 980/1316/1034 983/1319/1037
f 982/1363/1035 979/1362/1032 759/985/746 760/988/746
f 913/1222/950 910/1219/947 983/1319/1037 986/1322/1040
f 985/1364/1038 982/1363/1035 760/988/746 761/991/746
f 916/1225/953 913/1222/950 986/1322/1040 989/1325/1043
f 988/1365/1041 985/1364/1038 761/991/746 762/990/746
f 919/1228/956 916/1225/953 989/1325/1043 992/1328/1046
f 991/1366/1044 988/1365/1041 762/990/746 763/994/746
f 922/1231/959 919/1228/956 992/1328/1046 995/1331/1049
f 994/1367/1047 991/1366/1044 763/994/746 764/996/746
f 925/1234/962 922/1231/959 995/1331/1049 998/1334/1052
f 997/1368/1050 994/1367/1047 764/996/746 765/998/746
f 928/1237/965 925/1234/962 998/1334/1052 1001/1337/1055
f 1000/1369/1053 997/1368/1050 765/998/746 766/1000/746
f 934/1240/968 928/1237/965 1001/1337/1055 1007/1340/1058
f 1006/1370/1056 1000/1369/1053 766/1000/746 768/1002/746
f 1004/1345/993 1006/1370/1056 768/1002/746 767/1346/746
f 932/1243/905 934/1240/968 1007/1340/1058 1003/1343/995
f 741/1057/796 743/1060/799 769/1065/804 772/1064/803
f 743/1060/799 1052/1059/798 813/1068/807 769/1065/804
f 738/1058/797 741/1057/796 772/1064/803 774/1070/809
f 735/1050/789 738/1058/797 774/1070/809 776/1072/811
f 732/1048/787 735/1050/789 776/1072/811 778/1074/813
f 729/1049/788 732/1048/787 778/1074/813 780/1076/815
f 726/1041/780 729/1049/788 780/1076/815 782/1078/817
f 723/1039/778 726/1041/780 782/1078/817 784/1080/819
f 750/1352/746 749/995/746 762/990/746
f 1009/1040/779 723/1039/778 784/1080/819 786/1082/821
f 751/992/746 750/1352/746 762/990/746
f 1012/1032/771 1009/1040/779 786/1082/821 788/1084/823
f 752/1355/746 751/992/746 761/991/746
f 1015/1030/769 1012/1032/771 788/1084/823 790/1086/825
f 753/989/746 752/1355/746 760/988/746
f 1018/1031/770 1015/1030/769 790/1086/825 792/1088/827
f 754/987/746 753/989/746 759/985/746
f 1021/1021/762 1018/1261/770 792/1091/827 794/1090/829
f 755/1005/746 754/987/746 758/986/746
f 1024/1019/760 1021/1021/762 794/1090/829 796/1094/831
f 758/986/746 757/1003/746 755/1005/746
f 1027/1020/761 1024/1019/760 796/1094/831 798/1096/833
f 761/991/746 760/988/746 752/1355/746
f 1030/1012/753 1027/1020/761 798/1096/833 800/1098/835
f 763/994/746 762/990/746 749/995/746
f 1033/1010/751 1030/1012/753 800/1098/835 802/1100/837
f 765/998/746 764/996/746 747/999/746
f 1036/1011/752 1033/1010/751 802/1100/837 804/1102/839
f 745/1001/746 767/1346/746 768/1002/746
f 1039/1260/983 1036/1011/752 804/1102/839 806/1104/841
f 1042/1265/986 1039/1260/983 806/1104/841 808/1106/843
f 1045/1264/985 1042/1265/986 808/1106/843 810/1108/845
f 1048/1263/984 1045/1264/985 810/1108/845 812/1110/847
f 1054/1250/974 1048/1263/984 812/1110/847 816/1112/849
f 1052/1251/798 1054/1250/974 816/1112/849 813/1114/807
f 1058/1371/1059 1060/1372/1060 1062/1373/1061 1059/1374/1062
f 1059/1374/1062 1062/1373/1061 1061/1375/1063 1057/1376/1064
f 1124/1377/1065 1058/1371/1059 1059/1374/1062 1125/1378/1066
f 1125/1378/1066 1059/1374/1062 1057/1376/1064 1123/1379/1067
f 1060/1372/1060 1063/1380/1068 1065/1381/1069 1062/1373/1061
f 1062/1373/1061 1065/1381/1069 1064/1382/1070 1061/1375/1063
f 1063/1380/1068 1066/1383/1071 1068/1384/1072 1065/1381/1069
f 1065/1381/1069 1068/1384/1072 1067/1385/1073 1064/1382/1070
f 1066/1383/1071 1069/1386/1074 1071/1387/1075 1068/1384/1072
f 1068/1384/1072 1071/1387/1075 1070/1388/1076 1067/1385/1073
f 1069/1386/1074 1072/1389/1077 1074/1390/1078 1071/1387/1075
f 1071/1387/1075 1074/1390/1078 1073/1391/1079 1070/1388/1076
f 1072/1389/1077 1075/1392/1080 1077/1393/1081 1074/1390/1078
f 1074/1390/1078 1077/1393/1081 1076/1394/1082 1073/1391/1079
f 1075/1392/1080 1078/1395/1083 1080/1396/1084 1077/1393/1081
f 1077/1393/1081 1080/1396/1084 1079/1397/1085 1076/1394/1082
f 1078/1395/1083 1081/1398/1086 1083/1399/1087 1080/1396/1084
f 1080/1396/1084 1083/1399/1087 1082/1400/1088 1079/1397/1085
f 1081/1398/1086 1084/1401/1089 1086/1402/1090 1083/1399/1087
f 1083/1399/1087 1086/1402/1090 1085/1403/1091 1082/1400/1088
f 1084/1401/1089 1087/1404/1092 1089/1405/1093 1086/1402/1090
f 1086/1402/1090 1089/1405/1093 1088/1406/1094 1085/1403/1091
f 1087/1404/1092 1090/1407/1095 1092/1408/1096 1089/1405/1093
f 1089/1405/1093 1092/1408/1096 1091/1409/1097 1088/1406/1094
f 1090/1410/1095 1093/1411/1098 1095/1412/1099 1092/1413/1096
f 1092/1413/1096 1095/1412/1099 1094/1414/1100 1091/1415/1097
f 1093/1411/1098 1096/1416/1101 1098/1417/1102 1095/1412/1099
f 1095/1412/1099 1098/1417/1102 1097/1418/1103 1094/1414/1100
f 1096/1416/1101 1099/1419/1104 1101/1420/1105 1098/1417/1102
f 1098/1417/1102 1101/1420/1105 1100/1421/1106 1097/1418/1103
f 1099/1419/1104 1102/1422/1107 1104/1423/1108 1101/1420/1105
f 1101/1420/1105 1104/1423/1108 1103/1424/1109 1100/1421/1106
f 1102/1422/1107 1105/1425/1110 1107/1426/1111 1104/1423/1108
f 1104/1423/1108 1107/1426/1111 1106/1427/1112 1103/1424/1109
f 1105/1425/1110 1108/1428/1113 1110/1429/1114 1107/1426/1111
f 1107/1426/1111 1110/1429/1114 1109/1430/1115 1106/1427/1112
f 1108/1428/1113 1111/1431/1116 1113/1432/1117 1110/1429/1114
f 1110/1429/1114 1113/1432/1117 1112/1433/1118 1109/1430/1115
f 1111/1431/1116 1114/1434/1119 1116/1435/1120 1113/1432/1117
f 1113/1432/1117 1116/1435/1120 1115/1436/1121 1112/1433/1118
f 1114/1434/1119 1117/1437/1122 1119/1438/1123 1116/1435/1120
f 1116/1435/1120 1119/1438/1123 1118/1439/1124 1115/1436/1121
f 1117/1437/1122 1120/1440/1125 1122/1441/1126 1119/1438/1123
f 1119/1438/1123 1122/1441/1126 1121/1442/1127 1118/1439/1124
f 1120/1440/1125 1126/1443/1128 1128/1444/1129 1122/1441/1126
f 1122/1441/1126 1128/1444/1129 1127/1445/1130 1121/1442/1127
f 1126/1443/1128 1124/1446/1065 1125/1447/1066 1128/1444/1129
f 1128/1444/1129 1125/1447/1066 1123/1448/1067 1127/1445/1130
f 1060/1372/1060 1058/1371/1059 744/1063/802 740/1056/795
f 698/1449/471 697/1450/470 1057/1376/1064 1061/1375/1063
f 1058/1371/1059 1124/1377/1065 1051/1262/972 744/1063/802
f 697/1450/470 719/1451/469 1123/1379/1067 1057/1376/1064
f 699/1452/472 698/1449/471 1061/1375/1063 1064/1382/1070
f 1063/1380/1068 1060/1372/1060 740/1056/795 737/1054/793
f 700/1453/473 699/1452/472 1064/1382/1070 1067/1385/1073
f 1066/1383/1071 1063/1380/1068 737/1054/793 734/1053/792
f 701/1454/474 700/1453/473 1067/1385/1073 1070/1388/1076
f 1069/1386/1074 1066/1383/1071 734/1053/792 731/1047/786
f 702/1455/475 701/1454/474 1070/1388/1076 1073/1391/1079
f 1072/1389/1077 1069/1386/1074 731/1047/786 728/1045/784
f 703/1456/476 702/1455/475 1073/1391/1079 1076/1394/1082
f 1075/1392/1080 1072/1389/1077 728/1045/784 725/1044/783
f 704/1457/477 703/1456/476 1076/1394/1082 1079/1397/1085
f 1078/1395/1083 1075/1392/1080 725/1044/783 722/1038/777
f 705/1458/478 704/1457/477 1079/1397/1085 1082/1400/1088
f 1081/1398/1086 1078/1395/1083 722/1038/777 1010/1036/775
f 706/1459/479 705/1458/478 1082/1400/1088 1085/1403/1091
f 1084/1401/1089 1081/1398/1086 1010/1036/775 1013/1035/774
f 707/1460/480 706/1459/479 1085/1403/1091 1088/1406/1094
f 1087/1404/1092 1084/1401/1089 1013/1035/774 1016/1029/768
f 708/1461/458 707/1460/480 1088/1406/1094 1091/1409/1097
f 1090/1407/1095 1087/1404/1092 1016/1029/768 1019/1028/766
f 709/1462/457 708/1463/458 1091/1415/1097 1094/1414/1100
f 1093/1411/1098 1090/1410/1095 1019/1025/766 1022/1024/765
f 710/1464/459 709/1462/457 1094/1414/1100 1097/1418/1103
f 1096/1416/1101 1093/1411/1098 1022/1024/765 1025/1018/759
f 711/1465/460 710/1464/459 1097/1418/1103 1100/1421/1106
f 1099/1419/1104 1096/1416/1101 1025/1018/759 1028/1016/757
f 712/1466/461 711/1465/460 1100/1421/1106 1103/1424/1109
f 1102/1422/1107 1099/1419/1104 1028/1016/757 1031/1015/756
f 713/1467/462 712/1466/461 1103/1424/1109 1106/1427/1112
f 1105/1425/1110 1102/1422/1107 1031/1015/756 1034/1009/750
f 714/1468/463 713/1467/462 1106/1427/1112 1109/1430/1115
f 1108/1428/1113 1105/1425/1110 1034/1009/750 1037/1008/749
f 715/1469/464 714/1468/463 1109/1430/1115 1112/1433/1118
f 1111/1431/1116 1108/1428/1113 1037/1008/749 1040/1259/982
f 716/1470/465 715/1469/464 1112/1433/1118 1115/1436/1121
f 1114/1434/1119 1111/1431/1116 1040/1259/982 1043/1257/980
f 717/1471/466 716/1470/465 1115/1436/1121 1118/1439/1124
f 1117/1437/1122 1114/1434/1119 1043/1257/980 1046/1255/978
f 718/1472/467 717/1471/466 1118/1439/1124 1121/1442/1127
f 1120/1440/1125 1117/1437/1122 1046/1255/978 1049/1254/977
f 720/1473/468 718/1472/467 1121/1442/1127 1127/1445/1130
f 1126/1443/1128 1120/1440/1125 1049/1254/977 1055/1249/973
f 1124/1446/1065 1126/1443/1128 1055/1249/973 1051/1248/972
f 719/1474/469 720/1473/468 1127/1445/1130 1123/1448/1067
