# Blender v3.0.0 OBJ File: 'Pinset.blend'
# www.blender.org
mtllib Pinset.mtl
o Pinset_Plane
v 0.011991 0.014058 -0.175188
v 0.011924 -0.011468 0.178849
v 0.000000 0.014058 -0.175507
v 0.012025 -0.002590 -0.120779
v 0.012025 -0.007214 -0.065123
v 0.012025 -0.012629 0.000035
v 0.012025 -0.018043 0.065192
v 0.012025 -0.022663 0.121024
v 0.000000 -0.002842 -0.120813
v 0.000000 -0.007467 -0.065158
v 0.012025 -0.024076 0.139540
v 0.012025 -0.024562 0.148639
v 0.012025 -0.025028 0.157506
v 0.012025 -0.024575 0.165049
v 0.012025 -0.020245 0.170612
v 0.012025 -0.014784 0.175872
v 0.000000 -0.025278 0.157509
v 0.000000 -0.024797 0.165177
v 0.012019 0.009501 -0.173665
v 0.012025 0.005762 -0.170981
v 0.012025 0.003011 -0.166895
v 0.012025 0.001237 -0.161380
v 0.012025 0.000282 -0.154464
v 0.012025 -0.000441 -0.146558
v 0.012025 -0.001124 -0.138425
v 0.000000 0.009415 -0.173963
v 0.000000 0.000996 -0.161473
v 0.000000 0.000032 -0.154513
v 0.012036 0.014058 -0.173913
v 0.000000 0.014058 -0.173594
v 0.000000 -0.010890 0.179535
v 0.012025 -0.001580 -0.120640
v 0.012025 -0.006204 -0.064985
v 0.012025 -0.011619 0.000173
v 0.012025 -0.017032 0.065328
v 0.012025 -0.021652 0.121149
v 0.000000 -0.005952 -0.064950
v 0.000000 -0.016780 0.065362
v 0.000000 -0.021399 0.121181
v 0.012025 -0.023064 0.139642
v 0.012025 -0.023549 0.148727
v 0.012025 -0.024029 0.157493
v 0.012025 -0.023686 0.164536
v 0.012025 -0.019582 0.169654
v 0.012025 -0.014278 0.175001
v 0.000000 -0.019416 0.169415
v 0.012027 0.009846 -0.172470
v 0.012025 0.006394 -0.169991
v 0.012025 0.003858 -0.166213
v 0.012025 0.002202 -0.161006
v 0.012025 0.001285 -0.154270
v 0.012025 0.000568 -0.146412
v 0.012025 -0.000114 -0.138286
v 0.000000 0.009932 -0.172172
v 0.000000 0.006551 -0.169743
v 0.000000 0.004069 -0.166043
v 0.000000 0.002443 -0.160913
v 0.000000 0.001536 -0.154221
v -0.011973 0.014058 -0.175188
v -0.011816 -0.011468 0.178849
v -0.011953 -0.002590 -0.120779
v -0.011953 -0.007214 -0.065123
v -0.011953 -0.012629 0.000035
v -0.011953 -0.018043 0.065192
v -0.011953 -0.022663 0.121024
v 0.000000 -0.012881 0.000000
v 0.000000 -0.018295 0.065158
v 0.000000 -0.022916 0.120993
v -0.011953 -0.024076 0.139540
v -0.011953 -0.024562 0.148639
v -0.011953 -0.025028 0.157506
v -0.011953 -0.024575 0.165049
v -0.011953 -0.020245 0.170611
v -0.011953 -0.014784 0.175872
v 0.000000 -0.024364 0.139538
v 0.000000 -0.024814 0.148616
v 0.000000 -0.020410 0.170851
v 0.000000 -0.014814 0.176204
v -0.011956 0.009501 -0.173665
v -0.011953 0.005762 -0.170981
v -0.011953 0.003011 -0.166895
v -0.011953 0.001237 -0.161380
v -0.011953 0.000282 -0.154464
v -0.011953 -0.000441 -0.146558
v -0.011953 -0.001124 -0.138425
v 0.000000 0.005604 -0.171229
v 0.000000 0.002799 -0.167066
v 0.000000 -0.000699 -0.146605
v 0.000000 -0.001376 -0.138460
v -0.011954 0.014058 -0.173913
v -0.011953 -0.001580 -0.120640
v -0.011953 -0.006204 -0.064985
v -0.011953 -0.011619 0.000173
v -0.011953 -0.017032 0.065328
v -0.011953 -0.021652 0.121149
v 0.000000 -0.001327 -0.120606
v 0.000000 -0.011366 0.000207
v -0.011953 -0.023064 0.139642
v -0.011953 -0.023549 0.148727
v -0.011953 -0.024029 0.157493
v -0.011953 -0.023686 0.164536
v -0.011953 -0.019582 0.169654
v -0.011953 -0.014278 0.175001
v 0.000000 -0.022845 0.139689
v 0.000000 -0.023294 0.148741
v 0.000000 -0.023780 0.157490
v 0.000000 -0.023464 0.164408
v 0.000000 -0.014056 0.174898
v -0.011953 0.009846 -0.172470
v -0.011953 0.006394 -0.169991
v -0.011953 0.003858 -0.166213
v -0.011953 0.002202 -0.161006
v -0.011953 0.001285 -0.154270
v -0.011953 0.000568 -0.146412
v -0.011953 -0.000114 -0.138286
v 0.000000 0.000815 -0.146391
v 0.000000 0.000139 -0.138253
v 0.000000 0.063693 0.181155
v 0.011958 0.033226 -0.120749
v 0.011958 0.041947 -0.065093
v 0.011958 0.052156 0.000064
v 0.011958 0.062366 0.065222
v 0.011958 0.071117 0.121071
v 0.000000 0.033475 -0.120813
v 0.000000 0.071366 0.121007
v 0.011958 0.074034 0.139688
v 0.011958 0.075492 0.148996
v 0.011958 0.076968 0.158228
v 0.011958 0.077471 0.166563
v 0.011422 0.073603 0.172466
v 0.011481 0.067883 0.177621
v 0.000000 0.077215 0.158189
v 0.000000 0.074278 0.172266
v 0.011963 0.018614 -0.173665
v 0.011958 0.022353 -0.170981
v 0.011958 0.025104 -0.166895
v 0.011958 0.026882 -0.161377
v 0.011958 0.027954 -0.154449
v 0.011958 0.029180 -0.146531
v 0.011958 0.030461 -0.138396
v 0.000000 0.018701 -0.173963
v 0.000000 0.025316 -0.167066
v 0.000000 0.027123 -0.161473
v 0.000000 0.028203 -0.154513
v 0.000000 0.030710 -0.138460
v 0.011957 0.064323 0.180487
v 0.012046 0.032230 -0.120492
v 0.012046 0.040951 -0.064837
v 0.012046 0.051160 0.000321
v 0.012046 0.061370 0.065479
v 0.012046 0.070121 0.121328
v 0.000000 0.031982 -0.120428
v 0.000000 0.040702 -0.064772
v 0.000000 0.061121 0.065543
v 0.000000 0.069872 0.121392
v 0.012046 0.073038 0.139944
v 0.012046 0.074497 0.149255
v 0.012046 0.075978 0.158384
v 0.012046 0.076556 0.166171
v 0.012046 0.072932 0.171533
v 0.012046 0.067404 0.176726
v 0.000000 0.072789 0.140009
v 0.000000 0.074248 0.149320
v 0.000000 0.075730 0.158423
v 0.000000 0.072765 0.171300
v 0.000000 0.067179 0.176614
v 0.012045 0.018270 -0.172470
v 0.012046 0.021722 -0.169991
v 0.012046 0.024258 -0.166213
v 0.012046 0.025919 -0.160991
v 0.012046 0.026959 -0.154193
v 0.012046 0.028184 -0.146276
v 0.012046 0.029466 -0.138138
v 0.000000 0.018183 -0.172172
v 0.000000 0.021564 -0.169743
v 0.000000 0.025679 -0.160894
v 0.000000 0.029217 -0.138074
v -0.011993 0.033226 -0.120749
v -0.011993 0.041947 -0.065093
v -0.011993 0.052156 0.000064
v -0.011993 0.062366 0.065222
v -0.011993 0.071117 0.121071
v 0.000000 0.042196 -0.065158
v 0.000000 0.052405 0.000000
v 0.000000 0.062615 0.065158
v -0.011993 0.074034 0.139688
v -0.011993 0.075492 0.148996
v -0.011993 0.076968 0.158228
v -0.011993 0.077471 0.166563
v -0.011440 0.073603 0.172466
v -0.011415 0.067883 0.177621
v 0.000000 0.074283 0.139623
v 0.000000 0.075741 0.148932
v 0.000000 0.077699 0.166660
v 0.000000 0.067390 0.178390
v -0.011989 0.018614 -0.173665
v -0.011993 0.022353 -0.170981
v -0.011993 0.025104 -0.166895
v -0.011993 0.026882 -0.161377
v -0.011993 0.027954 -0.154449
v -0.011993 0.029180 -0.146531
v -0.011993 0.030461 -0.138396
v 0.000000 0.022511 -0.171229
v 0.000000 0.029429 -0.146595
v -0.011819 0.064323 0.180487
v -0.011954 0.032230 -0.120492
v -0.011954 0.040951 -0.064837
v -0.011954 0.051160 0.000321
v -0.011954 0.061370 0.065479
v -0.011954 0.070121 0.121328
v 0.000000 0.050912 0.000385
v -0.011954 0.073038 0.139944
v -0.011954 0.074497 0.149255
v -0.011954 0.075978 0.158384
v -0.011954 0.076556 0.166171
v -0.011954 0.072932 0.171533
v -0.011954 0.067404 0.176726
v 0.000000 0.076328 0.166073
v -0.011954 0.018270 -0.172470
v -0.011954 0.021722 -0.169991
v -0.011954 0.024258 -0.166213
v -0.011954 0.025919 -0.160991
v -0.011954 0.026959 -0.154193
v -0.011954 0.028184 -0.146276
v -0.011954 0.029466 -0.138138
v 0.000000 0.024046 -0.166042
v 0.000000 0.026710 -0.154129
v 0.000000 0.027935 -0.146212
v 0.000000 0.070946 0.175353
v -0.008429 0.066882 0.178824
v -0.009104 0.050912 0.000385
v -0.009104 0.076328 0.166073
v -0.009104 0.024046 -0.166042
v -0.009104 0.026710 -0.154129
v -0.009104 0.027935 -0.146212
v -0.009104 0.063693 0.181155
v -0.009104 0.031982 -0.120428
v -0.009104 0.040702 -0.064772
v -0.009104 0.061121 0.065543
v -0.009104 0.069872 0.121392
v -0.009104 0.072789 0.140009
v -0.009104 0.074248 0.149320
v -0.009104 0.075730 0.158423
v -0.009104 0.072765 0.171300
v -0.009104 0.067179 0.176614
v -0.009103 0.018183 -0.172172
v -0.009104 0.021564 -0.169743
v -0.009104 0.025679 -0.160894
v -0.009104 0.029217 -0.138074
v 0.009471 0.031982 -0.120428
v 0.009471 0.040702 -0.064772
v 0.009471 0.061121 0.065543
v 0.009471 0.069872 0.121392
v 0.009471 0.072789 0.140009
v 0.009471 0.074248 0.149320
v 0.009471 0.075730 0.158423
v 0.009471 0.072765 0.171300
v 0.009471 0.067179 0.176614
v 0.009464 0.018183 -0.172172
v 0.009471 0.021564 -0.169743
v 0.009471 0.025679 -0.160894
v 0.009471 0.029217 -0.138074
v 0.009471 0.063693 0.181155
v 0.008713 0.066882 0.178824
v 0.009471 0.050912 0.000385
v 0.009471 0.076328 0.166073
v 0.009471 0.024046 -0.166042
v 0.009471 0.026710 -0.154129
v 0.009471 0.027935 -0.146212
v -0.009097 -0.012881 0.000000
v -0.009097 -0.018295 0.065158
v -0.009097 -0.022916 0.120993
v -0.009097 -0.024330 0.139514
v -0.009097 -0.024816 0.148617
v -0.009097 -0.020410 0.170851
v -0.009097 -0.014814 0.176204
v -0.009097 0.005604 -0.171229
v -0.009097 0.002799 -0.167066
v -0.009097 -0.000693 -0.146595
v -0.009097 -0.001376 -0.138460
v -0.009097 -0.001327 -0.120606
v -0.009097 -0.011366 0.000207
v -0.009097 -0.022811 0.139668
v -0.009097 -0.023296 0.148749
v -0.009097 -0.023780 0.157490
v -0.009097 -0.023464 0.164408
v -0.009097 -0.014056 0.174898
v -0.009097 0.000821 -0.146376
v -0.009097 0.000139 -0.138252
v -0.009097 -0.010890 0.179535
v -0.009097 -0.002842 -0.120813
v -0.009097 -0.007467 -0.065158
v -0.009097 -0.025278 0.157509
v -0.009097 -0.024797 0.165177
v -0.009111 0.009415 -0.173963
v -0.009097 0.000996 -0.161473
v -0.009097 0.000032 -0.154513
v -0.009097 -0.005952 -0.064950
v -0.009097 -0.016780 0.065362
v -0.009097 -0.021399 0.121181
v -0.009097 -0.019416 0.169415
v -0.009098 0.009932 -0.172172
v -0.009097 0.006551 -0.169743
v -0.009097 0.004069 -0.166043
v -0.009097 0.002443 -0.160913
v -0.009097 0.001536 -0.154221
v 0.009385 -0.002842 -0.120813
v 0.009385 -0.007467 -0.065158
v 0.009385 -0.025278 0.157509
v 0.009385 -0.024797 0.165177
v 0.009362 0.009415 -0.173963
v 0.009385 0.000996 -0.161473
v 0.009385 0.000032 -0.154513
v 0.009385 -0.005952 -0.064950
v 0.009385 -0.016780 0.065362
v 0.009385 -0.021399 0.121181
v 0.009385 -0.019416 0.169415
v 0.009392 0.009932 -0.172172
v 0.009385 0.006551 -0.169743
v 0.009385 0.004069 -0.166043
v 0.009385 0.002443 -0.160913
v 0.009385 0.001536 -0.154221
v 0.009385 -0.010890 0.179535
v 0.009385 -0.012881 0.000000
v 0.009385 -0.018295 0.065158
v 0.009385 -0.022916 0.120993
v 0.009385 -0.024330 0.139514
v 0.009385 -0.024816 0.148617
v 0.009385 -0.020410 0.170851
v 0.009385 -0.014814 0.176204
v 0.009385 0.005604 -0.171229
v 0.009385 0.002799 -0.167066
v 0.009385 -0.000693 -0.146595
v 0.009385 -0.001376 -0.138460
v 0.009385 -0.001327 -0.120606
v 0.009385 -0.011366 0.000207
v 0.009385 -0.022811 0.139668
v 0.009385 -0.023296 0.148749
v 0.009385 -0.023780 0.157490
v 0.009385 -0.023464 0.164408
v 0.009385 -0.014056 0.174898
v 0.009385 0.000821 -0.146376
v 0.009385 0.000139 -0.138252
v 0.009428 0.014058 -0.173594
v -0.009100 0.014058 -0.173594
v 0.009116 0.033475 -0.120813
v 0.009116 0.071366 0.121007
v 0.009116 0.077215 0.158189
v 0.008447 0.074675 0.171807
v 0.009139 0.018701 -0.173963
v 0.009116 0.025316 -0.167066
v 0.009116 0.027123 -0.161473
v 0.009116 0.028203 -0.154513
v 0.009116 0.030710 -0.138460
v 0.009116 0.042196 -0.065158
v 0.009116 0.052405 0.000000
v 0.009116 0.062615 0.065158
v 0.009116 0.074283 0.139623
v 0.009116 0.075741 0.148932
v 0.009116 0.077699 0.166660
v 0.009116 0.022511 -0.171229
v 0.009116 0.029429 -0.146595
v -0.009257 0.042196 -0.065158
v -0.009257 0.052405 0.000000
v -0.009257 0.062615 0.065158
v -0.009257 0.074283 0.139623
v -0.009257 0.075741 0.148932
v -0.009257 0.077699 0.166660
v -0.009257 0.022511 -0.171229
v -0.009257 0.029429 -0.146595
v -0.009257 0.033475 -0.120813
v -0.009257 0.071366 0.121007
v -0.009257 0.077215 0.158189
v -0.008545 0.074675 0.171807
v -0.009244 0.018701 -0.173963
v -0.009257 0.025316 -0.167066
v -0.009257 0.027123 -0.161473
v -0.009257 0.028203 -0.154513
v -0.009257 0.030710 -0.138460
v -0.009177 0.014058 -0.175507
v 0.009251 0.014058 -0.175507
v 0.011297 0.014058 -0.175467
v 0.012008 -0.012462 0.178107
v 0.012025 -0.001561 -0.133165
v 0.012025 -0.004606 -0.096514
v 0.012025 -0.009921 -0.032544
v 0.012025 -0.015336 0.032613
v 0.012025 -0.020650 0.096604
v 0.000000 -0.004859 -0.096549
v 0.005306 -0.002842 -0.120813
v 0.005306 -0.007467 -0.065158
v 0.012025 -0.023680 0.133787
v 0.012025 -0.024332 0.144098
v 0.012025 -0.024792 0.153153
v 0.012025 -0.025156 0.161529
v 0.012025 -0.022795 0.167980
v 0.012025 -0.017497 0.173247
v 0.000000 -0.025397 0.161587
v 0.005306 -0.025278 0.157509
v 0.005306 -0.024797 0.165177
v 0.012007 0.011718 -0.174513
v 0.012024 0.007508 -0.172497
v 0.012025 0.004263 -0.169115
v 0.012025 0.002003 -0.164319
v 0.012025 0.000694 -0.158083
v 0.012025 -0.000088 -0.150584
v 0.012025 -0.000785 -0.142496
v 0.000000 0.011674 -0.174824
v 0.000000 0.000446 -0.158149
v 0.005291 0.009415 -0.173963
v 0.005306 0.000996 -0.161473
v 0.005306 0.000032 -0.154513
v 0.011425 0.014058 -0.173634
v 0.012025 -0.000551 -0.133027
v 0.012025 -0.003596 -0.096376
v 0.012025 -0.008912 -0.032406
v 0.012025 -0.014326 0.032751
v 0.012025 -0.019640 0.096737
v 0.000000 -0.019387 0.096770
v 0.005306 -0.005952 -0.064950
v 0.005306 -0.016780 0.065362
v 0.005306 -0.021399 0.121181
v 0.012025 -0.022668 0.133901
v 0.012025 -0.023318 0.144190
v 0.012025 -0.023780 0.153229
v 0.012025 -0.024192 0.161299
v 0.012025 -0.022024 0.167206
v 0.012025 -0.016895 0.172236
v 0.005306 -0.019416 0.169415
v 0.012030 0.011895 -0.173269
v 0.012025 0.008005 -0.171388
v 0.012025 0.005013 -0.168271
v 0.012025 0.002921 -0.163800
v 0.012025 0.001684 -0.157818
v 0.012025 0.000920 -0.150425
v 0.012025 0.000225 -0.142355
v 0.000000 0.011939 -0.172958
v 0.000000 0.008129 -0.171111
v 0.000000 0.005201 -0.168060
v 0.000000 0.003150 -0.163670
v 0.000000 0.001932 -0.157752
v 0.005311 0.009932 -0.172172
v 0.005306 0.006551 -0.169743
v 0.005306 0.004069 -0.166043
v 0.005306 0.002443 -0.160913
v 0.005306 0.001536 -0.154221
v 0.012172 0.014058 -0.174551
v 0.000000 0.014058 -0.174551
v 0.012175 -0.002085 -0.120709
v 0.012175 -0.006709 -0.065054
v 0.012175 -0.012124 0.000104
v 0.012175 -0.017538 0.065260
v 0.012175 -0.022158 0.121087
v 0.000000 -0.006709 -0.065054
v 0.012175 -0.023570 0.139591
v 0.012175 -0.024056 0.148683
v 0.012175 -0.024529 0.157499
v 0.012175 -0.024131 0.164793
v 0.012175 -0.019913 0.170133
v 0.012175 -0.014652 0.175294
v 0.012175 0.009673 -0.173068
v 0.012175 0.006078 -0.170486
v 0.012175 0.003434 -0.166554
v 0.012175 0.001720 -0.161193
v 0.012175 0.000784 -0.154367
v 0.012175 0.000064 -0.146485
v 0.012175 -0.000619 -0.138356
v 0.000000 0.009673 -0.173068
v 0.000000 0.001720 -0.161193
v 0.000000 0.000784 -0.154367
v -0.011929 -0.012462 0.178107
v -0.011953 -0.001561 -0.133165
v -0.011953 -0.004606 -0.096514
v -0.011953 -0.009921 -0.032544
v -0.011953 -0.015336 0.032613
v -0.011953 -0.020650 0.096604
v 0.000000 -0.015588 0.032579
v 0.000000 -0.020903 0.096571
v -0.005108 -0.012881 0.000000
v -0.005108 -0.018295 0.065158
v -0.005108 -0.022916 0.120993
v -0.011953 -0.023680 0.133787
v -0.011953 -0.024332 0.144098
v -0.011953 -0.024792 0.153153
v -0.011953 -0.025156 0.161529
v -0.011953 -0.022795 0.167980
v -0.011953 -0.017497 0.173247
v 0.000000 -0.023937 0.133762
v 0.000000 -0.024589 0.144077
v 0.000000 -0.017635 0.173514
v -0.005108 -0.024332 0.139516
v -0.005108 -0.024815 0.148617
v -0.005108 -0.020410 0.170851
v -0.005108 -0.014814 0.176204
v -0.011963 0.011718 -0.174513
v -0.011953 0.007508 -0.172497
v -0.011953 0.004263 -0.169115
v -0.011953 0.002003 -0.164319
v -0.011953 0.000694 -0.158083
v -0.011953 -0.000088 -0.150584
v -0.011953 -0.000785 -0.142496
v 0.000000 0.004076 -0.169326
v 0.000000 -0.001038 -0.142532
v -0.005108 0.005604 -0.171229
v -0.005108 0.002799 -0.167066
v -0.005108 -0.000694 -0.146596
v -0.005108 -0.001376 -0.138460
v -0.011953 -0.000551 -0.133027
v -0.011953 -0.003596 -0.096376
v -0.011953 -0.008912 -0.032406
v -0.011953 -0.014326 0.032751
v -0.011953 -0.019640 0.096737
v 0.000000 -0.000298 -0.132993
v -0.005108 -0.001327 -0.120606
v -0.005108 -0.011366 0.000207
v -0.011953 -0.022668 0.133901
v -0.011953 -0.023318 0.144190
v -0.011953 -0.023780 0.153229
v -0.011953 -0.024192 0.161299
v -0.011953 -0.022024 0.167206
v -0.011953 -0.016895 0.172236
v 0.000000 -0.023069 0.144215
v 0.000000 -0.023527 0.153247
v 0.000000 -0.023951 0.161242
v -0.005108 -0.022814 0.139669
v -0.005108 -0.023295 0.148748
v -0.005108 -0.023780 0.157490
v -0.005108 -0.023464 0.164408
v -0.005108 -0.014056 0.174898
v -0.011953 0.011895 -0.173269
v -0.011953 0.008005 -0.171388
v -0.011953 0.005013 -0.168271
v -0.011953 0.002921 -0.163800
v -0.011953 0.001684 -0.157818
v -0.011953 0.000920 -0.150425
v -0.011953 0.000225 -0.142355
v 0.000000 0.000477 -0.142322
v -0.005108 0.000820 -0.146377
v -0.005108 0.000139 -0.138252
v -0.012160 0.014058 -0.174551
v -0.012157 -0.002085 -0.120709
v -0.012157 -0.006709 -0.065054
v -0.012157 -0.012124 0.000104
v -0.012157 -0.017538 0.065260
v -0.012157 -0.022158 0.121087
v 0.000000 -0.012124 0.000104
v -0.012157 -0.023570 0.139591
v -0.012157 -0.024056 0.148683
v -0.012157 -0.024529 0.157499
v -0.012157 -0.024131 0.164793
v -0.012157 -0.019913 0.170133
v -0.012157 -0.014652 0.175294
v 0.000000 -0.023604 0.139614
v 0.000000 -0.024054 0.148679
v 0.000000 -0.014627 0.175322
v -0.012158 0.009673 -0.173068
v -0.012157 0.006078 -0.170486
v -0.012157 0.003434 -0.166554
v -0.012157 0.001720 -0.161193
v -0.012157 0.000784 -0.154367
v -0.012157 0.000064 -0.146485
v -0.012157 -0.000619 -0.138356
v 0.000000 0.000058 -0.146498
v 0.000000 -0.000619 -0.138356
v 0.011958 0.031285 -0.133136
v 0.011958 0.037028 -0.096484
v 0.011958 0.047052 -0.032515
v 0.011958 0.057261 0.032643
v 0.011958 0.067288 0.096637
v 0.000000 0.031534 -0.133200
v 0.005121 0.033475 -0.120813
v 0.005121 0.071366 0.121007
v 0.011958 0.073122 0.133870
v 0.011958 0.074763 0.144342
v 0.011958 0.076224 0.153642
v 0.011958 0.077602 0.162643
v 0.011891 0.076014 0.169742
v 0.010764 0.070784 0.175077
v 0.005121 0.077215 0.158189
v 0.005338 0.074034 0.172454
v 0.011958 0.020607 -0.172497
v 0.011958 0.023852 -0.169115
v 0.011958 0.026113 -0.164318
v 0.011958 0.027447 -0.158075
v 0.011958 0.028540 -0.150562
v 0.011958 0.029823 -0.142466
v 0.000000 0.026342 -0.164448
v 0.000000 0.027694 -0.158149
v 0.005137 0.018701 -0.173963
v 0.005121 0.025316 -0.167066
v 0.005121 0.027123 -0.161473
v 0.005121 0.028203 -0.154513
v 0.005121 0.030710 -0.138460
v 0.000000 0.016176 -0.172958
v 0.012031 0.065120 0.179277
v 0.012046 0.030290 -0.132879
v 0.012046 0.036032 -0.096228
v 0.012046 0.046056 -0.032258
v 0.012046 0.056265 0.032900
v 0.012046 0.066292 0.096894
v 0.000000 0.030041 -0.132814
v 0.000000 0.035783 -0.096163
v 0.000000 0.066043 0.096958
v 0.005365 0.031982 -0.120428
v 0.005365 0.040702 -0.064772
v 0.005365 0.061121 0.065543
v 0.005365 0.069872 0.121392
v 0.012046 0.072126 0.134127
v 0.012046 0.073767 0.144599
v 0.012046 0.075229 0.153891
v 0.012046 0.076629 0.162566
v 0.012046 0.075220 0.169042
v 0.012046 0.070195 0.174056
v 0.000000 0.071877 0.134191
v 0.000000 0.073518 0.144663
v 0.000000 0.074981 0.153953
v 0.000000 0.070035 0.173815
v 0.005365 0.072789 0.140009
v 0.005365 0.074248 0.149320
v 0.005365 0.075730 0.158423
v 0.005365 0.072765 0.171300
v 0.005365 0.067179 0.176614
v 0.011975 0.016397 -0.174513
v 0.012046 0.020110 -0.171388
v 0.012046 0.023102 -0.168271
v 0.012046 0.025195 -0.163797
v 0.012046 0.026461 -0.157776
v 0.012046 0.027543 -0.150313
v 0.012046 0.028827 -0.142208
v 0.000000 0.019986 -0.171111
v 0.005360 0.018183 -0.172172
v 0.005365 0.021564 -0.169743
v 0.005365 0.025679 -0.160894
v 0.005365 0.029217 -0.138074
v 0.012170 0.032728 -0.120620
v 0.012170 0.041449 -0.064965
v 0.012170 0.051658 0.000193
v 0.012170 0.061868 0.065350
v 0.012170 0.070619 0.121200
v 0.000000 0.032728 -0.120620
v 0.000000 0.070619 0.121200
v 0.012170 0.073536 0.139816
v 0.012170 0.074994 0.149126
v 0.012170 0.076473 0.158306
v 0.012170 0.077014 0.166367
v 0.012103 0.073267 0.172000
v 0.012110 0.067775 0.177034
v 0.000000 0.076473 0.158306
v 0.000000 0.073372 0.171963
v 0.012170 0.018442 -0.173068
v 0.012170 0.022037 -0.170486
v 0.012170 0.024681 -0.166554
v 0.012170 0.026401 -0.161184
v 0.012170 0.027457 -0.154321
v 0.012170 0.028682 -0.146403
v 0.012170 0.029963 -0.138267
v 0.000000 0.018442 -0.173068
v 0.000000 0.026401 -0.161184
v 0.000000 0.029963 -0.138267
v -0.011993 0.031285 -0.133136
v -0.011993 0.037028 -0.096484
v -0.011993 0.047052 -0.032515
v -0.011993 0.057261 0.032643
v -0.011993 0.067288 0.096637
v 0.000000 0.047300 -0.032579
v 0.000000 0.057510 0.032579
v -0.005218 0.042196 -0.065158
v -0.005218 0.052405 0.000000
v -0.005218 0.062615 0.065158
v -0.011993 0.073122 0.133870
v -0.011993 0.074763 0.144342
v -0.011993 0.076224 0.153642
v -0.011993 0.077602 0.162643
v -0.011924 0.076014 0.169742
v -0.010745 0.070784 0.175077
v 0.000000 0.075012 0.144278
v -0.005218 0.074283 0.139623
v -0.005218 0.075741 0.148932
v -0.005218 0.077699 0.166660
v -0.005320 0.067615 0.178197
v -0.011992 0.020607 -0.172497
v -0.011993 0.023852 -0.169115
v -0.011993 0.026113 -0.164318
v -0.011993 0.027447 -0.158075
v -0.011993 0.028540 -0.150562
v -0.011993 0.029823 -0.142466
v -0.011954 0.016220 -0.173269
v -0.005218 0.022511 -0.171229
v -0.005218 0.029429 -0.146595
v -0.011931 0.065120 0.179277
v 0.000000 -0.011766 0.177889
v -0.011954 0.030290 -0.132879
v -0.011954 0.036032 -0.096228
v -0.011954 0.046056 -0.032258
v -0.011954 0.056265 0.032900
v -0.011954 0.066292 0.096894
v -0.005113 0.050912 0.000385
v -0.011954 0.072126 0.134127
v -0.011954 0.073767 0.144599
v -0.011954 0.075229 0.153891
v -0.011954 0.076629 0.162566
v -0.011954 0.075220 0.169042
v -0.011954 0.070195 0.174056
v -0.005113 0.076328 0.166073
v -0.011954 0.020110 -0.171388
v -0.011954 0.023102 -0.168271
v -0.011954 0.025195 -0.163797
v -0.011954 0.026461 -0.157776
v -0.011954 0.027543 -0.150313
v -0.011954 0.028827 -0.142208
v 0.000000 0.027294 -0.150251
v -0.005113 0.024046 -0.166042
v -0.005113 0.026710 -0.154129
v -0.005113 0.027935 -0.146212
v -0.011189 0.014058 -0.173634
v -0.012163 0.032728 -0.120620
v -0.012163 0.041449 -0.064965
v -0.012163 0.051658 0.000193
v -0.012163 0.061868 0.065350
v -0.012163 0.070619 0.121200
v 0.000000 0.051658 0.000193
v -0.012163 0.073536 0.139816
v -0.012163 0.074994 0.149126
v -0.012163 0.076473 0.158306
v -0.012163 0.077014 0.166367
v -0.012093 0.073267 0.172000
v -0.012090 0.067775 0.177034
v 0.000000 0.077014 0.166367
v -0.012162 0.018442 -0.173068
v -0.012163 0.022037 -0.170486
v -0.012163 0.024681 -0.166554
v -0.012163 0.026401 -0.161184
v -0.012163 0.027457 -0.154321
v -0.012163 0.028682 -0.146403
v -0.012163 0.029963 -0.138267
v 0.000000 0.028682 -0.146403
v 0.012041 0.016220 -0.173269
v 0.005306 -0.010890 0.179535
v 0.000000 -0.012201 0.178641
v 0.000000 -0.001813 -0.133200
v 0.000000 -0.010174 -0.032579
v 0.005306 -0.012881 0.000000
v 0.005306 -0.018295 0.065158
v 0.005306 -0.022916 0.120993
v 0.000000 -0.025044 0.153134
v 0.000000 -0.022988 0.168173
v 0.005306 -0.024332 0.139516
v 0.005306 -0.024815 0.148617
v 0.005306 -0.020410 0.170851
v 0.005306 -0.014814 0.176204
v 0.000000 0.007384 -0.172775
v 0.000000 0.001774 -0.164448
v 0.000000 -0.000341 -0.150625
v 0.005306 0.005604 -0.171229
v 0.005306 0.002799 -0.167066
v 0.005306 -0.000694 -0.146596
v 0.005306 -0.001376 -0.138460
v 0.012008 -0.012181 0.177622
v 0.000000 -0.003344 -0.096341
v 0.000000 -0.008659 -0.032372
v 0.000000 -0.014073 0.032786
v 0.005306 -0.001327 -0.120606
v 0.005306 -0.011366 0.000207
v 0.000000 -0.022420 0.133932
v 0.000000 -0.021832 0.167013
v 0.000000 -0.016732 0.171997
v 0.005306 -0.022814 0.139669
v 0.005306 -0.023295 0.148748
v 0.005306 -0.023780 0.157490
v 0.005306 -0.023464 0.164408
v 0.005306 -0.014056 0.174898
v 0.000000 0.001171 -0.150387
v 0.005306 0.000820 -0.146377
v 0.005306 0.000139 -0.138252
v 0.000000 -0.002085 -0.120709
v 0.000000 -0.017538 0.065260
v 0.000000 -0.022158 0.121087
v 0.000000 -0.024529 0.157499
v 0.000000 -0.024131 0.164793
v 0.000000 -0.019913 0.170133
v 0.000000 0.006078 -0.170486
v 0.000000 0.003434 -0.166554
v -0.005108 -0.010890 0.179535
v -0.005108 -0.002842 -0.120813
v -0.005108 -0.007467 -0.065158
v -0.005108 -0.025278 0.157509
v -0.005108 -0.024797 0.165177
v -0.005117 0.009415 -0.173963
v -0.005108 0.000996 -0.161473
v -0.005108 0.000032 -0.154513
v -0.011929 -0.012181 0.177622
v -0.005108 -0.005952 -0.064950
v -0.005108 -0.016780 0.065362
v -0.005108 -0.021399 0.121181
v -0.005108 -0.019416 0.169415
v -0.005109 0.009932 -0.172172
v -0.005108 0.006551 -0.169743
v -0.005108 0.004069 -0.166043
v -0.005108 0.002443 -0.160913
v -0.005108 0.001536 -0.154221
v 0.011960 0.065382 0.179779
v 0.011444 0.063805 0.181036
v 0.000000 0.065023 0.180362
v 0.000000 0.037277 -0.096549
v 0.000000 0.067537 0.096573
v 0.005121 0.042196 -0.065158
v 0.005121 0.052405 0.000000
v 0.005121 0.062615 0.065158
v 0.000000 0.073371 0.133806
v 0.000000 0.076472 0.153579
v 0.000000 0.077846 0.162662
v 0.000000 0.076276 0.169863
v 0.000000 0.069358 0.176708
v 0.005121 0.074283 0.139623
v 0.005121 0.075741 0.148932
v 0.005121 0.077699 0.166660
v 0.005506 0.067615 0.178197
v 0.000000 0.020731 -0.172775
v 0.000000 0.024039 -0.169326
v 0.000000 0.028789 -0.150624
v 0.000000 0.030071 -0.142531
v 0.005121 0.022511 -0.171229
v 0.005121 0.029429 -0.146595
v 0.000000 0.064680 0.179530
v 0.000000 0.045807 -0.032194
v 0.000000 0.056016 0.032964
v 0.005365 0.050912 0.000385
v 0.000000 0.076385 0.162546
v 0.000000 0.075021 0.168867
v 0.005365 0.076328 0.166073
v 0.000000 0.022915 -0.168060
v 0.000000 0.024966 -0.163666
v 0.000000 0.026214 -0.157701
v 0.000000 0.028578 -0.142144
v 0.005365 0.024046 -0.166042
v 0.005365 0.026710 -0.154129
v 0.005365 0.027935 -0.146212
v 0.000000 0.041449 -0.064965
v 0.000000 0.061868 0.065350
v 0.000000 0.073536 0.139816
v 0.000000 0.074994 0.149126
v 0.000000 0.067683 0.177169
v 0.000000 0.022037 -0.170486
v 0.000000 0.024681 -0.166554
v 0.000000 0.027457 -0.154321
v -0.011864 0.065382 0.179779
v -0.011174 0.063805 0.181036
v -0.005218 0.033475 -0.120813
v -0.005218 0.071366 0.121007
v -0.005218 0.077215 0.158189
v -0.005392 0.074033 0.172454
v -0.005209 0.018701 -0.173963
v -0.005218 0.025316 -0.167066
v -0.005218 0.027123 -0.161473
v -0.005218 0.028203 -0.154513
v -0.005218 0.030710 -0.138460
v -0.005113 0.031982 -0.120428
v -0.005113 0.040702 -0.064772
v -0.005113 0.061121 0.065543
v -0.005113 0.069872 0.121392
v -0.005113 0.072789 0.140009
v -0.005113 0.074248 0.149320
v -0.005113 0.075730 0.158423
v -0.005113 0.072765 0.171300
v -0.005113 0.067179 0.176614
v -0.005112 0.018183 -0.172172
v -0.005113 0.021564 -0.169743
v -0.005113 0.025679 -0.160894
v -0.005113 0.029217 -0.138074
v 0.000000 0.072505 0.173991
v 0.000000 0.016441 -0.174824
v -0.011244 0.014058 -0.175467
v -0.011982 0.016397 -0.174513
v -0.009846 0.067698 0.178083
v -0.011191 0.050943 0.000377
v -0.011191 0.076356 0.166086
v -0.011191 0.024073 -0.166063
v -0.011191 0.026741 -0.154137
v -0.011191 0.027966 -0.146220
v -0.005113 0.063693 0.181155
v -0.011191 0.032013 -0.120436
v -0.011191 0.040733 -0.064780
v -0.011191 0.061152 0.065535
v -0.011191 0.069903 0.121384
v -0.011191 0.072820 0.140001
v -0.011191 0.074279 0.149312
v -0.011191 0.075761 0.158418
v -0.011191 0.072786 0.171329
v -0.011191 0.067207 0.176628
v -0.011191 0.018194 -0.172209
v -0.011191 0.021583 -0.169774
v -0.011191 0.025709 -0.160907
v -0.011191 0.029248 -0.138082
v -0.009104 0.028578 -0.142144
v -0.009104 0.027294 -0.150251
v -0.009104 0.026214 -0.157701
v -0.009104 0.024966 -0.163666
v -0.009104 0.022915 -0.168060
v -0.009104 0.019986 -0.171111
v -0.009104 0.070035 0.173815
v -0.009104 0.075021 0.168867
v -0.009104 0.076385 0.162546
v -0.009104 0.074981 0.153953
v -0.009104 0.073518 0.144663
v -0.009104 0.071877 0.134191
v -0.009104 0.066043 0.096958
v -0.009104 0.056016 0.032964
v -0.009104 0.045807 -0.032194
v -0.009104 0.035783 -0.096163
v -0.009104 0.030041 -0.132814
v -0.009104 0.064680 0.179530
v -0.008987 0.064973 0.180404
v 0.011456 0.032013 -0.120436
v 0.011456 0.040733 -0.064780
v 0.011456 0.061152 0.065535
v 0.011456 0.069903 0.121384
v 0.011456 0.072820 0.140001
v 0.011456 0.074279 0.149312
v 0.011456 0.075761 0.158418
v 0.011456 0.072786 0.171329
v 0.011456 0.067207 0.176628
v 0.011451 0.018194 -0.172209
v 0.011456 0.021583 -0.169774
v 0.011456 0.025709 -0.160907
v 0.011456 0.029248 -0.138082
v 0.005365 0.063693 0.181155
v 0.010040 0.067698 0.178083
v 0.011456 0.050943 0.000377
v 0.011456 0.076356 0.166086
v 0.011456 0.024073 -0.166063
v 0.011456 0.026741 -0.154137
v 0.011456 0.027966 -0.146220
v 0.009471 0.028578 -0.142144
v 0.009471 0.027294 -0.150251
v 0.009471 0.026214 -0.157701
v 0.009471 0.024966 -0.163666
v 0.009471 0.022915 -0.168060
v 0.009470 0.019986 -0.171111
v 0.009471 0.070035 0.173815
v 0.009471 0.075021 0.168867
v 0.009471 0.076385 0.162546
v 0.009471 0.074981 0.153953
v 0.009471 0.073518 0.144663
v 0.009471 0.071877 0.134191
v 0.009471 0.066043 0.096958
v 0.009471 0.056016 0.032964
v 0.009471 0.045807 -0.032194
v 0.009471 0.035783 -0.096163
v 0.009471 0.030041 -0.132814
v 0.009471 0.064680 0.179530
v 0.009340 0.064973 0.180404
v -0.011187 -0.012849 0.000004
v -0.011187 -0.018264 0.065162
v -0.011187 -0.022884 0.120997
v -0.011187 -0.024298 0.139517
v -0.011187 -0.024784 0.148620
v -0.011187 -0.020389 0.170821
v -0.011187 -0.014810 0.176163
v -0.011187 0.005624 -0.171198
v -0.011187 0.002826 -0.167044
v -0.011187 -0.000662 -0.146590
v -0.011187 -0.001345 -0.138456
v -0.011187 -0.001359 -0.120610
v -0.011187 -0.011398 0.000203
v -0.011187 -0.022842 0.139664
v -0.011187 -0.023327 0.148746
v -0.011187 -0.023811 0.157490
v -0.011187 -0.023492 0.164424
v -0.011187 -0.014083 0.174910
v -0.011187 0.000789 -0.146380
v -0.011187 0.000107 -0.138256
v -0.011169 -0.010993 0.179412
v -0.011187 -0.002811 -0.120809
v -0.011187 -0.007435 -0.065153
v -0.011187 -0.025247 0.157508
v -0.011187 -0.024769 0.165161
v -0.011196 0.009425 -0.173926
v -0.011187 0.001026 -0.161462
v -0.011187 0.000063 -0.154507
v -0.011187 -0.005984 -0.064955
v -0.011187 -0.016812 0.065358
v -0.011187 -0.021431 0.121177
v -0.011187 -0.019437 0.169445
v -0.011187 0.009921 -0.172209
v -0.011187 0.006532 -0.169774
v -0.011187 0.004043 -0.166064
v -0.011187 0.002413 -0.160924
v -0.011187 0.001504 -0.154227
v -0.009097 0.000478 -0.142320
v -0.009097 0.001172 -0.150385
v -0.009097 0.001932 -0.157752
v -0.009097 0.003150 -0.163670
v -0.009097 0.005201 -0.168060
v -0.009097 0.008129 -0.171111
v -0.009097 -0.016732 0.171997
v -0.009097 -0.021832 0.167013
v -0.009097 -0.023951 0.161242
v -0.009097 -0.023527 0.153248
v -0.009097 -0.023065 0.144214
v -0.009097 -0.022415 0.133930
v -0.009097 -0.019387 0.096770
v -0.009097 -0.014073 0.032786
v -0.009097 -0.008659 -0.032372
v -0.009097 -0.003344 -0.096341
v -0.009097 -0.000298 -0.132992
v -0.009097 -0.011766 0.177889
v -0.009097 -0.001037 -0.142531
v -0.009097 -0.000340 -0.150624
v -0.009097 0.000446 -0.158149
v -0.009097 0.001774 -0.164448
v -0.009097 0.004076 -0.169326
v -0.009099 0.007384 -0.172775
v -0.009097 -0.017635 0.173514
v -0.009097 -0.022988 0.168173
v -0.009097 -0.025397 0.161587
v -0.009097 -0.025045 0.153134
v -0.009097 -0.024585 0.144074
v -0.009097 -0.023933 0.133758
v -0.009097 -0.020903 0.096571
v -0.009097 -0.015588 0.032579
v -0.009097 -0.010174 -0.032579
v -0.009097 -0.004859 -0.096549
v -0.009097 -0.001813 -0.133200
v -0.009097 -0.012201 0.178641
v 0.011394 -0.002811 -0.120809
v 0.011394 -0.007435 -0.065153
v 0.011394 -0.025247 0.157508
v 0.011394 -0.024769 0.165161
v 0.011378 0.009425 -0.173926
v 0.011394 0.001026 -0.161462
v 0.011394 0.000063 -0.154507
v 0.011394 -0.005984 -0.064955
v 0.011394 -0.016812 0.065358
v 0.011394 -0.021431 0.121177
v 0.011394 -0.019437 0.169445
v 0.011399 0.009921 -0.172209
v 0.011394 0.006532 -0.169774
v 0.011394 0.004043 -0.166064
v 0.011394 0.002413 -0.160924
v 0.011394 0.001504 -0.154227
v 0.011381 -0.010993 0.179412
v 0.011394 -0.012849 0.000004
v 0.011394 -0.018264 0.065162
v 0.011394 -0.022884 0.120997
v 0.011394 -0.024298 0.139517
v 0.011394 -0.024784 0.148620
v 0.011394 -0.020389 0.170821
v 0.011394 -0.014810 0.176163
v 0.011394 0.005624 -0.171198
v 0.011394 0.002826 -0.167044
v 0.011394 -0.000662 -0.146590
v 0.011394 -0.001345 -0.138456
v 0.011394 -0.001359 -0.120610
v 0.011394 -0.011398 0.000203
v 0.011394 -0.022842 0.139664
v 0.011394 -0.023327 0.148746
v 0.011394 -0.023811 0.157490
v 0.011394 -0.023492 0.164424
v 0.011394 -0.014083 0.174910
v 0.011394 0.000789 -0.146380
v 0.011394 0.000107 -0.138256
v 0.009385 0.000478 -0.142320
v 0.009385 0.001172 -0.150385
v 0.009385 0.001932 -0.157752
v 0.009385 0.003150 -0.163670
v 0.009385 0.005201 -0.168060
v 0.009386 0.008129 -0.171111
v 0.009385 -0.016732 0.171997
v 0.009385 -0.021832 0.167013
v 0.009385 -0.023951 0.161242
v 0.009385 -0.023527 0.153248
v 0.009385 -0.023065 0.144213
v 0.009385 -0.022415 0.133930
v 0.009385 -0.019387 0.096770
v 0.009385 -0.014073 0.032786
v 0.009385 -0.008659 -0.032372
v 0.009385 -0.003344 -0.096341
v 0.009385 -0.000298 -0.132992
v 0.009385 -0.011766 0.177889
v 0.009385 -0.001037 -0.142531
v 0.009385 -0.000340 -0.150624
v 0.009385 0.000446 -0.158149
v 0.009385 0.001774 -0.164448
v 0.009385 0.004076 -0.169326
v 0.009382 0.007384 -0.172775
v 0.009385 -0.017635 0.173514
v 0.009385 -0.022988 0.168173
v 0.009385 -0.025397 0.161587
v 0.009385 -0.025045 0.153134
v 0.009385 -0.024585 0.144074
v 0.009385 -0.023933 0.133758
v 0.009385 -0.020903 0.096571
v 0.009385 -0.015588 0.032579
v 0.009385 -0.010174 -0.032579
v 0.009385 -0.004859 -0.096549
v 0.009385 -0.001813 -0.133200
v 0.009385 -0.012201 0.178641
v 0.005336 0.014058 -0.173594
v 0.009449 0.016176 -0.172958
v 0.009407 0.011939 -0.172958
v -0.005110 0.014058 -0.173594
v -0.009099 0.011939 -0.172958
v -0.009102 0.016176 -0.172958
v 0.011201 0.033444 -0.120805
v 0.011201 0.071334 0.121015
v 0.011201 0.077184 0.158194
v 0.009864 0.073928 0.172497
v 0.011217 0.018690 -0.173926
v 0.011201 0.025290 -0.167044
v 0.011201 0.027093 -0.161461
v 0.011201 0.028172 -0.154505
v 0.011201 0.030679 -0.138452
v 0.011201 0.042165 -0.065150
v 0.011201 0.052374 0.000008
v 0.011201 0.062583 0.065166
v 0.011201 0.074251 0.139631
v 0.011201 0.075710 0.148940
v 0.011201 0.077671 0.166648
v 0.011201 0.022491 -0.171198
v 0.011201 0.029398 -0.146587
v 0.009116 0.030071 -0.142531
v 0.009116 0.028789 -0.150624
v 0.009116 0.027694 -0.158149
v 0.009116 0.026342 -0.164448
v 0.009116 0.024039 -0.169326
v 0.009119 0.020731 -0.172775
v 0.009001 0.076311 0.169818
v 0.009116 0.077846 0.162662
v 0.009116 0.076472 0.153579
v 0.009116 0.075012 0.144278
v 0.009116 0.073371 0.133806
v 0.009116 0.067537 0.096573
v 0.009116 0.057510 0.032579
v 0.009116 0.047300 -0.032579
v 0.009116 0.037277 -0.096549
v 0.009116 0.031534 -0.133200
v -0.011302 0.042165 -0.065150
v -0.011302 0.052374 0.000008
v -0.011302 0.062583 0.065166
v -0.011302 0.074251 0.139631
v -0.011302 0.075710 0.148940
v -0.011302 0.077671 0.166648
v -0.011302 0.022491 -0.171198
v -0.011302 0.029398 -0.146587
v -0.011302 0.033444 -0.120805
v -0.011302 0.071334 0.121015
v -0.011302 0.077184 0.158194
v -0.009921 0.073928 0.172497
v -0.011292 0.018690 -0.173926
v -0.011302 0.025290 -0.167044
v -0.011302 0.027093 -0.161461
v -0.011302 0.028172 -0.154505
v -0.011302 0.030679 -0.138452
v -0.009257 0.030071 -0.142531
v -0.009257 0.028789 -0.150624
v -0.009257 0.027694 -0.158149
v -0.009257 0.026342 -0.164448
v -0.009257 0.024039 -0.169326
v -0.009255 0.020731 -0.172775
v -0.009134 0.076311 0.169818
v -0.009257 0.077846 0.162662
v -0.009257 0.076472 0.153579
v -0.009257 0.075012 0.144278
v -0.009257 0.073371 0.133806
v -0.009257 0.067537 0.096573
v -0.009257 0.057510 0.032579
v -0.009257 0.047300 -0.032579
v -0.009257 0.037277 -0.096549
v -0.009257 0.031534 -0.133200
v -0.005163 0.014058 -0.175507
v -0.009215 0.016441 -0.174824
v -0.009139 0.011674 -0.174824
v 0.005214 0.014058 -0.175507
v 0.009186 0.016441 -0.174824
v 0.009315 0.011674 -0.174824
v 0.011390 -0.012241 0.178568
v 0.011394 -0.001782 -0.133195
v 0.011394 -0.004827 -0.096544
v 0.011394 -0.010142 -0.032574
v 0.011394 -0.015557 0.032583
v 0.011394 -0.020871 0.096575
v 0.011394 -0.023901 0.133762
v 0.011394 -0.024553 0.144077
v 0.011394 -0.025013 0.153137
v 0.011394 -0.025367 0.161580
v 0.011394 -0.022964 0.168149
v 0.011394 -0.017618 0.173481
v 0.005258 0.011674 -0.174824
v 0.011392 0.007400 -0.172740
v 0.011394 0.004099 -0.169299
v 0.011394 0.001802 -0.164432
v 0.011394 0.000477 -0.158141
v 0.011394 -0.000308 -0.150619
v 0.011394 -0.001005 -0.142527
v 0.011390 -0.011824 0.177847
v 0.011394 -0.000330 -0.132997
v 0.011394 -0.003375 -0.096346
v 0.011394 -0.008691 -0.032376
v 0.011394 -0.014105 0.032781
v 0.011394 -0.019419 0.096766
v 0.011394 -0.022447 0.133926
v 0.011394 -0.023097 0.144211
v 0.011394 -0.023559 0.153245
v 0.011394 -0.023981 0.161249
v 0.011394 -0.021856 0.167037
v 0.011394 -0.016752 0.172027
v 0.005321 0.011939 -0.172958
v 0.011394 0.008113 -0.171145
v 0.011394 0.005177 -0.168086
v 0.011394 0.003122 -0.163686
v 0.011394 0.001901 -0.157760
v 0.011394 0.001140 -0.150390
v 0.011394 0.000446 -0.142324
v 0.007685 0.014058 -0.174551
v 0.012152 -0.012840 0.177263
v 0.000000 -0.012729 0.177395
v 0.012175 -0.001056 -0.133096
v 0.012175 -0.004101 -0.096445
v 0.012175 -0.009417 -0.032475
v 0.012175 -0.014831 0.032682
v 0.012175 -0.020145 0.096671
v 0.000000 -0.001056 -0.133096
v 0.000000 -0.004101 -0.096445
v 0.000000 -0.009417 -0.032475
v 0.000000 -0.014831 0.032682
v 0.000000 -0.020145 0.096671
v 0.012175 -0.023174 0.133844
v 0.012175 -0.023825 0.144144
v 0.012175 -0.024286 0.153191
v 0.012175 -0.024674 0.161414
v 0.012175 -0.022410 0.167593
v 0.012175 -0.017211 0.172724
v 0.000000 -0.023178 0.133847
v 0.000000 -0.024286 0.153190
v 0.000000 -0.024674 0.161414
v 0.000000 -0.022410 0.167593
v 0.000000 -0.017208 0.172727
v 0.012174 0.011806 -0.173891
v 0.012175 0.007757 -0.171943
v 0.012175 0.004638 -0.168693
v 0.012175 0.002462 -0.164059
v 0.012175 0.001189 -0.157950
v 0.012175 0.000416 -0.150505
v 0.012175 -0.000280 -0.142425
v 0.000000 0.011806 -0.173891
v 0.000000 0.007757 -0.171943
v 0.000000 0.004638 -0.168693
v 0.000000 0.002462 -0.164059
v 0.000000 0.001189 -0.157950
v 0.000000 0.000415 -0.150506
v -0.011182 -0.012241 0.178568
v -0.011187 -0.001782 -0.133195
v -0.011187 -0.004827 -0.096544
v -0.011187 -0.010142 -0.032574
v -0.011187 -0.015557 0.032583
v -0.011187 -0.020871 0.096575
v -0.011187 -0.023901 0.133762
v -0.011187 -0.024553 0.144077
v -0.011187 -0.025013 0.153137
v -0.011187 -0.025367 0.161580
v -0.011187 -0.022964 0.168149
v -0.011187 -0.017618 0.173481
v -0.005137 0.011674 -0.174824
v -0.011188 0.007400 -0.172740
v -0.011187 0.004099 -0.169299
v -0.011187 0.001802 -0.164432
v -0.011187 0.000477 -0.158141
v -0.011187 -0.000308 -0.150619
v -0.011187 -0.001005 -0.142527
v -0.011182 -0.011824 0.177847
v -0.011187 -0.000330 -0.132997
v -0.011187 -0.003375 -0.096346
v -0.011187 -0.008691 -0.032376
v -0.011187 -0.014105 0.032781
v -0.011187 -0.019419 0.096766
v -0.011187 -0.022447 0.133926
v -0.011187 -0.023097 0.144211
v -0.011187 -0.023559 0.153245
v -0.011187 -0.023981 0.161249
v -0.011187 -0.021856 0.167037
v -0.011187 -0.016752 0.172027
v -0.005109 0.011939 -0.172958
v -0.011187 0.008113 -0.171145
v -0.011187 0.005177 -0.168086
v -0.011187 0.003122 -0.163687
v -0.011187 0.001901 -0.157760
v -0.011187 0.001140 -0.150390
v -0.011187 0.000446 -0.142324
v -0.007585 0.014058 -0.174551
v -0.012125 -0.012840 0.177263
v -0.012157 -0.001056 -0.133096
v -0.012157 -0.004101 -0.096445
v -0.012157 -0.009417 -0.032475
v -0.012157 -0.014831 0.032682
v -0.012157 -0.020145 0.096671
v -0.012157 -0.023174 0.133844
v -0.012157 -0.023825 0.144144
v -0.012157 -0.024286 0.153191
v -0.012157 -0.024674 0.161414
v -0.012157 -0.022410 0.167593
v -0.012157 -0.017211 0.172724
v 0.000000 -0.023829 0.144146
v -0.012159 0.011806 -0.173891
v -0.012157 0.007757 -0.171943
v -0.012157 0.004638 -0.168693
v -0.012157 0.002462 -0.164059
v -0.012157 0.001189 -0.157950
v -0.012157 0.000416 -0.150505
v -0.012157 -0.000280 -0.142425
v 0.000000 -0.000280 -0.142427
v 0.011277 0.065102 0.180260
v 0.011201 0.031503 -0.133192
v 0.011201 0.037246 -0.096541
v 0.011201 0.047269 -0.032571
v 0.011201 0.057479 0.032587
v 0.011201 0.067506 0.096581
v 0.011201 0.073340 0.133814
v 0.011201 0.074981 0.144286
v 0.011201 0.076441 0.153587
v 0.011201 0.077815 0.162660
v 0.011036 0.076213 0.169870
v 0.006385 0.070915 0.175333
v 0.005169 0.016441 -0.174824
v 0.011203 0.020715 -0.172740
v 0.011201 0.024016 -0.169299
v 0.011201 0.026313 -0.164432
v 0.011201 0.027663 -0.158140
v 0.011201 0.028758 -0.150616
v 0.011201 0.030040 -0.142523
v 0.011453 0.064741 0.179490
v 0.011456 0.030072 -0.132822
v 0.011456 0.035815 -0.096171
v 0.011456 0.045838 -0.032202
v 0.011456 0.056047 0.032956
v 0.011456 0.066074 0.096950
v 0.011456 0.071908 0.134183
v 0.011456 0.073549 0.144655
v 0.011456 0.075012 0.153945
v 0.011456 0.076416 0.162549
v 0.011456 0.075046 0.168889
v 0.011456 0.070055 0.173845
v 0.005350 0.016176 -0.172958
v 0.011455 0.020002 -0.171145
v 0.011456 0.022938 -0.168086
v 0.011456 0.024995 -0.163683
v 0.011456 0.026245 -0.157711
v 0.011456 0.027325 -0.150259
v 0.011456 0.028609 -0.142152
v 0.012146 0.065815 0.178943
v 0.000000 0.065682 0.179091
v 0.012170 0.030788 -0.133007
v 0.012170 0.036530 -0.096356
v 0.012170 0.046554 -0.032386
v 0.012170 0.056763 0.032771
v 0.012170 0.066790 0.096765
v 0.000000 0.030788 -0.133007
v 0.000000 0.036530 -0.096356
v 0.000000 0.046554 -0.032386
v 0.000000 0.056763 0.032771
v 0.000000 0.066790 0.096765
v 0.012170 0.072624 0.133998
v 0.012170 0.074265 0.144470
v 0.012170 0.075726 0.153766
v 0.012170 0.077116 0.162604
v 0.012161 0.075617 0.169392
v 0.012020 0.070506 0.174549
v 0.000000 0.072624 0.133998
v 0.000000 0.074265 0.144470
v 0.000000 0.075726 0.153766
v 0.000000 0.077116 0.162604
v 0.000000 0.075630 0.169387
v 0.000000 0.070595 0.174720
v 0.012171 0.016309 -0.173891
v 0.012170 0.020359 -0.171943
v 0.012170 0.023477 -0.168693
v 0.012170 0.025654 -0.164057
v 0.012170 0.026954 -0.157925
v 0.012170 0.028041 -0.150438
v 0.012170 0.029325 -0.142337
v 0.000000 0.016309 -0.173891
v 0.000000 0.020359 -0.171943
v 0.000000 0.023477 -0.168693
v 0.000000 0.025654 -0.164057
v 0.000000 0.026954 -0.157925
v 0.000000 0.028041 -0.150438
v 0.000000 0.029325 -0.142337
v -0.011021 0.065102 0.180260
v -0.011302 0.031503 -0.133192
v -0.011302 0.037246 -0.096541
v -0.011302 0.047269 -0.032571
v -0.011302 0.057479 0.032587
v -0.011302 0.067506 0.096581
v -0.011302 0.073340 0.133814
v -0.011302 0.074981 0.144286
v -0.011302 0.076441 0.153587
v -0.011302 0.077815 0.162660
v -0.011131 0.076213 0.169870
v -0.006339 0.070915 0.175333
v -0.005189 0.016441 -0.174824
v -0.011301 0.020715 -0.172740
v -0.011302 0.024016 -0.169299
v -0.011302 0.026313 -0.164432
v -0.011302 0.027663 -0.158140
v -0.011302 0.028758 -0.150616
v -0.011302 0.030040 -0.142523
v -0.011187 0.064741 0.179490
v -0.011191 0.030072 -0.132822
v -0.011191 0.035815 -0.096171
v -0.011191 0.045838 -0.032202
v -0.011191 0.056047 0.032956
v -0.011191 0.066074 0.096950
v -0.011191 0.071908 0.134183
v -0.011191 0.073549 0.144655
v -0.011191 0.075012 0.153945
v -0.011191 0.076416 0.162549
v -0.011191 0.075046 0.168889
v -0.011191 0.070055 0.173845
v -0.005111 0.016176 -0.172958
v -0.011191 0.020002 -0.171145
v -0.011191 0.022938 -0.168086
v -0.011191 0.024995 -0.163683
v -0.011191 0.026245 -0.157711
v -0.011191 0.027325 -0.150259
v -0.011191 0.028609 -0.142152
v -0.012113 0.065815 0.178943
v -0.012163 0.030788 -0.133007
v -0.012163 0.036530 -0.096356
v -0.012163 0.046554 -0.032386
v -0.012163 0.056763 0.032771
v -0.012163 0.066790 0.096765
v -0.012163 0.072624 0.133998
v -0.012163 0.074265 0.144470
v -0.012163 0.075726 0.153766
v -0.012163 0.077116 0.162604
v -0.012154 0.075617 0.169392
v -0.012007 0.070506 0.174549
v -0.012161 0.016309 -0.173891
v -0.012162 0.020359 -0.171943
v -0.012163 0.023477 -0.168693
v -0.012163 0.025654 -0.164057
v -0.012163 0.026954 -0.157925
v -0.012163 0.028041 -0.150438
v -0.012163 0.029325 -0.142337
v -0.005113 0.028578 -0.142144
v -0.005113 0.027294 -0.150251
v -0.005113 0.026214 -0.157701
v -0.005113 0.024966 -0.163666
v -0.005113 0.022915 -0.168060
v -0.005113 0.019986 -0.171111
v -0.005113 0.070035 0.173815
v -0.005113 0.075021 0.168867
v -0.005113 0.076385 0.162546
v -0.005113 0.074981 0.153953
v -0.005113 0.073518 0.144663
v -0.005113 0.071877 0.134191
v -0.005113 0.066043 0.096958
v -0.005113 0.056016 0.032964
v -0.005113 0.045807 -0.032194
v -0.005113 0.035783 -0.096163
v -0.005113 0.030041 -0.132814
v -0.005113 0.064680 0.179530
v -0.005125 0.065047 0.180341
v 0.005365 0.028578 -0.142144
v 0.005365 0.027294 -0.150251
v 0.005365 0.026214 -0.157701
v 0.005365 0.024966 -0.163666
v 0.005365 0.022915 -0.168060
v 0.005365 0.019986 -0.171111
v 0.005365 0.070035 0.173815
v 0.005365 0.075021 0.168867
v 0.005365 0.076385 0.162546
v 0.005365 0.074981 0.153953
v 0.005365 0.073518 0.144663
v 0.005365 0.071877 0.134191
v 0.005365 0.066043 0.096958
v 0.005365 0.056016 0.032964
v 0.005365 0.045807 -0.032194
v 0.005365 0.035783 -0.096163
v 0.005365 0.030041 -0.132814
v 0.005365 0.064680 0.179530
v 0.005368 0.065047 0.180341
v -0.005108 0.000478 -0.142320
v -0.005108 0.001172 -0.150385
v -0.005108 0.001932 -0.157752
v -0.005108 0.003150 -0.163670
v -0.005108 0.005201 -0.168060
v -0.005108 0.008129 -0.171111
v -0.005108 -0.016732 0.171997
v -0.005108 -0.021832 0.167013
v -0.005108 -0.023951 0.161242
v -0.005108 -0.023527 0.153248
v -0.005108 -0.023066 0.144214
v -0.005108 -0.022416 0.133930
v -0.005108 -0.019387 0.096770
v -0.005108 -0.014073 0.032786
v -0.005108 -0.008659 -0.032372
v -0.005108 -0.003344 -0.096341
v -0.005108 -0.000298 -0.132992
v -0.005108 -0.011766 0.177889
v -0.005108 -0.001037 -0.142531
v -0.005108 -0.000340 -0.150624
v -0.005108 0.000446 -0.158149
v -0.005108 0.001774 -0.164448
v -0.005108 0.004076 -0.169326
v -0.005109 0.007384 -0.172775
v -0.005108 -0.017635 0.173514
v -0.005108 -0.022988 0.168173
v -0.005108 -0.025397 0.161587
v -0.005108 -0.025045 0.153134
v -0.005108 -0.024585 0.144075
v -0.005108 -0.023934 0.133759
v -0.005108 -0.020903 0.096571
v -0.005108 -0.015588 0.032579
v -0.005108 -0.010174 -0.032579
v -0.005108 -0.004859 -0.096549
v -0.005108 -0.001813 -0.133200
v -0.005108 -0.012201 0.178641
v 0.005306 0.000478 -0.142320
v 0.005306 0.001172 -0.150385
v 0.005306 0.001932 -0.157752
v 0.005306 0.003150 -0.163670
v 0.005306 0.005201 -0.168060
v 0.005307 0.008129 -0.171111
v 0.005306 -0.016732 0.171997
v 0.005306 -0.021832 0.167013
v 0.005306 -0.023951 0.161242
v 0.005306 -0.023527 0.153248
v 0.005306 -0.023066 0.144214
v 0.005306 -0.022416 0.133930
v 0.005306 -0.019387 0.096770
v 0.005306 -0.014073 0.032786
v 0.005306 -0.008659 -0.032372
v 0.005306 -0.003344 -0.096341
v 0.005306 -0.000298 -0.132992
v 0.005306 -0.011766 0.177889
v 0.005306 -0.001037 -0.142531
v 0.005306 -0.000340 -0.150624
v 0.005306 0.000446 -0.158149
v 0.005306 0.001774 -0.164448
v 0.005306 0.004076 -0.169326
v 0.005304 0.007384 -0.172775
v 0.005306 -0.017635 0.173514
v 0.005306 -0.022988 0.168173
v 0.005306 -0.025397 0.161587
v 0.005306 -0.025045 0.153134
v 0.005306 -0.024585 0.144075
v 0.005306 -0.023934 0.133759
v 0.005306 -0.020903 0.096571
v 0.005306 -0.015588 0.032579
v 0.005306 -0.010174 -0.032579
v 0.005306 -0.004859 -0.096549
v 0.005306 -0.001813 -0.133200
v 0.005306 -0.012201 0.178641
v 0.011440 0.016182 -0.172997
v 0.011410 0.011934 -0.172997
v -0.011188 0.011934 -0.172997
v -0.011190 0.016182 -0.172997
v 0.005121 0.030071 -0.142531
v 0.005121 0.028789 -0.150624
v 0.005121 0.027694 -0.158149
v 0.005121 0.026342 -0.164448
v 0.005121 0.024039 -0.169326
v 0.005123 0.020731 -0.172775
v 0.005134 0.076248 0.169883
v 0.005121 0.077846 0.162662
v 0.005121 0.076472 0.153579
v 0.005121 0.075012 0.144278
v 0.005121 0.073371 0.133806
v 0.005121 0.067537 0.096573
v 0.005121 0.057510 0.032579
v 0.005121 0.047300 -0.032579
v 0.005121 0.037277 -0.096549
v 0.005121 0.031534 -0.133200
v -0.005218 0.030071 -0.142531
v -0.005218 0.028789 -0.150624
v -0.005218 0.027694 -0.158149
v -0.005218 0.026342 -0.164448
v -0.005218 0.024039 -0.169326
v -0.005217 0.020731 -0.172775
v -0.005226 0.076248 0.169883
v -0.005218 0.077846 0.162662
v -0.005218 0.076472 0.153579
v -0.005218 0.075012 0.144278
v -0.005218 0.073371 0.133806
v -0.005218 0.067537 0.096573
v -0.005218 0.057510 0.032579
v -0.005218 0.047300 -0.032579
v -0.005218 0.037277 -0.096549
v -0.005218 0.031534 -0.133200
v -0.011272 0.016436 -0.174785
v -0.011217 0.011679 -0.174785
v 0.011251 0.016436 -0.174785
v 0.011343 0.011679 -0.174785
vt 0.883824 0.976191
vt 0.965977 0.976135
vt 0.967543 0.987978
vt 0.889399 0.988095
vt 0.991789 0.975750
vt 0.992473 0.986828
vt 1.000000 1.000000
vt 0.975368 1.000000
vt 0.950735 1.000000
vt 0.883824 0.145833
vt 0.965977 0.145833
vt 0.965978 0.159288
vt 0.883824 0.159288
vt 0.991789 0.145833
vt 0.991789 0.159288
vt 0.991789 0.190972
vt 0.965977 0.190972
vt 0.883824 0.190972
vt 0.965977 0.253038
vt 0.883824 0.253038
vt 0.991789 0.253038
vt 0.991789 0.333333
vt 0.965977 0.333333
vt 0.883824 0.333333
vt 0.965977 0.416667
vt 0.883824 0.416667
vt 0.991789 0.416667
vt 0.991789 0.500000
vt 0.965977 0.500000
vt 0.883824 0.500000
vt 0.965977 0.583333
vt 0.883823 0.583333
vt 0.991789 0.583333
vt 0.991789 0.666666
vt 0.965977 0.666666
vt 0.883823 0.666666
vt 0.965977 0.747024
vt 0.883823 0.747024
vt 0.991789 0.747024
vt 0.991789 0.809524
vt 0.965977 0.809524
vt 0.883824 0.809524
vt 0.966148 0.842262
vt 0.883824 0.842262
vt 0.992474 0.842262
vt 1.000000 0.857143
vt 0.966833 0.857143
vt 0.883824 0.857143
vt 0.967004 0.869048
vt 0.883824 0.869048
vt 1.000000 0.869048
vt 1.000000 0.880952
vt 0.966833 0.880952
vt 0.883824 0.880953
vt 0.966148 0.892857
vt 0.883824 0.892857
vt 0.992473 0.892857
vt 0.991789 0.904762
vt 0.965977 0.904762
vt 0.883823 0.904762
vt 0.965977 0.916667
vt 0.883823 0.916667
vt 0.991789 0.916667
vt 0.991789 0.928572
vt 0.965977 0.928572
vt 0.883824 0.928572
vt 0.965977 0.940476
vt 0.883824 0.940476
vt 0.991789 0.940476
vt 0.991789 0.952381
vt 0.965977 0.952381
vt 0.883824 0.952381
vt 0.965977 0.964279
vt 0.883824 0.964286
vt 0.991789 0.964231
vt 0.500000 0.000000
vt 0.713229 0.000000
vt 0.715038 0.010417
vt 0.500000 0.010417
vt 0.878333 0.000000
vt 0.880964 0.010417
vt 0.882909 0.020833
vt 0.716375 0.020833
vt 0.500000 0.020833
vt 0.966189 0.020833
vt 0.966925 0.031250
vt 0.883710 0.031250
vt 1.000000 0.020833
vt 1.000000 0.031250
vt 1.000001 0.041667
vt 0.966833 0.041667
vt 0.883824 0.041667
vt 0.966149 0.052083
vt 0.883824 0.052083
vt 0.992474 0.052083
vt 0.991789 0.062500
vt 0.965978 0.062500
vt 0.883824 0.062500
vt 0.965977 0.072917
vt 0.883824 0.072917
vt 0.991789 0.072917
vt 0.991789 0.083333
vt 0.965977 0.083333
vt 0.883824 0.083333
vt 0.965977 0.093750
vt 0.883823 0.093750
vt 0.991789 0.093750
vt 0.991789 0.104167
vt 0.965977 0.104167
vt 0.883823 0.104167
vt 0.965977 0.114583
vt 0.883823 0.114583
vt 0.991789 0.114583
vt 0.991789 0.125000
vt 0.965977 0.125000
vt 0.883824 0.125000
vt 0.965977 0.135417
vt 0.883824 0.135417
vt 0.991789 0.135417
vt 0.883824 0.976191
vt 0.889400 0.988095
vt 0.968398 0.988095
vt 0.967004 0.976191
vt 1.000000 0.988095
vt 1.000000 0.976190
vt 0.883824 0.145833
vt 0.883824 0.159288
vt 0.967004 0.158782
vt 0.967004 0.145833
vt 0.883824 0.190972
vt 0.967004 0.188947
vt 1.000000 0.166667
vt 1.000000 0.156250
vt 1.000000 0.145833
vt 0.883824 0.253038
vt 0.967004 0.252532
vt 0.883824 0.333333
vt 0.967004 0.333333
vt 1.000000 0.333333
vt 1.000000 0.250000
vt 0.883824 0.416667
vt 0.967004 0.416667
vt 0.883824 0.500000
vt 0.967004 0.500000
vt 1.000000 0.500000
vt 1.000000 0.416667
vt 0.883824 0.583333
vt 0.967004 0.583333
vt 0.883824 0.666667
vt 0.967004 0.666667
vt 1.000001 0.666667
vt 1.000000 0.583334
vt 0.883824 0.747024
vt 0.967004 0.747520
vt 0.883824 0.809524
vt 0.967004 0.811508
vt 1.000000 0.833333
vt 1.000000 0.750000
vt 0.883824 0.842262
vt 0.967004 0.842758
vt 0.883824 0.857143
vt 0.966833 0.857143
vt 1.000000 0.857143
vt 1.000000 0.845238
vt 0.883823 0.869048
vt 0.966319 0.869048
vt 0.883823 0.880953
vt 0.966833 0.880952
vt 1.000000 0.880952
vt 0.993158 0.869048
vt 0.883824 0.892857
vt 0.967004 0.892857
vt 0.883824 0.904762
vt 0.967004 0.904762
vt 1.000000 0.904762
vt 1.000000 0.892857
vt 0.883824 0.916667
vt 0.967004 0.916667
vt 0.883824 0.928572
vt 0.967004 0.928572
vt 1.000000 0.928571
vt 1.000000 0.916667
vt 0.883824 0.940476
vt 0.967004 0.940476
vt 0.883824 0.952381
vt 0.967004 0.952381
vt 1.000000 0.952381
vt 1.000000 0.940476
vt 0.883824 0.964286
vt 0.967004 0.964286
vt 1.000000 0.964286
vt 0.500000 0.000000
vt 0.500000 0.010417
vt 0.719050 0.010417
vt 0.726694 0.000000
vt 0.500000 0.020833
vt 0.717206 0.020833
vt 0.884118 0.020833
vt 0.890395 0.010417
vt 0.953389 0.000000
vt 0.883860 0.031250
vt 0.966345 0.031250
vt 0.967035 0.020833
vt 0.883824 0.041667
vt 0.966833 0.041667
vt 1.000000 0.041667
vt 0.993162 0.031250
vt 1.000000 0.020833
vt 0.883824 0.052083
vt 0.967004 0.052083
vt 0.883824 0.062500
vt 0.967004 0.062500
vt 1.000001 0.062500
vt 1.000000 0.052083
vt 0.883824 0.072917
vt 0.967004 0.072917
vt 0.883824 0.083333
vt 0.967004 0.083333
vt 1.000001 0.083333
vt 1.000001 0.072917
vt 0.883824 0.093750
vt 0.967004 0.093750
vt 0.883824 0.104167
vt 0.967004 0.104167
vt 1.000000 0.104167
vt 1.000000 0.093750
vt 0.883824 0.114583
vt 0.967004 0.114583
vt 0.883824 0.125000
vt 0.967004 0.125000
vt 1.000000 0.125000
vt 1.000000 0.114583
vt 0.883824 0.135417
vt 0.967004 0.135417
vt 1.000000 0.135417
vt 0.990416 0.000000
vt 0.962031 0.000000
vt 0.815143 0.000000
vt 0.998802 0.000000
vt 0.500000 0.000000
vt 0.976694 0.000000
vt 1.000000 0.000000
vt 0.998717 0.983786
vt 0.998974 0.975254
vt 0.500000 0.976190
vt 0.500000 0.988095
vt 0.500000 0.983962
vt 0.500000 0.975309
vt 0.500000 1.000000
vt 0.500000 0.988095
vt 0.500000 0.976191
vt 0.998974 0.158782
vt 0.998974 0.188947
vt 0.998974 0.145833
vt 0.998974 0.252532
vt 0.998974 0.333333
vt 0.998974 0.416667
vt 0.998974 0.500000
vt 0.998974 0.583333
vt 0.998974 0.666667
vt 0.998974 0.747520
vt 0.998974 0.811508
vt 0.500000 0.145833
vt 0.500000 0.156250
vt 0.500000 0.158276
vt 0.500000 0.145833
vt 0.500000 0.166667
vt 0.500000 0.186921
vt 0.500000 0.166667
vt 0.500000 0.156250
vt 0.500000 0.145833
vt 0.500000 0.250000
vt 0.500000 0.252026
vt 0.500000 0.333333
vt 0.500000 0.333333
vt 0.500000 0.333333
vt 0.500000 0.250000
vt 0.500000 0.416667
vt 0.500000 0.416667
vt 0.500000 0.500000
vt 0.500000 0.500000
vt 0.500000 0.500000
vt 0.500000 0.416667
vt 0.500000 0.583333
vt 0.500000 0.583333
vt 0.500000 0.666667
vt 0.500000 0.666667
vt 0.500000 0.666667
vt 0.500000 0.583333
vt 0.500000 0.750000
vt 0.500000 0.748016
vt 0.500000 0.833333
vt 0.500000 0.813492
vt 0.500000 0.833333
vt 0.500000 0.750000
vt 0.999145 0.842758
vt 1.000000 0.857143
vt 0.999316 0.869048
vt 1.000000 0.880953
vt 0.999145 0.892857
vt 0.998974 0.904762
vt 0.998974 0.916667
vt 0.998974 0.928572
vt 0.998974 0.940476
vt 0.998974 0.952381
vt 0.998974 0.964169
vt 0.500000 0.845238
vt 0.500000 0.843254
vt 0.500000 0.857143
vt 0.500000 0.857143
vt 0.500000 0.857143
vt 0.500000 0.845238
vt 0.500000 0.880953
vt 0.500000 0.892857
vt 0.500000 0.892857
vt 0.500000 0.880953
vt 0.500000 0.904762
vt 0.500000 0.904762
vt 0.500000 0.904762
vt 0.500000 0.892857
vt 0.500000 0.880952
vt 0.500000 0.916667
vt 0.500000 0.916667
vt 0.500000 0.928571
vt 0.500000 0.928572
vt 0.500000 0.928571
vt 0.500000 0.916667
vt 0.500000 0.940476
vt 0.500000 0.940477
vt 0.500000 0.952381
vt 0.500000 0.952381
vt 0.500000 0.952381
vt 0.500000 0.940476
vt 0.500000 0.964286
vt 0.500000 0.964176
vt 0.500000 0.964286
vt 0.991773 0.010417
vt 0.999059 0.010417
vt 1.000000 0.020833
vt 1.000000 0.010417
vt 0.999316 0.031250
vt 1.000000 0.041667
vt 0.999145 0.052083
vt 0.998974 0.062500
vt 0.998974 0.072917
vt 0.998974 0.083333
vt 0.998974 0.093750
vt 0.998974 0.104167
vt 0.998974 0.114583
vt 0.998974 0.125000
vt 0.998974 0.135417
vt 0.500000 0.010417
vt 0.500000 0.020833
vt 0.500000 0.031250
vt 0.500000 0.031250
vt 0.500000 0.041667
vt 0.500000 0.041667
vt 0.500000 0.041667
vt 0.500000 0.031250
vt 0.500000 0.052083
vt 0.500000 0.052083
vt 0.500000 0.062500
vt 0.500000 0.062500
vt 0.500000 0.062500
vt 0.500000 0.052083
vt 0.500000 0.072917
vt 0.500000 0.072917
vt 0.500000 0.083333
vt 0.500000 0.083333
vt 0.500000 0.083333
vt 0.500000 0.072917
vt 0.500000 0.093750
vt 0.500000 0.093750
vt 0.500000 0.104167
vt 0.500000 0.104167
vt 0.500000 0.104167
vt 0.500000 0.093750
vt 0.500000 0.114583
vt 0.500000 0.114583
vt 0.500000 0.125000
vt 0.500000 0.125000
vt 0.500000 0.125000
vt 0.500000 0.114583
vt 0.872059 0.976191
vt 0.877145 0.988095
vt 0.959025 0.987978
vt 0.957522 0.976135
vt 0.933088 1.000000
vt 0.966544 1.000000
vt 1.000000 1.000000
vt 0.989777 0.986828
vt 0.988848 0.975750
vt 0.872059 0.145833
vt 0.872059 0.159288
vt 0.958916 0.158782
vt 0.958916 0.145833
vt 0.872059 0.190972
vt 0.958916 0.188947
vt 1.000000 0.166667
vt 1.000000 0.156250
vt 1.000000 0.145833
vt 0.872059 0.253038
vt 0.958916 0.252532
vt 0.872059 0.333333
vt 0.958916 0.333333
vt 1.000000 0.333333
vt 1.000000 0.250000
vt 0.872059 0.416667
vt 0.958916 0.416667
vt 0.872059 0.500000
vt 0.958916 0.500000
vt 1.000000 0.500000
vt 1.000000 0.416667
vt 0.872059 0.583333
vt 0.958916 0.583333
vt 0.872059 0.666667
vt 0.958916 0.666667
vt 1.000000 0.666667
vt 1.000000 0.583333
vt 0.872059 0.747024
vt 0.958915 0.747520
vt 0.872059 0.809524
vt 0.958916 0.811508
vt 1.000000 0.833333
vt 1.000000 0.750000
vt 0.872059 0.842262
vt 0.958916 0.842758
vt 0.872059 0.857143
vt 0.958916 0.857143
vt 1.000000 0.857143
vt 1.000000 0.845238
vt 0.872059 0.869048
vt 0.958916 0.869048
vt 0.872059 0.880953
vt 0.958916 0.880953
vt 1.000001 0.880953
vt 1.000000 0.869048
vt 0.872059 0.892857
vt 0.958916 0.892857
vt 0.872059 0.904762
vt 0.958916 0.904762
vt 1.000000 0.904762
vt 1.000000 0.892857
vt 0.872059 0.916667
vt 0.958916 0.916667
vt 0.872059 0.928572
vt 0.958683 0.928572
vt 1.000000 0.928571
vt 1.000000 0.916667
vt 0.872059 0.940476
vt 0.957754 0.940476
vt 0.872059 0.952381
vt 0.957521 0.952381
vt 0.988848 0.952381
vt 0.989778 0.940476
vt 0.872059 0.964286
vt 0.957522 0.964279
vt 0.988848 0.964231
vt 0.711391 0.010417
vt 0.718995 0.000000
vt 0.709290 0.020833
vt 0.872603 0.020833
vt 0.878983 0.010417
vt 0.937990 0.000000
vt 0.872127 0.031250
vt 0.958962 0.031250
vt 0.959066 0.020833
vt 0.872059 0.041667
vt 0.958916 0.041667
vt 1.000000 0.041667
vt 1.000000 0.031250
vt 1.000000 0.020833
vt 0.872059 0.052083
vt 0.958916 0.052083
vt 0.872059 0.062500
vt 0.958683 0.062500
vt 1.000000 0.062500
vt 1.000000 0.052083
vt 0.872059 0.072917
vt 0.957754 0.072917
vt 0.872059 0.083333
vt 0.957522 0.083333
vt 0.988848 0.083333
vt 0.989778 0.072917
vt 0.872059 0.093750
vt 0.957754 0.093750
vt 0.872059 0.104167
vt 0.958683 0.104167
vt 1.000000 0.104167
vt 0.989778 0.093750
vt 0.872059 0.114583
vt 0.958916 0.114583
vt 0.872059 0.125000
vt 0.958916 0.125000
vt 1.000000 0.125000
vt 1.000000 0.114583
vt 0.872059 0.135417
vt 0.958915 0.135417
vt 1.000000 0.135417
vt 0.872059 0.976191
vt 0.958916 0.976191
vt 0.960187 0.988095
vt 0.877145 0.988095
vt 1.000000 0.976191
vt 1.000000 0.988095
vt 0.872059 0.145833
vt 0.957521 0.145833
vt 0.957522 0.159288
vt 0.872059 0.159288
vt 0.988848 0.145833
vt 0.988848 0.159288
vt 0.988848 0.190972
vt 0.957521 0.190972
vt 0.872059 0.190972
vt 0.957522 0.253038
vt 0.872059 0.253038
vt 0.988848 0.253038
vt 0.988848 0.333333
vt 0.957522 0.333333
vt 0.872059 0.333333
vt 0.957522 0.416667
vt 0.872059 0.416667
vt 0.988848 0.416667
vt 0.988848 0.500000
vt 0.957521 0.500000
vt 0.872059 0.500000
vt 0.957522 0.583333
vt 0.872059 0.583333
vt 0.988848 0.583333
vt 0.988848 0.666667
vt 0.957522 0.666667
vt 0.872059 0.666667
vt 0.957521 0.747024
vt 0.872059 0.747024
vt 0.988848 0.747024
vt 0.988848 0.809524
vt 0.957521 0.809524
vt 0.872059 0.809524
vt 0.957521 0.842262
vt 0.872059 0.842262
vt 0.988848 0.842262
vt 0.988848 0.857143
vt 0.957521 0.857143
vt 0.872059 0.857143
vt 0.957521 0.869048
vt 0.872059 0.869048
vt 0.988848 0.869048
vt 0.988848 0.880953
vt 0.957521 0.880952
vt 0.872059 0.880952
vt 0.957521 0.892857
vt 0.872059 0.892857
vt 0.988848 0.892857
vt 0.988848 0.904762
vt 0.957521 0.904762
vt 0.872059 0.904762
vt 0.957754 0.916667
vt 0.872059 0.916667
vt 0.989777 0.916667
vt 1.000000 0.928571
vt 0.958683 0.928572
vt 0.872059 0.928572
vt 0.958916 0.940477
vt 0.872059 0.940476
vt 1.000000 0.940477
vt 1.000001 0.952381
vt 0.958916 0.952381
vt 0.872059 0.952381
vt 0.958916 0.964286
vt 0.872059 0.964286
vt 1.000001 0.964286
vt 0.709006 0.000000
vt 0.708963 0.010417
vt 0.872191 0.000000
vt 0.872127 0.010417
vt 0.872081 0.020833
vt 0.708930 0.020833
vt 0.958698 0.020833
vt 0.957755 0.031250
vt 0.872061 0.031250
vt 1.000000 0.020833
vt 0.989778 0.031250
vt 0.988848 0.041667
vt 0.957521 0.041667
vt 0.872059 0.041667
vt 0.957754 0.052083
vt 0.872059 0.052083
vt 0.989777 0.052083
vt 1.000000 0.062500
vt 0.958683 0.062500
vt 0.872059 0.062500
vt 0.958916 0.072917
vt 0.872059 0.072917
vt 1.000000 0.072917
vt 1.000001 0.083333
vt 0.958916 0.083333
vt 0.872059 0.083333
vt 0.958916 0.093750
vt 0.872059 0.093750
vt 1.000000 0.093750
vt 1.000000 0.104167
vt 0.958683 0.104167
vt 0.872059 0.104167
vt 0.957754 0.114583
vt 0.872059 0.114583
vt 0.989777 0.114583
vt 0.988848 0.125000
vt 0.957521 0.125000
vt 0.872059 0.125000
vt 0.957521 0.135417
vt 0.872059 0.135417
vt 0.988848 0.135417
vt 1.000000 0.000000
vt 1.000000 0.000000
vt 0.811185 0.000000
vt 0.968995 0.000000
vt 1.000000 0.000000
vt 0.959006 0.000000
vt 0.998258 0.983786
vt 0.998606 0.975254
vt 0.998606 0.188947
vt 0.998606 0.158782
vt 0.998606 0.145833
vt 0.998606 0.333333
vt 0.998606 0.252532
vt 0.998606 0.500000
vt 0.998606 0.416667
vt 0.998606 0.666667
vt 0.998606 0.583333
vt 0.998606 0.811508
vt 0.998606 0.747520
vt 0.998606 0.857143
vt 0.998606 0.842758
vt 0.998606 0.880953
vt 0.998606 0.869048
vt 0.998606 0.904762
vt 0.998606 0.892857
vt 1.000000 0.928572
vt 0.998838 0.916667
vt 0.998606 0.952381
vt 0.998839 0.940476
vt 0.998606 0.964169
vt 0.500000 0.869048
vt 0.500000 0.869048
vt 0.500000 0.869048
vt 1.000000 0.020833
vt 0.999105 0.010417
vt 0.991056 0.010417
vt 1.000000 0.010417
vt 0.998606 0.041667
vt 0.998838 0.031250
vt 1.000000 0.062500
vt 0.998838 0.052083
vt 0.998606 0.083333
vt 0.998839 0.072917
vt 1.000000 0.104167
vt 0.998839 0.093750
vt 0.998606 0.125000
vt 0.998838 0.114583
vt 0.998606 0.135417
vt 0.500000 0.135417
vt 0.500000 0.135417
vt 0.500000 0.135417
vt 0.856362 0.980159
vt 0.914404 0.976963
vt 0.964039 0.988206
vt 0.887729 0.988537
vt 1.000001 0.976191
vt 1.000001 0.988096
vt 1.000000 1.000000
vt 0.978021 1.000000
vt 0.956042 1.000000
vt 0.872843 0.145833
vt 0.958085 0.145833
vt 0.958085 0.159288
vt 0.872843 0.159288
vt 0.989044 0.145833
vt 0.989044 0.159288
vt 0.989044 0.190972
vt 0.958085 0.190972
vt 0.872843 0.190972
vt 0.958085 0.253038
vt 0.872843 0.253038
vt 0.989044 0.253038
vt 0.989044 0.333333
vt 0.958085 0.333333
vt 0.872843 0.333333
vt 0.958085 0.416667
vt 0.872843 0.416667
vt 0.989044 0.416667
vt 0.989044 0.500000
vt 0.958085 0.500000
vt 0.872843 0.500000
vt 0.958085 0.583333
vt 0.872843 0.583333
vt 0.989044 0.583333
vt 0.989044 0.666667
vt 0.958085 0.666667
vt 0.872843 0.666667
vt 0.958085 0.747024
vt 0.872843 0.747024
vt 0.989044 0.747024
vt 0.989044 0.809524
vt 0.958085 0.809524
vt 0.872843 0.809524
vt 0.958085 0.842262
vt 0.872843 0.842262
vt 0.989044 0.842262
vt 0.989044 0.857143
vt 0.958085 0.857143
vt 0.872843 0.857143
vt 0.958313 0.869048
vt 0.872843 0.869048
vt 0.989957 0.869048
vt 1.000000 0.880952
vt 0.959226 0.880953
vt 0.872843 0.880953
vt 0.959454 0.892857
vt 0.872843 0.892857
vt 1.000000 0.892857
vt 1.000000 0.904762
vt 0.959454 0.904762
vt 0.872843 0.904762
vt 0.959454 0.916667
vt 0.872843 0.916667
vt 1.000000 0.916667
vt 1.000000 0.928571
vt 0.959226 0.928572
vt 0.872843 0.928572
vt 0.952133 0.940366
vt 0.868108 0.940035
vt 0.989501 0.940476
vt 1.000000 0.952381
vt 0.907311 0.951610
vt 0.845473 0.948413
vt 0.500000 0.952381
vt 0.718303 0.951444
vt 0.764340 0.964286
vt 0.500000 0.958333
vt 1.000000 0.964286
vt 0.725168 0.977128
vt 0.500000 0.976191
vt 0.500000 0.970239
vt 0.500000 0.964286
vt 0.711420 0.010417
vt 0.500000 0.010417
vt 0.875702 0.010417
vt 0.873757 0.020833
vt 0.710083 0.020833
vt 0.500000 0.020833
vt 0.958742 0.020833
vt 0.958167 0.031250
vt 0.872957 0.031250
vt 0.989272 0.020833
vt 0.989072 0.031250
vt 0.989044 0.041667
vt 0.958085 0.041667
vt 0.872842 0.041667
vt 0.958085 0.052083
vt 0.872842 0.052083
vt 0.989044 0.052083
vt 0.989044 0.062500
vt 0.958085 0.062500
vt 0.872843 0.062500
vt 0.958313 0.072917
vt 0.872843 0.072917
vt 0.989957 0.072917
vt 1.000000 0.083333
vt 0.959226 0.083333
vt 0.872843 0.083333
vt 0.959454 0.093750
vt 0.872843 0.093750
vt 1.000000 0.093750
vt 1.000000 0.104167
vt 0.959454 0.104167
vt 0.872843 0.104167
vt 0.959454 0.114583
vt 0.872843 0.114583
vt 1.000000 0.114583
vt 1.000000 0.125000
vt 0.959226 0.125000
vt 0.872843 0.125000
vt 0.958313 0.135417
vt 0.872843 0.135417
vt 0.989957 0.135417
vt 0.887361 0.976190
vt 0.893085 0.988095
vt 0.970104 0.987978
vt 0.968520 0.976135
vt 0.993284 0.986828
vt 0.992674 0.975749
vt 0.887361 0.145833
vt 0.887361 0.159288
vt 0.969436 0.158782
vt 0.969436 0.145833
vt 0.887361 0.190972
vt 0.969436 0.188947
vt 1.000000 0.166667
vt 1.000000 0.156250
vt 1.000000 0.145833
vt 0.887361 0.253038
vt 0.969436 0.252532
vt 0.887361 0.333333
vt 0.969436 0.333333
vt 1.000000 0.333333
vt 1.000000 0.250000
vt 0.887361 0.416667
vt 0.969436 0.416667
vt 0.887361 0.500000
vt 0.969436 0.500000
vt 1.000000 0.500000
vt 1.000000 0.416667
vt 0.887362 0.583333
vt 0.969436 0.583333
vt 0.887362 0.666667
vt 0.969436 0.666667
vt 1.000000 0.666667
vt 1.000000 0.583333
vt 0.887362 0.747024
vt 0.969436 0.747520
vt 0.887361 0.809524
vt 0.969436 0.811508
vt 1.000000 0.833333
vt 1.000000 0.750000
vt 0.887361 0.842262
vt 0.969436 0.842758
vt 0.887361 0.857143
vt 0.969436 0.857143
vt 1.000000 0.857143
vt 1.000000 0.845238
vt 0.887361 0.869048
vt 0.969436 0.869048
vt 0.887361 0.880953
vt 0.969283 0.880953
vt 1.000000 0.880952
vt 1.000000 0.869048
vt 0.887361 0.892857
vt 0.968673 0.892857
vt 0.887361 0.904762
vt 0.968520 0.904762
vt 0.992674 0.904762
vt 0.993284 0.892857
vt 0.887361 0.916667
vt 0.968673 0.916667
vt 0.887361 0.928572
vt 0.969283 0.928572
vt 1.000000 0.928572
vt 0.993284 0.916667
vt 0.887361 0.940476
vt 0.969436 0.940476
vt 0.887361 0.952381
vt 0.969283 0.952381
vt 1.000000 0.952381
vt 1.000000 0.940476
vt 0.887361 0.964285
vt 0.968673 0.964279
vt 0.993284 0.964230
vt 0.500000 0.010417
vt 0.720215 0.010417
vt 0.500000 0.020833
vt 0.719233 0.020833
vt 0.887067 0.020833
vt 0.892090 0.010417
vt 0.887325 0.031250
vt 0.969411 0.031250
vt 0.969233 0.020833
vt 0.887361 0.041667
vt 0.969436 0.041667
vt 1.000000 0.041667
vt 1.000000 0.031250
vt 1.000000 0.020833
vt 0.887361 0.052083
vt 0.969436 0.052083
vt 0.887361 0.062500
vt 0.969436 0.062500
vt 1.000000 0.062500
vt 1.000000 0.052083
vt 0.887361 0.072917
vt 0.969436 0.072917
vt 0.887361 0.083333
vt 0.969283 0.083333
vt 1.000000 0.083333
vt 1.000000 0.072917
vt 0.887361 0.093750
vt 0.968673 0.093750
vt 0.887361 0.104167
vt 0.968520 0.104167
vt 0.992674 0.104167
vt 0.993284 0.093750
vt 0.887361 0.114583
vt 0.968673 0.114583
vt 0.887361 0.125000
vt 0.969283 0.125000
vt 1.000000 0.125000
vt 0.993284 0.114583
vt 0.887361 0.135417
vt 0.969436 0.135417
vt 1.000000 0.135417
vt 0.998855 0.983786
vt 0.999084 0.975254
vt 0.500000 0.988096
vt 0.500000 0.983962
vt 0.500000 0.975474
vt 0.500000 1.000000
vt 0.500000 0.988095
vt 0.500000 0.976190
vt 0.998631 0.158782
vt 0.998631 0.188947
vt 0.998631 0.145833
vt 0.998631 0.252532
vt 0.998631 0.333333
vt 0.998631 0.416667
vt 0.998631 0.500000
vt 0.998631 0.583333
vt 0.998631 0.666667
vt 0.998631 0.747520
vt 0.998631 0.811508
vt 0.500000 0.145833
vt 0.500000 0.156250
vt 0.500000 0.158275
vt 0.500000 0.145833
vt 0.500000 0.166667
vt 0.500000 0.186921
vt 0.500000 0.166667
vt 0.500000 0.156250
vt 0.500000 0.145833
vt 0.500000 0.250000
vt 0.500000 0.252026
vt 0.500000 0.333333
vt 0.500000 0.333333
vt 0.500000 0.333333
vt 0.500000 0.250000
vt 0.500000 0.416667
vt 0.500000 0.416667
vt 0.500000 0.500000
vt 0.500000 0.500000
vt 0.500000 0.500000
vt 0.500000 0.416667
vt 0.500000 0.583333
vt 0.500000 0.583333
vt 0.500000 0.666667
vt 0.500000 0.666667
vt 0.500000 0.666667
vt 0.500000 0.583333
vt 0.500000 0.750000
vt 0.500000 0.748016
vt 0.500000 0.833333
vt 0.500000 0.813492
vt 0.500000 0.833333
vt 0.500000 0.750000
vt 0.998631 0.842758
vt 0.998631 0.857143
vt 0.998859 0.869048
vt 1.000000 0.880953
vt 0.999237 0.892857
vt 0.999084 0.904762
vt 0.999237 0.916667
vt 1.000000 0.928572
vt 0.999087 0.940476
vt 1.000000 0.952381
vt 0.999237 0.964169
vt 0.500000 0.845238
vt 0.500000 0.843254
vt 0.500000 0.857143
vt 0.500000 0.857143
vt 0.500000 0.857143
vt 0.500000 0.845238
vt 0.500000 0.869048
vt 0.500000 0.869048
vt 0.500000 0.880952
vt 0.500000 0.880953
vt 0.500000 0.880952
vt 0.500000 0.869048
vt 0.500000 0.892857
vt 0.500000 0.892857
vt 0.500000 0.904762
vt 0.500000 0.904762
vt 0.500000 0.904762
vt 0.500000 0.892857
vt 0.500000 0.916667
vt 0.500000 0.916667
vt 0.500000 0.928571
vt 0.500000 0.928572
vt 0.500000 0.928571
vt 0.500000 0.916667
vt 0.500000 0.940476
vt 0.500000 0.940476
vt 0.500000 0.952216
vt 0.500000 0.952381
vt 0.500000 0.940476
vt 0.500000 0.964207
vt 0.500000 0.964286
vt 0.989759 0.010417
vt 0.998720 0.010417
vt 0.998659 0.020833
vt 1.000000 0.010417
vt 0.998634 0.031250
vt 0.998630 0.041667
vt 0.998631 0.052083
vt 0.998631 0.062500
vt 0.998859 0.072917
vt 1.000000 0.083333
vt 0.999237 0.093750
vt 0.999084 0.104167
vt 0.999237 0.114583
vt 1.000000 0.125000
vt 0.998859 0.135417
vt 0.500000 0.010417
vt 0.500000 0.020833
vt 0.500000 0.031250
vt 0.500000 0.031250
vt 0.500000 0.041667
vt 0.500000 0.041667
vt 0.500000 0.041667
vt 0.500000 0.031250
vt 0.500000 0.052083
vt 0.500000 0.052083
vt 0.500000 0.062500
vt 0.500000 0.062500
vt 0.500000 0.062500
vt 0.500000 0.052083
vt 0.500000 0.072917
vt 0.500000 0.072917
vt 0.500000 0.083333
vt 0.500000 0.083333
vt 0.500000 0.083333
vt 0.500000 0.072917
vt 0.500000 0.093750
vt 0.500000 0.093750
vt 0.500000 0.104167
vt 0.500000 0.104167
vt 0.500000 0.104167
vt 0.500000 0.093750
vt 0.500000 0.114583
vt 0.500000 0.114583
vt 0.500000 0.125000
vt 0.500000 0.125000
vt 0.500000 0.125000
vt 0.500000 0.114583
vt 0.500000 0.135417
vt 0.500000 0.135417
vt 0.500000 0.135417
vt 0.844751 0.980159
vt 0.872655 0.988537
vt 0.953917 0.988206
vt 0.906813 0.976963
vt 0.933483 1.000000
vt 0.966742 1.000000
vt 1.000000 1.000000
vt 1.000001 0.988096
vt 1.000001 0.976191
vt 0.878595 0.145833
vt 0.878595 0.159288
vt 0.963409 0.158782
vt 0.963409 0.145833
vt 0.878595 0.190972
vt 0.963409 0.188947
vt 1.000000 0.166667
vt 1.000000 0.156250
vt 1.000000 0.145833
vt 0.878595 0.253038
vt 0.963409 0.252532
vt 0.878595 0.333333
vt 0.963409 0.333333
vt 1.000000 0.333333
vt 1.000000 0.250000
vt 0.878595 0.416667
vt 0.963409 0.416667
vt 0.878595 0.500000
vt 0.963409 0.500000
vt 1.000000 0.500000
vt 1.000000 0.416667
vt 0.878595 0.583333
vt 0.963409 0.583333
vt 0.878595 0.666667
vt 0.963211 0.666667
vt 1.000000 0.666667
vt 1.000000 0.583333
vt 0.878595 0.747024
vt 0.962418 0.747024
vt 0.878595 0.809524
vt 0.962219 0.809524
vt 0.990482 0.809524
vt 0.991275 0.747024
vt 0.878595 0.842262
vt 0.962418 0.842262
vt 0.878595 0.857143
vt 0.963211 0.857143
vt 1.000000 0.857143
vt 0.991275 0.842262
vt 0.878595 0.869048
vt 0.963409 0.869048
vt 0.878595 0.880953
vt 0.963211 0.880953
vt 1.000000 0.880952
vt 1.000000 0.869048
vt 0.878595 0.892857
vt 0.962418 0.892857
vt 0.878595 0.904762
vt 0.962220 0.904762
vt 0.990482 0.904762
vt 0.991275 0.892857
vt 0.878595 0.916667
vt 0.962418 0.916667
vt 0.878595 0.928572
vt 0.963211 0.928572
vt 1.000000 0.928571
vt 0.991275 0.916667
vt 0.873562 0.940035
vt 0.956773 0.940366
vt 0.849456 0.948413
vt 0.909778 0.951610
vt 1.000000 0.952381
vt 1.000000 0.940476
vt 0.762489 0.964286
vt 0.720542 0.951444
vt 0.717577 0.977128
vt 1.000000 0.964286
vt 0.713545 0.010417
vt 0.713035 0.020833
vt 0.878051 0.020833
vt 0.882115 0.010417
vt 0.878527 0.031250
vt 0.963363 0.031250
vt 0.963035 0.020833
vt 0.878595 0.041667
vt 0.963409 0.041667
vt 1.000000 0.041667
vt 1.000000 0.031250
vt 1.000001 0.020833
vt 0.878595 0.052083
vt 0.963409 0.052083
vt 0.878595 0.062500
vt 0.963409 0.062500
vt 1.000000 0.062500
vt 1.000000 0.052083
vt 0.878595 0.072917
vt 0.963409 0.072917
vt 0.878595 0.083333
vt 0.963409 0.083333
vt 1.000000 0.083333
vt 1.000000 0.072917
vt 0.878595 0.093750
vt 0.963409 0.093750
vt 0.878595 0.104167
vt 0.963409 0.104167
vt 1.000000 0.104167
vt 1.000000 0.093750
vt 0.878595 0.114583
vt 0.963409 0.114583
vt 0.878595 0.125000
vt 0.963409 0.125000
vt 1.000000 0.125000
vt 1.000000 0.114583
vt 0.878595 0.135417
vt 0.963409 0.135417
vt 1.000000 0.135417
vt 0.872322 0.976191
vt 0.957711 0.976135
vt 0.959216 0.987978
vt 0.877419 0.988095
vt 0.988914 0.975750
vt 0.989838 0.986828
vt 0.872322 0.145833
vt 0.957711 0.145833
vt 0.957711 0.159288
vt 0.872322 0.159288
vt 0.988914 0.145833
vt 0.988914 0.159288
vt 0.988914 0.190972
vt 0.957711 0.190972
vt 0.872322 0.190972
vt 0.957711 0.253038
vt 0.872322 0.253038
vt 0.988914 0.253038
vt 0.988914 0.333333
vt 0.957711 0.333333
vt 0.872322 0.333333
vt 0.957711 0.416667
vt 0.872322 0.416667
vt 0.988914 0.416667
vt 0.988914 0.500000
vt 0.957711 0.500000
vt 0.872322 0.500000
vt 0.957942 0.583333
vt 0.872322 0.583333
vt 0.989838 0.583333
vt 1.000000 0.666667
vt 0.958866 0.666667
vt 0.872322 0.666667
vt 0.959096 0.747520
vt 0.872322 0.747024
vt 1.000000 0.750000
vt 1.000000 0.833333
vt 0.959096 0.811508
vt 0.872322 0.809524
vt 0.959096 0.842758
vt 0.872322 0.842262
vt 1.000000 0.845238
vt 1.000000 0.857143
vt 0.958866 0.857143
vt 0.872322 0.857143
vt 0.958173 0.869048
vt 0.872322 0.869048
vt 0.990762 0.869048
vt 1.000000 0.880952
vt 0.958866 0.880953
vt 0.872322 0.880953
vt 0.959097 0.892857
vt 0.872322 0.892857
vt 1.000000 0.892857
vt 1.000000 0.904762
vt 0.959097 0.904762
vt 0.872322 0.904762
vt 0.959097 0.916667
vt 0.872322 0.916667
vt 1.000000 0.916667
vt 1.000000 0.928571
vt 0.958866 0.928572
vt 0.872322 0.928572
vt 0.957942 0.940476
vt 0.872322 0.940476
vt 0.989838 0.940476
vt 0.988914 0.952381
vt 0.957711 0.952381
vt 0.872322 0.952381
vt 0.957711 0.964279
vt 0.872322 0.964286
vt 0.988914 0.964231
vt 0.709049 0.010417
vt 0.872254 0.010417
vt 0.872300 0.020833
vt 0.709081 0.020833
vt 0.957695 0.020833
vt 0.957709 0.031250
vt 0.872319 0.031250
vt 0.988909 0.020833
vt 0.988913 0.031250
vt 0.988914 0.041667
vt 0.957711 0.041667
vt 0.872322 0.041667
vt 0.957711 0.052083
vt 0.872322 0.052083
vt 0.988914 0.052083
vt 0.988914 0.062500
vt 0.957711 0.062500
vt 0.872322 0.062500
vt 0.957711 0.072917
vt 0.872322 0.072917
vt 0.988914 0.072917
vt 0.988914 0.083333
vt 0.957711 0.083333
vt 0.872322 0.083333
vt 0.957711 0.093750
vt 0.872322 0.093750
vt 0.988914 0.093750
vt 0.988914 0.104167
vt 0.957711 0.104167
vt 0.872322 0.104167
vt 0.957711 0.114583
vt 0.872322 0.114583
vt 0.988914 0.114583
vt 0.988914 0.125000
vt 0.957711 0.125000
vt 0.872322 0.125000
vt 0.957711 0.135417
vt 0.872322 0.135417
vt 0.988914 0.135417
vt 0.998268 0.983786
vt 0.998615 0.975254
vt 0.998614 0.188947
vt 0.998614 0.158782
vt 0.998614 0.145833
vt 0.998614 0.333333
vt 0.998614 0.252532
vt 0.998614 0.500000
vt 0.998614 0.416667
vt 1.000000 0.666667
vt 0.998845 0.583333
vt 0.998810 0.811508
vt 0.999009 0.747520
vt 1.000000 0.857143
vt 0.999009 0.842758
vt 1.000000 0.880953
vt 0.999076 0.869048
vt 0.998810 0.904762
vt 0.999009 0.892857
vt 1.000000 0.928572
vt 0.999009 0.916667
vt 0.998614 0.952381
vt 0.998845 0.940476
vt 0.998615 0.964169
vt 0.998614 0.020833
vt 0.998844 0.010417
vt 1.000000 0.010417
vt 0.989824 0.010417
vt 0.998614 0.041667
vt 0.998614 0.031250
vt 0.998614 0.062500
vt 0.998614 0.052083
vt 0.998614 0.083333
vt 0.998614 0.072917
vt 0.998614 0.104167
vt 0.998614 0.093750
vt 0.998614 0.125000
vt 0.998614 0.114583
vt 0.998614 0.135417
vt 0.709096 0.125000
vt 0.709096 0.135417
vt 0.709096 0.145833
vt 0.709096 0.104167
vt 0.709096 0.114583
vt 0.709096 0.083333
vt 0.709096 0.093750
vt 0.709096 0.062500
vt 0.709096 0.072917
vt 0.709096 0.041667
vt 0.709096 0.052083
vt 0.709095 0.031250
vt 0.709096 0.952381
vt 0.709096 0.964286
vt 0.709096 0.976191
vt 0.709096 0.928572
vt 0.709096 0.940476
vt 0.709096 0.904762
vt 0.709096 0.916667
vt 0.709096 0.880953
vt 0.709096 0.892857
vt 0.709096 0.857143
vt 0.709096 0.869048
vt 0.709096 0.811508
vt 0.709096 0.842758
vt 0.709096 0.666667
vt 0.709096 0.747520
vt 0.709096 0.500000
vt 0.709096 0.583333
vt 0.709096 0.333333
vt 0.709096 0.416667
vt 0.709096 0.188947
vt 0.709096 0.252532
vt 0.709096 0.158782
vt 0.710371 0.988095
vt 0.716742 1.000000
vt 0.710861 0.988206
vt 0.719436 0.135417
vt 0.719436 0.125000
vt 0.719436 0.145833
vt 0.719436 0.114583
vt 0.719436 0.104167
vt 0.719436 0.093750
vt 0.719436 0.083333
vt 0.719436 0.072917
vt 0.719436 0.062500
vt 0.719436 0.052083
vt 0.719436 0.041667
vt 0.719411 0.031250
vt 0.719436 0.964285
vt 0.719436 0.952381
vt 0.719436 0.976190
vt 0.719436 0.940476
vt 0.719436 0.928572
vt 0.719436 0.916667
vt 0.719436 0.904762
vt 0.719436 0.892857
vt 0.719436 0.880953
vt 0.719436 0.869048
vt 0.719436 0.857143
vt 0.719436 0.842758
vt 0.719436 0.811508
vt 0.719436 0.747520
vt 0.719436 0.666667
vt 0.719436 0.583333
vt 0.719436 0.500000
vt 0.719436 0.416667
vt 0.719436 0.333333
vt 0.719436 0.252532
vt 0.719436 0.188947
vt 0.500000 0.156250
vt 0.719436 0.158782
vt 0.720867 0.988095
vt 0.728021 1.000000
vt 0.720983 0.988206
vt 0.708915 0.125000
vt 0.708915 0.135417
vt 0.708915 0.145833
vt 0.708916 0.104167
vt 0.708915 0.114583
vt 0.708916 0.083333
vt 0.708916 0.093750
vt 0.708916 0.062500
vt 0.708916 0.072917
vt 0.708915 0.041667
vt 0.708915 0.052083
vt 0.708917 0.031250
vt 0.708916 0.952381
vt 0.708916 0.964286
vt 0.708916 0.976191
vt 0.708916 0.928572
vt 0.708916 0.940476
vt 0.708915 0.904762
vt 0.708916 0.916667
vt 0.708915 0.880953
vt 0.708915 0.892857
vt 0.708915 0.857143
vt 0.708915 0.869048
vt 0.708915 0.811508
vt 0.708915 0.842758
vt 0.708916 0.666667
vt 0.708916 0.747520
vt 0.708915 0.500000
vt 0.708916 0.583333
vt 0.708915 0.333333
vt 0.708915 0.416667
vt 0.708915 0.188947
vt 0.708915 0.252532
vt 0.708915 0.158782
vt 0.710187 0.988095
vt 0.716544 1.000000
vt 0.708915 0.135417
vt 0.708915 0.125000
vt 0.708915 0.145833
vt 0.708915 0.114583
vt 0.708916 0.104167
vt 0.708916 0.093750
vt 0.708916 0.083333
vt 0.708915 0.072917
vt 0.708915 0.062500
vt 0.708916 0.052083
vt 0.708916 0.041667
vt 0.708962 0.031250
vt 0.708915 0.964286
vt 0.708915 0.952381
vt 0.708916 0.976191
vt 0.708915 0.940476
vt 0.708916 0.928572
vt 0.708915 0.916667
vt 0.708916 0.904762
vt 0.708916 0.892857
vt 0.708916 0.880953
vt 0.708916 0.869048
vt 0.708916 0.857143
vt 0.708915 0.842758
vt 0.708915 0.811508
vt 0.708915 0.747520
vt 0.708915 0.666666
vt 0.708915 0.583333
vt 0.708915 0.500000
vt 0.708916 0.416667
vt 0.708915 0.333333
vt 0.708915 0.252532
vt 0.708915 0.188947
vt 0.500000 0.156250
vt 0.708915 0.158782
vt 0.710187 0.988095
vt 0.717004 0.135417
vt 0.717004 0.125000
vt 0.717004 0.145833
vt 0.717004 0.114583
vt 0.717004 0.104167
vt 0.717004 0.093750
vt 0.717004 0.083333
vt 0.717004 0.072917
vt 0.717004 0.062500
vt 0.717004 0.052083
vt 0.717004 0.041667
vt 0.500000 0.031250
vt 0.717029 0.031250
vt 0.717004 0.964286
vt 0.717004 0.952381
vt 0.717004 0.976191
vt 0.717004 0.940476
vt 0.717004 0.928572
vt 0.717004 0.916667
vt 0.717004 0.904762
vt 0.717004 0.892857
vt 0.717004 0.880953
vt 0.717004 0.869048
vt 0.717004 0.857143
vt 0.717004 0.842758
vt 0.717004 0.811508
vt 0.717004 0.747520
vt 0.717004 0.666667
vt 0.717004 0.583333
vt 0.717004 0.500000
vt 0.717004 0.416667
vt 0.717004 0.333333
vt 0.717004 0.252532
vt 0.717004 0.188947
vt 0.717004 0.158782
vt 0.718398 0.988095
vt 0.725368 1.000000
vt 0.717004 0.125000
vt 0.717004 0.135417
vt 0.717004 0.145833
vt 0.717004 0.104167
vt 0.717004 0.114583
vt 0.717004 0.083333
vt 0.717004 0.093750
vt 0.500000 0.093750
vt 0.883824 0.093750
vt 0.717004 0.062500
vt 0.717004 0.072917
vt 0.717004 0.041667
vt 0.717004 0.052083
vt 0.716925 0.031250
vt 0.717004 0.952381
vt 0.717004 0.964286
vt 0.717004 0.976191
vt 0.717004 0.928572
vt 0.717004 0.940476
vt 0.717004 0.904762
vt 0.717004 0.916667
vt 0.717004 0.880953
vt 0.717004 0.892857
vt 0.717004 0.857143
vt 0.717004 0.869048
vt 0.717004 0.811508
vt 0.717004 0.842758
vt 0.717004 0.666666
vt 0.717004 0.747520
vt 0.717004 0.500000
vt 0.717004 0.583333
vt 0.717004 0.333333
vt 0.717004 0.416667
vt 0.717004 0.188947
vt 0.717004 0.252532
vt 0.717004 0.158782
vt 0.718398 0.988095
vt 0.970215 0.010417
vt 0.969050 0.010417
vt 0.958963 0.010417
vt 0.957893 0.010417
vt 0.709454 0.125000
vt 0.709454 0.135417
vt 0.709454 0.145833
vt 0.709454 0.104167
vt 0.709454 0.114583
vt 0.709454 0.083333
vt 0.709454 0.093750
vt 0.709454 0.062500
vt 0.709454 0.072917
vt 0.709454 0.041667
vt 0.709454 0.052083
vt 0.709533 0.031250
vt 0.709454 0.928572
vt 0.709991 0.940366
vt 0.709454 0.904762
vt 0.709454 0.916667
vt 0.709454 0.880953
vt 0.709454 0.892857
vt 0.709454 0.857143
vt 0.709454 0.869048
vt 0.709454 0.811508
vt 0.709454 0.842758
vt 0.709454 0.666667
vt 0.709454 0.747520
vt 0.709454 0.500000
vt 0.709454 0.583333
vt 0.709454 0.333333
vt 0.709454 0.416667
vt 0.709454 0.188947
vt 0.709454 0.252532
vt 0.709454 0.158782
vt 0.713409 0.135417
vt 0.713409 0.125000
vt 0.713409 0.145833
vt 0.713409 0.114583
vt 0.713409 0.104167
vt 0.713409 0.093750
vt 0.713409 0.083333
vt 0.713409 0.072917
vt 0.713409 0.062500
vt 0.713409 0.052083
vt 0.713409 0.041667
vt 0.713363 0.031250
vt 0.713718 0.940366
vt 0.713409 0.928572
vt 0.713409 0.916667
vt 0.713409 0.904762
vt 0.713409 0.892857
vt 0.713409 0.880953
vt 0.713409 0.869048
vt 0.713409 0.857143
vt 0.713409 0.842758
vt 0.713409 0.811508
vt 0.713409 0.747520
vt 0.713409 0.666667
vt 0.713409 0.583333
vt 0.713409 0.500000
vt 0.713409 0.416667
vt 0.713409 0.333333
vt 0.713409 0.252532
vt 0.713409 0.188947
vt 0.713409 0.158782
vt 0.963545 0.010417
vt 0.960496 0.010417
vt 0.960140 0.010417
vt 0.964097 0.010417
vn 0.0148 -0.6827 0.7305
vn 0.3133 -0.6529 0.6896
vn 0.3609 -0.5288 0.7682
vn 0.0204 -0.5617 0.8271
vn 0.0158 -0.9964 -0.0828
vn 0.3327 -0.9398 -0.0781
vn 0.0158 -0.9964 -0.0827
vn 0.3327 -0.9398 -0.0780
vn 0.3327 -0.9398 -0.0775
vn 0.0158 -0.9965 -0.0821
vn 0.0158 -0.9967 -0.0794
vn 0.3326 -0.9401 -0.0749
vn 0.3325 -0.9409 -0.0648
vn 0.0158 -0.9975 -0.0687
vn 0.0158 -0.9983 -0.0559
vn 0.3324 -0.9417 -0.0527
vn 0.3323 -0.9420 -0.0479
vn 0.0158 -0.9986 -0.0507
vn 0.0158 -0.9986 -0.0506
vn 0.3320 -0.9421 -0.0478
vn 0.3291 -0.9429 -0.0508
vn 0.0156 -0.9985 -0.0533
vn 0.0152 -0.9995 -0.0293
vn 0.3208 -0.9467 -0.0289
vn 0.3200 -0.9346 0.1551
vn 0.0152 -0.9862 0.1646
vn 0.0162 -0.8558 0.5170
vn 0.3400 -0.8044 0.4873
vn 0.3610 -0.6707 0.6480
vn 0.0174 -0.7202 0.6936
vn 0.0179 -0.6924 0.7213
vn 0.3708 -0.6430 0.6701
vn 0.3555 -0.6477 0.6739
vn 0.0171 -0.6902 0.7234
vn 0.0000 -0.2753 -0.9614
vn 0.0000 -0.3562 -0.9344
vn 0.0187 -0.5050 -0.8629
vn 0.3829 -0.4655 -0.7979
vn 0.3734 -0.6081 -0.7006
vn 0.0181 -0.6556 -0.7549
vn 0.0173 -0.7796 -0.6261
vn 0.3599 -0.7275 -0.5842
vn 0.3478 -0.8165 -0.4609
vn 0.0167 -0.8706 -0.4917
vn 0.0162 -0.9310 -0.3648
vn 0.3392 -0.8760 -0.3429
vn 0.3343 -0.9119 -0.2379
vn 0.0159 -0.9674 -0.2528
vn 0.0158 -0.9865 -0.1632
vn 0.3323 -0.9306 -0.1537
vn 0.3322 -0.9371 -0.1067
vn 0.0158 -0.9934 -0.1132
vn 0.0158 -0.9953 -0.0950
vn 0.3326 -0.9388 -0.0896
vn 0.3327 -0.9394 -0.0824
vn 0.0158 -0.9960 -0.0874
vn 0.0158 -0.9963 -0.0843
vn 0.3327 -0.9397 -0.0795
vn 0.3327 -0.9398 -0.0783
vn 0.0158 -0.9964 -0.0830
vn 0.0125 0.7933 -0.6087
vn 0.0162 0.8829 -0.4692
vn 0.2939 0.8407 -0.4549
vn 0.2714 0.7580 -0.5932
vn 0.0158 0.9964 0.0828
vn 0.3327 0.9398 0.0781
vn 0.0158 0.9964 0.0827
vn 0.0158 0.9965 0.0821
vn 0.3327 0.9398 0.0775
vn 0.3327 0.9398 0.0780
vn 0.0158 0.9967 0.0794
vn 0.0158 0.9975 0.0687
vn 0.3325 0.9409 0.0648
vn 0.3326 0.9401 0.0749
vn 0.0158 0.9983 0.0559
vn 0.0158 0.9986 0.0507
vn 0.3323 0.9420 0.0479
vn 0.3324 0.9417 0.0527
vn 0.0158 0.9986 0.0514
vn 0.0156 0.9981 0.0593
vn 0.3291 0.9427 0.0555
vn 0.3320 0.9420 0.0484
vn 0.0152 0.9988 0.0455
vn 0.0151 0.9882 -0.1523
vn 0.3193 0.9364 -0.1454
vn 0.3202 0.9464 0.0417
vn 0.0163 0.8473 -0.5308
vn 0.0174 0.7052 -0.7088
vn 0.3615 0.6589 -0.6596
vn 0.3404 0.7976 -0.4979
vn 0.0178 0.6932 -0.7206
vn 0.0160 0.7343 -0.6787
vn 0.3362 0.6877 -0.6435
vn 0.3686 0.6442 -0.6702
vn -0.0000 0.2877 0.9577
vn -0.0000 0.3646 0.9312
vn 0.0000 0.2878 0.9577
vn 0.0188 0.5072 0.8616
vn 0.0181 0.6550 0.7554
vn 0.3739 0.6076 0.7008
vn 0.3867 0.4672 0.7951
vn 0.0173 0.7798 0.6258
vn 0.0166 0.8720 0.4892
vn 0.3476 0.8176 0.4590
vn 0.3599 0.7276 0.5840
vn 0.0162 0.9324 0.3612
vn 0.0159 0.9685 0.2484
vn 0.3341 0.9129 0.2346
vn 0.3390 0.8772 0.3401
vn 0.0158 0.9871 0.1596
vn 0.0158 0.9936 0.1116
vn 0.3322 0.9373 0.1054
vn 0.3322 0.9311 0.1509
vn 0.0158 0.9954 0.0944
vn 0.0158 0.9961 0.0873
vn 0.3327 0.9394 0.0823
vn 0.3326 0.9389 0.0891
vn 0.0158 0.9963 0.0842
vn 0.0158 0.9964 0.0830
vn 0.3327 0.9398 0.0783
vn 0.3327 0.9397 0.0795
vn 0.0000 1.0000 0.0000
vn 0.9935 0.0986 0.0571
vn 0.9443 -0.2301 0.2354
vn 0.9316 0.2808 -0.2308
vn -1.0000 0.0000 0.0000
vn 0.9589 -0.2827 -0.0235
vn 0.9589 0.2827 0.0235
vn 0.9589 -0.2827 -0.0233
vn 0.9589 0.2827 0.0233
vn 0.9589 -0.2832 -0.0195
vn 0.9589 -0.2829 -0.0225
vn 0.9589 0.2829 0.0225
vn 0.9589 0.2832 0.0195
vn 0.9588 -0.2837 -0.0144
vn 0.9588 -0.2836 -0.0159
vn 0.9588 0.2836 0.0159
vn 0.9588 0.2837 0.0144
vn 0.9580 -0.2865 -0.0159
vn 0.9587 -0.2840 -0.0145
vn 0.9587 0.2840 0.0145
vn 0.9579 0.2865 0.0164
vn 0.9554 -0.2916 0.0475
vn 0.9556 -0.2945 -0.0101
vn 0.9555 0.2947 0.0118
vn 0.9553 0.2920 -0.0463
vn 0.9655 -0.1863 0.1818
vn 0.9608 -0.2367 0.1446
vn 0.9608 0.2357 -0.1458
vn 0.9656 0.1848 -0.1830
vn 0.9632 -0.1888 0.1916
vn 0.9674 -0.1753 0.1828
vn 0.9671 0.1760 -0.1834
vn 0.9604 0.2000 -0.1940
vn 0.9675 -0.0882 -0.2369
vn 0.9627 -0.0721 -0.2608
vn 0.9751 0.0620 0.2127
vn 0.9731 0.0828 0.2151
vn 0.9679 -0.1645 -0.1898
vn 0.9692 -0.1236 -0.2131
vn 0.9707 0.1215 0.2073
vn 0.9681 0.1641 0.1892
vn 0.9626 -0.2360 -0.1330
vn 0.9653 -0.2037 -0.1636
vn 0.9653 0.2037 0.1635
vn 0.9626 0.2362 0.1328
vn 0.9593 -0.2733 -0.0710
vn 0.9606 -0.2591 -0.1011
vn 0.9605 0.2593 0.1008
vn 0.9593 0.2735 0.0706
vn 0.9588 -0.2823 -0.0320
vn 0.9588 -0.2803 -0.0460
vn 0.9588 0.2804 0.0457
vn 0.9588 0.2823 0.0319
vn 0.9589 -0.2826 -0.0248
vn 0.9589 -0.2825 -0.0269
vn 0.9589 0.2825 0.0269
vn 0.9589 0.2826 0.0248
vn 0.9589 -0.2827 -0.0239
vn 0.9589 0.2827 0.0239
vn -0.0142 -0.6827 0.7306
vn -0.0196 -0.5617 0.8271
vn -0.3080 -0.5381 0.7846
vn -0.2627 -0.6633 0.7007
vn -0.0152 -0.9965 -0.0828
vn -0.2792 -0.9569 -0.0795
vn -0.0152 -0.9965 -0.0827
vn -0.0152 -0.9965 -0.0821
vn -0.2791 -0.9570 -0.0789
vn -0.2792 -0.9570 -0.0794
vn -0.0152 -0.9967 -0.0794
vn -0.0152 -0.9975 -0.0687
vn -0.2790 -0.9580 -0.0660
vn -0.2791 -0.9572 -0.0763
vn -0.0152 -0.9983 -0.0559
vn -0.0152 -0.9986 -0.0507
vn -0.2788 -0.9591 -0.0487
vn -0.2788 -0.9588 -0.0537
vn -0.0152 -0.9986 -0.0506
vn -0.0150 -0.9985 -0.0533
vn -0.2760 -0.9598 -0.0517
vn -0.2785 -0.9592 -0.0487
vn -0.0146 -0.9995 -0.0293
vn -0.0146 -0.9863 0.1646
vn -0.2681 -0.9504 0.1577
vn -0.2688 -0.9628 -0.0294
vn -0.0156 -0.8558 0.5170
vn -0.0167 -0.7202 0.6936
vn -0.3039 -0.6851 0.6620
vn -0.2854 -0.8197 0.4966
vn -0.0172 -0.6924 0.7213
vn -0.0164 -0.6902 0.7234
vn -0.2991 -0.6612 0.6880
vn -0.3125 -0.6577 0.6854
vn -0.0180 -0.5052 -0.8628
vn -0.0174 -0.6556 -0.7549
vn -0.3152 -0.6223 -0.7165
vn -0.3271 -0.4783 -0.8150
vn -0.0166 -0.7796 -0.6261
vn -0.0160 -0.8706 -0.4917
vn -0.2923 -0.8328 -0.4701
vn -0.3029 -0.7431 -0.5968
vn -0.0156 -0.9310 -0.3648
vn -0.0153 -0.9674 -0.2528
vn -0.2805 -0.9288 -0.2423
vn -0.2848 -0.8926 -0.3494
vn -0.0152 -0.9865 -0.1632
vn -0.0152 -0.9935 -0.1132
vn -0.2787 -0.9542 -0.1086
vn -0.2788 -0.9475 -0.1565
vn -0.0152 -0.9954 -0.0950
vn -0.0152 -0.9961 -0.0874
vn -0.2792 -0.9566 -0.0839
vn -0.2791 -0.9559 -0.0912
vn -0.0152 -0.9963 -0.0843
vn -0.0152 -0.9964 -0.0830
vn -0.2792 -0.9569 -0.0797
vn -0.2792 -0.9568 -0.0809
vn -0.0120 0.7933 -0.6087
vn -0.2266 0.7671 -0.6002
vn -0.2489 0.8524 -0.4599
vn -0.0156 0.8830 -0.4692
vn -0.0152 0.9965 0.0828
vn -0.2792 0.9569 0.0795
vn -0.0152 0.9965 0.0827
vn -0.2792 0.9570 0.0794
vn -0.2791 0.9570 0.0789
vn -0.0152 0.9965 0.0821
vn -0.0152 0.9967 0.0794
vn -0.2791 0.9572 0.0763
vn -0.2790 0.9580 0.0660
vn -0.0152 0.9975 0.0687
vn -0.0152 0.9983 0.0559
vn -0.2788 0.9588 0.0536
vn -0.2788 0.9591 0.0487
vn -0.0152 0.9986 0.0507
vn -0.0152 0.9986 0.0514
vn -0.2785 0.9592 0.0493
vn -0.2760 0.9595 0.0565
vn -0.0150 0.9981 0.0593
vn -0.0146 0.9989 0.0455
vn -0.2682 0.9624 0.0424
vn -0.2675 0.9521 -0.1479
vn -0.0145 0.9882 -0.1523
vn -0.0156 0.8473 -0.5308
vn -0.2858 0.8129 -0.5075
vn -0.3043 0.6732 -0.6739
vn -0.0167 0.7052 -0.7088
vn -0.0171 0.6932 -0.7206
vn -0.3105 0.6587 -0.6853
vn -0.2822 0.7005 -0.6555
vn -0.0154 0.7343 -0.6787
vn 0.0000 0.3646 0.9311
vn -0.0180 0.5072 0.8616
vn -0.3257 0.4794 0.8149
vn -0.3152 0.6217 0.7170
vn -0.0174 0.6550 0.7554
vn -0.0166 0.7798 0.6258
vn -0.3029 0.7432 0.5966
vn -0.2921 0.8340 0.4681
vn -0.0160 0.8720 0.4892
vn -0.0155 0.9324 0.3612
vn -0.2846 0.8938 0.3466
vn -0.2803 0.9297 0.2389
vn -0.0153 0.9685 0.2484
vn -0.0152 0.9871 0.1596
vn -0.2787 0.9480 0.1536
vn -0.2787 0.9544 0.1073
vn -0.0152 0.9936 0.1116
vn -0.0152 0.9954 0.0944
vn -0.2790 0.9560 0.0907
vn -0.2792 0.9566 0.0838
vn -0.0152 0.9961 0.0873
vn -0.0152 0.9963 0.0842
vn -0.2792 0.9568 0.0809
vn -0.2792 0.9569 0.0797
vn -0.0152 0.9964 0.0830
vn -0.9881 0.1332 0.0771
vn -0.8836 0.3617 -0.2973
vn -0.9038 -0.2992 0.3061
vn -0.9279 -0.3715 -0.0309
vn -0.9279 0.3716 0.0309
vn -0.9279 -0.3716 -0.0309
vn -0.9279 0.3715 0.0309
vn -0.9279 -0.3716 -0.0306
vn -0.9279 0.3716 0.0306
vn -0.9279 0.3716 0.0308
vn -0.9279 -0.3716 -0.0308
vn -0.9278 -0.3722 -0.0256
vn -0.9278 0.3722 0.0257
vn -0.9279 0.3717 0.0296
vn -0.9279 -0.3717 -0.0296
vn -0.9277 -0.3728 -0.0189
vn -0.9277 0.3728 0.0189
vn -0.9277 0.3726 0.0209
vn -0.9277 -0.3727 -0.0209
vn -0.9263 -0.3762 -0.0208
vn -0.9263 0.3762 0.0216
vn -0.9276 0.3732 0.0191
vn -0.9276 -0.3732 -0.0190
vn -0.9220 -0.3822 0.0623
vn -0.9219 0.3827 -0.0607
vn -0.9222 0.3863 0.0154
vn -0.9224 -0.3861 -0.0133
vn -0.9391 -0.2460 0.2401
vn -0.9391 0.2441 -0.2417
vn -0.9311 0.3103 -0.1919
vn -0.9310 -0.3115 0.1903
vn -0.9350 -0.2489 0.2526
vn -0.9304 0.2631 -0.2552
vn -0.9418 0.2328 -0.2426
vn -0.9422 -0.2318 0.2418
vn 1.0000 0.0000 0.0000
vn -0.9517 -0.1117 -0.2860
vn -0.9487 0.1141 0.2948
vn -0.9485 0.0894 0.3038
vn -0.9550 -0.0848 -0.2841
vn -0.9434 -0.2175 -0.2504
vn -0.9433 0.2175 0.2507
vn -0.9470 0.1627 0.2771
vn -0.9478 -0.1619 -0.2747
vn -0.9341 -0.3111 -0.1753
vn -0.9340 0.3113 0.1751
vn -0.9386 0.2690 0.2160
vn -0.9386 -0.2690 -0.2160
vn -0.9286 -0.3593 -0.0933
vn -0.9285 0.3595 0.0928
vn -0.9306 0.3412 0.1327
vn -0.9306 -0.3409 -0.1331
vn -0.9277 -0.3710 -0.0421
vn -0.9277 0.3710 0.0419
vn -0.9277 0.3685 0.0601
vn -0.9277 -0.3684 -0.0605
vn -0.9279 -0.3714 -0.0326
vn -0.9279 0.3714 0.0326
vn -0.9278 0.3713 0.0353
vn -0.9278 -0.3713 -0.0354
vn -0.9279 -0.3715 -0.0310
vn -0.9279 0.3715 0.0314
vn -0.9279 -0.3715 -0.0314
vn -0.0202 -0.6454 -0.7636
vn -0.1729 -0.6713 -0.7207
vn -0.3322 -0.5191 -0.7875
vn -0.0263 -0.5119 -0.8587
vn -0.0153 -0.9878 0.1548
vn -0.2836 -0.9474 0.1484
vn -0.0153 -0.9877 0.1554
vn -0.2833 -0.9474 0.1491
vn -0.2806 -0.9475 0.1532
vn -0.0152 -0.9871 0.1591
vn -0.0147 -0.9901 0.1398
vn -0.2718 -0.9527 0.1358
vn -0.2651 -0.9636 -0.0336
vn -0.0143 -0.9992 -0.0364
vn -0.0242 -0.9126 -0.4082
vn -0.2697 -0.8727 -0.4071
vn -0.1981 -0.7058 -0.6801
vn -0.0432 -0.7534 -0.6561
vn -0.0126 -0.6867 -0.7268
vn -0.0089 -0.6814 -0.7318
vn -0.0863 -0.6466 -0.7579
vn -0.0829 -0.6853 -0.7235
vn -0.0070 -0.6567 -0.7541
vn -0.0020 -0.6530 -0.7573
vn -0.0055 -0.6536 -0.7568
vn -0.0000 -0.2753 0.9614
vn 0.0000 -0.3562 0.9344
vn -0.0181 -0.5053 0.8628
vn -0.3314 -0.4780 0.8134
vn -0.3187 -0.6216 0.7156
vn -0.0174 -0.6556 0.7549
vn -0.0167 -0.7796 0.6261
vn -0.3061 -0.7423 0.5961
vn -0.2955 -0.8319 0.4697
vn -0.0160 -0.8706 0.4917
vn -0.0156 -0.9309 0.3649
vn -0.2880 -0.8917 0.3492
vn -0.2839 -0.9275 0.2431
vn -0.0154 -0.9671 0.2538
vn -0.0153 -0.9855 0.1691
vn -0.2823 -0.9455 0.1620
vn -0.2827 -0.9500 0.1330
vn -0.0153 -0.9902 0.1387
vn -0.0153 -0.9887 0.1489
vn -0.2834 -0.9483 0.1428
vn -0.2836 -0.9471 0.1504
vn -0.0153 -0.9875 0.1568
vn -0.0153 -0.9876 0.1562
vn -0.2837 -0.9472 0.1498
vn -0.2836 -0.9473 0.1486
vn -0.0153 -0.9878 0.1550
vn -0.0129 0.7584 0.6517
vn -0.0167 0.8551 0.5183
vn -0.3160 0.8074 0.4982
vn -0.2926 0.7193 0.6301
vn -0.0161 0.9878 -0.1548
vn -0.3545 0.9238 -0.1447
vn -0.0161 0.9876 -0.1562
vn -0.0159 0.9861 -0.1653
vn -0.3509 0.9236 -0.1543
vn -0.3541 0.9237 -0.1461
vn -0.0154 0.9875 -0.1567
vn -0.0149 0.9998 0.0166
vn -0.3313 0.9433 0.0174
vn -0.3399 0.9291 -0.1459
vn -0.0158 0.9057 0.4236
vn -0.0172 0.7334 0.6796
vn -0.3750 0.6815 0.6284
vn -0.3489 0.8493 0.3963
vn -0.0180 0.6774 0.7353
vn -0.0164 0.6993 0.7146
vn -0.3606 0.6484 0.6705
vn -0.3897 0.6241 0.6772
vn 0.0000 0.2878 -0.9577
vn 0.0000 0.3646 -0.9312
vn -0.0190 0.5072 -0.8616
vn -0.0183 0.6550 -0.7554
vn -0.3955 0.6018 -0.6939
vn -0.4068 0.4638 -0.7871
vn -0.0175 0.7798 -0.6258
vn -0.0168 0.8721 -0.4891
vn -0.3683 0.8107 -0.4550
vn -0.3811 0.7210 -0.5787
vn -0.0164 0.9324 -0.3611
vn -0.0161 0.9684 -0.2490
vn -0.3545 0.9055 -0.2333
vn -0.3594 0.8701 -0.3373
vn -0.0160 0.9861 -0.1654
vn -0.0161 0.9904 -0.1376
vn -0.3533 0.9266 -0.1288
vn -0.3528 0.9228 -0.1551
vn -0.0161 0.9887 -0.1487
vn -0.0161 0.9875 -0.1567
vn -0.3545 0.9235 -0.1466
vn -0.3542 0.9248 -0.1391
vn -0.0161 0.9878 -0.1550
vn -0.3545 0.9238 -0.1449
vn -0.3545 0.9236 -0.1461
vn -0.9910 -0.0120 -0.1332
vn -0.6711 -0.5404 -0.5076
vn -0.9722 0.1673 0.1638
vn -0.9239 -0.3781 0.0592
vn -0.9722 0.2313 -0.0362
vn -0.9223 -0.3815 0.0623
vn -0.9237 -0.3785 0.0597
vn -0.9721 0.2316 -0.0366
vn -0.9716 0.2336 -0.0386
vn -0.9133 -0.4072 -0.0124
vn -0.9173 -0.3939 0.0578
vn -0.9696 0.2420 -0.0369
vn -0.9679 0.2513 0.0060
vn -0.7555 -0.4498 -0.4763
vn -0.9019 -0.3883 -0.1895
vn -0.9730 0.2099 0.0959
vn -0.9877 0.1209 0.0986
vn -0.4899 -0.6186 -0.6143
vn -0.5130 -0.5451 -0.6631
vn -0.9995 0.0272 0.0133
vn -0.9993 0.0155 0.0340
vn -0.9503 -0.1141 0.2896
vn -0.9561 -0.0851 0.2804
vn -0.9773 0.0608 -0.2031
vn -0.9791 0.0742 -0.1896
vn -0.9396 -0.2244 0.2583
vn -0.9448 -0.1668 0.2822
vn -0.9793 0.1027 -0.1743
vn -0.9782 0.1361 -0.1568
vn -0.9297 -0.3209 0.1809
vn -0.9345 -0.2776 0.2229
vn -0.9763 0.1687 -0.1354
vn -0.9745 0.1957 -0.1101
vn -0.9240 -0.3701 0.0965
vn -0.9261 -0.3515 0.1373
vn -0.9730 0.2149 -0.0836
vn -0.9722 0.2266 -0.0587
vn -0.9234 -0.3803 0.0531
vn -0.9232 -0.3789 0.0646
vn -0.9719 0.2320 -0.0392
vn -0.9720 0.2327 -0.0324
vn -0.9239 -0.3780 0.0600
vn -0.9237 -0.3788 0.0570
vn -0.9721 0.2318 -0.0349
vn -0.9722 0.2312 -0.0367
vn -0.9239 -0.3781 0.0593
vn -0.9239 -0.3780 0.0598
vn -0.9722 0.2313 -0.0366
vn -0.9722 0.2313 -0.0363
vn 0.0193 -0.6449 -0.7640
vn 0.0251 -0.5116 -0.8589
vn 0.2793 -0.5209 -0.8067
vn 0.1555 -0.6684 -0.7274
vn 0.0156 -0.9878 0.1548
vn 0.3082 -0.9398 0.1473
vn 0.3082 -0.9399 0.1473
vn 0.0156 -0.9877 0.1554
vn 0.0155 -0.9871 0.1591
vn 0.3050 -0.9401 0.1521
vn 0.3079 -0.9399 0.1479
vn 0.0149 -0.9901 0.1398
vn 0.0145 -0.9992 -0.0364
vn 0.2884 -0.9569 -0.0334
vn 0.2955 -0.9458 0.1348
vn 0.0246 -0.9125 -0.4083
vn 0.0440 -0.7529 -0.6567
vn 0.2060 -0.7022 -0.6815
vn 0.2911 -0.8665 -0.4054
vn 0.0125 -0.6866 -0.7270
vn 0.0055 -0.6536 -0.7568
vn 0.0020 -0.6530 -0.7573
vn 0.0070 -0.6565 -0.7543
vn 0.0811 -0.6832 -0.7257
vn 0.0865 -0.6454 -0.7590
vn 0.0089 -0.6813 -0.7320
vn 0.0184 -0.5051 0.8629
vn 0.0178 -0.6556 0.7549
vn 0.3452 -0.6153 0.7087
vn 0.3553 -0.4717 0.8070
vn 0.0170 -0.7796 0.6261
vn 0.0164 -0.8706 0.4917
vn 0.3209 -0.8248 0.4656
vn 0.3323 -0.7354 0.5906
vn 0.0159 -0.9309 0.3649
vn 0.0157 -0.9671 0.2538
vn 0.3085 -0.9202 0.2411
vn 0.3129 -0.8844 0.3463
vn 0.0156 -0.9855 0.1691
vn 0.0156 -0.9902 0.1387
vn 0.3072 -0.9425 0.1319
vn 0.3068 -0.9381 0.1607
vn 0.0156 -0.9887 0.1489
vn 0.0156 -0.9875 0.1568
vn 0.3082 -0.9395 0.1492
vn 0.3080 -0.9408 0.1417
vn 0.0156 -0.9876 0.1562
vn 0.0156 -0.9878 0.1550
vn 0.3082 -0.9398 0.1475
vn 0.3082 -0.9396 0.1486
vn 0.0122 0.7584 0.6517
vn 0.2309 0.7320 0.6410
vn 0.2542 0.8239 0.5065
vn 0.0159 0.8551 0.5183
vn 0.0153 0.9878 -0.1548
vn 0.2816 0.9480 -0.1485
vn 0.0153 0.9876 -0.1562
vn 0.2813 0.9478 -0.1499
vn 0.2786 0.9473 -0.1582
vn 0.0151 0.9861 -0.1653
vn 0.0146 0.9875 -0.1567
vn 0.2694 0.9514 -0.1494
vn 0.2623 0.9648 0.0178
vn 0.0142 0.9998 0.0166
vn 0.0150 0.9057 0.4236
vn 0.2769 0.8708 0.4063
vn 0.2988 0.7016 0.6469
vn 0.0164 0.7334 0.6796
vn 0.0171 0.6775 0.7354
vn 0.3113 0.6440 0.6988
vn 0.2867 0.6659 0.6887
vn 0.0156 0.6993 0.7146
vn -0.0000 0.3646 -0.9311
vn 0.0181 0.5072 -0.8616
vn 0.3268 0.4793 -0.8146
vn 0.3163 0.6215 -0.7167
vn 0.0174 0.6550 -0.7554
vn 0.0167 0.7798 -0.6258
vn 0.3039 0.7430 -0.5963
vn 0.2932 0.8337 -0.4679
vn 0.0160 0.8721 -0.4891
vn 0.0156 0.9324 -0.3611
vn 0.2857 0.8935 -0.3464
vn 0.2816 0.9292 -0.2394
vn 0.0153 0.9684 -0.2490
vn 0.0152 0.9861 -0.1654
vn 0.2802 0.9467 -0.1591
vn 0.2806 0.9507 -0.1322
vn 0.0153 0.9904 -0.1376
vn 0.0153 0.9888 -0.1487
vn 0.2813 0.9489 -0.1428
vn 0.2816 0.9477 -0.1504
vn 0.0153 0.9875 -0.1567
vn 0.2816 0.9477 -0.1499
vn 0.2816 0.9479 -0.1487
vn 0.0153 0.9878 -0.1550
vn 0.9876 0.0372 -0.1523
vn 0.9216 0.2813 0.2675
vn 0.6321 -0.5576 -0.5381
vn 0.9492 -0.3110 0.0487
vn 0.9263 0.3721 -0.0583
vn 0.9491 -0.3110 0.0487
vn 0.9480 -0.3140 0.0513
vn 0.9248 0.3753 -0.0621
vn 0.9262 0.3724 -0.0588
vn 0.9490 -0.3113 0.0491
vn 0.9417 -0.3362 -0.0102
vn 0.9158 0.4014 0.0095
vn 0.9199 0.3877 -0.0592
vn 0.9446 -0.3248 0.0476
vn 0.7788 -0.4263 -0.4601
vn 0.9548 0.2254 0.1936
vn 0.9266 0.3416 0.1570
vn 0.9295 -0.3305 -0.1636
vn 0.4807 -0.6189 -0.6212
vn 0.9844 0.1118 0.1358
vn 0.9860 0.1214 0.1147
vn 0.5175 -0.5407 -0.6632
vn 0.9617 -0.0968 0.2565
vn 0.9476 0.1157 -0.2977
vn 0.9481 0.0904 -0.3049
vn 0.9589 -0.0771 0.2731
vn 0.9598 -0.1838 0.2119
vn 0.9415 0.2208 -0.2545
vn 0.9454 0.1652 -0.2810
vn 0.9620 -0.1376 0.2360
vn 0.9532 -0.2634 0.1485
vn 0.9320 0.3160 -0.1777
vn 0.9366 0.2732 -0.2193
vn 0.9565 -0.2275 0.1827
vn 0.9492 -0.3045 0.0794
vn 0.9264 0.3645 -0.0944
vn 0.9284 0.3462 -0.1347
vn 0.9507 -0.2889 0.1128
vn 0.9488 -0.3128 0.0437
vn 0.9258 0.3743 -0.0521
vn 0.9256 0.3731 -0.0631
vn 0.9487 -0.3118 0.0531
vn 0.9492 -0.3109 0.0494
vn 0.9264 0.3720 -0.0591
vn 0.9262 0.3728 -0.0561
vn 0.9491 -0.3116 0.0469
vn 0.9492 -0.3110 0.0488
vn 0.9263 0.3721 -0.0584
vn 0.9264 0.3720 -0.0588
vn 0.9492 -0.3109 0.0492
vn -0.0000 0.9877 -0.1562
vn 0.0000 0.9879 -0.1550
vn -0.0000 0.9889 -0.1487
vn 0.0000 0.9876 -0.1568
vn -0.0000 0.9862 -0.1654
vn -0.0000 0.9905 -0.1376
vn -0.0000 0.9325 -0.3611
vn 0.0000 0.9685 -0.2490
vn 0.0000 0.7799 -0.6259
vn 0.0000 0.8722 -0.4892
vn 0.0000 0.5073 -0.8618
vn -0.0000 0.6551 -0.7556
vn -0.0000 0.6775 0.7355
vn 0.0000 0.6999 0.7142
vn 0.0000 0.9058 0.4237
vn -0.0000 0.7333 0.6799
vn 0.0000 0.9876 -0.1569
vn 0.0000 0.9999 0.0164
vn -0.0000 0.9877 -0.1563
vn -0.0000 0.9879 -0.1548
vn -0.0000 0.7593 0.6507
vn 0.0000 0.8548 0.5189
vn 0.0004 -0.6406 -0.7679
vn 0.0005 -0.5138 -0.8579
vn -0.0021 -0.5107 -0.8598
vn -0.0020 -0.6396 -0.7687
vn 0.0000 0.8548 0.5190
vn -0.0004 -0.6406 -0.7679
vn 0.0019 -0.6395 -0.7687
vn 0.0021 -0.5107 -0.8598
vn -0.0005 -0.5138 -0.8579
vn 0.0007 0.9965 0.0835
vn 0.0001 0.9964 0.0842
vn 0.0000 0.9966 0.0830
vn 0.0001 0.9966 0.0829
vn 0.0001 0.9955 0.0946
vn 0.0000 0.9955 0.0944
vn 0.0001 0.9962 0.0873
vn 0.0007 0.9961 0.0881
vn 0.0000 0.9872 0.1596
vn 0.0000 0.9938 0.1116
vn 0.0000 0.9325 0.3612
vn 0.0000 0.9687 0.2484
vn 0.0000 0.7799 0.6259
vn 0.0000 0.8722 0.4892
vn 0.0000 0.5073 0.8618
vn 0.0000 0.6551 0.7556
vn 0.0000 0.6933 -0.7207
vn 0.0000 0.7349 -0.6782
vn 0.0000 0.8473 -0.5310
vn 0.0000 0.7052 -0.7090
vn 0.0000 0.9990 0.0457
vn 0.0000 0.9884 -0.1521
vn -0.0001 0.9987 0.0516
vn -0.0000 0.9987 0.0514
vn -0.0000 0.9982 0.0594
vn 0.0032 0.9986 0.0525
vn 0.0004 0.9985 0.0556
vn 0.0001 0.9987 0.0506
vn 0.0002 0.9987 0.0501
vn 0.0003 0.9968 0.0796
vn 0.0001 0.9968 0.0795
vn 0.0004 0.9976 0.0689
vn 0.0032 0.9974 0.0714
vn 0.0000 0.9966 0.0827
vn -0.0000 0.9966 0.0821
vn 0.0000 0.9966 0.0828
vn -0.0000 0.7941 -0.6077
vn 0.0000 0.7941 -0.6078
vn 0.0000 0.8827 -0.4699
vn -0.0007 -0.9965 -0.0835
vn -0.0001 -0.9966 -0.0829
vn -0.0000 -0.9965 -0.0830
vn -0.0001 -0.9964 -0.0842
vn -0.0001 -0.9955 -0.0952
vn -0.0007 -0.9961 -0.0882
vn -0.0001 -0.9962 -0.0874
vn -0.0000 -0.9955 -0.0951
vn 0.0000 -0.9866 -0.1633
vn 0.0000 -0.9936 -0.1133
vn 0.0000 -0.9311 -0.3648
vn 0.0000 -0.9675 -0.2528
vn -0.0000 -0.7797 -0.6262
vn 0.0000 -0.8707 -0.4918
vn -0.0000 -0.5052 -0.8630
vn 0.0000 -0.6557 -0.7550
vn 0.0000 -0.6925 0.7214
vn -0.0000 -0.6900 0.7238
vn 0.0000 -0.8560 0.5170
vn 0.0000 -0.7204 0.6935
vn 0.0000 -0.9996 -0.0291
vn -0.0000 -0.9863 0.1647
vn 0.0001 -0.9987 -0.0508
vn 0.0000 -0.9986 -0.0533
vn 0.0000 -0.9987 -0.0506
vn -0.0032 -0.9986 -0.0525
vn -0.0002 -0.9987 -0.0501
vn -0.0001 -0.9987 -0.0507
vn -0.0004 -0.9985 -0.0556
vn -0.0003 -0.9968 -0.0796
vn -0.0032 -0.9974 -0.0714
vn -0.0004 -0.9976 -0.0689
vn -0.0001 -0.9968 -0.0794
vn -0.0000 -0.9966 -0.0827
vn -0.0000 -0.9966 -0.0821
vn -0.0000 -0.9966 -0.0828
vn 0.0000 -0.6821 0.7312
vn 0.0000 -0.5632 0.8263
vn -0.0007 0.9965 0.0835
vn -0.0001 0.9966 0.0829
vn -0.0001 0.9964 0.0842
vn -0.0001 0.9955 0.0946
vn -0.0007 0.9961 0.0881
vn -0.0001 0.9962 0.0873
vn 0.0001 0.9987 0.0516
vn -0.0031 0.9986 0.0525
vn -0.0002 0.9987 0.0501
vn -0.0001 0.9987 0.0506
vn -0.0004 0.9985 0.0556
vn -0.0003 0.9968 0.0796
vn -0.0031 0.9974 0.0714
vn -0.0004 0.9976 0.0689
vn -0.0001 0.9968 0.0795
vn 0.0007 -0.9965 -0.0835
vn 0.0001 -0.9964 -0.0842
vn 0.0001 -0.9966 -0.0829
vn 0.0001 -0.9955 -0.0952
vn 0.0001 -0.9962 -0.0874
vn 0.0007 -0.9961 -0.0882
vn -0.0001 -0.9987 -0.0508
vn 0.0031 -0.9986 -0.0525
vn 0.0004 -0.9985 -0.0556
vn 0.0001 -0.9987 -0.0507
vn 0.0002 -0.9987 -0.0501
vn 0.0003 -0.9968 -0.0796
vn 0.0001 -0.9968 -0.0794
vn 0.0004 -0.9976 -0.0689
vn 0.0031 -0.9974 -0.0714
vn -0.0193 0.2877 -0.9575
vn -0.0193 0.3646 -0.9310
vn -0.4107 0.3330 -0.8488
vn -0.4062 0.2635 -0.8750
vn 0.0192 0.2874 0.9576
vn 0.0192 0.3644 0.9311
vn 0.3961 0.3327 0.8558
vn 0.4012 0.2607 0.8781
vn -0.0184 0.3645 0.9310
vn -0.0184 0.2875 0.9576
vn -0.3324 0.2700 0.9037
vn -0.3318 0.3431 0.8788
vn 0.0184 0.3645 -0.9310
vn 0.0184 0.2876 -0.9576
vn 0.3327 0.2702 -0.9035
vn 0.3325 0.3431 -0.8785
vn -0.0000 -0.9877 0.1562
vn -0.0000 -0.9879 0.1550
vn -0.0000 -0.9888 0.1489
vn -0.0000 -0.9876 0.1568
vn -0.0000 -0.9856 0.1692
vn 0.0000 -0.9903 0.1388
vn 0.0000 -0.9310 0.3650
vn -0.0000 -0.9672 0.2539
vn -0.0000 -0.7797 0.6262
vn 0.0000 -0.8707 0.4918
vn -0.0000 -0.5052 0.8630
vn 0.0000 -0.6557 0.7550
vn -0.0017 -0.9128 -0.4083
vn 0.0039 -0.9136 -0.4065
vn 0.0113 -0.7644 -0.6447
vn -0.0070 -0.7632 -0.6461
vn 0.0000 -0.9902 0.1396
vn -0.0000 -0.9993 -0.0366
vn -0.0000 -0.9879 0.1554
vn -0.0000 -0.9873 0.1591
vn 0.0000 -0.9879 0.1548
vn 0.0017 -0.9128 -0.4083
vn 0.0069 -0.7632 -0.6462
vn -0.0112 -0.7645 -0.6446
vn -0.0039 -0.9136 -0.4065
vn 0.0187 -0.2751 0.9612
vn 0.0188 -0.3560 0.9343
vn 0.3577 -0.3314 0.8731
vn 0.3517 -0.2561 0.9004
vn -0.0186 -0.2756 -0.9611
vn -0.0185 -0.3564 -0.9342
vn -0.3368 -0.3378 -0.8789
vn -0.3438 -0.2620 -0.9018
vn -0.0186 -0.3565 0.9341
vn -0.0188 -0.2757 0.9610
vn -0.3557 -0.2626 0.8970
vn -0.3440 -0.3382 0.8760
vn 0.0190 -0.3559 -0.9343
vn 0.0189 -0.2749 -0.9613
vn 0.3700 -0.2522 -0.8941
vn 0.3818 -0.3264 -0.8647
usemtl Material.001
s off
f 330/1/1 1048/2/1 1176/3/1 1097/4/1
f 1048/2/2 16/5/2 383/6/2 1176/3/2
f 1176/3/3 383/6/3 2/7/3 1041/8/3
f 1097/4/4 1176/3/4 1041/8/4 323/9/4
f 334/10/5 1052/11/5 1177/12/5 1096/13/5
f 1052/11/6 25/14/6 384/15/6 1177/12/6
f 1177/12/6 384/15/6 4/16/6 1025/17/6
f 1096/13/5 1177/12/5 1025/17/5 307/18/5
f 307/18/5 1025/17/5 1178/19/5 1095/20/5
f 1025/17/6 4/16/6 385/21/6 1178/19/6
f 1178/19/6 385/21/6 5/22/6 1026/23/6
f 1095/20/5 1178/19/5 1026/23/5 308/24/5
f 308/24/5 1026/23/5 1179/25/5 1094/26/5
f 1026/23/6 5/22/6 386/27/6 1179/25/6
f 1179/25/6 386/27/6 6/28/6 1042/29/6
f 1094/26/5 1179/25/5 1042/29/5 324/30/5
f 324/30/5 1042/29/5 1180/31/5 1093/32/5
f 1042/29/6 6/28/6 387/33/6 1180/31/6
f 1180/31/6 387/33/6 7/34/6 1043/35/6
f 1093/32/5 1180/31/5 1043/35/5 325/36/5
f 325/36/7 1043/35/7 1181/37/7 1092/38/7
f 1043/35/8 7/34/8 388/39/8 1181/37/8
f 1181/37/9 388/39/9 8/40/9 1044/41/9
f 1092/38/10 1181/37/10 1044/41/10 326/42/10
f 326/42/11 1044/41/11 1182/43/11 1091/44/11
f 1044/41/12 8/40/12 392/45/12 1182/43/12
f 1182/43/13 392/45/13 11/46/13 1045/47/13
f 1091/44/14 1182/43/14 1045/47/14 327/48/14
f 327/48/15 1045/47/15 1183/49/15 1090/50/15
f 1045/47/16 11/46/16 393/51/16 1183/49/16
f 1183/49/17 393/51/17 12/52/17 1046/53/17
f 1090/50/18 1183/49/18 1046/53/18 328/54/18
f 328/54/19 1046/53/19 1184/55/19 1089/56/19
f 1046/53/20 12/52/20 394/57/20 1184/55/20
f 1184/55/21 394/57/21 13/58/21 1027/59/21
f 1089/56/22 1184/55/22 1027/59/22 309/60/22
f 309/60/23 1027/59/23 1185/61/23 1088/62/23
f 1027/59/24 13/58/24 395/63/24 1185/61/24
f 1185/61/25 395/63/25 14/64/25 1028/65/25
f 1088/62/26 1185/61/26 1028/65/26 310/66/26
f 310/66/27 1028/65/27 1186/67/27 1087/68/27
f 1028/65/28 14/64/28 396/69/28 1186/67/28
f 1186/67/29 396/69/29 15/70/29 1047/71/29
f 1087/68/30 1186/67/30 1047/71/30 329/72/30
f 329/72/31 1047/71/31 1187/73/31 1086/74/31
f 1047/71/32 15/70/32 397/75/32 1187/73/32
f 1187/73/33 397/75/33 16/5/33 1048/2/33
f 1086/74/34 1187/73/34 1048/2/34 330/1/34
f 3/76/35 1173/77/35 1188/78/35 408/79/35
f 1173/77/35 381/80/35 1175/81/35 1188/78/35
f 1188/78/36 1175/81/36 311/82/36 410/83/36
f 408/79/36 1188/78/36 410/83/36 26/84/36
f 311/82/37 1029/85/37 1189/86/37 1085/87/37
f 1029/85/38 19/88/38 402/89/38 1189/86/38
f 1189/86/39 402/89/39 20/90/39 1049/91/39
f 1085/87/40 1189/86/40 1049/91/40 331/92/40
f 331/92/41 1049/91/41 1190/93/41 1084/94/41
f 1049/91/42 20/90/42 403/95/42 1190/93/42
f 1190/93/43 403/95/43 21/96/43 1050/97/43
f 1084/94/44 1190/93/44 1050/97/44 332/98/44
f 332/98/45 1050/97/45 1191/99/45 1083/100/45
f 1050/97/46 21/96/46 404/101/46 1191/99/46
f 1191/99/47 404/101/47 22/102/47 1030/103/47
f 1083/100/48 1191/99/48 1030/103/48 312/104/48
f 312/104/49 1030/103/49 1192/105/49 1082/106/49
f 1030/103/50 22/102/50 405/107/50 1192/105/50
f 1192/105/51 405/107/51 23/108/51 1031/109/51
f 1082/106/52 1192/105/52 1031/109/52 313/110/52
f 313/110/53 1031/109/53 1193/111/53 1081/112/53
f 1031/109/54 23/108/54 406/113/54 1193/111/54
f 1193/111/55 406/113/55 24/114/55 1051/115/55
f 1081/112/56 1193/111/56 1051/115/56 333/116/56
f 333/116/57 1051/115/57 1194/117/57 1080/118/57
f 1051/115/58 24/114/58 407/119/58 1194/117/58
f 1194/117/59 407/119/59 25/14/59 1052/11/59
f 1080/118/60 1194/117/60 1052/11/60 334/10/60
f 341/120/61 1079/121/61 1195/122/61 1059/123/61
f 1079/121/62 323/9/62 1041/8/62 1195/122/62
f 1195/122/63 1041/8/63 2/7/63 758/124/63
f 1059/123/64 1195/122/64 758/124/64 45/125/64
f 343/126/65 1078/127/65 1196/128/65 1061/129/65
f 1078/127/65 335/130/65 1053/131/65 1196/128/65
f 1196/128/66 1053/131/66 32/132/66 414/133/66
f 1061/129/66 1196/128/66 414/133/66 53/134/66
f 335/130/65 1077/135/65 1197/136/65 1053/131/65
f 1077/135/65 314/137/65 1032/138/65 1197/136/65
f 1197/136/66 1032/138/66 33/139/66 415/140/66
f 1053/131/66 1197/136/66 415/140/66 32/132/66
f 314/137/65 1076/141/65 1198/142/65 1032/138/65
f 1076/141/65 336/143/65 1054/144/65 1198/142/65
f 1198/142/66 1054/144/66 34/145/66 416/146/66
f 1032/138/66 1198/142/66 416/146/66 33/139/66
f 336/143/65 1075/147/65 1199/148/65 1054/144/65
f 1075/147/65 315/149/65 1033/150/65 1199/148/65
f 1199/148/66 1033/150/66 35/151/66 417/152/66
f 1054/144/66 1199/148/66 417/152/66 34/145/66
f 315/149/67 1074/153/67 1200/154/67 1033/150/67
f 1074/153/68 316/155/68 1034/156/68 1200/154/68
f 1200/154/69 1034/156/69 36/157/69 418/158/69
f 1033/150/70 1200/154/70 418/158/70 35/151/70
f 316/155/71 1073/159/71 1201/160/71 1034/156/71
f 1073/159/72 337/161/72 1055/162/72 1201/160/72
f 1201/160/73 1055/162/73 40/163/73 423/164/73
f 1034/156/74 1201/160/74 423/164/74 36/157/74
f 337/161/75 1072/165/75 1202/166/75 1055/162/75
f 1072/165/76 338/167/76 1056/168/76 1202/166/76
f 1202/166/77 1056/168/77 41/169/77 424/170/77
f 1055/162/78 1202/166/78 424/170/78 40/163/78
f 338/167/79 1071/171/79 1203/172/79 1056/168/79
f 1071/171/80 339/173/80 1057/174/80 1203/172/80
f 1203/172/81 1057/174/81 42/175/81 425/176/81
f 1056/168/82 1203/172/82 425/176/82 41/169/82
f 339/173/83 1070/177/83 1204/178/83 1057/174/83
f 1070/177/84 340/179/84 1058/180/84 1204/178/84
f 1204/178/85 1058/180/85 43/181/85 426/182/85
f 1057/174/86 1204/178/86 426/182/86 42/175/86
f 340/179/87 1069/183/87 1205/184/87 1058/180/87
f 1069/183/88 317/185/88 1035/186/88 1205/184/88
f 1205/184/89 1035/186/89 44/187/89 427/188/89
f 1058/180/90 1205/184/90 427/188/90 43/181/90
f 317/185/91 1068/189/91 1206/190/91 1035/186/91
f 1068/189/92 341/120/92 1059/123/92 1206/190/92
f 1206/190/93 1059/123/93 45/125/93 428/191/93
f 1035/186/94 1206/190/94 428/191/94 44/187/94
f 30/192/95 437/193/95 1207/194/95 1098/195/95
f 437/193/96 54/196/96 442/197/96 1207/194/96
f 1207/194/96 442/197/96 318/198/96 1100/199/96
f 1098/195/97 1207/194/97 1100/199/97 344/200/97
f 318/198/98 1067/201/98 1208/202/98 1036/203/98
f 1067/201/99 319/204/99 1037/205/99 1208/202/99
f 1208/202/100 1037/205/100 48/206/100 431/207/100
f 1036/203/101 1208/202/101 431/207/101 47/208/101
f 319/204/102 1066/209/102 1209/210/102 1037/205/102
f 1066/209/103 320/211/103 1038/212/103 1209/210/103
f 1209/210/104 1038/212/104 49/213/104 432/214/104
f 1037/205/105 1209/210/105 432/214/105 48/206/105
f 320/211/106 1065/215/106 1210/216/106 1038/212/106
f 1065/215/107 321/217/107 1039/218/107 1210/216/107
f 1210/216/108 1039/218/108 50/219/108 433/220/108
f 1038/212/109 1210/216/109 433/220/109 49/213/109
f 321/217/110 1064/221/110 1211/222/110 1039/218/110
f 1064/221/111 322/223/111 1040/224/111 1211/222/111
f 1211/222/112 1040/224/112 51/225/112 434/226/112
f 1039/218/113 1211/222/113 434/226/113 50/219/113
f 322/223/114 1063/227/114 1212/228/114 1040/224/114
f 1063/227/115 342/229/115 1060/230/115 1212/228/115
f 1212/228/116 1060/230/116 52/231/116 435/232/116
f 1040/224/117 1212/228/117 435/232/117 51/225/117
f 342/229/118 1062/233/118 1213/234/118 1060/230/118
f 1062/233/119 343/126/119 1061/129/119 1213/234/119
f 1213/234/120 1061/129/120 53/134/120 436/235/120
f 1060/230/121 1213/234/121 436/235/121 52/231/121
f 1/236/122 382/237/122 1214/238/122 447/239/122
f 381/80/122 1173/77/122 1214/238/122 382/237/122
f 3/76/122 448/240/122 1214/238/122 1173/77/122
f 30/192/122 1098/195/122 1214/238/122 448/240/122
f 344/200/122 413/241/122 1214/238/122 1098/195/122
f 29/242/122 447/239/122 1214/238/122 413/241/122
f 2/7/123 383/6/123 1215/243/123 758/124/123
f 16/5/124 460/244/124 1215/243/124 383/6/124
f 45/125/125 758/124/125 1215/243/125 460/244/125
f 78/245/126 739/246/126 1216/247/126 555/248/126
f 31/249/126 691/250/126 1216/247/126 739/246/126
f 108/251/126 555/248/126 1216/247/126 691/250/126
f 4/16/127 384/15/127 1217/252/127 449/253/127
f 384/15/127 25/14/127 467/254/127 1217/252/127
f 1217/252/128 467/254/128 53/134/128 414/133/128
f 449/253/128 1217/252/128 414/133/128 32/132/128
f 5/22/127 385/21/127 1218/255/127 450/256/127
f 385/21/127 4/16/127 449/253/127 1218/255/127
f 1218/255/128 449/253/128 32/132/128 415/140/128
f 450/256/128 1218/255/128 415/140/128 33/139/128
f 6/28/127 386/27/127 1219/257/127 451/258/127
f 386/27/127 5/22/127 450/256/127 1219/257/127
f 1219/257/128 450/256/128 33/139/128 416/146/128
f 451/258/128 1219/257/128 416/146/128 34/145/128
f 7/34/127 387/33/127 1220/259/127 452/260/127
f 387/33/127 6/28/127 451/258/127 1220/259/127
f 1220/259/128 451/258/128 34/145/128 417/152/128
f 452/260/128 1220/259/128 417/152/128 35/151/128
f 8/40/129 388/39/129 1221/261/129 453/262/129
f 388/39/127 7/34/127 452/260/127 1221/261/127
f 1221/261/128 452/260/128 35/151/128 418/158/128
f 453/262/130 1221/261/130 418/158/130 36/157/130
f 89/263/126 740/264/126 1222/265/126 564/266/126
f 740/264/126 9/267/126 775/268/126 1222/265/126
f 1222/265/126 775/268/126 96/269/126 513/270/126
f 564/266/126 1222/265/126 513/270/126 117/271/126
f 9/267/126 389/272/126 1223/273/126 775/268/126
f 389/272/126 10/274/126 454/275/126 1223/273/126
f 1223/273/126 454/275/126 37/276/126 759/277/126
f 775/268/126 1223/273/126 759/277/126 96/269/126
f 10/274/126 741/278/126 1224/279/126 454/275/126
f 741/278/126 66/280/126 546/281/126 1224/279/126
f 1224/279/126 546/281/126 97/282/126 760/283/126
f 454/275/126 1224/279/126 760/283/126 37/276/126
f 66/280/126 477/284/126 1225/285/126 546/281/126
f 477/284/126 67/286/126 776/287/126 1225/285/126
f 1225/285/126 776/287/126 38/288/126 761/289/126
f 546/281/126 1225/285/126 761/289/126 97/282/126
f 67/286/126 478/290/126 1226/291/126 776/287/126
f 478/290/126 68/292/126 777/293/126 1226/291/126
f 1226/291/126 777/293/126 39/294/126 419/295/126
f 776/287/126 1226/291/126 419/295/126 38/288/126
f 11/46/131 392/45/131 1227/296/131 455/297/131
f 392/45/132 8/40/132 453/262/132 1227/296/132
f 1227/296/133 453/262/133 36/157/133 423/164/133
f 455/297/134 1227/296/134 423/164/134 40/163/134
f 12/52/135 393/51/135 1228/298/135 456/299/135
f 393/51/136 11/46/136 455/297/136 1228/298/136
f 1228/298/137 455/297/137 40/163/137 424/170/137
f 456/299/138 1228/298/138 424/170/138 41/169/138
f 13/58/139 394/57/139 1229/300/139 457/301/139
f 394/57/140 12/52/140 456/299/140 1229/300/140
f 1229/300/141 456/299/141 41/169/141 425/176/141
f 457/301/142 1229/300/142 425/176/142 42/175/142
f 14/64/143 395/63/143 1230/302/143 458/303/143
f 395/63/144 13/58/144 457/301/144 1230/302/144
f 1230/302/145 457/301/145 42/175/145 426/182/145
f 458/303/146 1230/302/146 426/182/146 43/181/146
f 15/70/147 396/69/147 1231/304/147 459/305/147
f 396/69/148 14/64/148 458/303/148 1231/304/148
f 1231/304/149 458/303/149 43/181/149 427/188/149
f 459/305/150 1231/304/150 427/188/150 44/187/150
f 16/5/151 397/75/151 1232/306/151 460/244/151
f 397/75/152 15/70/152 459/305/152 1232/306/152
f 1232/306/153 459/305/153 44/187/153 428/191/153
f 460/244/154 1232/306/154 428/191/154 45/125/154
f 68/292/126 488/307/126 1233/308/126 777/293/126
f 488/307/126 75/309/126 553/310/126 1233/308/126
f 1233/308/126 553/310/126 104/311/126 764/312/126
f 777/293/126 1233/308/126 764/312/126 39/294/126
f 76/313/126 745/314/126 1234/315/126 554/316/126
f 745/314/126 17/317/126 778/318/126 1234/315/126
f 1234/315/126 778/318/126 106/319/126 523/320/126
f 554/316/126 1234/315/126 523/320/126 105/321/126
f 17/317/126 398/322/126 1235/323/126 778/318/126
f 398/322/126 18/324/126 779/325/126 1235/323/126
f 1235/323/126 779/325/126 107/326/126 524/327/126
f 778/318/126 1235/323/126 524/327/126 106/319/126
f 18/324/126 746/328/126 1236/329/126 779/325/126
f 746/328/126 77/330/126 780/331/126 1236/329/126
f 1236/329/126 780/331/126 46/332/126 765/333/126
f 779/325/126 1236/329/126 765/333/126 107/326/126
f 77/330/126 490/334/126 1237/335/126 780/331/126
f 490/334/126 78/245/126 555/248/126 1237/335/126
f 1237/335/126 555/248/126 108/251/126 766/336/126
f 780/331/126 1237/335/126 766/336/126 46/332/126
f 19/88/155 401/337/155 1238/338/155 461/339/155
f 401/337/156 1/236/156 447/239/156 1238/338/156
f 1238/338/157 447/239/157 29/242/157 430/340/157
f 461/339/158 1238/338/158 430/340/158 47/208/158
f 20/90/159 402/89/159 1239/341/159 462/342/159
f 402/89/160 19/88/160 461/339/160 1239/341/160
f 1239/341/161 461/339/161 47/208/161 431/207/161
f 462/342/162 1239/341/162 431/207/162 48/206/162
f 21/96/163 403/95/163 1240/343/163 463/344/163
f 403/95/164 20/90/164 462/342/164 1240/343/164
f 1240/343/165 462/342/165 48/206/165 432/214/165
f 463/344/166 1240/343/166 432/214/166 49/213/166
f 22/102/167 404/101/167 1241/345/167 464/346/167
f 404/101/168 21/96/168 463/344/168 1241/345/168
f 1241/345/169 463/344/169 49/213/169 433/220/169
f 464/346/170 1241/345/170 433/220/170 50/219/170
f 23/108/171 405/107/171 1242/347/171 465/348/171
f 405/107/172 22/102/172 464/346/172 1242/347/172
f 1242/347/173 464/346/173 50/219/173 434/226/173
f 465/348/174 1242/347/174 434/226/174 51/225/174
f 24/114/175 406/113/175 1243/349/175 466/350/175
f 406/113/176 23/108/176 465/348/176 1243/349/176
f 1243/349/177 465/348/177 51/225/177 435/232/177
f 466/350/178 1243/349/178 435/232/178 52/231/178
f 25/14/127 407/119/127 1244/351/127 467/254/127
f 407/119/179 24/114/179 466/350/179 1244/351/179
f 1244/351/180 466/350/180 52/231/180 436/235/180
f 467/254/128 1244/351/128 436/235/128 53/134/128
f 3/76/126 408/79/126 1245/352/126 448/240/126
f 408/79/126 26/84/126 468/353/126 1245/352/126
f 1245/352/126 468/353/126 54/196/126 437/193/126
f 448/240/126 1245/352/126 437/193/126 30/192/126
f 26/84/126 751/354/126 1246/355/126 468/353/126
f 751/354/126 86/356/126 781/357/126 1246/355/126
f 1246/355/126 781/357/126 55/358/126 438/359/126
f 468/353/126 1246/355/126 438/359/126 54/196/126
f 86/356/126 502/360/126 1247/361/126 781/357/126
f 502/360/126 87/362/126 782/363/126 1247/361/126
f 1247/361/126 782/363/126 56/364/126 439/365/126
f 781/357/126 1247/361/126 439/365/126 55/358/126
f 87/362/126 752/366/126 1248/367/126 782/363/126
f 752/366/126 27/368/126 469/369/126 1248/367/126
f 1248/367/126 469/369/126 57/370/126 440/371/126
f 782/363/126 1248/367/126 440/371/126 56/364/126
f 27/368/126 409/372/126 1249/373/126 469/369/126
f 409/372/126 28/374/126 470/375/126 1249/373/126
f 1249/373/126 470/375/126 58/376/126 441/377/126
f 469/369/126 1249/373/126 441/377/126 57/370/126
f 28/374/126 753/378/126 1250/379/126 470/375/126
f 753/378/126 88/380/126 563/381/126 1250/379/126
f 1250/379/126 563/381/126 116/382/126 772/383/126
f 470/375/126 1250/379/126 772/383/126 58/376/126
f 276/384/181 1024/385/181 1251/386/181 958/387/181
f 1024/385/182 290/388/182 972/389/182 1251/386/182
f 1251/386/183 972/389/183 60/390/183 471/391/183
f 958/387/184 1251/386/184 471/391/184 74/392/184
f 280/393/185 1023/394/185 1252/395/185 962/396/185
f 1023/394/185 291/397/185 973/398/185 1252/395/185
f 1252/395/186 973/398/186 61/399/186 472/400/186
f 962/396/186 1252/395/186 472/400/186 85/401/186
f 291/397/185 1022/402/185 1253/403/185 973/398/185
f 1022/402/185 292/404/185 974/405/185 1253/403/185
f 1253/403/186 974/405/186 62/406/186 473/407/186
f 973/398/186 1253/403/186 473/407/186 61/399/186
f 292/404/185 1021/408/185 1254/409/185 974/405/185
f 1021/408/185 270/410/185 952/411/185 1254/409/185
f 1254/409/186 952/411/186 63/412/186 474/413/186
f 974/405/186 1254/409/186 474/413/186 62/406/186
f 270/410/185 1020/414/185 1255/415/185 952/411/185
f 1020/414/185 271/416/185 953/417/185 1255/415/185
f 1255/415/186 953/417/186 64/418/186 475/419/186
f 952/411/186 1255/415/186 475/419/186 63/412/186
f 271/416/187 1019/420/187 1256/421/187 953/417/187
f 1019/420/188 272/422/188 954/423/188 1256/421/188
f 1256/421/189 954/423/189 65/424/189 476/425/189
f 953/417/190 1256/421/190 476/425/190 64/418/190
f 272/422/191 1018/426/191 1257/427/191 954/423/191
f 1018/426/192 273/428/192 955/429/192 1257/427/192
f 1257/427/193 955/429/193 69/430/193 482/431/193
f 954/423/194 1257/427/194 482/431/194 65/424/194
f 273/428/195 1017/432/195 1258/433/195 955/429/195
f 1017/432/196 274/434/196 956/435/196 1258/433/196
f 1258/433/197 956/435/197 70/436/197 483/437/197
f 955/429/198 1258/433/198 483/437/198 69/430/198
f 274/434/199 1016/438/199 1259/439/199 956/435/199
f 1016/438/200 293/440/200 975/441/200 1259/439/200
f 1259/439/201 975/441/201 71/442/201 484/443/201
f 956/435/202 1259/439/202 484/443/202 70/436/202
f 293/440/203 1015/444/203 1260/445/203 975/441/203
f 1015/444/204 294/446/204 976/447/204 1260/445/204
f 1260/445/205 976/447/205 72/448/205 485/449/205
f 975/441/206 1260/445/206 485/449/206 71/442/206
f 294/446/207 1014/450/207 1261/451/207 976/447/207
f 1014/450/208 275/452/208 957/453/208 1261/451/208
f 1261/451/209 957/453/209 73/454/209 486/455/209
f 976/447/210 1261/451/210 486/455/210 72/448/210
f 275/452/211 1013/456/211 1262/457/211 957/453/211
f 1013/456/212 276/384/212 958/387/212 1262/457/212
f 1262/457/213 958/387/213 74/392/213 487/458/213
f 957/453/214 1262/457/214 487/458/214 73/454/214
f 3/76/35 408/79/35 1263/459/35 1170/460/35
f 408/79/36 26/84/36 788/461/36 1263/459/36
f 1263/459/36 788/461/36 295/462/36 1172/463/36
f 1170/460/35 1263/459/35 1172/463/35 380/464/35
f 295/462/215 1012/465/215 1264/466/215 977/467/215
f 1012/465/216 277/468/216 959/469/216 1264/466/216
f 1264/466/217 959/469/217 80/470/217 496/471/217
f 977/467/218 1264/466/218 496/471/218 79/472/218
f 277/468/219 1011/473/219 1265/474/219 959/469/219
f 1011/473/220 278/475/220 960/476/220 1265/474/220
f 1265/474/221 960/476/221 81/477/221 497/478/221
f 959/469/222 1265/474/222 497/478/222 80/470/222
f 278/475/223 1010/479/223 1266/480/223 960/476/223
f 1010/479/224 296/481/224 978/482/224 1266/480/224
f 1266/480/225 978/482/225 82/483/225 498/484/225
f 960/476/226 1266/480/226 498/484/226 81/477/226
f 296/481/227 1009/485/227 1267/486/227 978/482/227
f 1009/485/228 297/487/228 979/488/228 1267/486/228
f 1267/486/229 979/488/229 83/489/229 499/490/229
f 978/482/230 1267/486/230 499/490/230 82/483/230
f 297/487/231 1008/491/231 1268/492/231 979/488/231
f 1008/491/232 279/493/232 961/494/232 1268/492/232
f 1268/492/233 961/494/233 84/495/233 500/496/233
f 979/488/234 1268/492/234 500/496/234 83/489/234
f 279/493/235 1007/497/235 1269/498/235 961/494/235
f 1007/497/236 280/393/236 962/396/236 1269/498/236
f 1269/498/237 962/396/237 85/401/237 501/499/237
f 961/494/238 1269/498/238 501/499/238 84/495/238
f 287/500/239 969/501/239 1270/502/239 1006/503/239
f 969/501/240 103/504/240 791/505/240 1270/502/240
f 1270/502/241 791/505/241 60/390/241 972/389/241
f 1006/503/242 1270/502/242 972/389/242 290/388/242
f 289/506/243 971/507/243 1271/508/243 1005/509/243
f 971/507/244 115/510/244 508/511/244 1271/508/244
f 1271/508/244 508/511/244 91/512/244 963/513/244
f 1005/509/243 1271/508/243 963/513/243 281/514/243
f 281/514/243 963/513/243 1272/515/243 1004/516/243
f 963/513/244 91/512/244 509/517/244 1272/515/244
f 1272/515/244 509/517/244 92/518/244 980/519/244
f 1004/516/243 1272/515/243 980/519/243 298/520/243
f 298/520/243 980/519/243 1273/521/243 1003/522/243
f 980/519/244 92/518/244 510/523/244 1273/521/244
f 1273/521/244 510/523/244 93/524/244 964/525/244
f 1003/522/243 1273/521/243 964/525/243 282/526/243
f 282/526/243 964/525/243 1274/527/243 1002/528/243
f 964/525/244 93/524/244 511/529/244 1274/527/244
f 1274/527/244 511/529/244 94/530/244 981/531/244
f 1002/528/243 1274/527/243 981/531/243 299/532/243
f 299/532/245 981/531/245 1275/533/245 1001/534/245
f 981/531/246 94/530/246 512/535/246 1275/533/246
f 1275/533/247 512/535/247 95/536/247 982/537/247
f 1001/534/248 1275/533/248 982/537/248 300/538/248
f 300/538/249 982/537/249 1276/539/249 1000/540/249
f 982/537/250 95/536/250 516/541/250 1276/539/250
f 1276/539/251 516/541/251 98/542/251 965/543/251
f 1000/540/252 1276/539/252 965/543/252 283/544/252
f 283/544/253 965/543/253 1277/545/253 999/546/253
f 965/543/254 98/542/254 517/547/254 1277/545/254
f 1277/545/255 517/547/255 99/548/255 966/549/255
f 999/546/256 1277/545/256 966/549/256 284/550/256
f 284/550/257 966/549/257 1278/551/257 998/552/257
f 966/549/258 99/548/258 518/553/258 1278/551/258
f 1278/551/259 518/553/259 100/554/259 967/555/259
f 998/552/260 1278/551/260 967/555/260 285/556/260
f 285/556/261 967/555/261 1279/557/261 997/558/261
f 967/555/262 100/554/262 519/559/262 1279/557/262
f 1279/557/263 519/559/263 101/560/263 968/561/263
f 997/558/264 1279/557/264 968/561/264 286/562/264
f 286/562/265 968/561/265 1280/563/265 996/564/265
f 968/561/266 101/560/266 520/565/266 1280/563/266
f 1280/563/267 520/565/267 102/566/267 983/567/267
f 996/564/268 1280/563/268 983/567/268 301/568/268
f 301/568/269 983/567/269 1281/569/269 995/570/269
f 983/567/270 102/566/270 521/571/270 1281/569/270
f 1281/569/271 521/571/271 103/504/271 969/501/271
f 995/570/272 1281/569/272 969/501/272 287/500/272
f 30/192/95 1101/572/95 1282/573/95 437/193/95
f 1101/572/97 345/574/97 1102/575/97 1282/573/97
f 1282/573/273 1102/575/273 302/576/273 796/577/273
f 437/193/96 1282/573/96 796/577/96 54/196/96
f 302/576/274 984/578/274 1283/579/274 994/580/274
f 984/578/275 109/581/275 531/582/275 1283/579/275
f 1283/579/276 531/582/276 110/583/276 985/584/276
f 994/580/277 1283/579/277 985/584/277 303/585/277
f 303/585/278 985/584/278 1284/586/278 993/587/278
f 985/584/279 110/583/279 532/588/279 1284/586/279
f 1284/586/280 532/588/280 111/589/280 986/590/280
f 993/587/281 1284/586/281 986/590/281 304/591/281
f 304/591/282 986/590/282 1285/592/282 992/593/282
f 986/590/283 111/589/283 533/594/283 1285/592/283
f 1285/592/284 533/594/284 112/595/284 987/596/284
f 992/593/285 1285/592/285 987/596/285 305/597/285
f 305/597/286 987/596/286 1286/598/286 991/599/286
f 987/596/287 112/595/287 534/600/287 1286/598/287
f 1286/598/288 534/600/288 113/601/288 988/602/288
f 991/599/289 1286/598/289 988/602/289 306/603/289
f 306/603/290 988/602/290 1287/604/290 990/605/290
f 988/602/291 113/601/291 535/606/291 1287/604/291
f 1287/604/292 535/606/292 114/607/292 970/608/292
f 990/605/293 1287/604/293 970/608/293 288/609/293
f 288/609/294 970/608/294 1288/610/294 989/611/294
f 970/608/295 114/607/295 536/612/295 1288/610/295
f 1288/610/296 536/612/296 115/510/296 971/507/296
f 989/611/297 1288/610/297 971/507/297 289/506/297
f 59/613/122 540/614/122 1289/615/122 872/616/122
f 90/617/122 715/618/122 1289/615/122 540/614/122
f 345/574/122 1101/572/122 1289/615/122 715/618/122
f 30/192/122 448/240/122 1289/615/122 1101/572/122
f 3/76/122 1170/460/122 1289/615/122 448/240/122
f 380/464/122 872/616/122 1289/615/122 1170/460/122
f 60/390/298 791/505/298 1290/619/298 471/391/298
f 103/504/299 552/620/299 1290/619/299 791/505/299
f 74/392/300 471/391/300 1290/619/300 552/620/300
f 61/399/301 541/621/301 1291/622/301 472/400/301
f 541/621/302 91/512/302 508/511/302 1291/622/302
f 1291/622/302 508/511/302 115/510/302 562/623/302
f 472/400/303 1291/622/303 562/623/303 85/401/303
f 62/406/301 542/624/301 1292/625/301 473/407/301
f 542/624/302 92/518/302 509/517/302 1292/625/302
f 1292/625/302 509/517/302 91/512/302 541/621/302
f 473/407/301 1292/625/301 541/621/301 61/399/301
f 63/412/301 543/626/301 1293/627/301 474/413/301
f 543/626/304 93/524/304 510/523/304 1293/627/304
f 1293/627/304 510/523/304 92/518/304 542/624/304
f 474/413/301 1293/627/301 542/624/301 62/406/301
f 64/418/303 544/628/303 1294/629/303 475/419/303
f 544/628/304 94/530/304 511/529/304 1294/629/304
f 1294/629/304 511/529/304 93/524/304 543/626/304
f 475/419/301 1294/629/301 543/626/301 63/412/301
f 65/424/305 545/630/305 1295/631/305 476/425/305
f 545/630/306 95/536/306 512/535/306 1295/631/306
f 1295/631/307 512/535/307 94/530/307 544/628/307
f 476/425/308 1295/631/308 544/628/308 64/418/308
f 69/430/309 547/632/309 1296/633/309 482/431/309
f 547/632/310 98/542/310 516/541/310 1296/633/310
f 1296/633/311 516/541/311 95/536/311 545/630/311
f 482/431/312 1296/633/312 545/630/312 65/424/312
f 70/436/313 548/634/313 1297/635/313 483/437/313
f 548/634/314 99/548/314 517/547/314 1297/635/314
f 1297/635/315 517/547/315 98/542/315 547/632/315
f 483/437/316 1297/635/316 547/632/316 69/430/316
f 71/442/317 549/636/317 1298/637/317 484/443/317
f 549/636/318 100/554/318 518/553/318 1298/637/318
f 1298/637/319 518/553/319 99/548/319 548/634/319
f 484/443/320 1298/637/320 548/634/320 70/436/320
f 72/448/321 550/638/321 1299/639/321 485/449/321
f 550/638/322 101/560/322 519/559/322 1299/639/322
f 1299/639/323 519/559/323 100/554/323 549/636/323
f 485/449/324 1299/639/324 549/636/324 71/442/324
f 73/454/325 551/640/325 1300/641/325 486/455/325
f 551/640/326 102/566/326 520/565/326 1300/641/326
f 1300/641/327 520/565/327 101/560/327 550/638/327
f 486/455/328 1300/641/328 550/638/328 72/448/328
f 74/392/329 552/620/329 1301/642/329 487/458/329
f 552/620/330 103/504/330 521/571/330 1301/642/330
f 1301/642/331 521/571/331 102/566/331 551/640/331
f 487/458/332 1301/642/332 551/640/332 73/454/332
f 75/309/333 553/310/333 1302/643/333 489/644/333
f 553/310/333 104/311/333 522/645/333 1302/643/333
f 1302/643/333 522/645/333 105/321/333 554/316/333
f 489/644/333 1302/643/333 554/316/333 76/313/333
f 79/472/334 556/646/334 1303/647/334 495/648/334
f 556/646/335 109/581/335 530/649/335 1303/647/335
f 1303/647/336 530/649/336 90/617/336 540/614/336
f 495/648/337 1303/647/337 540/614/337 59/613/337
f 80/470/338 557/650/338 1304/651/338 496/471/338
f 557/650/339 110/583/339 531/582/339 1304/651/339
f 1304/651/340 531/582/340 109/581/340 556/646/340
f 496/471/341 1304/651/341 556/646/341 79/472/341
f 81/477/342 558/652/342 1305/653/342 497/478/342
f 558/652/343 111/589/343 532/588/343 1305/653/343
f 1305/653/344 532/588/344 110/583/344 557/650/344
f 497/478/345 1305/653/345 557/650/345 80/470/345
f 82/483/346 559/654/346 1306/655/346 498/484/346
f 559/654/347 112/595/347 533/594/347 1306/655/347
f 1306/655/348 533/594/348 111/589/348 558/652/348
f 498/484/349 1306/655/349 558/652/349 81/477/349
f 83/489/350 560/656/350 1307/657/350 499/490/350
f 560/656/351 113/601/351 534/600/351 1307/657/351
f 1307/657/352 534/600/352 112/595/352 559/654/352
f 499/490/353 1307/657/353 559/654/353 82/483/353
f 84/495/354 561/658/354 1308/659/354 500/496/354
f 561/658/355 114/607/355 535/606/355 1308/659/355
f 1308/659/356 535/606/356 113/601/356 560/656/356
f 500/496/357 1308/659/357 560/656/357 83/489/357
f 85/401/358 562/623/358 1309/660/358 501/499/358
f 562/623/304 115/510/304 536/612/304 1309/660/304
f 1309/660/359 536/612/359 114/607/359 561/658/359
f 501/499/360 1309/660/360 561/658/360 84/495/360
f 88/380/333 563/381/333 1310/661/333 503/662/333
f 563/381/333 116/382/333 537/663/333 1310/661/333
f 1310/661/333 537/663/333 117/271/333 564/266/333
f 503/662/333 1310/661/333 564/266/333 89/263/333
f 264/664/361 927/665/361 1311/666/361 951/667/361
f 927/665/362 131/668/362 801/669/362 1311/666/362
f 1311/666/363 801/669/363 146/670/363 802/671/363
f 951/667/364 1311/666/364 802/671/364 263/672/364
f 354/673/365 1112/674/365 1312/675/365 1136/676/365
f 1112/674/366 140/677/366 565/678/366 1312/675/366
f 1312/675/366 565/678/366 119/679/366 1104/680/366
f 1136/676/365 1312/675/365 1104/680/365 346/681/365
f 346/681/365 1104/680/365 1313/682/365 1135/683/365
f 1104/680/366 119/679/366 566/684/366 1313/682/366
f 1313/682/366 566/684/366 120/685/366 1113/686/366
f 1135/683/365 1313/682/365 1113/686/365 355/687/365
f 355/687/365 1113/686/365 1314/688/365 1134/689/365
f 1113/686/366 120/685/366 567/690/366 1314/688/366
f 1314/688/366 567/690/366 121/691/366 1114/692/366
f 1134/689/365 1314/688/365 1114/692/365 356/693/365
f 356/693/365 1114/692/365 1315/694/365 1133/695/365
f 1114/692/366 121/691/366 568/696/366 1315/694/366
f 1315/694/366 568/696/366 122/697/366 1115/698/366
f 1133/695/365 1315/694/365 1115/698/365 357/699/365
f 357/699/365 1115/698/365 1316/700/365 1132/701/365
f 1115/698/366 122/697/366 569/702/366 1316/700/366
f 1316/700/366 569/702/366 123/703/366 1105/704/366
f 1132/701/365 1316/700/365 1105/704/365 347/705/365
f 347/705/365 1105/704/365 1317/706/365 1131/707/365
f 1105/704/366 123/703/366 573/708/366 1317/706/366
f 1317/706/366 573/708/366 126/709/366 1116/710/366
f 1131/707/365 1317/706/365 1116/710/365 358/711/365
f 358/711/365 1116/710/365 1318/712/365 1130/713/365
f 1116/710/366 126/709/366 574/714/366 1318/712/366
f 1318/712/366 574/714/366 127/715/366 1117/716/366
f 1130/713/365 1318/712/365 1117/716/365 359/717/365
f 359/717/367 1117/716/367 1319/718/367 1129/719/367
f 1117/716/368 127/715/368 575/720/368 1319/718/368
f 1319/718/369 575/720/369 128/721/369 1106/722/369
f 1129/719/370 1319/718/370 1106/722/370 348/723/370
f 348/723/371 1106/722/371 1320/724/371 1128/725/371
f 1106/722/372 128/721/372 576/726/372 1320/724/372
f 1320/724/373 576/726/373 129/727/373 1118/728/373
f 1128/725/374 1320/724/374 1118/728/374 360/729/374
f 360/729/375 1118/728/375 1321/730/375 1127/731/375
f 1118/728/376 129/727/376 577/732/376 1321/730/376
f 1321/730/377 577/732/377 130/733/377 1107/734/377
f 1127/731/378 1321/730/378 1107/734/378 349/735/378
f 133/736/379 580/737/379 1322/738/379 870/739/379
f 349/735/380 1107/734/380 1322/738/380 580/737/380
f 130/733/381 578/740/381 1322/738/381 1107/734/381
f 131/668/382 927/665/382 1322/738/382 578/740/382
f 264/664/383 817/741/383 1322/738/383 927/665/383
f 195/742/384 813/743/384 1322/738/384 817/741/384
f 229/744/385 870/739/385 1322/738/385 813/743/385
f 3/76/386 1173/77/386 1323/745/386 871/746/386
f 1173/77/386 381/80/386 1174/747/386 1323/745/386
f 1323/745/387 1174/747/387 350/748/387 589/749/387
f 871/746/387 1323/745/387 589/749/387 141/750/387
f 350/748/388 1108/751/388 1324/752/388 1126/753/388
f 1108/751/389 134/754/389 581/755/389 1324/752/389
f 1324/752/390 581/755/390 135/756/390 1119/757/390
f 1126/753/391 1324/752/391 1119/757/391 361/758/391
f 361/758/392 1119/757/392 1325/759/392 1125/760/392
f 1119/757/393 135/756/393 582/761/393 1325/759/393
f 1325/759/394 582/761/394 136/762/394 1109/763/394
f 1125/760/395 1325/759/395 1109/763/395 351/764/395
f 351/764/396 1109/763/396 1326/765/396 1124/766/396
f 1109/763/397 136/762/397 583/767/397 1326/765/397
f 1326/765/398 583/767/398 137/768/398 1110/769/398
f 1124/766/399 1326/765/399 1110/769/399 352/770/399
f 352/770/400 1110/769/400 1327/771/400 1123/772/400
f 1110/769/401 137/768/401 584/773/401 1327/771/401
f 1327/771/402 584/773/402 138/774/402 1111/775/402
f 1123/772/403 1327/771/403 1111/775/403 353/776/403
f 353/776/404 1111/775/404 1328/777/404 1122/778/404
f 1111/775/405 138/774/405 585/779/405 1328/777/405
f 1328/777/406 585/779/406 139/780/406 1120/781/406
f 1122/778/407 1328/777/407 1120/781/407 362/782/407
f 362/782/408 1120/781/408 1329/783/408 1121/784/408
f 1120/781/409 139/780/409 586/785/409 1329/783/409
f 1329/783/410 586/785/410 140/677/410 1112/674/410
f 1121/784/411 1329/783/411 1112/674/411 354/673/411
f 258/786/412 950/787/412 1330/788/412 921/789/412
f 950/787/413 263/672/413 802/671/413 1330/788/413
f 1330/788/414 802/671/414 146/670/414 595/790/414
f 921/789/415 1330/788/415 595/790/415 161/791/415
f 262/792/416 949/793/416 1331/794/416 925/795/416
f 949/793/416 250/796/416 913/797/416 1331/794/416
f 1331/794/417 913/797/417 147/798/417 596/799/417
f 925/795/417 1331/794/417 596/799/417 173/800/417
f 250/796/416 948/801/416 1332/802/416 913/797/416
f 948/801/416 251/803/416 914/804/416 1332/802/416
f 1332/802/417 914/804/417 148/805/417 597/806/417
f 913/797/417 1332/802/417 597/806/417 147/798/417
f 251/803/416 947/807/416 1333/808/416 914/804/416
f 947/807/416 265/809/416 928/810/416 1333/808/416
f 1333/808/417 928/810/417 149/811/417 598/812/417
f 914/804/417 1333/808/417 598/812/417 148/805/417
f 265/809/416 946/813/416 1334/814/416 928/810/416
f 946/813/416 252/815/416 915/816/416 1334/814/416
f 1334/814/417 915/816/417 150/817/417 599/818/417
f 928/810/417 1334/814/417 599/818/417 149/811/417
f 252/815/416 945/819/416 1335/820/416 915/816/416
f 945/819/416 253/821/416 916/822/416 1335/820/416
f 1335/820/417 916/822/417 151/823/417 600/824/417
f 915/816/417 1335/820/417 600/824/417 150/817/417
f 253/821/416 944/825/416 1336/826/416 916/822/416
f 944/825/416 254/827/416 917/828/416 1336/826/416
f 1336/826/417 917/828/417 156/829/417 608/830/417
f 916/822/417 1336/826/417 608/830/417 151/823/417
f 254/827/416 943/831/416 1337/832/416 917/828/416
f 943/831/416 255/833/416 918/834/416 1337/832/416
f 1337/832/417 918/834/417 157/835/417 609/836/417
f 917/828/417 1337/832/417 609/836/417 156/829/417
f 255/833/418 942/837/418 1338/838/418 918/834/418
f 942/837/419 256/839/419 919/840/419 1338/838/419
f 1338/838/420 919/840/420 158/841/420 610/842/420
f 918/834/421 1338/838/421 610/842/421 157/835/421
f 256/839/422 941/843/422 1339/844/422 919/840/422
f 941/843/423 266/845/423 929/846/423 1339/844/423
f 1339/844/424 929/846/424 159/847/424 611/848/424
f 919/840/425 1339/844/425 611/848/425 158/841/425
f 266/845/426 940/849/426 1340/850/426 929/846/426
f 940/849/427 257/851/427 920/852/427 1340/850/427
f 1340/850/428 920/852/428 160/853/428 612/854/428
f 929/846/429 1340/850/429 612/854/429 159/847/429
f 257/851/430 939/855/430 1341/856/430 920/852/430
f 939/855/431 258/786/431 921/789/431 1341/856/431
f 1341/856/432 921/789/432 161/791/432 613/857/432
f 920/852/433 1341/856/433 613/857/433 160/853/433
f 30/192/434 594/858/434 1342/859/434 1098/195/434
f 594/858/435 174/860/435 631/861/435 1342/859/435
f 1342/859/435 631/861/435 259/862/435 1099/863/435
f 1098/195/434 1342/859/434 1099/863/434 344/200/434
f 259/862/436 938/864/436 1343/865/436 922/866/436
f 938/864/437 260/867/437 923/868/437 1343/865/437
f 1343/865/438 923/868/438 168/869/438 624/870/438
f 922/866/439 1343/865/439 624/870/439 167/871/439
f 260/867/440 937/872/440 1344/873/440 923/868/440
f 937/872/441 267/874/441 930/875/441 1344/873/441
f 1344/873/442 930/875/442 169/876/442 625/877/442
f 923/868/443 1344/873/443 625/877/443 168/869/443
f 267/874/444 936/878/444 1345/879/444 930/875/444
f 936/878/445 261/880/445 924/881/445 1345/879/445
f 1345/879/446 924/881/446 170/882/446 626/883/446
f 930/875/447 1345/879/447 626/883/447 169/876/447
f 261/880/448 935/884/448 1346/885/448 924/881/448
f 935/884/449 268/886/449 931/887/449 1346/885/449
f 1346/885/450 931/887/450 171/888/450 627/889/450
f 924/881/451 1346/885/451 627/889/451 170/882/451
f 268/886/452 934/890/452 1347/891/452 931/887/452
f 934/890/453 269/892/453 932/893/453 1347/891/453
f 1347/891/454 932/893/454 172/894/454 628/895/454
f 931/887/455 1347/891/455 628/895/455 171/888/455
f 269/892/418 933/896/418 1348/897/418 932/893/418
f 933/896/456 262/792/456 925/795/456 1348/897/456
f 1348/897/457 925/795/457 173/800/457 629/898/457
f 932/893/458 1348/897/458 629/898/458 172/894/458
f 146/670/459 801/669/459 1349/899/459 595/790/459
f 131/668/460 647/900/460 1349/899/460 801/669/460
f 161/791/461 595/790/461 1349/899/461 647/900/461
f 195/742/333 803/901/333 1350/902/333 842/903/333
f 118/904/333 824/905/333 1350/902/333 803/901/333
f 166/906/333 842/903/333 1350/902/333 824/905/333
f 119/679/462 565/678/462 1351/907/462 635/908/462
f 565/678/462 140/677/462 656/909/462 1351/907/462
f 1351/907/463 656/909/463 173/800/463 596/799/463
f 635/908/463 1351/907/463 596/799/463 147/798/463
f 120/685/462 566/684/462 1352/910/462 636/911/462
f 566/684/462 119/679/462 635/908/462 1352/910/462
f 1352/910/463 635/908/463 147/798/463 597/806/463
f 636/911/463 1352/910/463 597/806/463 148/805/463
f 121/691/462 567/690/462 1353/912/462 637/913/462
f 567/690/462 120/685/462 636/911/462 1353/912/462
f 1353/912/463 636/911/463 148/805/463 598/812/463
f 637/913/463 1353/912/463 598/812/463 149/811/463
f 122/697/462 568/696/462 1354/914/462 638/915/462
f 568/696/462 121/691/462 637/913/462 1354/914/462
f 1354/914/463 637/913/463 149/811/463 599/818/463
f 638/915/463 1354/914/463 599/818/463 150/817/463
f 123/703/462 569/702/462 1355/916/462 639/917/462
f 569/702/462 122/697/462 638/915/462 1355/916/462
f 1355/916/463 638/915/463 150/817/463 600/824/463
f 639/917/463 1355/916/463 600/824/463 151/823/463
f 145/918/333 570/919/333 1356/920/333 659/921/333
f 570/919/333 124/922/333 640/923/333 1356/920/333
f 1356/920/333 640/923/333 152/924/333 601/925/333
f 659/921/333 1356/920/333 601/925/333 177/926/333
f 124/922/333 804/927/333 1357/928/333 640/923/333
f 804/927/333 183/929/333 838/930/333 1357/928/333
f 1357/928/333 838/930/333 153/931/333 602/932/333
f 640/923/333 1357/928/333 602/932/333 152/924/333
f 183/929/333 665/933/333 1358/934/333 838/930/333
f 665/933/333 184/935/333 721/936/333 1358/934/333
f 1358/934/333 721/936/333 211/937/333 825/938/333
f 838/930/333 1358/934/333 825/938/333 153/931/333
f 184/935/333 666/939/333 1359/940/333 721/936/333
f 666/939/333 185/941/333 839/942/333 1359/940/333
f 1359/940/333 839/942/333 154/943/333 826/944/333
f 721/936/333 1359/940/333 826/944/333 211/937/333
f 185/941/333 805/945/333 1360/946/333 839/942/333
f 805/945/333 125/947/333 641/948/333 1360/946/333
f 1360/946/333 641/948/333 155/949/333 603/950/333
f 839/942/333 1360/946/333 603/950/333 154/943/333
f 126/709/462 573/708/462 1361/951/462 642/952/462
f 573/708/462 123/703/462 639/917/462 1361/951/462
f 1361/951/463 639/917/463 151/823/463 608/830/463
f 642/952/463 1361/951/463 608/830/463 156/829/463
f 127/715/462 574/714/462 1362/953/462 643/954/462
f 574/714/462 126/709/462 642/952/462 1362/953/462
f 1362/953/463 642/952/463 156/829/463 609/836/463
f 643/954/463 1362/953/463 609/836/463 157/835/463
f 128/721/464 575/720/464 1363/955/464 644/956/464
f 575/720/465 127/715/465 643/954/465 1363/955/465
f 1363/955/466 643/954/466 157/835/466 610/842/466
f 644/956/467 1363/955/467 610/842/467 158/841/467
f 129/727/468 576/726/468 1364/957/468 645/958/468
f 576/726/469 128/721/469 644/956/469 1364/957/469
f 1364/957/470 644/956/470 158/841/470 611/848/470
f 645/958/471 1364/957/471 611/848/471 159/847/471
f 130/733/472 577/732/472 1365/959/472 646/960/472
f 577/732/473 129/727/473 645/958/473 1365/959/473
f 1365/959/474 645/958/474 159/847/474 612/854/474
f 646/960/475 1365/959/475 612/854/475 160/853/475
f 131/668/476 578/740/476 1366/961/476 647/900/476
f 578/740/477 130/733/477 646/960/477 1366/961/477
f 1366/961/478 646/960/478 160/853/478 613/857/478
f 647/900/479 1366/961/479 613/857/479 161/791/479
f 125/947/333 809/962/333 1367/963/333 641/948/333
f 809/962/333 192/964/333 840/965/333 1367/963/333
f 1367/963/333 840/965/333 162/966/333 614/967/333
f 641/948/333 1367/963/333 614/967/333 155/949/333
f 192/964/333 676/968/333 1368/969/333 840/965/333
f 676/968/333 193/970/333 841/971/333 1368/969/333
f 1368/969/333 841/971/333 163/972/333 615/973/333
f 840/965/333 1368/969/333 615/973/333 162/966/333
f 193/970/333 810/974/333 1369/975/333 841/971/333
f 810/974/333 132/976/333 648/977/333 1369/975/333
f 1369/975/333 648/977/333 164/978/333 616/979/333
f 841/971/333 1369/975/333 616/979/333 163/972/333
f 132/976/333 811/980/333 1370/981/333 648/977/333
f 811/980/333 194/982/333 728/983/333 1370/981/333
f 1370/981/333 728/983/333 218/984/333 828/985/333
f 648/977/333 1370/981/333 828/985/333 164/978/333
f 194/982/333 812/986/333 1371/987/333 728/983/333
f 812/986/333 133/736/333 649/988/333 1371/987/333
f 1371/987/333 649/988/333 165/989/333 829/990/333
f 728/983/333 1371/987/333 829/990/333 218/984/333
f 133/736/333 870/739/333 1372/991/333 649/988/333
f 229/744/333 813/743/333 1372/991/333 870/739/333
f 195/742/333 842/903/333 1372/991/333 813/743/333
f 166/906/333 617/992/333 1372/991/333 842/903/333
f 165/989/333 649/988/333 1372/991/333 617/992/333
f 134/754/480 623/993/480 1373/994/480 650/995/480
f 623/993/481 1/236/481 447/239/481 1373/994/481
f 1373/994/482 447/239/482 29/242/482 737/996/482
f 650/995/483 1373/994/483 737/996/483 167/871/483
f 135/756/484 581/755/484 1374/997/484 651/998/484
f 581/755/485 134/754/485 650/995/485 1374/997/485
f 1374/997/486 650/995/486 167/871/486 624/870/486
f 651/998/487 1374/997/487 624/870/487 168/869/487
f 136/762/488 582/761/488 1375/999/488 652/1000/488
f 582/761/489 135/756/489 651/998/489 1375/999/489
f 1375/999/490 651/998/490 168/869/490 625/877/490
f 652/1000/491 1375/999/491 625/877/491 169/876/491
f 137/768/492 583/767/492 1376/1001/492 653/1002/492
f 583/767/493 136/762/493 652/1000/493 1376/1001/493
f 1376/1001/494 652/1000/494 169/876/494 626/883/494
f 653/1002/495 1376/1001/495 626/883/495 170/882/495
f 138/774/496 584/773/496 1377/1003/496 654/1004/496
f 584/773/497 137/768/497 653/1002/497 1377/1003/497
f 1377/1003/498 653/1002/498 170/882/498 627/889/498
f 654/1004/499 1377/1003/499 627/889/499 171/888/499
f 139/780/500 585/779/500 1378/1005/500 655/1006/500
f 585/779/501 138/774/501 654/1004/501 1378/1005/501
f 1378/1005/502 654/1004/502 171/888/502 628/895/502
f 655/1006/503 1378/1005/503 628/895/503 172/894/503
f 140/677/504 586/785/504 1379/1007/504 656/909/504
f 586/785/505 139/780/505 655/1006/505 1379/1007/505
f 1379/1007/506 655/1006/506 172/894/506 629/898/506
f 656/909/507 1379/1007/507 629/898/507 173/800/507
f 3/76/333 871/746/333 1380/1008/333 448/240/333
f 871/746/333 141/750/333 657/1009/333 1380/1008/333
f 1380/1008/333 657/1009/333 174/860/333 594/858/333
f 448/240/333 1380/1008/333 594/858/333 30/192/333
f 141/750/333 818/1010/333 1381/1011/333 657/1009/333
f 818/1010/333 203/1012/333 843/1013/333 1381/1011/333
f 1381/1011/333 843/1013/333 175/1014/333 630/1015/333
f 657/1009/333 1381/1011/333 630/1015/333 174/860/333
f 203/1012/333 819/1016/333 1382/1017/333 843/1013/333
f 819/1016/333 142/1018/333 844/1019/333 1382/1017/333
f 1382/1017/333 844/1019/333 226/1020/333 831/1021/333
f 843/1013/333 1382/1017/333 831/1021/333 175/1014/333
f 142/1018/333 587/1022/333 1383/1023/333 844/1019/333
f 587/1022/333 143/1024/333 658/1025/333 1383/1023/333
f 1383/1023/333 658/1025/333 176/1026/333 832/1027/333
f 844/1019/333 1383/1023/333 832/1027/333 226/1020/333
f 143/1024/333 588/1028/333 1384/1029/333 658/1025/333
f 588/1028/333 144/1030/333 845/1031/333 1384/1029/333
f 1384/1029/333 845/1031/333 227/1032/333 833/1033/333
f 658/1025/333 1384/1029/333 833/1033/333 176/1026/333
f 144/1030/333 820/1034/333 1385/1035/333 845/1031/333
f 820/1034/333 204/1036/333 736/1037/333 1385/1035/333
f 1385/1035/333 736/1037/333 228/1038/333 711/1039/333
f 845/1031/333 1385/1035/333 711/1039/333 227/1032/333
f 204/1036/333 821/1040/333 1386/1041/333 736/1037/333
f 821/1040/333 145/918/333 659/921/333 1386/1041/333
f 1386/1041/333 659/921/333 177/926/333 834/1042/333
f 736/1037/333 1386/1041/333 834/1042/333 228/1038/333
f 230/1043/508 912/1044/508 1387/1045/508 874/1046/508
f 912/1044/509 236/1047/509 847/1048/509 1387/1045/509
f 1387/1045/510 847/1048/510 205/1049/510 846/1050/510
f 874/1046/511 1387/1045/511 846/1050/511 191/1051/511
f 379/1052/512 1169/1053/512 1388/1054/512 1153/1055/512
f 1169/1053/512 371/1056/512 1145/1057/512 1388/1054/512
f 1388/1054/513 1145/1057/513 178/1058/513 660/1059/513
f 1153/1055/513 1388/1054/513 660/1059/513 202/1060/513
f 371/1056/512 1168/1061/512 1389/1062/512 1145/1057/512
f 1168/1061/512 363/1063/512 1137/1064/512 1389/1062/512
f 1389/1062/513 1137/1064/513 179/1065/513 661/1066/513
f 1145/1057/513 1389/1062/513 661/1066/513 178/1058/513
f 363/1063/512 1167/1067/512 1390/1068/512 1137/1064/512
f 1167/1067/512 364/1069/512 1138/1070/512 1390/1068/512
f 1390/1068/513 1138/1070/513 180/1071/513 662/1072/513
f 1137/1064/513 1390/1068/513 662/1072/513 179/1065/513
f 364/1069/512 1166/1073/512 1391/1074/512 1138/1070/512
f 1166/1073/512 365/1075/512 1139/1076/512 1391/1074/512
f 1391/1074/513 1139/1076/513 181/1077/513 663/1078/513
f 1138/1070/513 1391/1074/513 663/1078/513 180/1071/513
f 365/1075/512 1165/1079/512 1392/1080/512 1139/1076/512
f 1165/1079/512 372/1081/512 1146/1082/512 1392/1080/512
f 1392/1080/513 1146/1082/513 182/1083/513 664/1084/513
f 1139/1076/513 1392/1080/513 664/1084/513 181/1077/513
f 372/1081/512 1164/1085/512 1393/1086/512 1146/1082/512
f 1164/1085/512 366/1087/512 1140/1088/512 1393/1086/512
f 1393/1086/513 1140/1088/513 186/1089/513 670/1090/513
f 1146/1082/514 1393/1086/514 670/1090/514 182/1083/514
f 366/1087/512 1163/1091/512 1394/1092/512 1140/1088/512
f 1163/1091/512 367/1093/512 1141/1094/512 1394/1092/512
f 1394/1092/514 1141/1094/514 187/1095/514 671/1096/514
f 1140/1088/513 1394/1092/513 671/1096/513 186/1089/513
f 367/1093/515 1162/1097/515 1395/1098/515 1141/1094/515
f 1162/1097/516 373/1099/516 1147/1100/516 1395/1098/516
f 1395/1098/517 1147/1100/517 188/1101/517 672/1102/517
f 1141/1094/518 1395/1098/518 672/1102/518 187/1095/518
f 373/1099/519 1161/1103/519 1396/1104/519 1147/1100/519
f 1161/1103/520 368/1105/520 1142/1106/520 1396/1104/520
f 1396/1104/521 1142/1106/521 189/1107/521 673/1108/521
f 1147/1100/522 1396/1104/522 673/1108/522 188/1101/522
f 368/1105/523 1160/1109/523 1397/1110/523 1142/1106/523
f 1160/1109/524 374/1111/524 1148/1112/524 1397/1110/524
f 1397/1110/525 1148/1112/525 190/1113/525 674/1114/525
f 1142/1106/526 1397/1110/526 674/1114/526 189/1107/526
f 133/736/527 870/739/527 1398/1115/527 851/1116/527
f 229/744/528 813/743/528 1398/1115/528 870/739/528
f 195/742/529 680/1117/529 1398/1115/529 813/743/529
f 230/1043/530 874/1046/530 1398/1115/530 680/1117/530
f 191/1051/531 675/1118/531 1398/1115/531 874/1046/531
f 190/1113/532 1148/1112/532 1398/1115/532 675/1118/532
f 374/1111/533 851/1116/533 1398/1115/533 1148/1112/533
f 3/76/386 871/746/386 1399/1119/386 1170/460/386
f 871/746/387 141/750/387 852/1120/387 1399/1119/387
f 1399/1119/387 852/1120/387 375/1121/387 1171/1122/387
f 1170/460/386 1399/1119/386 1171/1122/386 380/464/386
f 375/1121/534 1159/1123/534 1400/1124/534 1149/1125/534
f 1159/1123/535 369/1126/535 1143/1127/535 1400/1124/535
f 1400/1124/536 1143/1127/536 197/1128/536 681/1129/536
f 1149/1125/537 1400/1124/537 681/1129/537 196/1130/537
f 369/1126/538 1158/1131/538 1401/1132/538 1143/1127/538
f 1158/1131/539 376/1133/539 1150/1134/539 1401/1132/539
f 1401/1132/540 1150/1134/540 198/1135/540 682/1136/540
f 1143/1127/541 1401/1132/541 682/1136/541 197/1128/541
f 376/1133/542 1157/1137/542 1402/1138/542 1150/1134/542
f 1157/1137/543 377/1139/543 1151/1140/543 1402/1138/543
f 1402/1138/544 1151/1140/544 199/1141/544 683/1142/544
f 1150/1134/545 1402/1138/545 683/1142/545 198/1135/545
f 377/1139/546 1156/1143/546 1403/1144/546 1151/1140/546
f 1156/1143/547 378/1145/547 1152/1146/547 1403/1144/547
f 1403/1144/548 1152/1146/548 200/1147/548 684/1148/548
f 1151/1140/549 1403/1144/549 684/1148/549 199/1141/549
f 378/1145/550 1155/1149/550 1404/1150/550 1152/1146/550
f 1155/1149/551 370/1151/551 1144/1152/551 1404/1150/551
f 1404/1150/552 1144/1152/552 201/1153/552 685/1154/552
f 1152/1146/553 1404/1150/553 685/1154/553 200/1147/553
f 370/1151/554 1154/1155/554 1405/1156/554 1144/1152/554
f 1154/1155/555 379/1052/555 1153/1055/555 1405/1156/555
f 1405/1156/556 1153/1055/556 202/1060/556 686/1157/556
f 1144/1152/557 1405/1156/557 686/1157/557 201/1153/557
f 245/1158/558 889/1159/558 1406/1160/558 911/1161/558
f 889/1159/559 217/1162/559 690/1163/559 1406/1160/559
f 1406/1160/560 690/1163/560 205/1049/560 847/1048/560
f 911/1161/561 1406/1160/561 847/1048/561 236/1047/561
f 249/1164/562 893/1165/562 1407/1166/562 910/1167/562
f 893/1165/563 225/1168/563 692/1169/563 1407/1166/563
f 1407/1166/563 692/1169/563 206/1170/563 881/1171/563
f 910/1167/562 1407/1166/562 881/1171/562 237/1172/562
f 237/1172/562 881/1171/562 1408/1173/562 909/1174/562
f 881/1171/563 206/1170/563 693/1175/563 1408/1173/563
f 1408/1173/563 693/1175/563 207/1176/563 882/1177/563
f 909/1174/562 1408/1173/562 882/1177/562 238/1178/562
f 238/1178/562 882/1177/562 1409/1179/562 908/1180/562
f 882/1177/563 207/1176/563 694/1181/563 1409/1179/563
f 1409/1179/563 694/1181/563 208/1182/563 875/1183/563
f 908/1180/562 1409/1179/562 875/1183/562 231/1184/562
f 231/1184/562 875/1183/562 1410/1185/562 907/1186/562
f 875/1183/563 208/1182/563 695/1187/563 1410/1185/563
f 1410/1185/563 695/1187/563 209/1188/563 883/1189/563
f 907/1186/562 1410/1185/562 883/1189/562 239/1190/562
f 239/1190/562 883/1189/562 1411/1191/562 906/1192/562
f 883/1189/563 209/1188/563 696/1193/563 1411/1191/563
f 1411/1191/563 696/1193/563 210/1194/563 884/1195/563
f 906/1192/562 1411/1191/562 884/1195/562 240/1196/562
f 240/1196/562 884/1195/562 1412/1197/562 905/1198/562
f 884/1195/563 210/1194/563 698/1199/563 1412/1197/563
f 1412/1197/563 698/1199/563 212/1200/563 885/1201/563
f 905/1198/562 1412/1197/562 885/1201/562 241/1202/562
f 241/1202/562 885/1201/562 1413/1203/562 904/1204/562
f 885/1201/563 212/1200/563 699/1205/563 1413/1203/563
f 1413/1203/563 699/1205/563 213/1206/563 886/1207/563
f 904/1204/562 1413/1203/562 886/1207/562 242/1208/562
f 242/1208/564 886/1207/564 1414/1209/564 903/1210/564
f 886/1207/565 213/1206/565 700/1211/565 1414/1209/565
f 1414/1209/566 700/1211/566 214/1212/566 887/1213/566
f 903/1210/567 1414/1209/567 887/1213/567 243/1214/567
f 243/1214/568 887/1213/568 1415/1215/568 902/1216/568
f 887/1213/569 214/1212/569 701/1217/569 1415/1215/569
f 1415/1215/570 701/1217/570 215/1218/570 876/1219/570
f 902/1216/571 1415/1215/571 876/1219/571 232/1220/571
f 232/1220/572 876/1219/572 1416/1221/572 901/1222/572
f 876/1219/573 215/1218/573 702/1223/573 1416/1221/573
f 1416/1221/574 702/1223/574 216/1224/574 888/1225/574
f 901/1222/575 1416/1221/575 888/1225/575 244/1226/575
f 244/1226/576 888/1225/576 1417/1227/576 900/1228/576
f 888/1225/577 216/1224/577 703/1229/577 1417/1227/577
f 1417/1227/578 703/1229/578 217/1162/578 889/1159/578
f 900/1228/579 1417/1227/579 889/1159/579 245/1158/579
f 30/192/434 1101/572/434 1418/1230/434 594/858/434
f 1101/572/434 345/574/434 1103/1231/434 1418/1230/434
f 1418/1230/580 1103/1231/580 246/1232/580 866/1233/580
f 594/858/435 1418/1230/435 866/1233/435 174/860/435
f 246/1232/581 890/1234/581 1419/1235/581 899/1236/581
f 890/1234/582 219/1237/582 705/1238/582 1419/1235/582
f 1419/1235/583 705/1238/583 220/1239/583 891/1240/583
f 899/1236/584 1419/1235/584 891/1240/584 247/1241/584
f 247/1241/585 891/1240/585 1420/1242/585 898/1243/585
f 891/1240/586 220/1239/586 706/1244/586 1420/1242/586
f 1420/1242/587 706/1244/587 221/1245/587 877/1246/587
f 898/1243/588 1420/1242/588 877/1246/588 233/1247/588
f 233/1247/589 877/1246/589 1421/1248/589 897/1249/589
f 877/1246/590 221/1245/590 707/1250/590 1421/1248/590
f 1421/1248/591 707/1250/591 222/1251/591 892/1252/591
f 897/1249/592 1421/1248/592 892/1252/592 248/1253/592
f 248/1253/593 892/1252/593 1422/1254/593 896/1255/593
f 892/1252/594 222/1251/594 708/1256/594 1422/1254/594
f 1422/1254/595 708/1256/595 223/1257/595 878/1258/595
f 896/1255/596 1422/1254/596 878/1258/596 234/1259/596
f 234/1259/597 878/1258/597 1423/1260/597 895/1261/597
f 878/1258/598 223/1257/598 709/1262/598 1423/1260/598
f 1423/1260/599 709/1262/599 224/1263/599 879/1264/599
f 895/1261/600 1423/1260/600 879/1264/600 235/1265/600
f 235/1265/564 879/1264/564 1424/1266/564 894/1267/564
f 879/1264/601 224/1263/601 710/1268/601 1424/1266/601
f 1424/1266/602 710/1268/602 225/1168/602 893/1165/602
f 894/1267/603 1424/1266/603 893/1165/603 249/1164/603
f 205/1049/604 690/1163/604 1425/1269/604 846/1050/604
f 217/1162/605 727/1270/605 1425/1269/605 690/1163/605
f 191/1051/606 846/1050/606 1425/1269/606 727/1270/606
f 178/1058/607 716/1271/607 1426/1272/607 660/1059/607
f 716/1271/608 206/1170/608 692/1169/608 1426/1272/608
f 1426/1272/608 692/1169/608 225/1168/608 735/1273/608
f 660/1059/607 1426/1272/607 735/1273/607 202/1060/607
f 179/1065/609 717/1274/609 1427/1275/609 661/1066/609
f 717/1274/608 207/1176/608 693/1175/608 1427/1275/608
f 1427/1275/608 693/1175/608 206/1170/608 716/1271/608
f 661/1066/609 1427/1275/609 716/1271/609 178/1058/609
f 180/1071/609 718/1276/609 1428/1277/609 662/1072/609
f 718/1276/608 208/1182/608 694/1181/608 1428/1277/608
f 1428/1277/608 694/1181/608 207/1176/608 717/1274/608
f 662/1072/607 1428/1277/607 717/1274/607 179/1065/607
f 181/1077/607 719/1278/607 1429/1279/607 663/1078/607
f 719/1278/608 209/1188/608 695/1187/608 1429/1279/608
f 1429/1279/608 695/1187/608 208/1182/608 718/1276/608
f 663/1078/609 1429/1279/609 718/1276/609 180/1071/609
f 182/1083/607 720/1280/607 1430/1281/607 664/1084/607
f 720/1280/608 210/1194/608 696/1193/608 1430/1281/608
f 1430/1281/608 696/1193/608 209/1188/608 719/1278/608
f 664/1084/609 1430/1281/609 719/1278/609 181/1077/609
f 186/1089/609 722/1282/609 1431/1283/609 670/1090/609
f 722/1282/608 212/1200/608 698/1199/608 1431/1283/608
f 1431/1283/608 698/1199/608 210/1194/608 720/1280/608
f 670/1090/607 1431/1283/607 720/1280/607 182/1083/607
f 187/1095/609 723/1284/609 1432/1285/609 671/1096/609
f 723/1284/608 213/1206/608 699/1205/608 1432/1285/608
f 1432/1285/608 699/1205/608 212/1200/608 722/1282/608
f 671/1096/609 1432/1285/609 722/1282/609 186/1089/609
f 188/1101/610 724/1286/610 1433/1287/610 672/1102/610
f 724/1286/611 214/1212/611 700/1211/611 1433/1287/611
f 1433/1287/612 700/1211/612 213/1206/612 723/1284/612
f 672/1102/613 1433/1287/613 723/1284/613 187/1095/613
f 189/1107/614 725/1288/614 1434/1289/614 673/1108/614
f 725/1288/615 215/1218/615 701/1217/615 1434/1289/615
f 1434/1289/616 701/1217/616 214/1212/616 724/1286/616
f 673/1108/617 1434/1289/617 724/1286/617 188/1101/617
f 190/1113/618 726/1290/618 1435/1291/618 674/1114/618
f 726/1290/619 216/1224/619 702/1223/619 1435/1291/619
f 1435/1291/620 702/1223/620 215/1218/620 725/1288/620
f 674/1114/621 1435/1291/621 725/1288/621 189/1107/621
f 191/1051/622 727/1270/622 1436/1292/622 675/1118/622
f 727/1270/623 217/1162/623 703/1229/623 1436/1292/623
f 1436/1292/624 703/1229/624 216/1224/624 726/1290/624
f 675/1118/625 1436/1292/625 726/1290/625 190/1113/625
f 196/1130/626 729/1293/626 1437/1294/626 873/1295/626
f 729/1293/627 219/1237/627 687/1296/627 1437/1294/627
f 1437/1294/628 687/1296/628 90/617/628 540/614/628
f 873/1295/629 1437/1294/629 540/614/629 59/613/629
f 197/1128/630 730/1297/630 1438/1298/630 681/1129/630
f 730/1297/631 220/1239/631 705/1238/631 1438/1298/631
f 1438/1298/632 705/1238/632 219/1237/632 729/1293/632
f 681/1129/633 1438/1298/633 729/1293/633 196/1130/633
f 198/1135/634 731/1299/634 1439/1300/634 682/1136/634
f 731/1299/635 221/1245/635 706/1244/635 1439/1300/635
f 1439/1300/636 706/1244/636 220/1239/636 730/1297/636
f 682/1136/637 1439/1300/637 730/1297/637 197/1128/637
f 199/1141/638 732/1301/638 1440/1302/638 683/1142/638
f 732/1301/639 222/1251/639 707/1250/639 1440/1302/639
f 1440/1302/640 707/1250/640 221/1245/640 731/1299/640
f 683/1142/641 1440/1302/641 731/1299/641 198/1135/641
f 200/1147/642 733/1303/642 1441/1304/642 684/1148/642
f 733/1303/643 223/1257/643 708/1256/643 1441/1304/643
f 1441/1304/644 708/1256/644 222/1251/644 732/1301/644
f 684/1148/645 1441/1304/645 732/1301/645 199/1141/645
f 201/1153/646 734/1305/646 1442/1306/646 685/1154/646
f 734/1305/647 224/1263/647 709/1262/647 1442/1306/647
f 1442/1306/648 709/1262/648 223/1257/648 733/1303/648
f 685/1154/649 1442/1306/649 733/1303/649 200/1147/649
f 202/1060/650 735/1273/650 1443/1307/650 686/1157/650
f 735/1273/651 225/1168/651 710/1268/651 1443/1307/651
f 1443/1307/652 710/1268/652 224/1263/652 734/1305/652
f 686/1157/653 1443/1307/653 734/1305/653 201/1153/653
f 228/1038/654 714/1308/654 1444/1309/654 834/1042/654
f 714/1308/654 235/1265/654 894/1267/654 1444/1309/654
f 1444/1309/655 894/1267/655 249/1164/655 869/1310/655
f 834/1042/655 1444/1309/655 869/1310/655 177/926/655
f 227/1032/656 713/1311/656 1445/1312/656 711/1039/656
f 713/1311/656 234/1259/656 895/1261/656 1445/1312/656
f 1445/1312/657 895/1261/657 235/1265/657 714/1308/657
f 711/1039/657 1445/1312/657 714/1308/657 228/1038/657
f 176/1026/658 868/1313/658 1446/1314/658 833/1033/658
f 868/1313/658 248/1253/658 896/1255/658 1446/1314/658
f 1446/1314/659 896/1255/659 234/1259/659 713/1311/659
f 833/1033/659 1446/1314/659 713/1311/659 227/1032/659
f 226/1020/660 712/1315/660 1447/1316/660 832/1027/660
f 712/1315/660 233/1247/660 897/1249/660 1447/1316/660
f 1447/1316/661 897/1249/661 248/1253/661 868/1313/661
f 832/1027/661 1447/1316/661 868/1313/661 176/1026/661
f 175/1014/662 867/1317/662 1448/1318/662 831/1021/662
f 867/1317/662 247/1241/662 898/1243/662 1448/1318/662
f 1448/1318/663 898/1243/663 233/1247/663 712/1315/663
f 831/1021/663 1448/1318/663 712/1315/663 226/1020/663
f 174/860/664 866/1233/664 1449/1319/664 630/1015/664
f 866/1233/664 246/1232/664 899/1236/664 1449/1319/664
f 1449/1319/665 899/1236/665 247/1241/665 867/1317/665
f 630/1015/665 1449/1319/665 867/1317/665 175/1014/665
f 165/989/666 864/1320/666 1450/1321/666 617/992/666
f 864/1320/666 244/1226/666 900/1228/666 1450/1321/666
f 1450/1321/667 900/1228/667 245/1158/667 865/1322/667
f 617/992/667 1450/1321/667 865/1322/667 166/906/667
f 218/984/668 704/1323/668 1451/1324/668 829/990/668
f 704/1323/668 232/1220/668 901/1222/668 1451/1324/668
f 1451/1324/669 901/1222/669 244/1226/669 864/1320/669
f 829/990/669 1451/1324/669 864/1320/669 165/989/669
f 164/978/670 863/1325/670 1452/1326/670 828/985/670
f 863/1325/670 243/1214/670 902/1216/670 1452/1326/670
f 1452/1326/671 902/1216/671 232/1220/671 704/1323/671
f 828/985/671 1452/1326/671 704/1323/671 218/984/671
f 163/972/672 862/1327/672 1453/1328/672 616/979/672
f 862/1327/672 242/1208/672 903/1210/672 1453/1328/672
f 1453/1328/658 903/1210/658 243/1214/658 863/1325/658
f 616/979/658 1453/1328/658 863/1325/658 164/978/658
f 162/966/673 861/1329/673 1454/1330/673 615/973/673
f 861/1329/673 241/1202/673 904/1204/673 1454/1330/673
f 1454/1330/673 904/1204/673 242/1208/673 862/1327/673
f 615/973/673 1454/1330/673 862/1327/673 163/972/673
f 155/949/673 860/1331/673 1455/1332/673 614/967/673
f 860/1331/673 240/1196/673 905/1198/673 1455/1332/673
f 1455/1332/673 905/1198/673 241/1202/673 861/1329/673
f 614/967/673 1455/1332/673 861/1329/673 162/966/673
f 154/943/673 859/1333/673 1456/1334/673 603/950/673
f 859/1333/673 239/1190/673 906/1192/673 1456/1334/673
f 1456/1334/673 906/1192/673 240/1196/673 860/1331/673
f 603/950/673 1456/1334/673 860/1331/673 155/949/673
f 211/937/673 697/1335/673 1457/1336/673 826/944/673
f 697/1335/673 231/1184/673 907/1186/673 1457/1336/673
f 1457/1336/673 907/1186/673 239/1190/673 859/1333/673
f 826/944/673 1457/1336/673 859/1333/673 154/943/673
f 153/931/673 858/1337/673 1458/1338/673 825/938/673
f 858/1337/673 238/1178/673 908/1180/673 1458/1338/673
f 1458/1338/673 908/1180/673 231/1184/673 697/1335/673
f 825/938/673 1458/1338/673 697/1335/673 211/937/673
f 152/924/673 857/1339/673 1459/1340/673 602/932/673
f 857/1339/673 237/1172/673 909/1174/673 1459/1340/673
f 1459/1340/673 909/1174/673 238/1178/673 858/1337/673
f 602/932/673 1459/1340/673 858/1337/673 153/931/673
f 177/926/673 869/1310/673 1460/1341/673 601/925/673
f 869/1310/673 249/1164/673 910/1167/673 1460/1341/673
f 1460/1341/673 910/1167/673 237/1172/673 857/1339/673
f 601/925/673 1460/1341/673 857/1339/673 152/924/673
f 166/906/674 865/1322/674 1461/1342/674 824/905/674
f 865/1322/674 245/1158/674 911/1161/674 1461/1342/674
f 1461/1342/675 911/1161/675 236/1047/675 880/1343/675
f 824/905/675 1461/1342/675 880/1343/675 118/904/675
f 195/742/676 803/901/676 1462/1344/676 680/1117/676
f 803/901/677 118/904/677 880/1343/677 1462/1344/677
f 1462/1344/678 880/1343/678 236/1047/678 912/1044/678
f 680/1117/679 1462/1344/679 912/1044/679 230/1043/679
f 228/1038/654 834/1042/654 1463/1345/654 837/1346/654
f 834/1042/655 177/926/655 634/1347/655 1463/1345/655
f 1463/1345/655 634/1347/655 262/792/655 933/896/655
f 837/1346/654 1463/1345/654 933/896/654 269/892/654
f 227/1032/656 711/1039/656 1464/1348/656 836/1349/656
f 711/1039/657 228/1038/657 837/1346/657 1464/1348/657
f 1464/1348/657 837/1346/657 269/892/657 934/890/657
f 836/1349/656 1464/1348/656 934/890/656 268/886/656
f 176/1026/658 833/1033/658 1465/1350/658 633/1351/658
f 833/1033/659 227/1032/659 836/1349/659 1465/1350/659
f 1465/1350/659 836/1349/659 268/886/659 935/884/659
f 633/1351/658 1465/1350/658 935/884/658 261/880/658
f 226/1020/660 832/1027/660 1466/1352/660 835/1353/660
f 832/1027/661 176/1026/661 633/1351/661 1466/1352/661
f 1466/1352/661 633/1351/661 261/880/661 936/878/661
f 835/1353/660 1466/1352/660 936/878/660 267/874/660
f 175/1014/662 831/1021/662 1467/1354/662 632/1355/662
f 831/1021/663 226/1020/663 835/1353/663 1467/1354/663
f 1467/1354/663 835/1353/663 267/874/663 937/872/663
f 632/1355/662 1467/1354/662 937/872/662 260/867/662
f 174/860/664 630/1015/664 1468/1356/664 631/861/664
f 630/1015/665 175/1014/665 632/1355/665 1468/1356/665
f 1468/1356/665 632/1355/665 260/867/665 938/864/665
f 631/861/664 1468/1356/664 938/864/664 259/862/664
f 165/989/666 617/992/666 1469/1357/666 621/1358/666
f 617/992/667 166/906/667 622/1359/667 1469/1357/667
f 1469/1357/667 622/1359/667 258/786/667 939/855/667
f 621/1358/666 1469/1357/666 939/855/666 257/851/666
f 218/984/668 829/990/668 1470/1360/668 830/1361/668
f 829/990/669 165/989/669 621/1358/669 1470/1360/669
f 1470/1360/669 621/1358/669 257/851/669 940/849/669
f 830/1361/668 1470/1360/668 940/849/668 266/845/668
f 164/978/670 828/985/670 1471/1362/670 620/1363/670
f 828/985/671 218/984/671 830/1361/671 1471/1362/671
f 1471/1362/671 830/1361/671 266/845/671 941/843/671
f 620/1363/670 1471/1362/670 941/843/670 256/839/670
f 163/972/672 616/979/672 1472/1364/672 619/1365/672
f 616/979/658 164/978/658 620/1363/658 1472/1364/658
f 1472/1364/658 620/1363/658 256/839/658 942/837/658
f 619/1365/672 1472/1364/672 942/837/672 255/833/672
f 162/966/673 615/973/673 1473/1366/673 618/1367/673
f 615/973/673 163/972/673 619/1365/673 1473/1366/673
f 1473/1366/673 619/1365/673 255/833/673 943/831/673
f 618/1367/673 1473/1366/673 943/831/673 254/827/673
f 155/949/673 614/967/673 1474/1368/673 607/1369/673
f 614/967/673 162/966/673 618/1367/673 1474/1368/673
f 1474/1368/673 618/1367/673 254/827/673 944/825/673
f 607/1369/673 1474/1368/673 944/825/673 253/821/673
f 154/943/673 603/950/673 1475/1370/673 606/1371/673
f 603/950/673 155/949/673 607/1369/673 1475/1370/673
f 1475/1370/673 607/1369/673 253/821/673 945/819/673
f 606/1371/673 1475/1370/673 945/819/673 252/815/673
f 211/937/673 826/944/673 1476/1372/673 827/1373/673
f 826/944/673 154/943/673 606/1371/673 1476/1372/673
f 1476/1372/673 606/1371/673 252/815/673 946/813/673
f 827/1373/673 1476/1372/673 946/813/673 265/809/673
f 153/931/673 825/938/673 1477/1374/673 605/1375/673
f 825/938/673 211/937/673 827/1373/673 1477/1374/673
f 1477/1374/673 827/1373/673 265/809/673 947/807/673
f 605/1375/673 1477/1374/673 947/807/673 251/803/673
f 152/924/673 602/932/673 1478/1376/673 604/1377/673
f 602/932/673 153/931/673 605/1375/673 1478/1376/673
f 1478/1376/673 605/1375/673 251/803/673 948/801/673
f 604/1377/673 1478/1376/673 948/801/673 250/796/673
f 177/926/673 601/1378/673 1479/1379/673 634/1347/673
f 601/1378/673 152/924/673 604/1377/673 1479/1379/673
f 1479/1379/673 604/1377/673 250/796/673 949/793/673
f 634/1347/673 1479/1379/673 949/793/673 262/792/673
f 166/906/674 824/905/674 1480/1380/674 622/1359/674
f 824/905/680 118/904/680 926/1381/680 1480/1380/680
f 1480/1380/675 926/1381/675 263/672/675 950/787/675
f 622/1359/674 1480/1380/674 950/787/674 258/786/674
f 195/742/681 817/741/681 1481/1382/681 803/901/681
f 817/741/682 264/664/682 951/667/682 1481/1382/682
f 1481/1382/683 951/667/683 263/672/683 926/1381/683
f 803/901/684 1481/1382/684 926/1381/684 118/904/684
f 116/382/685 538/1383/685 1482/1384/685 537/663/685
f 538/1383/686 288/609/686 989/611/686 1482/1384/686
f 1482/1384/687 989/611/687 289/506/687 539/1385/687
f 537/663/688 1482/1384/688 539/1385/688 117/271/688
f 58/376/689 800/1386/689 1483/1387/689 772/383/689
f 800/1386/690 306/603/690 990/605/690 1483/1387/690
f 1483/1387/691 990/605/691 288/609/691 538/1383/691
f 772/383/692 1483/1387/692 538/1383/692 116/382/692
f 57/370/693 799/1388/693 1484/1389/693 441/377/693
f 799/1388/693 305/597/693 991/599/693 1484/1389/693
f 1484/1389/694 991/599/694 306/603/694 800/1386/694
f 441/377/694 1484/1389/694 800/1386/694 58/376/694
f 56/364/695 798/1390/695 1485/1391/695 440/371/695
f 798/1390/695 304/591/695 992/593/695 1485/1391/695
f 1485/1391/696 992/593/696 305/597/696 799/1388/696
f 440/371/696 1485/1391/696 799/1388/696 57/370/696
f 55/358/697 797/1392/697 1486/1393/697 439/365/697
f 797/1392/697 303/585/697 993/587/697 1486/1393/697
f 1486/1393/698 993/587/698 304/591/698 798/1390/698
f 439/365/698 1486/1393/698 798/1390/698 56/364/698
f 54/196/699 796/577/699 1487/1394/699 438/359/699
f 796/577/699 302/576/699 994/580/699 1487/1394/699
f 1487/1394/700 994/580/700 303/585/700 797/1392/700
f 438/359/700 1487/1394/700 797/1392/700 55/358/700
f 46/332/701 795/1395/701 1488/1396/701 766/336/701
f 795/1395/701 301/568/701 995/570/701 1488/1396/701
f 1488/1396/702 995/570/702 287/500/702 529/1397/702
f 766/336/702 1488/1396/702 529/1397/702 108/251/702
f 107/326/703 528/1398/703 1489/1399/703 765/333/703
f 528/1398/703 286/562/703 996/564/703 1489/1399/703
f 1489/1399/704 996/564/704 301/568/704 795/1395/704
f 765/333/704 1489/1399/704 795/1395/704 46/332/704
f 106/319/705 527/1400/705 1490/1401/705 524/327/705
f 527/1400/705 285/556/705 997/558/705 1490/1401/705
f 1490/1401/706 997/558/706 286/562/706 528/1398/706
f 524/327/706 1490/1401/706 528/1398/706 107/326/706
f 105/321/707 526/1402/707 1491/1403/707 523/320/707
f 526/1402/708 284/550/708 998/552/708 1491/1403/708
f 1491/1403/709 998/552/709 285/556/709 527/1400/709
f 523/320/709 1491/1403/709 527/1400/709 106/319/709
f 104/311/710 525/1404/710 1492/1405/710 522/645/710
f 525/1404/711 283/544/711 999/546/711 1492/1405/711
f 1492/1405/712 999/546/712 284/550/712 526/1402/712
f 522/645/713 1492/1405/713 526/1402/713 105/321/713
f 39/294/714 794/1406/714 1493/1407/714 764/312/714
f 794/1406/715 300/538/715 1000/540/715 1493/1407/715
f 1493/1407/716 1000/540/716 283/544/716 525/1404/716
f 764/312/717 1493/1407/717 525/1404/717 104/311/717
f 38/288/718 793/1408/718 1494/1409/718 419/295/718
f 793/1408/718 299/532/718 1001/534/718 1494/1409/718
f 1494/1409/719 1001/534/719 300/538/719 794/1406/719
f 419/295/719 1494/1409/719 794/1406/719 39/294/719
f 97/282/720 515/1410/720 1495/1411/720 761/289/720
f 515/1410/720 282/526/720 1002/528/720 1495/1411/720
f 1495/1411/720 1002/528/720 299/532/720 793/1408/720
f 761/289/720 1495/1411/720 793/1408/720 38/288/720
f 37/276/720 792/1412/720 1496/1413/720 760/283/720
f 792/1412/720 298/520/720 1003/522/720 1496/1413/720
f 1496/1413/720 1003/522/720 282/526/720 515/1410/720
f 760/283/720 1496/1413/720 515/1410/720 97/282/720
f 96/269/720 514/1414/720 1497/1415/720 759/277/720
f 514/1414/720 281/514/720 1004/516/720 1497/1415/720
f 1497/1415/720 1004/516/720 298/520/720 792/1412/720
f 759/277/720 1497/1415/720 792/1412/720 37/276/720
f 117/271/720 539/1385/720 1498/1416/720 513/270/720
f 539/1385/720 289/506/720 1005/509/720 1498/1416/720
f 1498/1416/720 1005/509/720 281/514/720 514/1414/720
f 513/270/720 1498/1416/720 514/1414/720 96/269/720
f 108/251/721 529/1397/721 1499/1417/721 691/250/721
f 529/1397/722 287/500/722 1006/503/722 1499/1417/722
f 1499/1417/723 1006/503/723 290/388/723 783/1418/723
f 691/250/723 1499/1417/723 783/1418/723 31/249/723
f 88/380/724 503/662/724 1500/1419/724 506/1420/724
f 503/662/725 89/263/725 507/1421/725 1500/1419/725
f 1500/1419/726 507/1421/726 280/393/726 1007/497/726
f 506/1420/727 1500/1419/727 1007/497/727 279/493/727
f 28/374/728 753/378/728 1501/1422/728 790/1423/728
f 753/378/729 88/380/729 506/1420/729 1501/1422/729
f 1501/1422/730 506/1420/730 279/493/730 1008/491/730
f 790/1423/731 1501/1422/731 1008/491/731 297/487/731
f 27/368/732 409/372/732 1502/1424/732 789/1425/732
f 409/372/733 28/374/733 790/1423/733 1502/1424/733
f 1502/1424/733 790/1423/733 297/487/733 1009/485/733
f 789/1425/732 1502/1424/732 1009/485/732 296/481/732
f 87/362/734 752/366/734 1503/1426/734 505/1427/734
f 752/366/735 27/368/735 789/1425/735 1503/1426/735
f 1503/1426/735 789/1425/735 296/481/735 1010/479/735
f 505/1427/734 1503/1426/734 1010/479/734 278/475/734
f 86/356/736 502/360/736 1504/1428/736 504/1429/736
f 502/360/737 87/362/737 505/1427/737 1504/1428/737
f 1504/1428/737 505/1427/737 278/475/737 1011/473/737
f 504/1429/736 1504/1428/736 1011/473/736 277/468/736
f 26/84/738 751/354/738 1505/1430/738 788/461/738
f 751/354/739 86/356/739 504/1429/739 1505/1430/739
f 1505/1430/739 504/1429/739 277/468/739 1012/465/739
f 788/461/738 1505/1430/738 1012/465/738 295/462/738
f 77/330/740 490/334/740 1506/1431/740 493/1432/740
f 490/334/741 78/245/741 494/1433/741 1506/1431/741
f 1506/1431/741 494/1433/741 276/384/741 1013/456/741
f 493/1432/740 1506/1431/740 1013/456/740 275/452/740
f 18/324/742 746/328/742 1507/1434/742 787/1435/742
f 746/328/743 77/330/743 493/1432/743 1507/1434/743
f 1507/1434/743 493/1432/743 275/452/743 1014/450/743
f 787/1435/742 1507/1434/742 1014/450/742 294/446/742
f 17/317/744 398/322/744 1508/1436/744 786/1437/744
f 398/322/745 18/324/745 787/1435/745 1508/1436/745
f 1508/1436/745 787/1435/745 294/446/745 1015/444/745
f 786/1437/744 1508/1436/744 1015/444/744 293/440/744
f 76/313/746 745/314/746 1509/1438/746 492/1439/746
f 745/314/747 17/317/747 786/1437/747 1509/1438/747
f 1509/1438/747 786/1437/747 293/440/747 1016/438/747
f 492/1439/748 1509/1438/748 1016/438/748 274/434/748
f 75/309/749 489/644/749 1510/1440/749 491/1441/749
f 489/644/750 76/313/750 492/1439/750 1510/1440/750
f 1510/1440/751 492/1439/751 274/434/751 1017/432/751
f 491/1441/752 1510/1440/752 1017/432/752 273/428/752
f 68/292/753 488/307/753 1511/1442/753 481/1443/753
f 488/307/754 75/309/754 491/1441/754 1511/1442/754
f 1511/1442/755 491/1441/755 273/428/755 1018/426/755
f 481/1443/756 1511/1442/756 1018/426/756 272/422/756
f 67/286/757 478/290/757 1512/1444/757 480/1445/757
f 478/290/758 68/292/758 481/1443/758 1512/1444/758
f 1512/1444/758 481/1443/758 272/422/758 1019/420/758
f 480/1445/757 1512/1444/757 1019/420/757 271/416/757
f 66/280/759 477/284/759 1513/1446/759 479/1447/759
f 477/284/759 67/286/759 480/1445/759 1513/1446/759
f 1513/1446/759 480/1445/759 271/416/759 1020/414/759
f 479/1447/759 1513/1446/759 1020/414/759 270/410/759
f 10/274/759 741/278/759 1514/1448/759 785/1449/759
f 741/278/759 66/280/759 479/1447/759 1514/1448/759
f 1514/1448/759 479/1447/759 270/410/759 1021/408/759
f 785/1449/759 1514/1448/759 1021/408/759 292/404/759
f 9/267/759 389/272/759 1515/1450/759 784/1451/759
f 389/272/759 10/274/759 785/1449/759 1515/1450/759
f 1515/1450/759 785/1449/759 292/404/759 1022/402/759
f 784/1451/759 1515/1450/759 1022/402/759 291/397/759
f 89/263/759 740/1452/759 1516/1453/759 507/1421/759
f 740/1452/759 9/267/759 784/1451/759 1516/1453/759
f 1516/1453/759 784/1451/759 291/397/759 1023/394/759
f 507/1421/759 1516/1453/759 1023/394/759 280/393/759
f 78/245/760 739/246/760 1517/1454/760 494/1433/760
f 739/246/761 31/249/761 783/1418/761 1517/1454/761
f 1517/1454/761 783/1418/761 290/388/761 1024/385/761
f 494/1433/760 1517/1454/760 1024/385/760 276/384/760
f 116/382/762 537/663/762 1518/1455/762 773/1456/762
f 537/663/763 117/271/763 774/1457/763 1518/1455/763
f 1518/1455/687 774/1457/687 343/126/687 1062/233/687
f 773/1456/764 1518/1455/764 1062/233/764 342/229/764
f 58/376/765 772/383/765 1519/1458/765 446/1459/765
f 772/383/766 116/382/766 773/1456/766 1519/1458/766
f 1519/1458/767 773/1456/767 342/229/767 1063/227/767
f 446/1459/690 1519/1458/690 1063/227/690 322/223/690
f 57/370/693 441/377/693 1520/1460/693 445/1461/693
f 441/377/694 58/376/694 446/1459/694 1520/1460/694
f 1520/1460/694 446/1459/694 322/223/694 1064/221/694
f 445/1461/693 1520/1460/693 1064/221/693 321/217/693
f 56/364/695 440/371/695 1521/1462/695 444/1463/695
f 440/371/696 57/370/696 445/1461/696 1521/1462/696
f 1521/1462/696 445/1461/696 321/217/696 1065/215/696
f 444/1463/695 1521/1462/695 1065/215/695 320/211/695
f 55/358/697 439/365/697 1522/1464/697 443/1465/697
f 439/365/698 56/364/698 444/1463/698 1522/1464/698
f 1522/1464/698 444/1463/698 320/211/698 1066/209/698
f 443/1465/697 1522/1464/697 1066/209/697 319/204/697
f 54/196/699 438/1466/699 1523/1467/699 442/197/699
f 438/1466/700 55/358/700 443/1465/700 1523/1467/700
f 1523/1467/700 443/1465/700 319/204/700 1067/201/700
f 442/197/699 1523/1467/699 1067/201/699 318/198/699
f 46/332/701 766/336/701 1524/1468/701 429/1469/701
f 766/336/702 108/251/702 771/1470/702 1524/1468/702
f 1524/1468/702 771/1470/702 341/120/702 1068/189/702
f 429/1469/701 1524/1468/701 1068/189/701 317/185/701
f 107/326/703 765/333/703 1525/1471/703 770/1472/703
f 765/333/704 46/332/704 429/1469/704 1525/1471/704
f 1525/1471/704 429/1469/704 317/185/704 1069/183/704
f 770/1472/703 1525/1471/703 1069/183/703 340/179/703
f 106/319/705 524/327/705 1526/1473/705 769/1474/705
f 524/327/706 107/326/706 770/1472/706 1526/1473/706
f 1526/1473/706 770/1472/706 340/179/706 1070/177/706
f 769/1474/705 1526/1473/705 1070/177/705 339/173/705
f 105/321/768 523/320/768 1527/1475/768 768/1476/768
f 523/320/709 106/319/709 769/1474/709 1527/1475/709
f 1527/1475/709 769/1474/709 339/173/709 1071/171/709
f 768/1476/708 1527/1475/708 1071/171/708 338/167/708
f 104/311/769 522/645/769 1528/1477/769 767/1478/769
f 522/645/770 105/321/770 768/1476/770 1528/1477/770
f 1528/1477/771 768/1476/771 338/167/771 1072/165/771
f 767/1478/772 1528/1477/772 1072/165/772 337/161/772
f 39/294/773 764/312/773 1529/1479/773 422/1480/773
f 764/312/774 104/311/774 767/1478/774 1529/1479/774
f 1529/1479/775 767/1478/775 337/161/775 1073/159/775
f 422/1480/776 1529/1479/776 1073/159/776 316/155/776
f 38/288/718 419/295/718 1530/1481/718 421/1482/718
f 419/295/719 39/294/719 422/1480/719 1530/1481/719
f 1530/1481/719 422/1480/719 316/155/719 1074/153/719
f 421/1482/718 1530/1481/718 1074/153/718 315/149/718
f 97/282/720 761/289/720 1531/1483/720 763/1484/720
f 761/289/720 38/288/720 421/1482/720 1531/1483/720
f 1531/1483/720 421/1482/720 315/149/720 1075/147/720
f 763/1484/720 1531/1483/720 1075/147/720 336/143/720
f 37/276/720 760/283/720 1532/1485/720 420/1486/720
f 760/283/720 97/282/720 763/1484/720 1532/1485/720
f 1532/1485/720 763/1484/720 336/143/720 1076/141/720
f 420/1486/720 1532/1485/720 1076/141/720 314/137/720
f 96/269/720 759/277/720 1533/1487/720 762/1488/720
f 759/277/720 37/276/720 420/1486/720 1533/1487/720
f 1533/1487/720 420/1486/720 314/137/720 1077/135/720
f 762/1488/720 1533/1487/720 1077/135/720 335/130/720
f 117/271/720 513/270/720 1534/1489/720 774/1457/720
f 513/270/720 96/269/720 762/1488/720 1534/1489/720
f 1534/1489/720 762/1488/720 335/130/720 1078/127/720
f 774/1457/720 1534/1489/720 1078/127/720 343/126/720
f 108/251/721 691/250/721 1535/1490/721 771/1470/721
f 691/250/723 31/249/723 738/1491/723 1535/1490/723
f 1535/1490/723 738/1491/723 323/9/723 1079/121/723
f 771/1470/721 1535/1490/721 1079/121/721 341/120/721
f 88/380/777 756/1492/777 1536/1493/777 503/662/777
f 756/1492/778 333/116/778 1080/118/778 1536/1493/778
f 1536/1493/726 1080/118/726 334/10/726 757/1494/726
f 503/662/779 1536/1493/779 757/1494/779 89/263/779
f 28/374/780 412/1495/780 1537/1496/780 753/378/780
f 412/1495/731 313/110/731 1081/112/731 1537/1496/731
f 1537/1496/781 1081/112/781 333/116/781 756/1492/781
f 753/378/782 1537/1496/782 756/1492/782 88/380/782
f 27/368/732 411/1497/732 1538/1498/732 409/1499/732
f 411/1497/732 312/104/732 1082/1500/732 1538/1498/732
f 1538/1498/733 1082/1500/733 313/110/733 412/1495/733
f 409/1499/733 1538/1498/733 412/1495/733 28/374/733
f 87/362/734 755/1501/734 1539/1502/734 752/366/734
f 755/1501/734 332/98/734 1083/100/734 1539/1502/734
f 1539/1502/735 1083/100/735 312/104/735 411/1497/735
f 752/366/735 1539/1502/735 411/1497/735 27/368/735
f 86/356/736 754/1503/736 1540/1504/736 502/360/736
f 754/1503/736 331/92/736 1084/94/736 1540/1504/736
f 1540/1504/737 1084/94/737 332/98/737 755/1501/737
f 502/360/737 1540/1504/737 755/1501/737 87/362/737
f 26/84/738 410/83/738 1541/1505/738 751/354/738
f 410/83/738 311/82/738 1085/87/738 1541/1505/738
f 1541/1505/739 1085/87/739 331/92/739 754/1503/739
f 751/354/739 1541/1505/739 754/1503/739 86/356/739
f 77/330/740 749/1506/740 1542/1507/740 490/334/740
f 749/1506/740 329/72/740 1086/74/740 1542/1507/740
f 1542/1507/741 1086/74/741 330/1/741 750/1508/741
f 490/334/741 1542/1507/741 750/1508/741 78/245/741
f 18/324/742 400/1509/742 1543/1510/742 746/328/742
f 400/1509/742 310/66/742 1087/68/742 1543/1510/742
f 1543/1510/743 1087/68/743 329/72/743 749/1506/743
f 746/328/743 1543/1510/743 749/1506/743 77/330/743
f 17/317/744 399/1511/744 1544/1512/744 398/322/744
f 399/1511/744 309/60/744 1088/62/744 1544/1512/744
f 1544/1512/745 1088/62/745 310/66/745 400/1509/745
f 398/322/745 1544/1512/745 400/1509/745 18/324/745
f 76/313/783 748/1513/783 1545/1514/783 745/314/783
f 748/1513/748 328/54/748 1089/56/748 1545/1514/748
f 1545/1514/747 1089/56/747 309/60/747 399/1511/747
f 745/314/747 1545/1514/747 399/1511/747 17/317/747
f 75/309/784 747/1515/784 1546/1516/784 489/644/784
f 747/1515/785 327/48/785 1090/50/785 1546/1516/785
f 1546/1516/786 1090/50/786 328/54/786 748/1513/786
f 489/644/787 1546/1516/787 748/1513/787 76/313/787
f 68/292/788 744/1517/788 1547/1518/788 488/307/788
f 744/1517/789 326/42/789 1091/44/789 1547/1518/789
f 1547/1518/790 1091/44/790 327/48/790 747/1515/790
f 488/307/791 1547/1518/791 747/1515/791 75/309/791
f 67/286/757 743/1519/757 1548/1520/757 478/290/757
f 743/1519/757 325/36/757 1092/38/757 1548/1520/757
f 1548/1520/758 1092/38/758 326/42/758 744/1517/758
f 478/290/758 1548/1520/758 744/1517/758 68/292/758
f 66/280/759 742/1521/759 1549/1522/759 477/284/759
f 742/1521/759 324/30/759 1093/32/759 1549/1522/759
f 1549/1522/759 1093/32/759 325/36/759 743/1519/759
f 477/284/759 1549/1522/759 743/1519/759 67/286/759
f 10/274/759 391/1523/759 1550/1524/759 741/278/759
f 391/1523/759 308/24/759 1094/26/759 1550/1524/759
f 1550/1524/759 1094/26/759 324/30/759 742/1521/759
f 741/278/759 1550/1524/759 742/1521/759 66/280/759
f 9/267/759 390/1525/759 1551/1526/759 389/272/759
f 390/1525/759 307/18/759 1095/20/759 1551/1526/759
f 1551/1526/759 1095/20/759 308/24/759 391/1523/759
f 389/272/759 1551/1526/759 391/1523/759 10/274/759
f 89/263/759 757/1494/759 1552/1527/759 740/264/759
f 757/1494/759 334/10/759 1096/13/759 1552/1527/759
f 1552/1527/759 1096/13/759 307/18/759 390/1525/759
f 740/264/759 1552/1527/759 390/1525/759 9/267/759
f 78/245/760 750/1508/760 1553/1528/760 739/246/760
f 750/1508/760 330/1/760 1097/4/760 1553/1528/760
f 1553/1528/761 1097/4/761 323/9/761 738/1491/761
f 739/246/761 1553/1528/761 738/1491/761 31/249/761
f 344/200/792 1099/863/792 1554/1529/792 413/241/792
f 1099/863/793 259/862/793 922/866/793 1554/1529/793
f 1554/1529/794 922/866/794 167/871/794 737/996/794
f 413/241/795 1554/1529/795 737/996/795 29/242/795
f 344/200/796 1100/199/796 1555/1530/796 413/241/796
f 1100/199/797 318/198/797 1036/203/797 1555/1530/797
f 1555/1530/798 1036/203/798 47/208/798 430/340/798
f 413/241/799 1555/1530/799 430/340/799 29/242/799
f 302/576/800 1102/575/800 1556/1531/800 984/578/800
f 1102/575/801 345/574/801 715/618/801 1556/1531/801
f 1556/1531/802 715/618/802 90/617/802 530/649/802
f 984/578/803 1556/1531/803 530/649/803 109/581/803
f 246/1232/804 1103/1231/804 1557/1532/804 890/1234/804
f 1103/1231/805 345/574/805 715/618/805 1557/1532/805
f 1557/1532/806 715/618/806 90/617/806 687/1296/806
f 890/1234/807 1557/1532/807 687/1296/807 219/1237/807
f 204/1036/808 823/1533/808 1558/1534/808 821/1040/808
f 823/1533/808 362/782/808 1121/784/808 1558/1534/808
f 1558/1534/809 1121/784/809 354/673/809 593/1535/809
f 821/1040/809 1558/1534/809 593/1535/809 145/918/809
f 144/1030/810 592/1536/810 1559/1537/810 820/1034/810
f 592/1536/810 353/776/810 1122/778/810 1559/1537/810
f 1559/1537/811 1122/778/811 362/782/811 823/1533/811
f 820/1034/811 1559/1537/811 823/1533/811 204/1036/811
f 143/1024/812 591/1538/812 1560/1539/812 588/1028/812
f 591/1538/812 352/770/812 1123/772/812 1560/1539/812
f 1560/1539/813 1123/772/813 353/776/813 592/1536/813
f 588/1028/813 1560/1539/813 592/1536/813 144/1030/813
f 142/1018/814 590/1540/814 1561/1541/814 587/1022/814
f 590/1540/814 351/764/814 1124/766/814 1561/1541/814
f 1561/1541/815 1124/766/815 352/770/815 591/1538/815
f 587/1022/815 1561/1541/815 591/1538/815 143/1024/815
f 203/1012/816 822/1542/816 1562/1543/816 819/1016/816
f 822/1542/816 361/758/816 1125/760/816 1562/1543/816
f 1562/1543/817 1125/760/817 351/764/817 590/1540/817
f 819/1016/817 1562/1543/817 590/1540/817 142/1018/817
f 141/750/818 589/749/818 1563/1544/818 818/1010/818
f 589/749/818 350/748/818 1126/753/818 1563/1544/818
f 1563/1544/819 1126/753/819 361/758/819 822/1542/819
f 818/1010/819 1563/1544/819 822/1542/819 203/1012/819
f 194/982/820 816/1545/820 1564/1546/820 812/986/820
f 816/1545/821 360/729/821 1127/731/821 1564/1546/821
f 1564/1546/822 1127/731/822 349/735/822 580/737/822
f 812/986/823 1564/1546/823 580/737/823 133/736/823
f 132/976/824 579/1547/824 1565/1548/824 811/980/824
f 579/1547/824 348/723/824 1128/725/824 1565/1548/824
f 1565/1548/825 1128/725/825 360/729/825 816/1545/825
f 811/980/825 1565/1548/825 816/1545/825 194/982/825
f 193/970/826 815/1549/826 1566/1550/826 810/974/826
f 815/1549/826 359/717/826 1129/719/826 1566/1550/826
f 1566/1550/827 1129/719/827 348/723/827 579/1547/827
f 810/974/827 1566/1550/827 579/1547/827 132/976/827
f 192/964/828 814/1551/828 1567/1552/828 676/968/828
f 814/1551/828 358/711/828 1130/713/828 1567/1552/828
f 1567/1552/828 1130/713/828 359/717/828 815/1549/828
f 676/968/828 1567/1552/828 815/1549/828 193/970/828
f 125/947/828 572/1553/828 1568/1554/828 809/962/828
f 572/1553/828 347/705/828 1131/707/828 1568/1554/828
f 1568/1554/828 1131/707/828 358/711/828 814/1551/828
f 809/962/828 1568/1554/828 814/1551/828 192/964/828
f 185/941/828 808/1555/828 1569/1556/828 805/945/828
f 808/1555/828 357/699/828 1132/701/828 1569/1556/828
f 1569/1556/828 1132/701/828 347/705/828 572/1553/828
f 805/945/828 1569/1556/828 572/1553/828 125/947/828
f 184/935/828 807/1557/828 1570/1558/828 666/939/828
f 807/1557/828 356/693/828 1133/695/828 1570/1558/828
f 1570/1558/828 1133/695/828 357/699/828 808/1555/828
f 666/939/828 1570/1558/828 808/1555/828 185/941/828
f 183/929/828 806/1559/828 1571/1560/828 665/933/828
f 806/1559/828 355/687/828 1134/689/828 1571/1560/828
f 1571/1560/828 1134/689/828 356/693/828 807/1557/828
f 665/933/828 1571/1560/828 807/1557/828 184/935/828
f 124/922/828 571/1561/828 1572/1562/828 804/927/828
f 571/1561/828 346/681/828 1135/683/828 1572/1562/828
f 1572/1562/828 1135/683/828 355/687/828 806/1559/828
f 804/927/828 1572/1562/828 806/1559/828 183/929/828
f 145/918/828 593/1535/828 1573/1563/828 570/919/828
f 593/1535/828 354/673/828 1136/676/828 1573/1563/828
f 1573/1563/828 1136/676/828 346/681/828 571/1561/828
f 570/919/828 1573/1563/828 571/1561/828 124/922/828
f 204/1036/808 821/1040/808 1574/1564/808 689/1565/808
f 821/1040/809 145/918/809 856/1566/809 1574/1564/809
f 1574/1564/809 856/1566/809 379/1052/809 1154/1155/809
f 689/1565/808 1574/1564/808 1154/1155/808 370/1151/808
f 144/1030/810 820/1034/810 1575/1567/810 855/1568/810
f 820/1034/811 204/1036/811 689/1565/811 1575/1567/811
f 1575/1567/811 689/1565/811 370/1151/811 1155/1149/811
f 855/1568/810 1575/1567/810 1155/1149/810 378/1145/810
f 143/1024/812 588/1028/812 1576/1569/812 854/1570/812
f 588/1028/813 144/1030/813 855/1568/813 1576/1569/813
f 1576/1569/813 855/1568/813 378/1145/813 1156/1143/813
f 854/1570/812 1576/1569/812 1156/1143/812 377/1139/812
f 142/1018/814 587/1022/814 1577/1571/814 853/1572/814
f 587/1022/815 143/1024/815 854/1570/815 1577/1571/815
f 1577/1571/815 854/1570/815 377/1139/815 1157/1137/815
f 853/1572/814 1577/1571/814 1157/1137/814 376/1133/814
f 203/1012/816 819/1016/816 1578/1573/816 688/1574/816
f 819/1016/817 142/1018/817 853/1572/817 1578/1573/817
f 1578/1573/817 853/1572/817 376/1133/817 1158/1131/817
f 688/1574/816 1578/1573/816 1158/1131/816 369/1126/816
f 141/750/818 818/1010/818 1579/1575/818 852/1120/818
f 818/1010/819 203/1012/819 688/1574/819 1579/1575/819
f 1579/1575/819 688/1574/819 369/1126/819 1159/1123/819
f 852/1120/818 1579/1575/818 1159/1123/818 375/1121/818
f 194/982/829 812/986/829 1580/1576/829 679/1577/829
f 812/986/830 133/736/830 851/1116/830 1580/1576/830
f 1580/1576/831 851/1116/831 374/1111/831 1160/1109/831
f 679/1577/832 1580/1576/832 1160/1109/832 368/1105/832
f 132/976/824 811/980/824 1581/1578/824 850/1579/824
f 811/980/825 194/982/825 679/1577/825 1581/1578/825
f 1581/1578/825 679/1577/825 368/1105/825 1161/1103/825
f 850/1579/824 1581/1578/824 1161/1103/824 373/1099/824
f 193/970/826 810/974/826 1582/1580/826 678/1581/826
f 810/974/827 132/976/827 850/1579/827 1582/1580/827
f 1582/1580/827 850/1579/827 373/1099/827 1162/1097/827
f 678/1581/826 1582/1580/826 1162/1097/826 367/1093/826
f 192/964/828 676/968/828 1583/1582/828 677/1583/828
f 676/968/828 193/970/828 678/1581/828 1583/1582/828
f 1583/1582/828 678/1581/828 367/1093/828 1163/1091/828
f 677/1583/828 1583/1582/828 1163/1091/828 366/1087/828
f 125/947/828 809/962/828 1584/1584/828 849/1585/828
f 809/962/828 192/964/828 677/1583/828 1584/1584/828
f 1584/1584/828 677/1583/828 366/1087/828 1164/1085/828
f 849/1585/828 1584/1584/828 1164/1085/828 372/1081/828
f 185/941/828 805/945/828 1585/1586/828 669/1587/828
f 805/945/828 125/947/828 849/1585/828 1585/1586/828
f 1585/1586/828 849/1585/828 372/1081/828 1165/1079/828
f 669/1587/828 1585/1586/828 1165/1079/828 365/1075/828
f 184/935/828 666/939/828 1586/1588/828 668/1589/828
f 666/939/828 185/941/828 669/1587/828 1586/1588/828
f 1586/1588/828 669/1587/828 365/1075/828 1166/1073/828
f 668/1589/828 1586/1588/828 1166/1073/828 364/1069/828
f 183/929/828 665/933/828 1587/1590/828 667/1591/828
f 665/933/828 184/935/828 668/1589/828 1587/1590/828
f 1587/1590/828 668/1589/828 364/1069/828 1167/1067/828
f 667/1591/828 1587/1590/828 1167/1067/828 363/1063/828
f 124/922/828 804/927/828 1588/1592/828 848/1593/828
f 804/927/828 183/929/828 667/1591/828 1588/1592/828
f 1588/1592/828 667/1591/828 363/1063/828 1168/1061/828
f 848/1593/828 1588/1592/828 1168/1061/828 371/1056/828
f 145/918/828 570/919/828 1589/1594/828 856/1566/828
f 570/919/828 124/922/828 848/1593/828 1589/1594/828
f 1589/1594/828 848/1593/828 371/1056/828 1169/1053/828
f 856/1566/828 1589/1594/828 1169/1053/828 379/1052/828
f 380/464/833 1171/1122/833 1590/1595/833 872/616/833
f 1171/1122/834 375/1121/834 1149/1125/834 1590/1595/834
f 1590/1595/835 1149/1125/835 196/1130/835 873/1295/835
f 872/616/836 1590/1595/836 873/1295/836 59/613/836
f 380/464/837 1172/463/837 1591/1596/837 872/616/837
f 1172/463/838 295/462/838 977/467/838 1591/1596/838
f 1591/1596/839 977/467/839 79/472/839 495/648/839
f 872/616/840 1591/1596/840 495/648/840 59/613/840
f 350/748/841 1174/747/841 1592/1597/841 1108/751/841
f 1174/747/842 381/80/842 382/237/842 1592/1597/842
f 1592/1597/843 382/237/843 1/236/843 623/993/843
f 1108/751/844 1592/1597/844 623/993/844 134/754/844
f 311/82/845 1175/81/845 1593/1598/845 1029/85/845
f 1175/81/846 381/80/846 382/237/846 1593/1598/846
f 1593/1598/847 382/237/847 1/236/847 401/337/847
f 1029/85/848 1593/1598/848 401/337/848 19/88/848
