# Blender 5.0.1
# www.blender.org
mtllib WastafelKecil_01.mtl
o WastafelKecil_01
v -6.510314 0.950335 -2.316410
v -6.510314 0.800335 -2.316410
v -6.510314 0.950335 -2.286410
v -6.510314 0.800335 -2.286410
v -5.709815 0.950335 -2.286410
v -5.709815 0.800335 -2.286410
v -5.709815 0.950335 -2.316410
v -5.709815 0.800335 -2.316410
v -6.510314 0.800335 -3.085299
v -6.510314 0.751823 -3.085299
v -6.510314 0.800335 -2.286410
v -6.510314 0.751823 -2.286410
v -5.709815 0.800335 -2.286410
v -5.709815 0.751823 -2.286410
v -5.709815 0.800335 -3.085299
v -5.709815 0.751823 -3.085299
v -5.764306 0.800335 -2.910375
v -5.751814 0.751823 -2.919415
v -5.764306 0.800335 -2.408456
v -5.751815 0.751823 -2.399415
v -6.457823 0.800335 -2.408457
v -6.470315 0.751823 -2.399416
v -6.457823 0.800335 -2.910376
v -6.470315 0.751823 -2.919416
v -5.749063 0.020354 -2.360936
v -5.749063 0.754331 -2.360936
v -5.741402 0.020354 -2.359723
v -5.741402 0.754331 -2.359723
v -5.734492 0.020354 -2.356202
v -5.734492 0.754331 -2.356202
v -5.729007 0.020354 -2.350718
v -5.729007 0.754331 -2.350718
v -5.725486 0.020354 -2.343807
v -5.725486 0.754331 -2.343807
v -5.724273 0.020354 -2.336147
v -5.724273 0.754331 -2.336147
v -5.725486 0.020354 -2.328486
v -5.725486 0.754331 -2.328486
v -5.729007 0.020354 -2.321576
v -5.729007 0.754331 -2.321576
v -5.734492 0.020354 -2.316091
v -5.734492 0.754331 -2.316091
v -5.741402 0.020354 -2.312570
v -5.741402 0.754331 -2.312570
v -5.749063 0.020354 -2.311357
v -5.749063 0.754331 -2.311357
v -5.756723 0.020354 -2.312570
v -5.756723 0.754331 -2.312570
v -5.763634 0.020354 -2.316091
v -5.763634 0.754331 -2.316091
v -5.769118 0.020354 -2.321576
v -5.769118 0.754331 -2.321576
v -5.772639 0.020354 -2.328486
v -5.772639 0.754331 -2.328486
v -5.773852 0.020354 -2.336147
v -5.773852 0.754331 -2.336147
v -5.772639 0.020354 -2.343807
v -5.772639 0.754331 -2.343807
v -5.769118 0.020354 -2.350718
v -5.769118 0.754331 -2.350718
v -5.763634 0.020354 -2.356202
v -5.763634 0.754331 -2.356202
v -5.756723 0.020354 -2.359723
v -5.756723 0.754331 -2.359723
v -5.749063 0.020354 -2.355705
v -5.743019 0.020354 -2.354747
v -5.737566 0.020354 -2.351969
v -5.733240 0.020354 -2.347642
v -5.730462 0.020354 -2.342191
v -5.729505 0.020354 -2.336147
v -5.730462 0.020354 -2.330103
v -5.733240 0.020354 -2.324651
v -5.737566 0.020354 -2.320324
v -5.743019 0.020354 -2.317546
v -5.749063 0.020354 -2.316589
v -5.755106 0.020354 -2.317546
v -5.760558 0.020354 -2.320324
v -5.764885 0.020354 -2.324651
v -5.767663 0.020354 -2.330103
v -5.768620 0.020354 -2.336147
v -5.767663 0.020354 -2.342191
v -5.764885 0.020354 -2.347642
v -5.760558 0.020354 -2.351969
v -5.755106 0.020354 -2.354747
v -5.749062 0.000562 -2.344340
v -5.746531 0.000562 -2.343939
v -5.744246 0.000562 -2.342775
v -5.742434 0.000562 -2.340962
v -5.741270 0.000562 -2.338679
v -5.740869 0.000562 -2.336147
v -5.741270 0.000562 -2.333615
v -5.742434 0.000562 -2.331331
v -5.744246 0.000562 -2.329519
v -5.746531 0.000562 -2.328355
v -5.749062 0.000562 -2.327954
v -5.751594 0.000562 -2.328355
v -5.753878 0.000562 -2.329519
v -5.755691 0.000562 -2.331331
v -5.756854 0.000562 -2.333615
v -5.757255 0.000562 -2.336147
v -5.756854 0.000562 -2.338679
v -5.755691 0.000562 -2.340962
v -5.753878 0.000562 -2.342775
v -5.751594 0.000562 -2.343939
v -5.749062 0.000562 -2.346382
v -5.749063 0.009770 -2.355705
v -5.749062 0.001796 -2.351043
v -5.749062 0.005166 -2.354455
v -5.743019 0.009770 -2.354747
v -5.745899 0.000562 -2.345881
v -5.743404 0.005166 -2.353559
v -5.744459 0.001796 -2.350314
v -5.737566 0.009770 -2.351969
v -5.743046 0.000562 -2.344427
v -5.738301 0.005166 -2.350959
v -5.740306 0.001796 -2.348198
v -5.733240 0.009770 -2.347642
v -5.740782 0.000562 -2.342163
v -5.734250 0.005166 -2.346908
v -5.737011 0.001796 -2.344903
v -5.730462 0.009770 -2.342191
v -5.739328 0.000562 -2.339309
v -5.731650 0.005166 -2.341805
v -5.734895 0.001796 -2.340750
v -5.729505 0.009770 -2.336147
v -5.738827 0.000562 -2.336147
v -5.730753 0.005166 -2.336147
v -5.734166 0.001796 -2.336147
v -5.730462 0.009770 -2.330103
v -5.739328 0.000562 -2.332984
v -5.731650 0.005166 -2.330489
v -5.734895 0.001796 -2.331543
v -5.733240 0.009770 -2.324651
v -5.740782 0.000562 -2.330131
v -5.734250 0.005166 -2.325385
v -5.737011 0.001796 -2.327391
v -5.737566 0.009770 -2.320324
v -5.743046 0.000562 -2.327867
v -5.738301 0.005166 -2.321334
v -5.740306 0.001796 -2.324095
v -5.743019 0.009770 -2.317546
v -5.745899 0.000562 -2.326413
v -5.743404 0.005166 -2.318734
v -5.744459 0.001796 -2.321979
v -5.749063 0.009770 -2.316589
v -5.749062 0.000562 -2.325912
v -5.749062 0.005166 -2.317838
v -5.749062 0.001796 -2.321250
v -5.755106 0.009770 -2.317546
v -5.752225 0.000562 -2.326412
v -5.754720 0.005166 -2.318734
v -5.753665 0.001796 -2.321979
v -5.760558 0.009770 -2.320324
v -5.755078 0.000562 -2.327866
v -5.759824 0.005166 -2.321334
v -5.757818 0.001796 -2.324095
v -5.764885 0.009770 -2.324651
v -5.757343 0.000562 -2.330131
v -5.763875 0.005166 -2.325385
v -5.761114 0.001796 -2.327391
v -5.767663 0.009770 -2.330103
v -5.758796 0.000562 -2.332984
v -5.766475 0.005166 -2.330489
v -5.763229 0.001796 -2.331543
v -5.768620 0.009770 -2.336147
v -5.759297 0.000562 -2.336147
v -5.767371 0.005166 -2.336147
v -5.763959 0.001796 -2.336147
v -5.767663 0.009770 -2.342191
v -5.758796 0.000562 -2.339310
v -5.766475 0.005166 -2.341805
v -5.763229 0.001796 -2.340750
v -5.764885 0.009770 -2.347642
v -5.757343 0.000562 -2.342163
v -5.763875 0.005166 -2.346908
v -5.761114 0.001796 -2.344903
v -5.760558 0.009770 -2.351969
v -5.755078 0.000562 -2.344427
v -5.759824 0.005166 -2.350959
v -5.757818 0.001796 -2.348198
v -5.755106 0.009770 -2.354747
v -5.752225 0.000562 -2.345881
v -5.754720 0.005166 -2.353559
v -5.753665 0.001796 -2.350314
v -5.756723 0.754331 -3.064161
v -5.756723 0.020354 -3.064161
v -5.763634 0.754331 -3.060640
v -5.763634 0.020354 -3.060640
v -5.769118 0.754331 -3.055156
v -5.769118 0.020354 -3.055156
v -5.772639 0.754331 -3.048245
v -5.772639 0.020354 -3.048245
v -5.773852 0.754331 -3.040585
v -5.773852 0.020354 -3.040585
v -5.772639 0.754331 -3.032924
v -5.772639 0.020354 -3.032924
v -5.769118 0.754331 -3.026014
v -5.769118 0.020354 -3.026014
v -5.763634 0.754331 -3.020529
v -5.763634 0.020354 -3.020529
v -5.756723 0.754331 -3.017008
v -5.756723 0.020354 -3.017008
v -5.749063 0.754331 -3.015795
v -5.749063 0.020354 -3.015795
v -5.741402 0.754331 -3.017008
v -5.741402 0.020354 -3.017008
v -5.734492 0.754331 -3.020529
v -5.734492 0.020354 -3.020529
v -5.729007 0.754331 -3.026014
v -5.729007 0.020354 -3.026014
v -5.725486 0.754331 -3.032924
v -5.725486 0.020354 -3.032924
v -5.724273 0.754331 -3.040585
v -5.724273 0.020354 -3.040585
v -5.725486 0.754331 -3.048245
v -5.725486 0.020354 -3.048245
v -5.729007 0.754331 -3.055156
v -5.729007 0.020354 -3.055156
v -5.734492 0.754331 -3.060640
v -5.734492 0.020354 -3.060640
v -5.741402 0.754331 -3.064161
v -5.741402 0.020354 -3.064161
v -5.749063 0.754331 -3.065374
v -5.749063 0.020354 -3.065374
v -5.749063 0.020354 -3.060143
v -5.743019 0.020354 -3.059185
v -5.737566 0.020354 -3.056407
v -5.733240 0.020354 -3.052080
v -5.730462 0.020354 -3.046628
v -5.729505 0.020354 -3.040585
v -5.730462 0.020354 -3.034541
v -5.733240 0.020354 -3.029089
v -5.737566 0.020354 -3.024762
v -5.743019 0.020354 -3.021984
v -5.749063 0.020354 -3.021027
v -5.755106 0.020354 -3.021984
v -5.760558 0.020354 -3.024762
v -5.764885 0.020354 -3.029089
v -5.767663 0.020354 -3.034541
v -5.768620 0.020354 -3.040585
v -5.767663 0.020354 -3.046628
v -5.764885 0.020354 -3.052080
v -5.760558 0.020354 -3.056407
v -5.755106 0.020354 -3.059185
v -5.749062 0.000562 -3.048778
v -5.746531 0.000562 -3.048377
v -5.744246 0.000562 -3.047213
v -5.742434 0.000562 -3.045400
v -5.741270 0.000562 -3.043117
v -5.740869 0.000562 -3.040585
v -5.741270 0.000562 -3.038053
v -5.742434 0.000562 -3.035769
v -5.744246 0.000562 -3.033957
v -5.746531 0.000562 -3.032793
v -5.749062 0.000562 -3.032392
v -5.751594 0.000562 -3.032793
v -5.753878 0.000562 -3.033957
v -5.755691 0.000562 -3.035769
v -5.756854 0.000562 -3.038053
v -5.757255 0.000562 -3.040585
v -5.756854 0.000562 -3.043117
v -5.755691 0.000562 -3.045400
v -5.753878 0.000562 -3.047213
v -5.751594 0.000562 -3.048377
v -5.749062 0.000562 -3.050819
v -5.749063 0.009770 -3.060143
v -5.749062 0.001796 -3.055481
v -5.749062 0.005166 -3.058893
v -5.743019 0.009770 -3.059185
v -5.745899 0.000562 -3.050319
v -5.743404 0.005166 -3.057997
v -5.744459 0.001796 -3.054752
v -5.737566 0.009770 -3.056407
v -5.743046 0.000562 -3.048865
v -5.738301 0.005166 -3.055397
v -5.740306 0.001796 -3.052636
v -5.733240 0.009770 -3.052080
v -5.740782 0.000562 -3.046601
v -5.734250 0.005166 -3.051346
v -5.737011 0.001796 -3.049340
v -5.730462 0.009770 -3.046628
v -5.739328 0.000562 -3.043747
v -5.731650 0.005166 -3.046242
v -5.734895 0.001796 -3.045187
v -5.729505 0.009770 -3.040585
v -5.738827 0.000562 -3.040585
v -5.730753 0.005166 -3.040585
v -5.734166 0.001796 -3.040585
v -5.730462 0.009770 -3.034541
v -5.739328 0.000562 -3.037422
v -5.731650 0.005166 -3.034927
v -5.734895 0.001796 -3.035981
v -5.733240 0.009770 -3.029089
v -5.740782 0.000562 -3.034569
v -5.734250 0.005166 -3.029823
v -5.737011 0.001796 -3.031829
v -5.737566 0.009770 -3.024762
v -5.743046 0.000562 -3.032305
v -5.738301 0.005166 -3.025772
v -5.740306 0.001796 -3.028533
v -5.743019 0.009770 -3.021984
v -5.745899 0.000562 -3.030851
v -5.743404 0.005166 -3.023172
v -5.744459 0.001796 -3.026417
v -5.749063 0.009770 -3.021027
v -5.749062 0.000562 -3.030349
v -5.749062 0.005166 -3.022276
v -5.749062 0.001796 -3.025688
v -5.755106 0.009770 -3.021984
v -5.752225 0.000562 -3.030850
v -5.754720 0.005166 -3.023172
v -5.753665 0.001796 -3.026417
v -5.760558 0.009770 -3.024762
v -5.755078 0.000562 -3.032304
v -5.759824 0.005166 -3.025772
v -5.757818 0.001796 -3.028533
v -5.764885 0.009770 -3.029089
v -5.757343 0.000562 -3.034569
v -5.763875 0.005166 -3.029823
v -5.761114 0.001796 -3.031829
v -5.767663 0.009770 -3.034541
v -5.758796 0.000562 -3.037422
v -5.766475 0.005166 -3.034927
v -5.763229 0.001796 -3.035981
v -5.768620 0.009770 -3.040585
v -5.759297 0.000562 -3.040585
v -5.767371 0.005166 -3.040585
v -5.763959 0.001796 -3.040585
v -5.767663 0.009770 -3.046628
v -5.758796 0.000562 -3.043747
v -5.766475 0.005166 -3.046242
v -5.763229 0.001796 -3.045188
v -5.764885 0.009770 -3.052080
v -5.757343 0.000562 -3.046601
v -5.763875 0.005166 -3.051346
v -5.761114 0.001796 -3.049340
v -5.760558 0.009770 -3.056407
v -5.755078 0.000562 -3.048865
v -5.759824 0.005166 -3.055397
v -5.757818 0.001796 -3.052636
v -5.755106 0.009770 -3.059185
v -5.752225 0.000562 -3.050319
v -5.754720 0.005166 -3.057997
v -5.753665 0.001796 -3.054752
v -5.749063 0.176555 -3.021763
v -5.749063 0.176555 -2.339140
v -5.744616 0.175851 -3.021763
v -5.744616 0.175851 -2.339140
v -5.740604 0.173807 -3.021763
v -5.740604 0.173807 -2.339140
v -5.737420 0.170623 -3.021763
v -5.737420 0.170623 -2.339140
v -5.735376 0.166611 -3.021763
v -5.735376 0.166611 -2.339140
v -5.734672 0.162164 -3.021763
v -5.734672 0.162164 -2.339140
v -5.735376 0.157717 -3.021763
v -5.735376 0.157717 -2.339140
v -5.737420 0.153705 -3.021763
v -5.737420 0.153705 -2.339140
v -5.740604 0.150521 -3.021763
v -5.740604 0.150521 -2.339140
v -5.744616 0.148477 -3.021763
v -5.744616 0.148477 -2.339140
v -5.749063 0.147773 -3.021763
v -5.749063 0.147773 -2.339140
v -5.753510 0.148477 -3.021763
v -5.753510 0.148477 -2.339140
v -5.757522 0.150521 -3.021763
v -5.757522 0.150521 -2.339140
v -5.760706 0.153705 -3.021763
v -5.760706 0.153705 -2.339140
v -5.762750 0.157717 -3.021763
v -5.762750 0.157717 -2.339140
v -5.763454 0.162164 -3.021763
v -5.763454 0.162164 -2.339140
v -5.762750 0.166611 -3.021763
v -5.762750 0.166611 -2.339140
v -5.760706 0.170623 -3.021763
v -5.760706 0.170623 -2.339140
v -5.757522 0.173807 -3.021763
v -5.757522 0.173807 -2.339140
v -5.753510 0.175851 -3.021763
v -5.753510 0.175851 -2.339140
v -5.880185 0.789743 -2.485022
v -5.879742 0.791292 -2.484560
v -5.881274 0.788821 -2.486137
v -5.846361 0.789743 -2.518563
v -5.847463 0.788821 -2.519675
v -5.845905 0.791292 -2.518098
v -6.352402 0.789744 -2.832173
v -6.351319 0.788826 -2.831068
v -6.352845 0.791292 -2.832630
v -6.361834 0.789745 -2.827412
v -6.360755 0.788829 -2.826315
v -6.362278 0.791292 -2.827867
v -6.369317 0.789745 -2.819991
v -6.368236 0.788829 -2.818896
v -6.369763 0.791292 -2.820447
v -6.374118 0.789744 -2.810638
v -6.373027 0.788826 -2.809536
v -6.374569 0.791292 -2.811097
v -6.341945 0.789743 -2.833810
v -6.342388 0.791292 -2.834272
v -6.340856 0.788821 -2.832694
v -6.375769 0.789743 -2.800269
v -6.374667 0.788821 -2.799156
v -6.376225 0.791292 -2.800733
v -5.896414 0.783553 -2.817233
v -5.896866 0.782003 -2.816771
v -5.895322 0.784474 -2.818349
v -5.862727 0.783553 -2.783775
v -5.861625 0.784475 -2.784885
v -5.863184 0.782003 -2.783316
v -6.336121 0.783551 -2.503240
v -6.337206 0.784470 -2.502136
v -6.335672 0.782003 -2.503698
v -6.345509 0.783550 -2.507996
v -6.346589 0.784466 -2.506900
v -6.345062 0.782003 -2.508450
v -6.352962 0.783550 -2.515398
v -6.354043 0.784466 -2.514303
v -6.352513 0.782003 -2.515851
v -6.357749 0.783551 -2.524722
v -6.358840 0.784470 -2.523621
v -6.357298 0.782003 -2.525177
v -6.325716 0.783553 -2.501598
v -6.325264 0.782003 -2.502060
v -6.326808 0.784474 -2.500483
v -6.359403 0.783553 -2.535057
v -6.360505 0.784475 -2.533947
v -6.358946 0.782003 -2.535516
v -5.872472 0.635294 -2.782692
v -5.863184 0.644583 -2.783421
v -5.867828 0.636539 -2.783059
v -5.864428 0.639938 -2.783326
v -5.897472 0.635294 -2.807483
v -5.896753 0.644583 -2.816771
v -5.897110 0.636539 -2.812127
v -5.896846 0.639938 -2.815527
v -5.873766 0.635294 -2.790809
v -5.864827 0.644583 -2.793727
v -5.869297 0.636539 -2.792269
v -5.866024 0.639938 -2.793338
v -5.877186 0.635294 -2.797476
v -5.869595 0.644583 -2.803024
v -5.873390 0.636539 -2.800251
v -5.870611 0.639938 -2.802281
v -5.882524 0.635294 -2.802779
v -5.877021 0.644583 -2.810402
v -5.879771 0.636539 -2.806591
v -5.877758 0.639938 -2.809381
v -5.889264 0.635294 -2.806191
v -5.886380 0.644583 -2.815139
v -5.887820 0.636539 -2.810665
v -5.886764 0.639938 -2.813940
v -5.897472 0.635294 -2.511348
v -5.896753 0.644583 -2.502060
v -5.897110 0.636539 -2.506704
v -5.896847 0.639938 -2.503304
v -5.872472 0.635294 -2.536139
v -5.863184 0.644583 -2.535410
v -5.867828 0.636539 -2.535772
v -5.864429 0.639938 -2.535506
v -5.889264 0.635294 -2.512640
v -5.886380 0.644583 -2.503692
v -5.887820 0.636539 -2.508166
v -5.886765 0.639938 -2.504891
v -5.882524 0.635294 -2.516052
v -5.877022 0.644583 -2.508430
v -5.879772 0.636539 -2.512240
v -5.877758 0.639938 -2.509450
v -5.877186 0.635294 -2.521355
v -5.869595 0.644583 -2.515808
v -5.873390 0.636539 -2.518580
v -5.870612 0.639938 -2.516550
v -5.873766 0.635294 -2.528023
v -5.864827 0.644583 -2.525105
v -5.869297 0.636539 -2.526562
v -5.866024 0.639938 -2.525494
v -6.349658 0.635294 -2.536139
v -6.358946 0.644583 -2.535411
v -6.354302 0.636539 -2.535772
v -6.357702 0.639938 -2.535506
v -6.324658 0.635294 -2.511349
v -6.325377 0.644583 -2.502060
v -6.325021 0.636539 -2.506705
v -6.325284 0.639938 -2.503305
v -6.348364 0.635294 -2.528023
v -6.357303 0.644583 -2.525105
v -6.352834 0.636539 -2.526562
v -6.356106 0.639938 -2.525494
v -6.344944 0.635294 -2.521355
v -6.352535 0.644583 -2.515808
v -6.348740 0.636539 -2.518580
v -6.351519 0.639938 -2.516550
v -6.339607 0.635294 -2.516052
v -6.345109 0.644583 -2.508430
v -6.342359 0.636539 -2.512241
v -6.344373 0.639938 -2.509450
v -6.332867 0.635294 -2.512640
v -6.335751 0.644583 -2.503693
v -6.334311 0.636539 -2.508166
v -6.335366 0.639938 -2.504891
v -6.324658 0.635294 -2.807483
v -6.325377 0.644583 -2.816772
v -6.325020 0.636539 -2.812127
v -6.325284 0.639938 -2.815527
v -6.349658 0.635294 -2.782692
v -6.358946 0.644583 -2.783421
v -6.354302 0.636539 -2.783059
v -6.357702 0.639938 -2.783326
v -6.332866 0.635294 -2.806191
v -6.335750 0.644583 -2.815139
v -6.334310 0.636539 -2.810665
v -6.335366 0.639938 -2.813941
v -6.339607 0.635294 -2.802779
v -6.345109 0.644583 -2.810402
v -6.342359 0.636539 -2.806591
v -6.344372 0.639938 -2.809381
v -6.344944 0.635294 -2.797477
v -6.352535 0.644583 -2.803024
v -6.348740 0.636539 -2.800251
v -6.351519 0.639938 -2.802282
v -6.348364 0.635294 -2.790809
v -6.357303 0.644583 -2.793727
v -6.352834 0.636539 -2.792270
v -6.356106 0.639938 -2.793338
v -5.780431 0.799971 -2.859586
v -5.779181 0.801740 -2.861782
v -5.780065 0.801222 -2.860241
v -5.811792 0.801740 -2.894098
v -5.814101 0.799971 -2.892921
v -5.813412 0.801222 -2.893266
v -5.782079 0.799971 -2.869887
v -5.780797 0.801740 -2.871736
v -5.781703 0.801222 -2.870437
v -5.786861 0.799971 -2.879180
v -5.785447 0.801740 -2.880732
v -5.786445 0.801222 -2.879639
v -5.794311 0.799971 -2.886554
v -5.792668 0.801740 -2.887887
v -5.793824 0.801222 -2.886947
v -5.803697 0.799971 -2.891289
v -5.801747 0.801740 -2.892494
v -5.803116 0.801222 -2.891643
v -5.814102 0.799971 -2.425910
v -5.811793 0.801740 -2.424733
v -5.813412 0.801222 -2.425565
v -5.779181 0.801740 -2.457049
v -5.780431 0.799971 -2.459245
v -5.780065 0.801222 -2.458590
v -5.801748 0.801740 -2.426337
v -5.803697 0.799971 -2.427542
v -5.803117 0.801222 -2.427188
v -5.792668 0.801740 -2.430944
v -5.794311 0.799971 -2.432276
v -5.793824 0.801222 -2.431884
v -5.785447 0.801740 -2.438099
v -5.786862 0.799971 -2.439651
v -5.786445 0.801222 -2.439192
v -5.780798 0.801740 -2.447095
v -5.782079 0.799971 -2.448944
v -5.781703 0.801222 -2.448394
v -6.441700 0.799971 -2.459245
v -6.442950 0.801740 -2.457049
v -6.442066 0.801222 -2.458590
v -6.410338 0.801740 -2.424734
v -6.408030 0.799971 -2.425911
v -6.408719 0.801222 -2.425566
v -6.440052 0.799971 -2.448944
v -6.441333 0.801740 -2.447096
v -6.440428 0.801222 -2.448395
v -6.435269 0.799971 -2.439652
v -6.436684 0.801740 -2.438099
v -6.435686 0.801222 -2.439192
v -6.427820 0.799971 -2.432277
v -6.429462 0.801740 -2.430944
v -6.428307 0.801222 -2.431885
v -6.418434 0.799971 -2.427542
v -6.420383 0.801740 -2.426338
v -6.419014 0.801222 -2.427189
v -6.408029 0.799971 -2.892921
v -6.410338 0.801740 -2.894098
v -6.408719 0.801222 -2.893266
v -6.442949 0.801740 -2.861783
v -6.441700 0.799971 -2.859587
v -6.442065 0.801222 -2.860242
v -6.420383 0.801740 -2.892494
v -6.418434 0.799971 -2.891290
v -6.419014 0.801222 -2.891643
v -6.429462 0.801740 -2.887887
v -6.427820 0.799971 -2.886555
v -6.428307 0.801222 -2.886948
v -6.436684 0.801740 -2.880733
v -6.435269 0.799971 -2.879180
v -6.435686 0.801222 -2.879640
v -6.441333 0.801740 -2.871736
v -6.440051 0.799971 -2.869888
v -6.440427 0.801222 -2.870437
v -6.441700 0.796726 -2.859534
v -6.440145 0.794746 -2.858109
v -6.441244 0.795425 -2.859104
v -6.406354 0.794746 -2.891506
v -6.407969 0.796726 -2.892921
v -6.407483 0.795425 -2.892507
v -6.440048 0.796726 -2.869851
v -6.438505 0.794746 -2.868447
v -6.439596 0.795425 -2.869431
v -6.435257 0.796726 -2.879158
v -6.433715 0.794746 -2.877769
v -6.434803 0.795425 -2.878747
v -6.427795 0.796726 -2.886545
v -6.426239 0.794746 -2.885158
v -6.427334 0.795425 -2.886136
v -6.418393 0.796726 -2.891287
v -6.416810 0.794746 -2.889890
v -6.417919 0.795425 -2.890877
v -5.780431 0.796726 -2.459298
v -5.781985 0.794746 -2.460722
v -5.780887 0.795425 -2.459728
v -5.815777 0.794746 -2.427325
v -5.814161 0.796726 -2.425910
v -5.814648 0.795425 -2.426325
v -5.782082 0.796726 -2.448981
v -5.783626 0.794746 -2.450385
v -5.782535 0.795425 -2.449400
v -5.786873 0.796726 -2.439673
v -5.788416 0.794746 -2.441062
v -5.787328 0.795425 -2.440085
v -5.794335 0.796726 -2.432287
v -5.795891 0.794746 -2.433674
v -5.794797 0.795425 -2.432695
v -5.803738 0.796726 -2.427544
v -5.805321 0.794746 -2.428942
v -5.804211 0.795425 -2.427954
v -6.440145 0.794746 -2.460723
v -6.441700 0.796726 -2.459298
v -6.441245 0.795425 -2.459728
v -6.407970 0.796726 -2.425911
v -6.406354 0.794746 -2.427326
v -6.407483 0.795425 -2.426325
v -6.438505 0.794746 -2.450385
v -6.440049 0.796726 -2.448981
v -6.439596 0.795425 -2.449401
v -6.433715 0.794746 -2.441063
v -6.435258 0.796726 -2.439673
v -6.434803 0.795425 -2.440085
v -6.426239 0.794746 -2.433674
v -6.427796 0.796726 -2.432287
v -6.427334 0.795425 -2.432696
v -6.416810 0.794746 -2.428942
v -6.418393 0.796726 -2.427545
v -6.417920 0.795425 -2.427955
v -5.781985 0.794746 -2.858109
v -5.780431 0.796726 -2.859533
v -5.780886 0.795425 -2.859103
v -5.814161 0.796726 -2.892921
v -5.815776 0.794746 -2.891506
v -5.814648 0.795425 -2.892506
v -5.783626 0.794746 -2.868447
v -5.782082 0.796726 -2.869851
v -5.782535 0.795425 -2.869431
v -5.788416 0.794746 -2.877769
v -5.786873 0.796726 -2.879158
v -5.787327 0.795425 -2.878746
v -5.795891 0.794746 -2.885158
v -5.794335 0.796726 -2.886544
v -5.794796 0.795425 -2.886136
v -5.805321 0.794746 -2.889889
v -5.803738 0.796726 -2.891287
v -5.804211 0.795425 -2.890877
v -6.342380 0.792609 -2.834272
v -6.344083 0.794746 -2.835807
v -6.342874 0.794020 -2.834722
v -6.377912 0.794746 -2.802257
v -6.376225 0.792609 -2.800738
v -6.376719 0.794020 -2.801185
v -6.354523 0.794746 -2.834146
v -6.352839 0.792609 -2.832631
v -6.353328 0.794020 -2.833075
v -6.363942 0.794746 -2.829367
v -6.362274 0.792609 -2.827868
v -6.362760 0.794020 -2.828307
v -6.371426 0.794746 -2.821945
v -6.369761 0.792609 -2.820449
v -6.370248 0.794020 -2.820888
v -6.376242 0.794746 -2.812606
v -6.374569 0.792609 -2.811100
v -6.375059 0.794020 -2.811543
v -6.344084 0.794746 -2.483024
v -6.342380 0.792609 -2.484560
v -6.342874 0.794020 -2.484110
v -6.376225 0.792609 -2.518094
v -6.377912 0.794746 -2.516574
v -6.376719 0.794020 -2.517647
v -6.352839 0.792609 -2.486201
v -6.354523 0.794746 -2.484686
v -6.353328 0.794020 -2.485757
v -6.362274 0.792609 -2.490964
v -6.363942 0.794746 -2.489465
v -6.362761 0.794020 -2.490525
v -6.369762 0.792609 -2.498383
v -6.371427 0.794746 -2.496886
v -6.370248 0.794020 -2.497944
v -6.374569 0.792609 -2.507732
v -6.376242 0.794746 -2.506226
v -6.375059 0.794020 -2.507289
v -5.879750 0.792609 -2.484560
v -5.878047 0.794746 -2.483024
v -5.879257 0.794020 -2.484110
v -5.844219 0.794746 -2.516574
v -5.845905 0.792609 -2.518094
v -5.845411 0.794020 -2.517646
v -5.867608 0.794746 -2.484686
v -5.869291 0.792609 -2.486201
v -5.868802 0.794020 -2.485757
v -5.858188 0.794746 -2.489464
v -5.859857 0.792609 -2.490964
v -5.859370 0.794020 -2.490524
v -5.850704 0.794746 -2.496886
v -5.852369 0.792609 -2.498383
v -5.851882 0.794020 -2.497943
v -5.845888 0.794746 -2.506226
v -5.847561 0.792609 -2.507731
v -5.847072 0.794020 -2.507288
v -5.878047 0.794746 -2.835807
v -5.879750 0.792609 -2.834271
v -5.879257 0.794020 -2.834721
v -5.845904 0.792609 -2.800737
v -5.844218 0.794746 -2.802257
v -5.845411 0.794020 -2.801185
v -5.869291 0.792609 -2.832630
v -5.867608 0.794746 -2.834146
v -5.868802 0.794020 -2.833074
v -5.859856 0.792609 -2.827867
v -5.858188 0.794746 -2.829367
v -5.859370 0.794020 -2.828307
v -5.852368 0.792609 -2.820448
v -5.850704 0.794746 -2.821945
v -5.851882 0.794020 -2.820888
v -5.847561 0.792609 -2.811100
v -5.845888 0.794746 -2.812605
v -5.847071 0.794020 -2.811543
v -5.847561 0.791292 -2.507734
v -5.849103 0.788826 -2.509296
v -5.848012 0.789744 -2.508193
v -5.852367 0.791292 -2.498385
v -5.853895 0.788829 -2.499936
v -5.852813 0.789745 -2.498840
v -5.859853 0.791292 -2.490965
v -5.861375 0.788829 -2.492517
v -5.860296 0.789745 -2.491420
v -5.869286 0.791292 -2.486201
v -5.870811 0.788826 -2.487764
v -5.869729 0.789744 -2.486659
v -6.374667 0.788821 -2.519675
v -6.376225 0.791292 -2.518098
v -6.375769 0.789743 -2.518563
v -6.342389 0.791292 -2.484560
v -6.340857 0.788821 -2.486138
v -6.341945 0.789743 -2.485022
v -6.373028 0.788826 -2.509296
v -6.374570 0.791292 -2.507735
v -6.374118 0.789744 -2.508194
v -6.368236 0.788829 -2.499936
v -6.369763 0.791292 -2.498385
v -6.369317 0.789745 -2.498841
v -6.360756 0.788829 -2.492517
v -6.362278 0.791292 -2.490965
v -6.361834 0.789745 -2.491420
v -6.351319 0.788826 -2.487764
v -6.352845 0.791292 -2.486202
v -6.352402 0.789744 -2.486659
v -5.847463 0.788821 -2.799156
v -5.845904 0.791292 -2.800733
v -5.846361 0.789743 -2.800268
v -5.879742 0.791292 -2.834271
v -5.881274 0.788821 -2.832694
v -5.880185 0.789743 -2.833809
v -5.849102 0.788826 -2.809535
v -5.847560 0.791292 -2.811097
v -5.848012 0.789744 -2.810638
v -5.853894 0.788829 -2.818895
v -5.852367 0.791292 -2.820446
v -5.852813 0.789745 -2.819991
v -5.861374 0.788829 -2.826315
v -5.859853 0.791292 -2.827866
v -5.860296 0.789745 -2.827411
v -5.870811 0.788826 -2.831067
v -5.869286 0.791292 -2.832630
v -5.869729 0.789744 -2.832172
v -5.864832 0.782003 -2.793654
v -5.863290 0.784470 -2.795211
v -5.864380 0.783551 -2.794110
v -5.869617 0.782003 -2.802980
v -5.868087 0.784467 -2.804528
v -5.869169 0.783550 -2.803434
v -5.877068 0.782003 -2.810382
v -5.875542 0.784466 -2.811932
v -5.876621 0.783550 -2.810836
v -5.886457 0.782003 -2.815134
v -5.884924 0.784470 -2.816696
v -5.886009 0.783551 -2.815591
v -6.325264 0.782003 -2.816772
v -6.326807 0.784474 -2.818349
v -6.325715 0.783553 -2.817234
v -6.360505 0.784475 -2.784885
v -6.358946 0.782003 -2.783316
v -6.359403 0.783553 -2.783775
v -6.337205 0.784470 -2.816696
v -6.335672 0.782003 -2.815134
v -6.336121 0.783551 -2.815592
v -6.346588 0.784466 -2.811932
v -6.345062 0.782003 -2.810382
v -6.345509 0.783550 -2.810836
v -6.354043 0.784466 -2.804529
v -6.352513 0.782003 -2.802981
v -6.352962 0.783550 -2.803434
v -6.358840 0.784470 -2.795211
v -6.357297 0.782003 -2.793654
v -6.357749 0.783551 -2.794110
v -5.896866 0.782003 -2.502060
v -5.895323 0.784474 -2.500482
v -5.896415 0.783553 -2.501598
v -5.861625 0.784475 -2.533946
v -5.863184 0.782003 -2.535515
v -5.862728 0.783553 -2.535056
v -5.884924 0.784470 -2.502135
v -5.886458 0.782003 -2.503697
v -5.886009 0.783551 -2.503240
v -5.875542 0.784466 -2.506899
v -5.877069 0.782003 -2.508450
v -5.876622 0.783550 -2.507996
v -5.868087 0.784466 -2.514303
v -5.869617 0.782003 -2.515851
v -5.869169 0.783550 -2.515398
v -5.863290 0.784470 -2.523621
v -5.864832 0.782003 -2.525177
v -5.864381 0.783551 -2.524722
v -6.324658 0.635294 -2.782692
v -5.897472 0.635294 -2.782692
v -6.324658 0.635294 -2.536139
v -5.897472 0.635294 -2.536139
v -5.762826 0.797350 -2.919415
v -5.751815 0.797350 -2.909221
v -5.759423 0.797350 -2.918917
v -5.756354 0.797350 -2.917469
v -5.753918 0.797350 -2.915213
v -5.752354 0.797350 -2.912371
v -5.751815 0.797350 -2.409610
v -5.762826 0.797350 -2.399415
v -5.752355 0.797350 -2.406460
v -5.753918 0.797350 -2.403618
v -5.756354 0.797350 -2.401362
v -5.759424 0.797350 -2.399915
v -6.459305 0.797350 -2.399416
v -6.470315 0.797350 -2.409611
v -6.462708 0.797350 -2.399915
v -6.465777 0.797350 -2.401363
v -6.468213 0.797350 -2.403618
v -6.469777 0.797350 -2.406460
v -6.470315 0.797350 -2.909222
v -6.459305 0.797350 -2.919416
v -6.469776 0.797350 -2.912372
v -6.468212 0.797350 -2.915214
v -6.465776 0.797350 -2.917469
v -6.462707 0.797350 -2.918917
v -5.762826 0.800596 -2.919415
v -5.764314 0.801740 -2.918646
v -5.763262 0.801405 -2.919190
v -5.752616 0.801740 -2.907832
v -5.751815 0.800596 -2.909221
v -5.752050 0.801405 -2.908814
v -5.760680 0.801740 -2.918132
v -5.759423 0.800596 -2.918917
v -5.759791 0.801405 -2.918687
v -5.757411 0.801740 -2.916607
v -5.756354 0.800596 -2.917469
v -5.756664 0.801405 -2.917216
v -5.754827 0.801740 -2.914219
v -5.753918 0.800596 -2.915213
v -5.754184 0.801405 -2.914922
v -5.753176 0.801740 -2.911197
v -5.752354 0.800596 -2.912371
v -5.752595 0.801405 -2.912027
v -5.751815 0.800596 -2.409610
v -5.752617 0.801740 -2.410999
v -5.752050 0.801405 -2.410017
v -5.764315 0.801740 -2.400185
v -5.762826 0.800596 -2.399415
v -5.763262 0.801405 -2.399641
v -5.752355 0.800596 -2.406460
v -5.753177 0.801740 -2.407634
v -5.752595 0.801405 -2.406804
v -5.753918 0.800596 -2.403618
v -5.754827 0.801740 -2.404612
v -5.754185 0.801405 -2.403909
v -5.756354 0.800596 -2.401362
v -5.757411 0.801740 -2.402224
v -5.756664 0.801405 -2.401615
v -5.759424 0.800596 -2.399915
v -5.760681 0.801740 -2.400699
v -5.759792 0.801405 -2.400144
v -6.459305 0.800596 -2.399416
v -6.457817 0.801740 -2.400186
v -6.458869 0.801405 -2.399642
v -6.469514 0.801740 -2.411000
v -6.470315 0.800596 -2.409611
v -6.470081 0.801405 -2.410017
v -6.461451 0.801740 -2.400700
v -6.462708 0.800596 -2.399915
v -6.462339 0.801405 -2.400145
v -6.464719 0.801740 -2.402224
v -6.465777 0.800596 -2.401363
v -6.465467 0.801405 -2.401615
v -6.467303 0.801740 -2.404613
v -6.468213 0.800596 -2.403618
v -6.467947 0.801405 -2.403909
v -6.468954 0.801740 -2.407635
v -6.469777 0.800596 -2.406460
v -6.469536 0.801405 -2.406804
v -6.470315 0.800596 -2.909222
v -6.469514 0.801740 -2.907833
v -6.470080 0.801405 -2.908815
v -6.457816 0.801740 -2.918647
v -6.459305 0.800596 -2.919416
v -6.458869 0.801405 -2.919191
v -6.469776 0.800596 -2.912372
v -6.468954 0.801740 -2.911197
v -6.469535 0.801405 -2.912028
v -6.468212 0.800596 -2.915214
v -6.467303 0.801740 -2.914219
v -6.467946 0.801405 -2.914922
v -6.465776 0.800596 -2.917469
v -6.464719 0.801740 -2.916608
v -6.465466 0.801405 -2.917217
v -6.462707 0.800596 -2.918917
v -6.461450 0.801740 -2.918132
v -6.462339 0.801405 -2.918687
v -6.472225 0.020354 -2.360936
v -6.472225 0.754331 -2.360936
v -6.464565 0.020354 -2.359723
v -6.464565 0.754331 -2.359723
v -6.457654 0.020354 -2.356202
v -6.457654 0.754331 -2.356202
v -6.452170 0.020354 -2.350718
v -6.452170 0.754331 -2.350718
v -6.448649 0.020354 -2.343807
v -6.448649 0.754331 -2.343807
v -6.447435 0.020354 -2.336147
v -6.447435 0.754331 -2.336147
v -6.448649 0.020354 -2.328486
v -6.448649 0.754331 -2.328486
v -6.452170 0.020354 -2.321576
v -6.452170 0.754331 -2.321576
v -6.457654 0.020354 -2.316091
v -6.457654 0.754331 -2.316091
v -6.464565 0.020354 -2.312570
v -6.464565 0.754331 -2.312570
v -6.472225 0.020354 -2.311357
v -6.472225 0.754331 -2.311357
v -6.479886 0.020354 -2.312570
v -6.479886 0.754331 -2.312570
v -6.486796 0.020354 -2.316091
v -6.486796 0.754331 -2.316091
v -6.492280 0.020354 -2.321576
v -6.492280 0.754331 -2.321576
v -6.495801 0.020354 -2.328486
v -6.495801 0.754331 -2.328486
v -6.497015 0.020354 -2.336147
v -6.497015 0.754331 -2.336147
v -6.495801 0.020354 -2.343807
v -6.495801 0.754331 -2.343807
v -6.492280 0.020354 -2.350718
v -6.492280 0.754331 -2.350718
v -6.486796 0.020354 -2.356202
v -6.486796 0.754331 -2.356202
v -6.479886 0.020354 -2.359723
v -6.479886 0.754331 -2.359723
v -6.472225 0.020354 -2.355705
v -6.466181 0.020354 -2.354747
v -6.460729 0.020354 -2.351969
v -6.456402 0.020354 -2.347642
v -6.453624 0.020354 -2.342191
v -6.452667 0.020354 -2.336147
v -6.453624 0.020354 -2.330103
v -6.456402 0.020354 -2.324651
v -6.460729 0.020354 -2.320324
v -6.466181 0.020354 -2.317546
v -6.472225 0.020354 -2.316589
v -6.478269 0.020354 -2.317546
v -6.483721 0.020354 -2.320324
v -6.488048 0.020354 -2.324651
v -6.490826 0.020354 -2.330103
v -6.491783 0.020354 -2.336147
v -6.490826 0.020354 -2.342191
v -6.488048 0.020354 -2.347642
v -6.483721 0.020354 -2.351969
v -6.478269 0.020354 -2.354747
v -6.472225 0.000562 -2.344340
v -6.469693 0.000562 -2.343939
v -6.467409 0.000562 -2.342775
v -6.465597 0.000562 -2.340962
v -6.464433 0.000562 -2.338679
v -6.464032 0.000562 -2.336147
v -6.464433 0.000562 -2.333615
v -6.465597 0.000562 -2.331331
v -6.467409 0.000562 -2.329519
v -6.469693 0.000562 -2.328355
v -6.472225 0.000562 -2.327954
v -6.474757 0.000562 -2.328355
v -6.477040 0.000562 -2.329519
v -6.478853 0.000562 -2.331331
v -6.480017 0.000562 -2.333615
v -6.480418 0.000562 -2.336147
v -6.480017 0.000562 -2.338679
v -6.478853 0.000562 -2.340962
v -6.477040 0.000562 -2.342775
v -6.474757 0.000562 -2.343939
v -6.472225 0.000562 -2.346382
v -6.472225 0.009770 -2.355705
v -6.472225 0.001796 -2.351043
v -6.472225 0.005166 -2.354455
v -6.466181 0.009770 -2.354747
v -6.469062 0.000562 -2.345881
v -6.466567 0.005166 -2.353559
v -6.467622 0.001796 -2.350314
v -6.460729 0.009770 -2.351969
v -6.466209 0.000562 -2.344427
v -6.461463 0.005166 -2.350959
v -6.463469 0.001796 -2.348198
v -6.456402 0.009770 -2.347642
v -6.463945 0.000562 -2.342163
v -6.457413 0.005166 -2.346908
v -6.460174 0.001796 -2.344903
v -6.453624 0.009770 -2.342191
v -6.462491 0.000562 -2.339309
v -6.454813 0.005166 -2.341805
v -6.458057 0.001796 -2.340750
v -6.452667 0.009770 -2.336147
v -6.461990 0.000562 -2.336147
v -6.453916 0.005166 -2.336147
v -6.457329 0.001796 -2.336147
v -6.453624 0.009770 -2.330103
v -6.462491 0.000562 -2.332984
v -6.454813 0.005166 -2.330489
v -6.458057 0.001796 -2.331543
v -6.456402 0.009770 -2.324651
v -6.463944 0.000562 -2.330131
v -6.457413 0.005166 -2.325385
v -6.460174 0.001796 -2.327391
v -6.460729 0.009770 -2.320324
v -6.466208 0.000562 -2.327867
v -6.461463 0.005166 -2.321334
v -6.463469 0.001796 -2.324095
v -6.466181 0.009770 -2.317546
v -6.469062 0.000562 -2.326413
v -6.466567 0.005166 -2.318734
v -6.467622 0.001796 -2.321979
v -6.472225 0.009770 -2.316589
v -6.472225 0.000562 -2.325912
v -6.472225 0.005166 -2.317838
v -6.472225 0.001796 -2.321250
v -6.478269 0.009770 -2.317546
v -6.475388 0.000562 -2.326412
v -6.477883 0.005166 -2.318734
v -6.476828 0.001796 -2.321979
v -6.483721 0.009770 -2.320324
v -6.478241 0.000562 -2.327866
v -6.482987 0.005166 -2.321334
v -6.480981 0.001796 -2.324095
v -6.488048 0.009770 -2.324651
v -6.480505 0.000562 -2.330131
v -6.487037 0.005166 -2.325385
v -6.484277 0.001796 -2.327391
v -6.490826 0.009770 -2.330103
v -6.481959 0.000562 -2.332984
v -6.489638 0.005166 -2.330489
v -6.486392 0.001796 -2.331543
v -6.491783 0.009770 -2.336147
v -6.482460 0.000562 -2.336147
v -6.490534 0.005166 -2.336147
v -6.487122 0.001796 -2.336147
v -6.490826 0.009770 -2.342191
v -6.481959 0.000562 -2.339310
v -6.489638 0.005166 -2.341805
v -6.486392 0.001796 -2.340750
v -6.488048 0.009770 -2.347642
v -6.480505 0.000562 -2.342163
v -6.487037 0.005166 -2.346908
v -6.484277 0.001796 -2.344903
v -6.483721 0.009770 -2.351969
v -6.478241 0.000562 -2.344427
v -6.482987 0.005166 -2.350959
v -6.480981 0.001796 -2.348198
v -6.478269 0.009770 -2.354747
v -6.475388 0.000562 -2.345881
v -6.477883 0.005166 -2.353559
v -6.476828 0.001796 -2.350314
v -6.479886 0.754331 -3.064161
v -6.479886 0.020354 -3.064161
v -6.486796 0.754331 -3.060640
v -6.486796 0.020354 -3.060640
v -6.492280 0.754331 -3.055155
v -6.492280 0.020354 -3.055155
v -6.495801 0.754331 -3.048245
v -6.495801 0.020354 -3.048245
v -6.497015 0.754331 -3.040585
v -6.497015 0.020354 -3.040585
v -6.495801 0.754331 -3.032924
v -6.495801 0.020354 -3.032924
v -6.492280 0.754331 -3.026014
v -6.492280 0.020354 -3.026014
v -6.486796 0.754331 -3.020529
v -6.486796 0.020354 -3.020529
v -6.479886 0.754331 -3.017008
v -6.479886 0.020354 -3.017008
v -6.472225 0.754331 -3.015795
v -6.472225 0.020354 -3.015795
v -6.464565 0.754331 -3.017008
v -6.464565 0.020354 -3.017008
v -6.457654 0.754331 -3.020529
v -6.457654 0.020354 -3.020529
v -6.452170 0.754331 -3.026014
v -6.452170 0.020354 -3.026014
v -6.448649 0.754331 -3.032924
v -6.448649 0.020354 -3.032924
v -6.447435 0.754331 -3.040585
v -6.447435 0.020354 -3.040585
v -6.448649 0.754331 -3.048245
v -6.448649 0.020354 -3.048245
v -6.452170 0.754331 -3.055155
v -6.452170 0.020354 -3.055155
v -6.457654 0.754331 -3.060640
v -6.457654 0.020354 -3.060640
v -6.464565 0.754331 -3.064161
v -6.464565 0.020354 -3.064161
v -6.472225 0.754331 -3.065374
v -6.472225 0.020354 -3.065374
v -6.472225 0.020354 -3.060143
v -6.466181 0.020354 -3.059185
v -6.460729 0.020354 -3.056407
v -6.456402 0.020354 -3.052080
v -6.453624 0.020354 -3.046628
v -6.452667 0.020354 -3.040585
v -6.453624 0.020354 -3.034541
v -6.456402 0.020354 -3.029089
v -6.460729 0.020354 -3.024762
v -6.466181 0.020354 -3.021984
v -6.472225 0.020354 -3.021027
v -6.478269 0.020354 -3.021984
v -6.483721 0.020354 -3.024762
v -6.488048 0.020354 -3.029089
v -6.490826 0.020354 -3.034541
v -6.491783 0.020354 -3.040585
v -6.490826 0.020354 -3.046628
v -6.488048 0.020354 -3.052080
v -6.483721 0.020354 -3.056407
v -6.478269 0.020354 -3.059185
v -6.472225 0.000562 -3.048778
v -6.469693 0.000562 -3.048377
v -6.467409 0.000562 -3.047213
v -6.465597 0.000562 -3.045400
v -6.464433 0.000562 -3.043117
v -6.464032 0.000562 -3.040585
v -6.464433 0.000562 -3.038053
v -6.465597 0.000562 -3.035769
v -6.467409 0.000562 -3.033957
v -6.469693 0.000562 -3.032793
v -6.472225 0.000562 -3.032392
v -6.474757 0.000562 -3.032793
v -6.477040 0.000562 -3.033957
v -6.478853 0.000562 -3.035769
v -6.480017 0.000562 -3.038053
v -6.480418 0.000562 -3.040585
v -6.480017 0.000562 -3.043117
v -6.478853 0.000562 -3.045400
v -6.477040 0.000562 -3.047213
v -6.474757 0.000562 -3.048377
v -6.472225 0.000562 -3.050819
v -6.472225 0.009770 -3.060143
v -6.472225 0.001796 -3.055481
v -6.472225 0.005166 -3.058893
v -6.466181 0.009770 -3.059185
v -6.469062 0.000562 -3.050319
v -6.466567 0.005166 -3.057997
v -6.467622 0.001796 -3.054752
v -6.460729 0.009770 -3.056407
v -6.466209 0.000562 -3.048865
v -6.461463 0.005166 -3.055397
v -6.463469 0.001796 -3.052636
v -6.456402 0.009770 -3.052080
v -6.463945 0.000562 -3.046601
v -6.457413 0.005166 -3.051346
v -6.460174 0.001796 -3.049340
v -6.453624 0.009770 -3.046628
v -6.462491 0.000562 -3.043747
v -6.454813 0.005166 -3.046242
v -6.458057 0.001796 -3.045187
v -6.452667 0.009770 -3.040585
v -6.461990 0.000562 -3.040585
v -6.453916 0.005166 -3.040585
v -6.457329 0.001796 -3.040585
v -6.453624 0.009770 -3.034541
v -6.462491 0.000562 -3.037422
v -6.454813 0.005166 -3.034927
v -6.458057 0.001796 -3.035981
v -6.456402 0.009770 -3.029089
v -6.463944 0.000562 -3.034569
v -6.457413 0.005166 -3.029823
v -6.460174 0.001796 -3.031829
v -6.460729 0.009770 -3.024762
v -6.466208 0.000562 -3.032304
v -6.461463 0.005166 -3.025772
v -6.463469 0.001796 -3.028533
v -6.466181 0.009770 -3.021984
v -6.469062 0.000562 -3.030850
v -6.466567 0.005166 -3.023172
v -6.467622 0.001796 -3.026417
v -6.472225 0.009770 -3.021027
v -6.472225 0.000562 -3.030349
v -6.472225 0.005166 -3.022275
v -6.472225 0.001796 -3.025688
v -6.478269 0.009770 -3.021984
v -6.475388 0.000562 -3.030850
v -6.477883 0.005166 -3.023172
v -6.476828 0.001796 -3.026417
v -6.483721 0.009770 -3.024762
v -6.478241 0.000562 -3.032304
v -6.482987 0.005166 -3.025772
v -6.480981 0.001796 -3.028533
v -6.488048 0.009770 -3.029089
v -6.480505 0.000562 -3.034568
v -6.487037 0.005166 -3.029823
v -6.484277 0.001796 -3.031828
v -6.490826 0.009770 -3.034541
v -6.481959 0.000562 -3.037422
v -6.489638 0.005166 -3.034927
v -6.486392 0.001796 -3.035981
v -6.491783 0.009770 -3.040585
v -6.482460 0.000562 -3.040585
v -6.490534 0.005166 -3.040585
v -6.487122 0.001796 -3.040585
v -6.490826 0.009770 -3.046628
v -6.481959 0.000562 -3.043747
v -6.489638 0.005166 -3.046242
v -6.486392 0.001796 -3.045188
v -6.488048 0.009770 -3.052080
v -6.480505 0.000562 -3.046601
v -6.487037 0.005166 -3.051346
v -6.484277 0.001796 -3.049340
v -6.483721 0.009770 -3.056407
v -6.478241 0.000562 -3.048865
v -6.482987 0.005166 -3.055397
v -6.480981 0.001796 -3.052636
v -6.478269 0.009770 -3.059185
v -6.475388 0.000562 -3.050319
v -6.477883 0.005166 -3.057997
v -6.476828 0.001796 -3.054752
v -6.472226 0.176555 -3.021763
v -6.472226 0.176555 -2.339140
v -6.467779 0.175851 -3.021763
v -6.467779 0.175851 -2.339140
v -6.463767 0.173807 -3.021763
v -6.463767 0.173807 -2.339140
v -6.460583 0.170623 -3.021763
v -6.460583 0.170623 -2.339140
v -6.458539 0.166611 -3.021763
v -6.458539 0.166611 -2.339140
v -6.457834 0.162164 -3.021763
v -6.457834 0.162164 -2.339140
v -6.458539 0.157717 -3.021763
v -6.458539 0.157717 -2.339140
v -6.460583 0.153705 -3.021763
v -6.460583 0.153705 -2.339140
v -6.463767 0.150521 -3.021763
v -6.463767 0.150521 -2.339140
v -6.467779 0.148477 -3.021763
v -6.467779 0.148477 -2.339140
v -6.472226 0.147773 -3.021763
v -6.472226 0.147773 -2.339140
v -6.476673 0.148477 -3.021763
v -6.476673 0.148477 -2.339140
v -6.480685 0.150521 -3.021763
v -6.480685 0.150521 -2.339140
v -6.483869 0.153705 -3.021763
v -6.483869 0.153705 -2.339140
v -6.485913 0.157717 -3.021763
v -6.485913 0.157717 -2.339140
v -6.486617 0.162164 -3.021763
v -6.486617 0.162164 -2.339140
v -6.485913 0.166611 -3.021763
v -6.485913 0.166611 -2.339140
v -6.483869 0.170623 -3.021763
v -6.483869 0.170623 -2.339140
v -6.480685 0.173807 -3.021763
v -6.480685 0.173807 -2.339140
v -6.476673 0.175851 -3.021763
v -6.476673 0.175851 -2.339140
v -5.766398 0.176555 -2.337432
v -6.458991 0.176555 -2.337432
v -5.766398 0.175851 -2.332985
v -6.458991 0.175851 -2.332985
v -5.766398 0.173807 -2.328973
v -6.458991 0.173807 -2.328973
v -5.766398 0.170623 -2.325789
v -6.458991 0.170623 -2.325789
v -5.766398 0.166611 -2.323745
v -6.458991 0.166611 -2.323745
v -5.766398 0.162164 -2.323040
v -6.458991 0.162164 -2.323040
v -5.766398 0.157717 -2.323745
v -6.458991 0.157717 -2.323745
v -5.766398 0.153705 -2.325789
v -6.458991 0.153705 -2.325789
v -5.766398 0.150521 -2.328973
v -6.458991 0.150521 -2.328973
v -5.766398 0.148477 -2.332985
v -6.458991 0.148477 -2.332985
v -5.766398 0.147773 -2.337432
v -6.458991 0.147773 -2.337432
v -5.766398 0.148477 -2.341879
v -6.458991 0.148477 -2.341879
v -5.766398 0.150521 -2.345891
v -6.458991 0.150521 -2.345891
v -5.766398 0.153705 -2.349075
v -6.458991 0.153705 -2.349075
v -5.766398 0.157717 -2.351119
v -6.458991 0.157717 -2.351119
v -5.766398 0.162164 -2.351823
v -6.458991 0.162164 -2.351823
v -5.766398 0.166611 -2.351119
v -6.458991 0.166611 -2.351119
v -5.766398 0.170623 -2.349075
v -6.458991 0.170623 -2.349075
v -5.766398 0.173807 -2.345891
v -6.458991 0.173807 -2.345891
v -5.766398 0.175851 -2.341879
v -6.458991 0.175851 -2.341879
vn -0.0000 -0.0000 1.0000
vn 1.0000 -0.0000 -0.0000
vn -0.0000 -0.0000 -1.0000
vn -0.0000 -1.0000 -0.0000
vn -0.0000 1.0000 -0.0000
vn -1.0000 -0.0000 -0.0000
vn -0.0000 -0.1832 -0.9831
vn 0.9684 -0.2494 -0.0000
vn -0.0000 -0.1832 0.9831
vn -0.9684 -0.2494 -0.0000
vn 0.3090 -0.0000 -0.9511
vn 0.5878 -0.0000 -0.8090
vn 0.8090 -0.0000 -0.5878
vn 0.9511 -0.0000 -0.3090
vn 0.9511 -0.0000 0.3090
vn 0.8090 -0.0000 0.5878
vn 0.5878 -0.0000 0.8090
vn 0.3090 -0.0000 0.9511
vn -0.3090 -0.0000 0.9511
vn -0.5878 -0.0000 0.8090
vn -0.8090 -0.0000 0.5878
vn -0.9511 -0.0000 0.3090
vn -0.9511 -0.0000 -0.3090
vn -0.8090 -0.0000 -0.5878
vn -0.5878 -0.0000 -0.8090
vn -0.3090 -0.0000 -0.9511
vn -0.0000 -0.1304 -0.9915
vn 0.3064 -0.1304 -0.9429
vn 0.2689 -0.4931 -0.8274
vn -0.0000 -0.4931 -0.8700
vn 0.1591 -0.8573 -0.4897
vn -0.0000 -0.8573 -0.5149
vn 0.0438 -0.9899 -0.1347
vn -0.0000 -0.9899 -0.1416
vn 0.5828 -0.1304 -0.8021
vn 0.5114 -0.4931 -0.7038
vn 0.3026 -0.8573 -0.4165
vn 0.0833 -0.9899 -0.1146
vn 0.8021 -0.1304 -0.5828
vn 0.7038 -0.4931 -0.5114
vn 0.4165 -0.8573 -0.3026
vn 0.1146 -0.9899 -0.0833
vn 0.9429 -0.1304 -0.3064
vn 0.8274 -0.4931 -0.2688
vn 0.4897 -0.8573 -0.1591
vn 0.1347 -0.9899 -0.0438
vn 0.9915 -0.1304 -0.0000
vn 0.8700 -0.4931 -0.0000
vn 0.5149 -0.8573 -0.0000
vn 0.1416 -0.9899 -0.0000
vn 0.9429 -0.1304 0.3064
vn 0.8274 -0.4931 0.2688
vn 0.4897 -0.8573 0.1591
vn 0.1347 -0.9899 0.0438
vn 0.8021 -0.1304 0.5828
vn 0.7038 -0.4931 0.5114
vn 0.4165 -0.8573 0.3026
vn 0.1146 -0.9899 0.0833
vn 0.5828 -0.1304 0.8021
vn 0.5114 -0.4931 0.7038
vn 0.3026 -0.8573 0.4165
vn 0.0833 -0.9899 0.1146
vn 0.3064 -0.1304 0.9429
vn 0.2689 -0.4931 0.8274
vn 0.1591 -0.8573 0.4897
vn 0.0438 -0.9899 0.1347
vn -0.0000 -0.1304 0.9915
vn -0.0000 -0.4931 0.8700
vn -0.0000 -0.8573 0.5149
vn -0.0000 -0.9899 0.1416
vn -0.3064 -0.1304 0.9429
vn -0.2688 -0.4931 0.8274
vn -0.1591 -0.8573 0.4897
vn -0.0438 -0.9899 0.1347
vn -0.5828 -0.1304 0.8021
vn -0.5114 -0.4931 0.7038
vn -0.3026 -0.8573 0.4165
vn -0.0832 -0.9899 0.1146
vn -0.8021 -0.1304 0.5828
vn -0.7038 -0.4931 0.5114
vn -0.4166 -0.8573 0.3026
vn -0.1146 -0.9899 0.0833
vn -0.9430 -0.1304 0.3063
vn -0.8274 -0.4931 0.2688
vn -0.4897 -0.8573 0.1591
vn -0.1347 -0.9899 0.0438
vn -0.9915 -0.1304 -0.0000
vn -0.8700 -0.4931 -0.0000
vn -0.5149 -0.8573 -0.0000
vn -0.1416 -0.9899 -0.0000
vn -0.9429 -0.1304 -0.3063
vn -0.8274 -0.4931 -0.2688
vn -0.4897 -0.8573 -0.1591
vn -0.1347 -0.9899 -0.0438
vn -0.8021 -0.1304 -0.5828
vn -0.7038 -0.4931 -0.5114
vn -0.4166 -0.8573 -0.3026
vn -0.1146 -0.9899 -0.0833
vn -0.5828 -0.1304 -0.8021
vn -0.5114 -0.4930 -0.7038
vn -0.3026 -0.8573 -0.4165
vn -0.0832 -0.9899 -0.1146
vn -0.3064 -0.1304 -0.9429
vn -0.2688 -0.4930 -0.8274
vn -0.1591 -0.8573 -0.4897
vn -0.0438 -0.9899 -0.1347
vn -0.0833 -0.9899 -0.1146
vn 0.3090 0.9511 -0.0000
vn 0.5878 0.8090 -0.0000
vn 0.8090 0.5878 -0.0000
vn 0.9511 0.3090 -0.0000
vn 0.9511 -0.3090 -0.0000
vn 0.8090 -0.5878 -0.0000
vn 0.5878 -0.8090 -0.0000
vn 0.3090 -0.9511 -0.0000
vn -0.3090 -0.9511 -0.0000
vn -0.5878 -0.8090 -0.0000
vn -0.8090 -0.5878 -0.0000
vn -0.9511 -0.3090 -0.0000
vn -0.9511 0.3090 -0.0000
vn -0.8090 0.5878 -0.0000
vn -0.5878 0.8090 -0.0000
vn -0.3090 0.9511 -0.0000
vn 0.9846 0.1531 -0.0841
vn 0.9333 0.1744 -0.3140
vn 0.7553 0.6069 -0.2473
vn 0.8207 0.5674 -0.0670
vn 0.7906 0.1886 -0.5825
vn 0.6234 0.6351 -0.4562
vn 0.5762 0.1882 -0.7954
vn 0.4515 0.6351 -0.6268
vn 0.3092 0.1738 -0.9350
vn 0.2437 0.6077 -0.7559
vn 0.0826 0.1538 -0.9846
vn 0.0658 0.5701 -0.8189
vn -0.4621 0.8863 -0.0302
vn -0.4013 0.9079 -0.1207
vn -0.7553 0.6069 -0.2473
vn -0.8207 0.5675 -0.0670
vn -0.6234 0.6351 -0.4562
vn -0.4515 0.6351 -0.6268
vn -0.5762 0.1882 -0.7954
vn -0.7906 0.1887 -0.5825
vn -0.2437 0.6077 -0.7559
vn -0.3092 0.1738 -0.9350
vn -0.0658 0.5701 -0.8189
vn -0.0826 0.1538 -0.9846
vn 0.0297 0.8881 0.4586
vn -0.0297 0.8881 0.4586
vn -0.0658 0.5701 0.8189
vn 0.0658 0.5701 0.8189
vn 0.4422 0.8961 -0.0380
vn 0.3664 0.9224 -0.1221
vn 0.7387 0.6318 -0.2350
vn 0.8167 0.5739 -0.0602
vn 0.2865 0.9346 -0.2106
vn 0.6033 0.6657 -0.4391
vn 0.2086 0.9347 -0.2877
vn 0.4353 0.6660 -0.6058
vn 0.2321 0.6331 -0.7384
vn 0.2941 0.1781 -0.9390
vn 0.5717 0.1957 -0.7968
vn 0.1202 0.9229 -0.3658
vn 0.0372 0.8976 -0.4392
vn 0.0594 0.5771 -0.8145
vn 0.8167 0.5739 0.0603
vn 0.9857 0.1522 -0.0718
vn 0.9857 0.1522 0.0718
vn -0.0594 0.5771 -0.8145
vn -0.0709 0.1536 -0.9856
vn 0.0709 0.1536 -0.9856
vn -0.0372 0.8976 -0.4392
vn -0.4422 0.8961 -0.0380
vn -0.4422 0.8961 0.0380
vn -0.8167 0.5739 0.0603
vn -0.8167 0.5739 -0.0603
vn -0.0594 0.5771 0.8145
vn 0.0594 0.5771 0.8145
vn 0.0709 0.1536 0.9856
vn -0.0709 0.1536 0.9856
vn -0.7386 0.6318 -0.2350
vn -0.9857 0.1522 -0.0718
vn -0.9381 0.1774 -0.2974
vn -0.6033 0.6657 -0.4391
vn -0.7934 0.1956 -0.5764
vn -0.2865 0.9346 -0.2106
vn -0.3664 0.9224 -0.1221
vn -0.4353 0.6660 -0.6058
vn -0.5717 0.1957 -0.7968
vn -0.2321 0.6331 -0.7384
vn -0.2941 0.1781 -0.9390
vn -0.1202 0.9229 -0.3658
vn 0.3664 0.9224 0.1221
vn 0.4422 0.8961 0.0380
vn 0.7387 0.6318 0.2350
vn 0.6033 0.6657 0.4391
vn 0.9381 0.1773 0.2974
vn 0.7934 0.1956 0.5764
vn -0.9333 0.1744 0.3140
vn -0.7906 0.1887 0.5825
vn -0.6234 0.6351 0.4562
vn -0.7553 0.6069 0.2473
vn -0.4515 0.6351 0.6268
vn -0.2220 0.9234 0.3131
vn -0.3118 0.9233 0.2243
vn -0.5762 0.1882 0.7954
vn -0.3092 0.1738 0.9350
vn -0.2437 0.6077 0.7559
vn -0.1189 0.9086 0.4003
vn -0.0826 0.1538 0.9846
vn -0.8207 0.5675 0.0670
vn -0.9846 0.1531 -0.0841
vn -0.9846 0.1531 0.0841
vn 0.3118 0.9233 -0.2243
vn 0.4013 0.9079 -0.1207
vn -0.4013 0.9079 0.1207
vn -0.4621 0.8863 0.0302
vn 0.1189 0.9086 -0.4003
vn 0.2220 0.9234 -0.3131
vn 0.0297 0.8881 -0.4586
vn -0.9333 0.1744 -0.3140
vn 0.4013 0.9079 0.1208
vn 0.3118 0.9233 0.2243
vn 0.6234 0.6351 0.4562
vn 0.7553 0.6069 0.2473
vn -0.3118 0.9233 -0.2243
vn -0.2220 0.9234 -0.3131
vn -0.2321 0.6331 0.7384
vn -0.2941 0.1781 0.9390
vn -0.1202 0.9229 0.3658
vn -0.0372 0.8976 0.4392
vn 0.9381 0.1773 -0.2974
vn 0.2321 0.6331 0.7384
vn 0.2941 0.1781 0.9390
vn 0.0106 0.9906 -0.1361
vn 0.0435 0.9899 -0.1347
vn 0.1582 0.8573 -0.4900
vn 0.0397 0.8610 -0.5070
vn 0.2674 0.4929 -0.8280
vn 0.0677 0.4955 -0.8660
vn 0.3047 0.1302 -0.9435
vn 0.0773 0.1300 -0.9885
vn 0.0829 0.9899 -0.1148
vn 0.3014 0.8572 -0.4175
vn 0.5094 0.4929 -0.7054
vn 0.5804 0.1301 -0.8039
vn 0.1144 0.9899 -0.0836
vn 0.4157 0.8572 -0.3039
vn 0.7024 0.4929 -0.5135
vn 0.8004 0.1301 -0.5852
vn 0.1347 0.9899 -0.0440
vn 0.4895 0.8572 -0.1600
vn 0.8270 0.4929 -0.2704
vn 0.9424 0.1302 -0.3081
vn 0.1361 0.9906 -0.0108
vn 0.5070 0.8610 -0.0402
vn 0.8659 0.4954 -0.0686
vn 0.9884 0.1300 -0.0783
vn -0.0106 0.9906 0.1361
vn -0.0435 0.9899 0.1347
vn -0.1582 0.8573 0.4900
vn -0.0397 0.8610 0.5070
vn -0.2674 0.4929 0.8280
vn -0.0677 0.4955 0.8660
vn -0.3047 0.1302 0.9435
vn -0.0773 0.1300 0.9885
vn -0.0829 0.9899 0.1148
vn -0.3014 0.8572 0.4175
vn -0.5094 0.4929 0.7054
vn -0.5804 0.1301 0.8039
vn -0.1144 0.9899 0.0836
vn -0.4157 0.8572 0.3039
vn -0.7024 0.4929 0.5135
vn -0.8004 0.1301 0.5852
vn -0.1347 0.9899 0.0440
vn -0.4895 0.8572 0.1600
vn -0.8270 0.4929 0.2704
vn -0.9424 0.1302 0.3081
vn -0.1361 0.9906 0.0108
vn -0.5070 0.8610 0.0402
vn -0.8659 0.4954 0.0686
vn -0.9884 0.1300 0.0783
vn 0.0435 0.9899 0.1347
vn 0.0106 0.9906 0.1361
vn 0.0397 0.8610 0.5070
vn 0.1582 0.8573 0.4900
vn 0.0677 0.4955 0.8660
vn 0.2674 0.4929 0.8280
vn 0.0773 0.1300 0.9885
vn 0.3047 0.1302 0.9435
vn 0.0829 0.9899 0.1148
vn 0.3014 0.8572 0.4175
vn 0.5094 0.4929 0.7054
vn 0.5804 0.1301 0.8039
vn 0.1144 0.9899 0.0836
vn 0.4157 0.8572 0.3039
vn 0.7024 0.4929 0.5135
vn 0.8004 0.1301 0.5852
vn 0.1347 0.9899 0.0440
vn 0.4895 0.8572 0.1600
vn 0.8270 0.4929 0.2704
vn 0.9424 0.1302 0.3081
vn 0.1361 0.9906 0.0108
vn 0.5071 0.8610 0.0402
vn 0.8659 0.4954 0.0686
vn 0.9884 0.1300 0.0783
vn -0.0435 0.9899 -0.1347
vn -0.0106 0.9906 -0.1361
vn -0.0397 0.8610 -0.5070
vn -0.1582 0.8573 -0.4900
vn -0.0677 0.4955 -0.8660
vn -0.2674 0.4929 -0.8280
vn -0.0773 0.1300 -0.9885
vn -0.3047 0.1302 -0.9435
vn -0.0829 0.9899 -0.1148
vn -0.3014 0.8572 -0.4175
vn -0.5094 0.4929 -0.7054
vn -0.5804 0.1301 -0.8039
vn -0.1144 0.9899 -0.0836
vn -0.4157 0.8572 -0.3039
vn -0.7024 0.4929 -0.5135
vn -0.8004 0.1301 -0.5852
vn -0.1347 0.9899 -0.0440
vn -0.4895 0.8572 -0.1600
vn -0.8270 0.4929 -0.2704
vn -0.9424 0.1302 -0.3081
vn -0.1361 0.9906 -0.0108
vn -0.5070 0.8610 -0.0402
vn -0.8659 0.4954 -0.0686
vn -0.9884 0.1300 -0.0783
vn -0.2860 0.1951 -0.9382
vn -0.0659 0.1488 -0.9867
vn -0.0574 0.6350 -0.7704
vn -0.2104 0.7181 -0.6633
vn -0.0275 0.9751 -0.2203
vn -0.0624 0.9851 -0.1601
vn -0.5638 0.2309 -0.7930
vn -0.3782 0.7619 -0.5258
vn -0.0930 0.9880 -0.1231
vn -0.7867 0.2328 -0.5718
vn -0.5202 0.7643 -0.3812
vn -0.1220 0.9882 -0.0927
vn -0.9351 0.2008 -0.2919
vn -0.6536 0.7267 -0.2116
vn -0.1568 0.9857 -0.0613
vn -0.9853 0.1566 -0.0677
vn -0.7573 0.6505 -0.0580
vn -0.2125 0.9768 -0.0265
vn 0.0659 0.1488 -0.9867
vn 0.2860 0.1951 -0.9382
vn 0.2104 0.7181 -0.6633
vn 0.0574 0.6350 -0.7704
vn 0.0624 0.9851 -0.1601
vn 0.0275 0.9750 -0.2203
vn 0.5638 0.2309 -0.7930
vn 0.3782 0.7619 -0.5258
vn 0.0930 0.9880 -0.1231
vn 0.7867 0.2328 -0.5718
vn 0.5202 0.7643 -0.3812
vn 0.1220 0.9882 -0.0927
vn 0.9351 0.2008 -0.2919
vn 0.6536 0.7267 -0.2116
vn 0.1568 0.9857 -0.0613
vn 0.9854 0.1565 -0.0677
vn 0.7573 0.6505 -0.0580
vn 0.2125 0.9768 -0.0265
vn -0.0659 0.1488 0.9867
vn -0.2860 0.1951 0.9381
vn -0.2104 0.7181 0.6633
vn -0.0574 0.6350 0.7704
vn -0.0624 0.9851 0.1601
vn -0.0275 0.9750 0.2203
vn -0.5638 0.2309 0.7930
vn -0.3782 0.7619 0.5258
vn -0.0930 0.9880 0.1231
vn -0.7867 0.2328 0.5718
vn -0.5202 0.7643 0.3812
vn -0.1220 0.9882 0.0927
vn -0.9351 0.2008 0.2919
vn -0.6536 0.7267 0.2116
vn -0.1568 0.9857 0.0613
vn -0.9853 0.1566 0.0677
vn -0.7573 0.6505 0.0580
vn -0.2125 0.9768 0.0265
vn 0.2860 0.1951 0.9382
vn 0.0659 0.1488 0.9867
vn 0.0574 0.6350 0.7704
vn 0.2104 0.7181 0.6633
vn 0.0275 0.9750 0.2203
vn 0.0624 0.9851 0.1601
vn 0.5638 0.2309 0.7930
vn 0.3781 0.7619 0.5258
vn 0.0930 0.9880 0.1231
vn 0.7867 0.2328 0.5718
vn 0.5202 0.7643 0.3812
vn 0.1220 0.9882 0.0927
vn 0.9351 0.2008 0.2919
vn 0.6536 0.7267 0.2116
vn 0.1568 0.9857 0.0613
vn 0.9854 0.1565 0.0677
vn 0.7572 0.6506 0.0580
vn 0.2125 0.9768 0.0265
vn 0.0687 0.9626 0.2621
vn 0.0123 0.9549 0.2968
vn 0.0612 0.6169 0.7846
vn 0.2282 0.6569 0.7187
vn 0.0833 0.1671 0.9824
vn 0.3091 0.1946 0.9309
vn 0.1361 0.9706 0.1987
vn 0.4227 0.6877 0.5902
vn 0.5735 0.2144 0.7906
vn 0.1926 0.9715 0.1383
vn 0.5828 0.6916 0.4266
vn 0.7861 0.2168 0.5788
vn 0.2484 0.9661 0.0696
vn 0.7066 0.6695 0.2291
vn 0.9283 0.2019 0.3122
vn 0.2768 0.9608 0.0132
vn 0.7667 0.6391 0.0606
vn 0.9803 0.1789 0.0839
vn -0.0687 0.9626 -0.2620
vn -0.0123 0.9549 -0.2968
vn -0.0612 0.6170 -0.7846
vn -0.2282 0.6569 -0.7187
vn -0.0833 0.1671 -0.9824
vn -0.3091 0.1946 -0.9309
vn -0.1361 0.9706 -0.1987
vn -0.4227 0.6877 -0.5902
vn -0.5735 0.2144 -0.7906
vn -0.1926 0.9715 -0.1382
vn -0.5828 0.6916 -0.4266
vn -0.7861 0.2168 -0.5788
vn -0.2484 0.9662 -0.0696
vn -0.7066 0.6695 -0.2291
vn -0.9283 0.2019 -0.3122
vn -0.2768 0.9608 -0.0132
vn -0.7667 0.6391 -0.0606
vn -0.9803 0.1788 -0.0839
vn 0.3091 0.1946 -0.9309
vn 0.0833 0.1671 -0.9824
vn 0.0612 0.6170 -0.7846
vn 0.2282 0.6569 -0.7187
vn 0.0123 0.9549 -0.2968
vn 0.0687 0.9626 -0.2621
vn 0.5735 0.2145 -0.7906
vn 0.4227 0.6877 -0.5902
vn 0.1361 0.9706 -0.1987
vn 0.7861 0.2168 -0.5788
vn 0.5828 0.6917 -0.4266
vn 0.1926 0.9715 -0.1382
vn 0.9283 0.2019 -0.3122
vn 0.7066 0.6695 -0.2291
vn 0.2484 0.9662 -0.0696
vn 0.9803 0.1789 -0.0839
vn 0.7667 0.6391 -0.0606
vn 0.2768 0.9608 -0.0132
vn -0.3092 0.1946 0.9309
vn -0.0833 0.1671 0.9824
vn -0.0612 0.6170 0.7846
vn -0.2282 0.6569 0.7187
vn -0.0123 0.9549 0.2968
vn -0.0687 0.9626 0.2621
vn -0.5735 0.2145 0.7906
vn -0.4227 0.6877 0.5902
vn -0.1361 0.9706 0.1987
vn -0.7861 0.2169 0.5788
vn -0.5828 0.6917 0.4266
vn -0.1926 0.9715 0.1382
vn -0.9283 0.2019 0.3122
vn -0.7066 0.6695 0.2291
vn -0.2484 0.9662 0.0696
vn -0.9803 0.1788 0.0839
vn -0.7667 0.6391 0.0606
vn -0.2768 0.9608 0.0132
vn 0.7906 0.1887 0.5825
vn 0.9333 0.1744 0.3140
vn -0.1189 0.9086 -0.4003
vn -0.0297 0.8881 -0.4586
vn 0.2220 0.9234 0.3131
vn 0.1189 0.9086 0.4003
vn 0.2437 0.6077 0.7559
vn 0.4515 0.6351 0.6268
vn 0.0826 0.1538 0.9846
vn 0.3092 0.1738 0.9350
vn 0.8207 0.5675 0.0670
vn 0.9846 0.1530 0.0841
vn 0.4621 0.8863 -0.0302
vn 0.4621 0.8863 0.0302
vn 0.5762 0.1882 0.7954
vn 0.0282 0.9670 0.2532
vn 0.0738 0.9772 0.1989
vn 0.2187 0.6862 0.6938
vn 0.0572 0.6279 0.7762
vn 0.2906 0.1926 0.9373
vn 0.0693 0.1639 0.9840
vn 0.1171 0.9807 0.1565
vn 0.4040 0.7208 0.5632
vn 0.5670 0.2156 0.7950
vn 0.1548 0.9812 0.1154
vn 0.5553 0.7256 0.4064
vn 0.7881 0.2195 0.5751
vn 0.1921 0.9789 0.0704
vn 0.6777 0.7020 0.2188
vn 0.9330 0.2034 0.2968
vn 0.2387 0.9707 0.0258
vn 0.7547 0.6535 0.0577
vn 0.9815 0.1776 0.0715
vn 0.0694 0.1638 -0.9840
vn 0.2906 0.1926 -0.9373
vn 0.2187 0.6862 -0.6938
vn 0.0572 0.6279 -0.7762
vn 0.0738 0.9772 -0.1989
vn 0.0282 0.9670 -0.2532
vn 0.5670 0.2156 -0.7950
vn 0.4040 0.7208 -0.5632
vn 0.1171 0.9807 -0.1565
vn 0.7881 0.2195 -0.5751
vn 0.5553 0.7256 -0.4064
vn 0.1548 0.9812 -0.1154
vn 0.9330 0.2034 -0.2968
vn 0.6777 0.7021 -0.2188
vn 0.1921 0.9789 -0.0704
vn 0.9815 0.1776 -0.0715
vn 0.7547 0.6535 -0.0577
vn 0.2387 0.9707 -0.0258
vn -0.0282 0.9670 -0.2532
vn -0.0738 0.9772 -0.1989
vn -0.2187 0.6862 -0.6938
vn -0.0572 0.6279 -0.7762
vn -0.2906 0.1926 -0.9373
vn -0.0693 0.1639 -0.9840
vn -0.1171 0.9807 -0.1565
vn -0.4040 0.7208 -0.5632
vn -0.5670 0.2156 -0.7950
vn -0.1548 0.9812 -0.1154
vn -0.5553 0.7256 -0.4064
vn -0.7881 0.2195 -0.5751
vn -0.1921 0.9789 -0.0704
vn -0.6777 0.7020 -0.2188
vn -0.9330 0.2034 -0.2968
vn -0.2387 0.9707 -0.0258
vn -0.7547 0.6535 -0.0577
vn -0.9815 0.1776 -0.0715
vn -0.0694 0.1639 0.9840
vn -0.2906 0.1926 0.9373
vn -0.2187 0.6862 0.6938
vn -0.0572 0.6279 0.7762
vn -0.0738 0.9772 0.1989
vn -0.0282 0.9670 0.2532
vn -0.5670 0.2156 0.7950
vn -0.4040 0.7208 0.5632
vn -0.1171 0.9807 0.1565
vn -0.7881 0.2195 0.5751
vn -0.5553 0.7256 0.4064
vn -0.1548 0.9812 0.1154
vn -0.9330 0.2034 0.2968
vn -0.6777 0.7021 0.2188
vn -0.1921 0.9789 0.0704
vn -0.9815 0.1776 0.0715
vn -0.7547 0.6535 0.0577
vn -0.2387 0.9707 0.0258
vn 0.2086 0.9347 0.2877
vn 0.2865 0.9347 0.2106
vn 0.4353 0.6660 0.6058
vn 0.5717 0.1957 0.7968
vn -0.7387 0.6318 0.2350
vn -0.9381 0.1774 0.2974
vn -0.9857 0.1522 0.0718
vn -0.3664 0.9224 0.1221
vn -0.2865 0.9346 0.2106
vn -0.6033 0.6657 0.4391
vn -0.2086 0.9347 0.2877
vn -0.4353 0.6660 0.6058
vn 0.7934 0.1956 -0.5764
vn 0.0372 0.8976 0.4392
vn -0.2086 0.9347 -0.2877
vn 0.1202 0.9229 0.3658
vn -0.7934 0.1956 0.5764
vn -0.5717 0.1957 0.7968
vn 0.0815 0.1556 0.9845
vn 0.2959 0.1912 0.9359
vn 0.2043 0.6850 0.6993
vn 0.0543 0.6330 0.7722
vn 0.0499 0.9731 0.2250
vn 0.0069 0.9618 0.2736
vn 0.5507 0.2156 0.8064
vn 0.3845 0.7220 0.5753
vn 0.1016 0.9816 0.1616
vn 0.7669 0.2183 0.6034
vn 0.5436 0.7253 0.4225
vn 0.1500 0.9823 0.1126
vn 0.9213 0.1974 0.3350
vn 0.6827 0.6931 0.2313
vn 0.2145 0.9750 0.0575
vn 0.9823 0.1619 0.0939
vn 0.7630 0.6434 0.0623
vn 0.2652 0.9642 0.0085
vn -0.2959 0.1912 0.9359
vn -0.0815 0.1556 0.9845
vn -0.0543 0.6330 0.7722
vn -0.2043 0.6850 0.6993
vn -0.0069 0.9618 0.2736
vn -0.0499 0.9731 0.2251
vn -0.5507 0.2156 0.8064
vn -0.3845 0.7220 0.5753
vn -0.1016 0.9816 0.1617
vn -0.7670 0.2183 0.6034
vn -0.5436 0.7253 0.4225
vn -0.1500 0.9823 0.1126
vn -0.9213 0.1974 0.3350
vn -0.6827 0.6931 0.2314
vn -0.2145 0.9750 0.0575
vn -0.9823 0.1619 0.0939
vn -0.7629 0.6435 0.0623
vn -0.2652 0.9642 0.0085
vn 0.2959 0.1912 -0.9359
vn 0.0815 0.1556 -0.9845
vn 0.0543 0.6330 -0.7722
vn 0.2043 0.6850 -0.6993
vn 0.0069 0.9618 -0.2736
vn 0.0499 0.9731 -0.2250
vn 0.5507 0.2156 -0.8064
vn 0.3845 0.7220 -0.5753
vn 0.1016 0.9816 -0.1616
vn 0.7669 0.2183 -0.6034
vn 0.5435 0.7253 -0.4225
vn 0.1500 0.9823 -0.1126
vn 0.9213 0.1974 -0.3350
vn 0.6827 0.6931 -0.2314
vn 0.2145 0.9750 -0.0575
vn 0.9823 0.1619 -0.0939
vn 0.7630 0.6434 -0.0623
vn 0.2652 0.9642 -0.0085
vn -0.0815 0.1556 -0.9845
vn -0.2959 0.1912 -0.9359
vn -0.2043 0.6850 -0.6993
vn -0.0543 0.6330 -0.7722
vn -0.0499 0.9731 -0.2251
vn -0.0069 0.9618 -0.2736
vn -0.5507 0.2156 -0.8064
vn -0.3845 0.7220 -0.5753
vn -0.1016 0.9816 -0.1616
vn -0.7669 0.2183 -0.6034
vn -0.5436 0.7253 -0.4225
vn -0.1500 0.9823 -0.1126
vn -0.9213 0.1974 -0.3350
vn -0.6827 0.6931 -0.2314
vn -0.2145 0.9750 -0.0575
vn -0.9823 0.1619 -0.0939
vn -0.7630 0.6434 -0.0623
vn -0.2652 0.9642 -0.0085
vn 0.2890 -0.0000 -0.9573
vn 0.0727 -0.0000 -0.9974
vn -0.0727 -0.0000 -0.9974
vn 0.9964 -0.0000 -0.0846
vn 0.9440 -0.0000 -0.3299
vn 0.9964 -0.0000 0.0846
vn 0.5596 -0.0000 -0.8288
vn 0.7879 -0.0000 -0.6159
vn 0.9440 -0.0000 0.3300
vn 0.0727 -0.0000 0.9974
vn 0.2890 -0.0000 0.9573
vn -0.0727 -0.0000 0.9974
vn 0.7879 -0.0000 0.6159
vn 0.5596 -0.0000 0.8288
vn -0.2890 -0.0000 0.9573
vn -0.9964 -0.0000 0.0846
vn -0.9440 -0.0000 0.3300
vn -0.9964 -0.0000 -0.0846
vn -0.5596 -0.0000 0.8288
vn -0.7879 -0.0000 0.6159
vn -0.9440 -0.0000 -0.3300
vn -0.2890 -0.0000 -0.9573
vn -0.7879 -0.0000 -0.6159
vn -0.5596 -0.0000 -0.8288
vn -0.0000 0.9511 0.3090
vn -0.0000 0.8090 0.5878
vn -0.0000 0.5878 0.8090
vn -0.0000 0.3090 0.9511
vn -0.0000 -0.3090 0.9511
vn -0.0000 -0.5878 0.8090
vn -0.0000 -0.8090 0.5878
vn -0.0000 -0.9511 0.3090
vn -0.0000 -0.9511 -0.3090
vn -0.0000 -0.8090 -0.5878
vn -0.0000 -0.5878 -0.8090
vn -0.0000 -0.3090 -0.9511
vn -0.0000 0.3090 -0.9511
vn -0.0000 0.5878 -0.8090
vn -0.0000 0.8090 -0.5878
vn -0.0000 0.9511 -0.3090
vt 0.820692 0.618877
vt 0.391815 0.618484
vt 0.392107 0.538196
vt 0.821302 0.538389
vt 0.375702 0.442119
vt 0.391820 0.441820
vt 0.392165 0.522150
vt 0.376132 0.522419
vt 0.820673 0.441825
vt 0.821337 0.522280
vt 0.391823 0.425745
vt 0.820585 0.425744
vt 0.836647 0.441285
vt 0.837499 0.521620
vt 0.362357 0.667051
vt 0.413690 0.644973
vt 0.413690 0.981669
vt 0.362357 0.958749
vt 0.548237 0.665662
vt 0.548237 0.960411
vt 0.530339 0.960411
vt 0.530339 0.665662
vt 0.489762 0.961005
vt 0.489762 0.665662
vt 0.507661 0.665662
vt 0.507661 0.961005
vt 0.590799 0.674914
vt 0.590799 0.949466
vt 0.571942 0.944693
vt 0.571942 0.679687
vt 0.635783 0.872145
vt 0.635783 0.673444
vt 0.654925 0.676898
vt 0.654925 0.868691
vt 0.611861 0.674547
vt 0.611861 0.949098
vt 0.593005 0.944326
vt 0.593005 0.679319
vt 0.702177 0.662639
vt 0.749708 0.644973
vt 0.749708 0.981669
vt 0.702177 0.964845
vt 0.413690 0.981669
vt 0.483462 0.964844
vt 0.483462 0.662638
vt 0.413690 0.644973
vt 0.614435 0.872145
vt 0.614435 0.673444
vt 0.633577 0.676898
vt 0.633577 0.868691
vt 0.077673 0.981669
vt 0.151247 0.958749
vt 0.077673 0.644973
vt 0.151246 0.667051
vt 0.568709 0.665662
vt 0.568709 0.960411
vt 0.550811 0.960411
vt 0.550811 0.665662
vt 0.528500 0.665294
vt 0.528500 0.960638
vt 0.510602 0.960638
vt 0.510602 0.665294
vt 0.482260 0.009282
vt 0.482260 0.394718
vt 0.474945 0.394718
vt 0.474945 0.009282
vt 0.621253 0.009282
vt 0.621253 0.394718
vt 0.613938 0.394718
vt 0.613938 0.009282
vt 0.606622 0.394718
vt 0.606622 0.009282
vt 0.599307 0.394718
vt 0.599307 0.009282
vt 0.591991 0.394718
vt 0.591991 0.009282
vt 0.584676 0.394718
vt 0.584676 0.009282
vt 0.577361 0.394718
vt 0.577361 0.009282
vt 0.570045 0.394718
vt 0.570045 0.009282
vt 0.562730 0.394718
vt 0.562730 0.009282
vt 0.555414 0.394718
vt 0.555414 0.009282
vt 0.548099 0.394718
vt 0.548099 0.009282
vt 0.540783 0.394718
vt 0.540783 0.009282
vt 0.533468 0.394718
vt 0.533468 0.009282
vt 0.526152 0.394718
vt 0.526152 0.009282
vt 0.518837 0.394718
vt 0.518837 0.009282
vt 0.511522 0.394718
vt 0.511522 0.009282
vt 0.504206 0.394718
vt 0.504206 0.009282
vt 0.496891 0.394718
vt 0.496891 0.009282
vt 0.877520 0.322482
vt 0.872620 0.322482
vt 0.872620 0.318859
vt 0.877520 0.318859
vt 0.489575 0.394718
vt 0.489575 0.009282
vt 0.818719 0.322482
vt 0.813818 0.322482
vt 0.813818 0.318859
vt 0.818719 0.318859
vt 0.853020 0.322482
vt 0.848120 0.322482
vt 0.848120 0.318859
vt 0.853020 0.318859
vt 0.828519 0.322482
vt 0.823619 0.322482
vt 0.823619 0.318859
vt 0.828519 0.318859
vt 0.804018 0.322482
vt 0.799118 0.322482
vt 0.799118 0.318858
vt 0.804018 0.318858
vt 0.887321 0.322482
vt 0.882420 0.322482
vt 0.882420 0.318859
vt 0.887321 0.318859
vt 0.862820 0.322482
vt 0.857920 0.322482
vt 0.857920 0.318859
vt 0.862820 0.318859
vt 0.838319 0.322482
vt 0.833419 0.322482
vt 0.833419 0.318859
vt 0.838319 0.318859
vt 0.808918 0.322482
vt 0.808918 0.318858
vt 0.867720 0.322482
vt 0.867720 0.318859
vt 0.843219 0.322482
vt 0.843219 0.318859
vt 0.794218 0.322482
vt 0.794218 0.318858
vt 0.789318 0.322482
vt 0.789318 0.318858
vt 0.809791 0.295313
vt 0.805653 0.291016
vt 0.808461 0.285751
vt 0.814332 0.286804
vt 0.815239 0.288108
vt 0.815150 0.292715
vt 0.815700 0.289629
vt 0.815669 0.291216
vt 0.814195 0.293981
vt 0.812895 0.294887
vt 0.811377 0.295347
vt 0.808291 0.294793
vt 0.807024 0.293836
vt 0.806116 0.292535
vt 0.805683 0.289429
vt 0.806201 0.287927
vt 0.807159 0.286661
vt 0.809981 0.285292
vt 0.811569 0.285323
vt 0.813068 0.285845
vt 0.824420 0.283632
vt 0.825810 0.288207
vt 0.822857 0.288652
vt 0.821763 0.284958
vt 0.819907 0.289042
vt 0.819049 0.286262
vt 0.816952 0.289456
vt 0.816374 0.287560
vt 0.825739 0.293006
vt 0.822722 0.292469
vt 0.819849 0.291960
vt 0.816913 0.291439
vt 0.824152 0.297530
vt 0.821532 0.296096
vt 0.818898 0.294723
vt 0.816263 0.293312
vt 0.821266 0.301340
vt 0.819221 0.299179
vt 0.817139 0.297054
vt 0.815073 0.294896
vt 0.817341 0.304057
vt 0.816073 0.301443
vt 0.814749 0.298712
vt 0.813446 0.296024
vt 0.812774 0.305457
vt 0.812344 0.302514
vt 0.811969 0.299562
vt 0.811553 0.296603
vt 0.807996 0.305364
vt 0.808490 0.302419
vt 0.809051 0.299499
vt 0.809573 0.296556
vt 0.803454 0.303811
vt 0.804901 0.301114
vt 0.806301 0.298525
vt 0.807700 0.295906
vt 0.799653 0.300894
vt 0.801834 0.298844
vt 0.803950 0.296791
vt 0.806111 0.294714
vt 0.796917 0.296968
vt 0.799602 0.295703
vt 0.802306 0.294387
vt 0.804982 0.293088
vt 0.795562 0.292395
vt 0.798453 0.292008
vt 0.801429 0.291613
vt 0.804398 0.291191
vt 0.795620 0.287609
vt 0.798618 0.288167
vt 0.801511 0.288695
vt 0.804439 0.289210
vt 0.797214 0.283110
vt 0.799837 0.284539
vt 0.802442 0.285915
vt 0.805080 0.287329
vt 0.800103 0.279316
vt 0.802117 0.281418
vt 0.804215 0.283600
vt 0.806283 0.285751
vt 0.804004 0.276556
vt 0.805332 0.279298
vt 0.806606 0.281927
vt 0.807909 0.284612
vt 0.808579 0.275204
vt 0.808985 0.278086
vt 0.809400 0.281085
vt 0.809809 0.284041
vt 0.813350 0.275283
vt 0.812848 0.278228
vt 0.812316 0.281125
vt 0.811792 0.284072
vt 0.817874 0.276820
vt 0.816454 0.279517
vt 0.815075 0.282115
vt 0.813666 0.284733
vt 0.821662 0.279731
vt 0.819571 0.281766
vt 0.817417 0.283857
vt 0.815247 0.285928
vt 0.826321 0.274689
vt 0.830388 0.280273
vt 0.832531 0.286863
vt 0.832536 0.293796
vt 0.830378 0.300394
vt 0.826298 0.305988
vt 0.820689 0.310042
vt 0.814113 0.312175
vt 0.807186 0.312170
vt 0.800594 0.310025
vt 0.794992 0.305922
vt 0.790939 0.300310
vt 0.788827 0.293720
vt 0.788827 0.286812
vt 0.790991 0.280231
vt 0.795068 0.274654
vt 0.800652 0.270593
vt 0.807242 0.268472
vt 0.814146 0.268474
vt 0.820725 0.270601
vt 0.761784 0.369136
vt 0.761784 0.009738
vt 0.769630 0.009738
vt 0.769630 0.369136
vt 0.798725 0.327152
vt 0.803625 0.327152
vt 0.803625 0.330776
vt 0.798725 0.330776
vt 0.753939 0.369136
vt 0.753939 0.009738
vt 0.746094 0.369136
vt 0.746094 0.009738
vt 0.738248 0.369136
vt 0.738248 0.009738
vt 0.730403 0.369136
vt 0.730403 0.009738
vt 0.722557 0.369136
vt 0.722557 0.009738
vt 0.714712 0.369136
vt 0.714712 0.009738
vt 0.706866 0.369136
vt 0.706866 0.009738
vt 0.699021 0.369136
vt 0.699021 0.009738
vt 0.691175 0.369136
vt 0.691175 0.009738
vt 0.683330 0.369136
vt 0.683330 0.009738
vt 0.675484 0.369136
vt 0.675484 0.009738
vt 0.667639 0.369136
vt 0.667639 0.009738
vt 0.659794 0.369136
vt 0.659794 0.009738
vt 0.651948 0.369136
vt 0.651948 0.009738
vt 0.644103 0.369136
vt 0.644103 0.009738
vt 0.636257 0.369136
vt 0.636257 0.009738
vt 0.628412 0.369136
vt 0.628412 0.009738
vt 0.777475 0.369136
vt 0.777475 0.009738
vt 0.785321 0.009738
vt 0.785321 0.369136
vt 0.857527 0.327152
vt 0.862427 0.327152
vt 0.862427 0.330776
vt 0.857527 0.330776
vt 0.823226 0.327152
vt 0.828126 0.327152
vt 0.828126 0.330776
vt 0.823226 0.330776
vt 0.847727 0.327152
vt 0.852627 0.327152
vt 0.852627 0.330776
vt 0.847727 0.330776
vt 0.872227 0.327153
vt 0.877128 0.327153
vt 0.877128 0.330776
vt 0.872227 0.330776
vt 0.788925 0.327152
vt 0.793825 0.327152
vt 0.793825 0.330776
vt 0.788925 0.330776
vt 0.813425 0.327152
vt 0.818326 0.327152
vt 0.818326 0.330776
vt 0.813425 0.330776
vt 0.837926 0.327152
vt 0.842826 0.327152
vt 0.842826 0.330776
vt 0.837926 0.330776
vt 0.867327 0.327152
vt 0.867327 0.330776
vt 0.808525 0.327152
vt 0.808525 0.330776
vt 0.833026 0.327152
vt 0.833026 0.330776
vt 0.882028 0.327153
vt 0.882028 0.330776
vt 0.886928 0.327152
vt 0.886928 0.330776
vt 0.855798 0.294163
vt 0.851659 0.289866
vt 0.854467 0.284602
vt 0.860339 0.285654
vt 0.861245 0.286959
vt 0.861157 0.291565
vt 0.861706 0.288479
vt 0.861676 0.290066
vt 0.860201 0.292831
vt 0.858900 0.293737
vt 0.857384 0.294197
vt 0.854298 0.293643
vt 0.853031 0.292686
vt 0.852122 0.291385
vt 0.851689 0.288279
vt 0.852206 0.286777
vt 0.853165 0.285511
vt 0.855987 0.284142
vt 0.857575 0.284173
vt 0.859074 0.284695
vt 0.870426 0.282482
vt 0.871816 0.287057
vt 0.868863 0.287503
vt 0.867770 0.283808
vt 0.865913 0.287892
vt 0.865056 0.285112
vt 0.862958 0.288306
vt 0.862380 0.286410
vt 0.871745 0.291856
vt 0.868728 0.291319
vt 0.865855 0.290810
vt 0.862919 0.290289
vt 0.870158 0.296380
vt 0.867538 0.294946
vt 0.864905 0.293573
vt 0.862270 0.292162
vt 0.867272 0.300190
vt 0.865227 0.298029
vt 0.863145 0.295904
vt 0.861080 0.293746
vt 0.863347 0.302907
vt 0.862079 0.300294
vt 0.860756 0.297562
vt 0.859452 0.294874
vt 0.858780 0.304307
vt 0.858350 0.301364
vt 0.857975 0.298412
vt 0.857559 0.295453
vt 0.854002 0.304214
vt 0.854496 0.301269
vt 0.855057 0.298349
vt 0.855579 0.295407
vt 0.849460 0.302661
vt 0.850907 0.299965
vt 0.852307 0.297375
vt 0.853706 0.294756
vt 0.845659 0.299743
vt 0.847840 0.297694
vt 0.849956 0.295640
vt 0.852117 0.293564
vt 0.842923 0.295818
vt 0.845608 0.294553
vt 0.848312 0.293237
vt 0.850988 0.291938
vt 0.841569 0.291244
vt 0.844459 0.290858
vt 0.847436 0.290463
vt 0.850404 0.290041
vt 0.841626 0.286459
vt 0.844624 0.287017
vt 0.847517 0.287544
vt 0.850445 0.288060
vt 0.843220 0.281960
vt 0.845843 0.283389
vt 0.848448 0.284765
vt 0.851087 0.286179
vt 0.846109 0.278166
vt 0.848123 0.280268
vt 0.850221 0.282450
vt 0.852289 0.284602
vt 0.850010 0.275406
vt 0.851338 0.278149
vt 0.852612 0.280777
vt 0.853915 0.283462
vt 0.854585 0.274054
vt 0.854991 0.276936
vt 0.855407 0.279935
vt 0.855815 0.282891
vt 0.859356 0.274133
vt 0.858855 0.277078
vt 0.858322 0.279975
vt 0.857798 0.282922
vt 0.863881 0.275669
vt 0.862460 0.278367
vt 0.861081 0.280965
vt 0.859672 0.283583
vt 0.867668 0.278581
vt 0.865577 0.280616
vt 0.863424 0.282707
vt 0.861253 0.284778
vt 0.872327 0.273539
vt 0.876394 0.279123
vt 0.878537 0.285713
vt 0.878542 0.292647
vt 0.876384 0.299244
vt 0.872304 0.304838
vt 0.866695 0.308892
vt 0.860119 0.311026
vt 0.853192 0.311020
vt 0.846600 0.308875
vt 0.840998 0.304772
vt 0.836945 0.299160
vt 0.834833 0.292570
vt 0.834833 0.285662
vt 0.836997 0.279081
vt 0.841074 0.273504
vt 0.846658 0.269443
vt 0.853249 0.267323
vt 0.860152 0.267324
vt 0.866731 0.269451
vt 0.797489 0.008609
vt 0.797489 0.263838
vt 0.791524 0.263838
vt 0.791524 0.008609
vt 0.910818 0.008609
vt 0.910818 0.263838
vt 0.904854 0.263838
vt 0.904854 0.008609
vt 0.898889 0.263838
vt 0.898889 0.008609
vt 0.892924 0.263838
vt 0.892924 0.008609
vt 0.886959 0.263838
vt 0.886959 0.008609
vt 0.880995 0.263838
vt 0.880995 0.008609
vt 0.875030 0.263838
vt 0.875030 0.008609
vt 0.869065 0.263838
vt 0.869065 0.008609
vt 0.863101 0.263838
vt 0.863101 0.008609
vt 0.857136 0.263838
vt 0.857136 0.008609
vt 0.851171 0.263838
vt 0.851171 0.008609
vt 0.845206 0.263838
vt 0.845206 0.008609
vt 0.839242 0.263838
vt 0.839242 0.008609
vt 0.833277 0.263838
vt 0.833277 0.008609
vt 0.827312 0.263838
vt 0.827312 0.008609
vt 0.821347 0.263838
vt 0.821347 0.008609
vt 0.815383 0.263838
vt 0.815383 0.008609
vt 0.809418 0.263838
vt 0.809418 0.008609
vt 0.803453 0.263838
vt 0.803453 0.008609
vt 0.404777 0.220822
vt 0.403738 0.226278
vt 0.402955 0.225847
vt 0.403930 0.220518
vt 0.401169 0.231240
vt 0.400476 0.230664
vt 0.397220 0.235221
vt 0.396651 0.234534
vt 0.392261 0.237838
vt 0.391830 0.237058
vt 0.386790 0.238957
vt 0.386483 0.238116
vt 0.128712 0.222039
vt 0.129782 0.227302
vt 0.129102 0.227932
vt 0.127986 0.222649
vt 0.131697 0.232676
vt 0.135611 0.236447
vt 0.135058 0.237147
vt 0.131020 0.233268
vt 0.140487 0.238859
vt 0.140073 0.239649
vt 0.145861 0.239803
vt 0.145570 0.240651
vt 0.383183 0.057174
vt 0.144198 0.060091
vt 0.143598 0.059353
vt 0.383766 0.056425
vt 0.395588 0.212409
vt 0.394721 0.217760
vt 0.394026 0.217162
vt 0.394858 0.211835
vt 0.392286 0.222562
vt 0.391631 0.221940
vt 0.388493 0.226346
vt 0.387865 0.225689
vt 0.383103 0.228139
vt 0.382700 0.227377
vt 0.387345 0.225051
vt 0.383703 0.228830
vt 0.378331 0.229785
vt 0.377750 0.229056
vt 0.392858 0.083136
vt 0.394017 0.211559
vt 0.392030 0.083444
vt 0.154459 0.230556
vt 0.154737 0.229707
vt 0.377463 0.228229
vt 0.153887 0.231295
vt 0.136108 0.214318
vt 0.134303 0.085209
vt 0.135027 0.085786
vt 0.136822 0.213725
vt 0.152493 0.068413
vt 0.374989 0.065616
vt 0.374704 0.066462
vt 0.152790 0.069242
vt 0.137789 0.219019
vt 0.137640 0.213427
vt 0.138542 0.218602
vt 0.140314 0.223738
vt 0.140956 0.223182
vt 0.139675 0.224378
vt 0.137110 0.219636
vt 0.144189 0.227397
vt 0.144695 0.226744
vt 0.149040 0.229737
vt 0.149427 0.228961
vt 0.148452 0.230447
vt 0.392512 0.077097
vt 0.393578 0.082530
vt 0.391818 0.077735
vt 0.389225 0.072865
vt 0.391046 0.078168
vt 0.388559 0.073431
vt 0.126244 0.071253
vt 0.128840 0.066281
vt 0.129534 0.066862
vt 0.127027 0.071688
vt 0.133387 0.062978
vt 0.134042 0.063660
vt 0.130211 0.067513
vt 0.132815 0.062287
vt 0.137798 0.059654
vt 0.138233 0.060436
vt 0.138852 0.061133
vt 0.143286 0.058511
vt 0.126023 0.077015
vt 0.127153 0.222974
vt 0.125178 0.076708
vt 0.399800 0.230017
vt 0.402257 0.225233
vt 0.127724 0.072307
vt 0.126761 0.077606
vt 0.391216 0.236364
vt 0.396000 0.233855
vt 0.385889 0.237377
vt 0.128332 0.228382
vt 0.399991 0.069231
vt 0.397385 0.064430
vt 0.398056 0.063760
vt 0.400681 0.068590
vt 0.132355 0.232013
vt 0.136245 0.235754
vt 0.147084 0.069397
vt 0.147498 0.070168
vt 0.146471 0.068700
vt 0.151902 0.067686
vt 0.393262 0.216766
vt 0.380426 0.066547
vt 0.380016 0.067324
vt 0.087767 0.301487
vt 0.083314 0.302187
vt 0.082530 0.299760
vt 0.087571 0.298967
vt 0.081958 0.297983
vt 0.087428 0.297122
vt 0.081749 0.297332
vt 0.087377 0.296447
vt 0.079657 0.304039
vt 0.078163 0.301970
vt 0.077071 0.300457
vt 0.076671 0.299903
vt 0.076761 0.306916
vt 0.074701 0.305410
vt 0.073193 0.304309
vt 0.072642 0.303906
vt 0.074905 0.310534
vt 0.072480 0.309741
vt 0.070704 0.309162
vt 0.070055 0.308950
vt 0.074203 0.314938
vt 0.071683 0.314739
vt 0.069839 0.314594
vt 0.069163 0.314542
vt 0.319556 0.462166
vt 0.324010 0.461466
vt 0.324793 0.463893
vt 0.319752 0.464686
vt 0.325366 0.465670
vt 0.319895 0.466531
vt 0.325574 0.466321
vt 0.319946 0.467206
vt 0.327666 0.459614
vt 0.329160 0.461683
vt 0.330253 0.463196
vt 0.330652 0.463750
vt 0.330563 0.456737
vt 0.332622 0.458243
vt 0.334130 0.459344
vt 0.334681 0.459747
vt 0.332418 0.453119
vt 0.334843 0.453912
vt 0.336619 0.454491
vt 0.337268 0.454703
vt 0.333120 0.448715
vt 0.335640 0.448914
vt 0.337485 0.449059
vt 0.338160 0.449111
vt 0.083314 0.461466
vt 0.087767 0.462167
vt 0.087571 0.464686
vt 0.082530 0.463893
vt 0.087428 0.466531
vt 0.081958 0.465670
vt 0.087378 0.467206
vt 0.081749 0.466321
vt 0.079657 0.459614
vt 0.078164 0.461683
vt 0.077071 0.463197
vt 0.076672 0.463751
vt 0.076761 0.456737
vt 0.074701 0.458243
vt 0.073194 0.459345
vt 0.072642 0.459747
vt 0.074905 0.453119
vt 0.072480 0.453912
vt 0.070704 0.454492
vt 0.070055 0.454703
vt 0.074203 0.448715
vt 0.071683 0.448915
vt 0.069839 0.449059
vt 0.069163 0.449111
vt 0.324009 0.302187
vt 0.319556 0.301486
vt 0.319752 0.298967
vt 0.324793 0.299760
vt 0.319895 0.297122
vt 0.325365 0.297983
vt 0.319946 0.296447
vt 0.325574 0.297332
vt 0.327666 0.304038
vt 0.329160 0.301970
vt 0.330252 0.300456
vt 0.330652 0.299903
vt 0.330562 0.306916
vt 0.332622 0.305410
vt 0.334130 0.304309
vt 0.334681 0.303906
vt 0.332418 0.310534
vt 0.334843 0.309741
vt 0.336619 0.309161
vt 0.337268 0.308950
vt 0.333120 0.314938
vt 0.335640 0.314738
vt 0.337485 0.314594
vt 0.338160 0.314542
vt 0.087767 0.448715
vt 0.103112 0.275042
vt 0.109029 0.276080
vt 0.108602 0.276768
vt 0.102625 0.275710
vt 0.107696 0.277296
vt 0.101794 0.276262
vt 0.097606 0.272307
vt 0.097060 0.272913
vt 0.096350 0.273517
vt 0.093212 0.268035
vt 0.092614 0.268581
vt 0.091989 0.269277
vt 0.090304 0.262685
vt 0.089642 0.263171
vt 0.089082 0.263972
vt 0.089116 0.256863
vt 0.088435 0.257286
vt 0.087899 0.258165
vt 0.424196 0.273567
vt 0.430103 0.272415
vt 0.430606 0.273074
vt 0.424635 0.274247
vt 0.431451 0.273611
vt 0.425554 0.274762
vt 0.435567 0.269550
vt 0.436128 0.270147
vt 0.436855 0.270737
vt 0.439880 0.265161
vt 0.440493 0.265695
vt 0.441137 0.266380
vt 0.442675 0.259718
vt 0.443351 0.260191
vt 0.443934 0.260982
vt 0.443731 0.253835
vt 0.444429 0.254245
vt 0.444987 0.255112
vt 0.105767 0.023878
vt 0.099863 0.025057
vt 0.099359 0.024399
vt 0.105325 0.023200
vt 0.098512 0.023864
vt 0.104407 0.022692
vt 0.094406 0.027932
vt 0.093844 0.027336
vt 0.093117 0.026748
vt 0.090102 0.032323
vt 0.089488 0.031790
vt 0.088844 0.031106
vt 0.087315 0.037760
vt 0.086640 0.037289
vt 0.086057 0.036499
vt 0.086264 0.043628
vt 0.085568 0.043220
vt 0.085012 0.042357
vt 0.426984 0.021033
vt 0.421039 0.020006
vt 0.421465 0.019315
vt 0.427473 0.020361
vt 0.422374 0.018779
vt 0.428308 0.019804
vt 0.432522 0.023782
vt 0.433072 0.023171
vt 0.433786 0.022563
vt 0.436946 0.028082
vt 0.437548 0.027532
vt 0.438177 0.026831
vt 0.439876 0.033470
vt 0.440543 0.032980
vt 0.441107 0.032174
vt 0.441074 0.039338
vt 0.441760 0.038912
vt 0.442301 0.038027
vt 0.425384 0.024046
vt 0.419907 0.023135
vt 0.420513 0.022493
vt 0.425989 0.023440
vt 0.420819 0.021767
vt 0.426387 0.022770
vt 0.430319 0.026471
vt 0.430936 0.025877
vt 0.431445 0.025279
vt 0.434284 0.030248
vt 0.434922 0.029669
vt 0.435524 0.029171
vt 0.436844 0.035058
vt 0.437487 0.034502
vt 0.438161 0.034116
vt 0.437901 0.040453
vt 0.438577 0.039899
vt 0.439310 0.039604
vt 0.104704 0.272042
vt 0.110163 0.272944
vt 0.109558 0.273584
vt 0.104102 0.272646
vt 0.109252 0.274309
vt 0.103706 0.273313
vt 0.099795 0.269633
vt 0.099182 0.270225
vt 0.098677 0.270818
vt 0.095856 0.265883
vt 0.095222 0.266459
vt 0.094625 0.266953
vt 0.093313 0.261109
vt 0.092676 0.261661
vt 0.092006 0.262044
vt 0.092265 0.255756
vt 0.091594 0.256306
vt 0.090868 0.256598
vt 0.429470 0.270696
vt 0.423941 0.271813
vt 0.423621 0.271095
vt 0.429059 0.270036
vt 0.423006 0.270470
vt 0.428442 0.269445
vt 0.434458 0.268081
vt 0.433937 0.267497
vt 0.433309 0.266918
vt 0.438436 0.264108
vt 0.437825 0.263626
vt 0.437174 0.263063
vt 0.440947 0.259115
vt 0.440265 0.258746
vt 0.439610 0.258208
vt 0.441949 0.253615
vt 0.441212 0.253340
vt 0.440527 0.252807
vt 0.100500 0.026775
vt 0.106030 0.025646
vt 0.106353 0.026365
vt 0.100912 0.027434
vt 0.106971 0.026989
vt 0.101531 0.028025
vt 0.095516 0.029398
vt 0.096037 0.029981
vt 0.096666 0.030560
vt 0.091545 0.033373
vt 0.092156 0.033854
vt 0.092806 0.034416
vt 0.089039 0.038361
vt 0.089720 0.038729
vt 0.090374 0.039266
vt 0.088038 0.043849
vt 0.088774 0.044123
vt 0.089456 0.044654
vt 0.398747 0.063161
vt 0.401463 0.068135
vt 0.141087 0.238151
vt 0.146441 0.239056
vt 0.393453 0.060601
vt 0.388566 0.058129
vt 0.389177 0.057418
vt 0.394102 0.059902
vt 0.384061 0.055576
vt 0.389602 0.056623
vt 0.401823 0.073950
vt 0.402665 0.073619
vt 0.403187 0.219929
vt 0.401090 0.074570
vt 0.394668 0.059195
vt 0.385105 0.053423
vt 0.390983 0.054503
vt 0.390269 0.055192
vt 0.384438 0.054112
vt 0.389827 0.055939
vt 0.384122 0.054884
vt 0.396375 0.057258
vt 0.395655 0.057936
vt 0.395088 0.058598
vt 0.400727 0.061487
vt 0.399992 0.062160
vt 0.399327 0.062715
vt 0.403634 0.066782
vt 0.402899 0.067441
vt 0.402146 0.067877
vt 0.404864 0.072597
vt 0.404139 0.073213
vt 0.403365 0.073526
vt 0.386862 0.239641
vt 0.392494 0.238510
vt 0.392943 0.239241
vt 0.387189 0.240402
vt 0.393660 0.239911
vt 0.387862 0.241073
vt 0.397645 0.235802
vt 0.398215 0.236446
vt 0.398938 0.237103
vt 0.401749 0.231669
vt 0.402417 0.232202
vt 0.403155 0.232852
vt 0.404419 0.226516
vt 0.405174 0.226929
vt 0.405916 0.227563
vt 0.405483 0.220893
vt 0.406262 0.221184
vt 0.406996 0.221774
vt 0.144533 0.242794
vt 0.138720 0.241750
vt 0.139422 0.241066
vt 0.145196 0.242109
vt 0.139854 0.240326
vt 0.145510 0.241341
vt 0.133387 0.239066
vt 0.134093 0.238394
vt 0.134647 0.237738
vt 0.129077 0.234925
vt 0.129798 0.234258
vt 0.130451 0.233710
vt 0.126194 0.229718
vt 0.126918 0.229067
vt 0.127660 0.228637
vt 0.124974 0.223982
vt 0.125692 0.223374
vt 0.126459 0.223064
vt 0.143210 0.057827
vt 0.137563 0.058980
vt 0.137112 0.058247
vt 0.142880 0.057067
vt 0.136391 0.057575
vt 0.142203 0.056398
vt 0.132389 0.061702
vt 0.131816 0.061056
vt 0.131090 0.060395
vt 0.128258 0.065849
vt 0.127589 0.065312
vt 0.126849 0.064658
vt 0.125563 0.071012
vt 0.124808 0.070595
vt 0.124066 0.069957
vt 0.124475 0.076634
vt 0.123701 0.076342
vt 0.122970 0.075751
vt 0.385951 0.068365
vt 0.389888 0.072213
vt 0.385312 0.069044
vt 0.384782 0.069702
vt 0.135914 0.080467
vt 0.136677 0.080876
vt 0.135864 0.086067
vt 0.135223 0.079856
vt 0.137747 0.075035
vt 0.138404 0.075671
vt 0.141612 0.071220
vt 0.142247 0.071889
vt 0.390975 0.221401
vt 0.375566 0.064879
vt 0.143577 0.228073
vt 0.381038 0.065841
vt 0.139063 0.076222
vt 0.142774 0.072537
vt 0.002448 0.803113
vt 0.063984 0.803113
vt 0.063984 0.807820
vt 0.002448 0.807820
vt 0.002448 0.983226
vt 0.063984 0.983226
vt 0.002448 0.784214
vt 0.002448 0.511657
vt 0.063984 0.511657
vt 0.063984 0.784214
vt 0.063984 0.788981
vt 0.002448 0.788981
vt 0.002448 0.798421
vt 0.063984 0.798421
vt 0.002448 0.793710
vt 0.063984 0.793710
vt 0.002448 0.307936
vt 0.063984 0.307936
vt 0.063984 0.312644
vt 0.002448 0.312644
vt 0.002448 0.488051
vt 0.063984 0.488051
vt 0.002448 0.289038
vt 0.002448 0.016483
vt 0.063984 0.016483
vt 0.063984 0.289038
vt 0.063984 0.293805
vt 0.002448 0.293805
vt 0.002448 0.303244
vt 0.063984 0.303244
vt 0.002448 0.298534
vt 0.063984 0.298534
vt 0.002448 0.011716
vt 0.063984 0.011716
vt 0.063984 0.987933
vt 0.002448 0.987933
vt 0.002448 0.006987
vt 0.063984 0.006987
vt 0.002448 0.002276
vt 0.063984 0.002276
vt 0.063984 0.992625
vt 0.002448 0.992625
vt 0.002448 0.506890
vt 0.063984 0.506890
vt 0.063984 0.492758
vt 0.002448 0.492758
vt 0.002448 0.502161
vt 0.063984 0.502161
vt 0.002448 0.497450
vt 0.063984 0.497450
vt 0.319556 0.448715
vt 0.319556 0.314938
vt 0.087767 0.314938
vt 0.079236 0.291891
vt 0.077313 0.291464
vt 0.077622 0.291057
vt 0.079527 0.291426
vt 0.078118 0.290735
vt 0.080135 0.291061
vt 0.075628 0.290598
vt 0.075966 0.290225
vt 0.076392 0.289873
vt 0.074264 0.289348
vt 0.074625 0.289006
vt 0.074992 0.288595
vt 0.073321 0.287804
vt 0.073718 0.287488
vt 0.074041 0.287013
vt 0.072826 0.286036
vt 0.073287 0.285747
vt 0.073637 0.285185
vt 0.456455 0.288379
vt 0.454507 0.288853
vt 0.454206 0.288390
vt 0.456132 0.287972
vt 0.453582 0.288031
vt 0.455621 0.287657
vt 0.458146 0.287460
vt 0.457794 0.287091
vt 0.457355 0.286744
vt 0.459489 0.286161
vt 0.459117 0.285827
vt 0.458738 0.285424
vt 0.460395 0.284590
vt 0.459989 0.284284
vt 0.459655 0.283816
vt 0.460847 0.282811
vt 0.460376 0.282532
vt 0.460013 0.281980
vt 0.073523 0.009198
vt 0.075464 0.008719
vt 0.075767 0.009180
vt 0.073846 0.009603
vt 0.076392 0.009537
vt 0.074357 0.009915
vt 0.071839 0.010120
vt 0.072191 0.010487
vt 0.072630 0.010831
vt 0.070504 0.011417
vt 0.070876 0.011749
vt 0.071255 0.012150
vt 0.069606 0.012984
vt 0.070010 0.013288
vt 0.070345 0.013753
vt 0.069159 0.014755
vt 0.069628 0.015032
vt 0.069989 0.015582
vt 0.450996 0.004036
vt 0.452932 0.004461
vt 0.452622 0.004872
vt 0.450705 0.004504
vt 0.452123 0.005196
vt 0.450095 0.004872
vt 0.454630 0.005329
vt 0.454290 0.005706
vt 0.453862 0.006061
vt 0.456007 0.006587
vt 0.455643 0.006933
vt 0.455274 0.007347
vt 0.456959 0.008142
vt 0.456559 0.008460
vt 0.456234 0.008939
vt 0.457459 0.009923
vt 0.456995 0.010215
vt 0.456642 0.010781
vt 0.072740 0.007297
vt 0.075061 0.006764
vt 0.451310 0.002147
vt 0.067264 0.014383
vt 0.067754 0.012256
vt 0.070866 0.286509
vt 0.070566 0.008461
vt 0.068843 0.010190
vt 0.071465 0.288665
vt 0.078917 0.293773
vt 0.076653 0.293329
vt 0.454904 0.290810
vt 0.072682 0.290682
vt 0.074479 0.292297
vt 0.457233 0.290288
vt 0.462751 0.283189
vt 0.462253 0.285326
vt 0.459433 0.009447
vt 0.459419 0.289128
vt 0.461154 0.287398
vt 0.458829 0.007273
vt 0.453590 0.002583
vt 0.457599 0.005240
vt 0.455784 0.003615
s 0
usemtl Wastafel01
f 4/1/1 6/2/1 5/3/1 3/4/1
f 6/5/2 8/6/2 7/7/2 5/8/2
f 8/6/3 2/9/3 1/10/3 7/7/3
f 8/6/4 6/11/4 4/12/4 2/9/4
f 5/3/5 7/7/5 1/10/5 3/4/5
f 2/9/6 4/13/6 3/14/6 1/10/6
s 1
f 21/15/5 11/16/5 13/17/5 19/18/5
f 14/19/2 16/20/2 15/21/2 13/22/2
f 16/23/3 10/24/3 9/25/3 15/26/3
f 20/27/7 22/28/7 21/29/7 19/30/7
f 22/31/8 24/32/8 23/33/8 21/34/8
f 24/35/9 18/36/9 17/37/9 23/38/9
f 20/39/4 14/40/4 12/41/4 22/42/4
f 10/43/4 24/44/4 22/42/4 12/41/4
f 18/45/4 24/44/4 10/43/4 16/46/4
f 18/47/10 20/48/10 19/49/10 17/50/10
f 16/46/4 14/40/4 20/39/4 18/45/4
f 15/51/5 17/52/5 19/18/5 13/17/5
f 9/53/5 23/54/5 17/52/5 15/51/5
f 11/16/5 21/15/5 23/54/5 9/53/5
f 10/55/6 12/56/6 11/57/6 9/58/6
f 12/59/1 14/60/1 13/61/1 11/62/1
f 25/63/3 26/64/3 28/65/11 27/66/11
f 27/67/11 28/68/11 30/69/12 29/70/12
f 29/70/12 30/69/12 32/71/13 31/72/13
f 31/72/13 32/71/13 34/73/14 33/74/14
f 33/74/14 34/73/14 36/75/2 35/76/2
f 35/76/2 36/75/2 38/77/15 37/78/15
f 37/78/15 38/77/15 40/79/16 39/80/16
f 39/80/16 40/79/16 42/81/17 41/82/17
f 41/82/17 42/81/17 44/83/18 43/84/18
f 43/84/18 44/83/18 46/85/1 45/86/1
f 45/86/1 46/85/1 48/87/19 47/88/19
f 47/88/19 48/87/19 50/89/20 49/90/20
f 49/90/20 50/89/20 52/91/21 51/92/21
f 51/92/21 52/91/21 54/93/22 53/94/22
f 53/94/22 54/93/22 56/95/6 55/96/6
f 55/96/6 56/95/6 58/97/23 57/98/23
f 57/98/23 58/97/23 60/99/24 59/100/24
f 59/100/24 60/99/24 62/101/25 61/102/25
f 31/103/4 33/104/4 69/105/4 68/106/4
f 61/102/25 62/101/25 64/107/26 63/108/26
f 63/108/26 64/107/26 26/64/3 25/63/3
f 55/109/4 57/110/4 81/111/4 80/112/4
f 41/113/4 43/114/4 74/115/4 73/116/4
f 51/117/4 53/118/4 79/119/4 78/120/4
f 61/121/4 63/122/4 84/123/4 83/124/4
f 27/125/4 29/126/4 67/127/4 66/128/4
f 37/129/4 39/130/4 72/131/4 71/132/4
f 47/133/4 49/134/4 77/135/4 76/136/4
f 57/110/4 59/137/4 82/138/4 81/111/4
f 33/104/4 35/139/4 70/140/4 69/105/4
f 43/114/4 45/141/4 75/142/4 74/115/4
f 53/118/4 55/109/4 80/112/4 79/119/4
f 63/122/4 25/143/4 65/144/4 84/123/4
f 29/126/4 31/103/4 68/106/4 67/127/4
f 39/130/4 41/113/4 73/116/4 72/131/4
f 25/143/4 27/145/4 66/146/4 65/144/4
f 49/134/4 51/117/4 78/120/4 77/135/4
f 59/137/4 61/121/4 83/124/4 82/138/4
f 35/139/4 37/129/4 71/132/4 70/140/4
f 45/141/4 47/133/4 76/136/4 75/142/4
f 92/147/4 96/148/4 100/149/4
f 104/150/4 85/151/4 88/152/4
f 85/151/4 86/153/4 88/152/4
f 86/153/4 87/154/4 88/152/4
f 88/152/4 89/155/4 90/156/4
f 90/156/4 91/157/4 92/147/4
f 92/147/4 93/158/4 94/159/4
f 94/159/4 95/160/4 92/147/4
f 95/160/4 96/148/4 92/147/4
f 96/148/4 97/161/4 98/162/4
f 98/162/4 99/163/4 100/149/4
f 100/149/4 101/164/4 102/165/4
f 102/165/4 103/166/4 100/149/4
f 103/166/4 104/150/4 100/149/4
f 88/152/4 90/156/4 92/147/4
f 96/148/4 98/162/4 100/149/4
f 104/150/4 88/152/4 100/149/4
f 88/152/4 92/147/4 100/149/4
f 106/167/27 109/168/28 111/169/29 108/170/30
f 108/170/30 111/169/29 112/171/31 107/172/32
f 107/172/32 112/171/31 110/173/33 105/174/34
f 109/168/28 113/175/35 115/176/36 111/169/29
f 111/169/29 115/176/36 116/177/37 112/171/31
f 112/171/31 116/177/37 114/178/38 110/173/33
f 113/175/35 117/179/39 119/180/40 115/176/36
f 115/176/36 119/180/40 120/181/41 116/177/37
f 116/177/37 120/181/41 118/182/42 114/178/38
f 117/179/39 121/183/43 123/184/44 119/180/40
f 119/180/40 123/184/44 124/185/45 120/181/41
f 120/181/41 124/185/45 122/186/46 118/182/42
f 121/183/43 125/187/47 127/188/48 123/184/44
f 123/184/44 127/188/48 128/189/49 124/185/45
f 124/185/45 128/189/49 126/190/50 122/186/46
f 125/187/47 129/191/51 131/192/52 127/188/48
f 127/188/48 131/192/52 132/193/53 128/189/49
f 128/189/49 132/193/53 130/194/54 126/190/50
f 129/191/51 133/195/55 135/196/56 131/192/52
f 131/192/52 135/196/56 136/197/57 132/193/53
f 132/193/53 136/197/57 134/198/58 130/194/54
f 133/195/55 137/199/59 139/200/60 135/196/56
f 135/196/56 139/200/60 140/201/61 136/197/57
f 136/197/57 140/201/61 138/202/62 134/198/58
f 137/199/59 141/203/63 143/204/64 139/200/60
f 139/200/60 143/204/64 144/205/65 140/201/61
f 140/201/61 144/205/65 142/206/66 138/202/62
f 141/203/63 145/207/67 147/208/68 143/204/64
f 143/204/64 147/208/68 148/209/69 144/205/65
f 144/205/65 148/209/69 146/210/70 142/206/66
f 145/207/67 149/211/71 151/212/72 147/208/68
f 147/208/68 151/212/72 152/213/73 148/209/69
f 148/209/69 152/213/73 150/214/74 146/210/70
f 149/211/71 153/215/75 155/216/76 151/212/72
f 151/212/72 155/216/76 156/217/77 152/213/73
f 152/213/73 156/217/77 154/218/78 150/214/74
f 153/215/75 157/219/79 159/220/80 155/216/76
f 155/216/76 159/220/80 160/221/81 156/217/77
f 156/217/77 160/221/81 158/222/82 154/218/78
f 157/219/79 161/223/83 163/224/84 159/220/80
f 159/220/80 163/224/84 164/225/85 160/221/81
f 160/221/81 164/225/85 162/226/86 158/222/82
f 161/223/83 165/227/87 167/228/88 163/224/84
f 163/224/84 167/228/88 168/229/89 164/225/85
f 164/225/85 168/229/89 166/230/90 162/226/86
f 165/227/87 169/231/91 171/232/92 167/228/88
f 167/228/88 171/232/92 172/233/93 168/229/89
f 168/229/89 172/233/93 170/234/94 166/230/90
f 169/231/91 173/235/95 175/236/96 171/232/92
f 171/232/92 175/236/96 176/237/97 172/233/93
f 172/233/93 176/237/97 174/238/98 170/234/94
f 173/235/95 177/239/99 179/240/100 175/236/96
f 175/236/96 179/240/100 180/241/101 176/237/97
f 176/237/97 180/241/101 178/242/102 174/238/98
f 177/239/99 181/243/103 183/244/104 179/240/100
f 179/240/100 183/244/104 184/245/105 180/241/101
f 180/241/101 184/245/105 182/246/106 178/242/102
f 181/243/103 106/167/27 108/170/30 183/244/104
f 183/244/104 108/170/30 107/172/32 184/245/105
f 184/245/105 107/172/32 105/174/34 182/246/106
f 105/174/34 110/173/33 86/153/4 85/151/4
f 84/247/26 65/248/3 106/167/27 181/243/103
f 65/248/3 66/249/11 109/168/28 106/167/27
f 182/246/106 105/174/34 85/151/4 104/150/4
f 110/173/33 114/178/38 87/154/4 86/153/4
f 66/249/11 67/250/12 113/175/35 109/168/28
f 114/178/38 118/182/42 88/152/4 87/154/4
f 67/250/12 68/251/13 117/179/39 113/175/35
f 118/182/42 122/186/46 89/155/4 88/152/4
f 68/251/13 69/252/14 121/183/43 117/179/39
f 122/186/46 126/190/50 90/156/4 89/155/4
f 69/252/14 70/253/2 125/187/47 121/183/43
f 126/190/50 130/194/54 91/157/4 90/156/4
f 70/253/2 71/254/15 129/191/51 125/187/47
f 130/194/54 134/198/58 92/147/4 91/157/4
f 71/254/15 72/255/16 133/195/55 129/191/51
f 134/198/58 138/202/62 93/158/4 92/147/4
f 72/255/16 73/256/17 137/199/59 133/195/55
f 138/202/62 142/206/66 94/159/4 93/158/4
f 73/256/17 74/257/18 141/203/63 137/199/59
f 142/206/66 146/210/70 95/160/4 94/159/4
f 74/257/18 75/258/1 145/207/67 141/203/63
f 146/210/70 150/214/74 96/148/4 95/160/4
f 75/258/1 76/259/19 149/211/71 145/207/67
f 150/214/74 154/218/78 97/161/4 96/148/4
f 76/259/19 77/260/20 153/215/75 149/211/71
f 154/218/78 158/222/82 98/162/4 97/161/4
f 77/260/20 78/261/21 157/219/79 153/215/75
f 158/222/82 162/226/86 99/163/4 98/162/4
f 78/261/21 79/262/22 161/223/83 157/219/79
f 162/226/86 166/230/90 100/149/4 99/163/4
f 79/262/22 80/263/6 165/227/87 161/223/83
f 166/230/90 170/234/94 101/164/4 100/149/4
f 80/263/6 81/264/23 169/231/91 165/227/87
f 170/234/94 174/238/98 102/165/4 101/164/4
f 81/264/23 82/265/24 173/235/95 169/231/91
f 174/238/98 178/242/102 103/166/4 102/165/4
f 82/265/24 83/266/25 177/239/99 173/235/95
f 178/242/102 182/246/106 104/150/4 103/166/4
f 83/266/25 84/247/26 181/243/103 177/239/99
f 188/267/25 187/268/25 185/269/26 186/270/26
f 218/271/4 216/272/4 229/273/4 228/274/4
f 190/275/24 189/276/24 187/268/25 188/267/25
f 192/277/23 191/278/23 189/276/24 190/275/24
f 194/279/6 193/280/6 191/278/23 192/277/23
f 196/281/22 195/282/22 193/280/6 194/279/6
f 198/283/21 197/284/21 195/282/22 196/281/22
f 200/285/20 199/286/20 197/284/21 198/283/21
f 202/287/19 201/288/19 199/286/20 200/285/20
f 204/289/1 203/290/1 201/288/19 202/287/19
f 206/291/18 205/292/18 203/290/1 204/289/1
f 208/293/17 207/294/17 205/292/18 206/291/18
f 210/295/16 209/296/16 207/294/17 208/293/17
f 212/297/15 211/298/15 209/296/16 210/295/16
f 214/299/2 213/300/2 211/298/15 212/297/15
f 216/301/14 215/302/14 213/300/2 214/299/2
f 218/303/13 217/304/13 215/302/14 216/301/14
f 220/305/12 219/306/12 217/304/13 218/303/13
f 222/307/11 221/308/11 219/306/12 220/305/12
f 224/309/3 223/310/3 221/311/11 222/312/11
f 186/270/26 185/269/26 223/310/3 224/309/3
f 194/313/4 192/314/4 241/315/4 240/316/4
f 208/317/4 206/318/4 234/319/4 233/320/4
f 198/321/4 196/322/4 239/323/4 238/324/4
f 188/325/4 186/326/4 244/327/4 243/328/4
f 222/329/4 220/330/4 227/331/4 226/332/4
f 212/333/4 210/334/4 232/335/4 231/336/4
f 202/337/4 200/338/4 237/339/4 236/340/4
f 192/314/4 190/341/4 242/342/4 241/315/4
f 216/272/4 214/343/4 230/344/4 229/273/4
f 206/318/4 204/345/4 235/346/4 234/319/4
f 196/322/4 194/313/4 240/316/4 239/323/4
f 186/326/4 224/347/4 225/348/4 244/327/4
f 220/330/4 218/271/4 228/274/4 227/331/4
f 210/334/4 208/317/4 233/320/4 232/335/4
f 224/347/4 222/349/4 226/350/4 225/348/4
f 200/338/4 198/321/4 238/324/4 237/339/4
f 190/341/4 188/325/4 243/328/4 242/342/4
f 214/343/4 212/333/4 231/336/4 230/344/4
f 204/345/4 202/337/4 236/340/4 235/346/4
f 252/351/4 256/352/4 260/353/4
f 264/354/4 245/355/4 248/356/4
f 245/355/4 246/357/4 248/356/4
f 246/357/4 247/358/4 248/356/4
f 248/356/4 249/359/4 250/360/4
f 250/360/4 251/361/4 252/351/4
f 252/351/4 253/362/4 254/363/4
f 254/363/4 255/364/4 252/351/4
f 255/364/4 256/352/4 252/351/4
f 256/352/4 257/365/4 258/366/4
f 258/366/4 259/367/4 260/353/4
f 260/353/4 261/368/4 262/369/4
f 262/369/4 263/370/4 260/353/4
f 263/370/4 264/354/4 260/353/4
f 248/356/4 250/360/4 252/351/4
f 256/352/4 258/366/4 260/353/4
f 264/354/4 248/356/4 260/353/4
f 248/356/4 252/351/4 260/353/4
f 266/371/27 269/372/28 271/373/29 268/374/30
f 268/374/30 271/373/29 272/375/31 267/376/32
f 267/376/32 272/375/31 270/377/33 265/378/34
f 269/372/28 273/379/35 275/380/36 271/373/29
f 271/373/29 275/380/36 276/381/37 272/375/31
f 272/375/31 276/381/37 274/382/38 270/377/33
f 273/379/35 277/383/39 279/384/40 275/380/36
f 275/380/36 279/384/40 280/385/41 276/381/37
f 276/381/37 280/385/41 278/386/42 274/382/38
f 277/383/39 281/387/43 283/388/44 279/384/40
f 279/384/40 283/388/44 284/389/45 280/385/41
f 280/385/41 284/389/45 282/390/46 278/386/42
f 281/387/43 285/391/47 287/392/48 283/388/44
f 283/388/44 287/392/48 288/393/49 284/389/45
f 284/389/45 288/393/49 286/394/50 282/390/46
f 285/391/47 289/395/51 291/396/52 287/392/48
f 287/392/48 291/396/52 292/397/53 288/393/49
f 288/393/49 292/397/53 290/398/54 286/394/50
f 289/395/51 293/399/55 295/400/56 291/396/52
f 291/396/52 295/400/56 296/401/57 292/397/53
f 292/397/53 296/401/57 294/402/58 290/398/54
f 293/399/55 297/403/59 299/404/60 295/400/56
f 295/400/56 299/404/60 300/405/61 296/401/57
f 296/401/57 300/405/61 298/406/62 294/402/58
f 297/403/59 301/407/63 303/408/64 299/404/60
f 299/404/60 303/408/64 304/409/65 300/405/61
f 300/405/61 304/409/65 302/410/66 298/406/62
f 301/407/63 305/411/67 307/412/68 303/408/64
f 303/408/64 307/412/68 308/413/69 304/409/65
f 304/409/65 308/413/69 306/414/70 302/410/66
f 305/411/67 309/415/71 311/416/72 307/412/68
f 307/412/68 311/416/72 312/417/73 308/413/69
f 308/413/69 312/417/73 310/418/74 306/414/70
f 309/415/71 313/419/75 315/420/76 311/416/72
f 311/416/72 315/420/76 316/421/77 312/417/73
f 312/417/73 316/421/77 314/422/78 310/418/74
f 313/419/75 317/423/79 319/424/80 315/420/76
f 315/420/76 319/424/80 320/425/81 316/421/77
f 316/421/77 320/425/81 318/426/82 314/422/78
f 317/423/79 321/427/83 323/428/84 319/424/80
f 319/424/80 323/428/84 324/429/85 320/425/81
f 320/425/81 324/429/85 322/430/86 318/426/82
f 321/427/83 325/431/87 327/432/88 323/428/84
f 323/428/84 327/432/88 328/433/89 324/429/85
f 324/429/85 328/433/89 326/434/90 322/430/86
f 325/431/87 329/435/91 331/436/92 327/432/88
f 327/432/88 331/436/92 332/437/93 328/433/89
f 328/433/89 332/437/93 330/438/94 326/434/90
f 329/435/91 333/439/95 335/440/96 331/436/92
f 331/436/92 335/440/96 336/441/97 332/437/93
f 332/437/93 336/441/97 334/442/98 330/438/94
f 333/439/95 337/443/99 339/444/100 335/440/96
f 335/440/96 339/444/100 340/445/101 336/441/97
f 336/441/97 340/445/101 338/446/107 334/442/98
f 337/443/99 341/447/103 343/448/104 339/444/100
f 339/444/100 343/448/104 344/449/105 340/445/101
f 340/445/101 344/449/105 342/450/106 338/446/107
f 341/447/103 266/371/27 268/374/30 343/448/104
f 343/448/104 268/374/30 267/376/32 344/449/105
f 344/449/105 267/376/32 265/378/34 342/450/106
f 265/378/34 270/377/33 246/357/4 245/355/4
f 244/451/26 225/452/3 266/371/27 341/447/103
f 225/452/3 226/453/11 269/372/28 266/371/27
f 342/450/106 265/378/34 245/355/4 264/354/4
f 270/377/33 274/382/38 247/358/4 246/357/4
f 226/453/11 227/454/12 273/379/35 269/372/28
f 274/382/38 278/386/42 248/356/4 247/358/4
f 227/454/12 228/455/13 277/383/39 273/379/35
f 278/386/42 282/390/46 249/359/4 248/356/4
f 228/455/13 229/456/14 281/387/43 277/383/39
f 282/390/46 286/394/50 250/360/4 249/359/4
f 229/456/14 230/457/2 285/391/47 281/387/43
f 286/394/50 290/398/54 251/361/4 250/360/4
f 230/457/2 231/458/15 289/395/51 285/391/47
f 290/398/54 294/402/58 252/351/4 251/361/4
f 231/458/15 232/459/16 293/399/55 289/395/51
f 294/402/58 298/406/62 253/362/4 252/351/4
f 232/459/16 233/460/17 297/403/59 293/399/55
f 298/406/62 302/410/66 254/363/4 253/362/4
f 233/460/17 234/461/18 301/407/63 297/403/59
f 302/410/66 306/414/70 255/364/4 254/363/4
f 234/461/18 235/462/1 305/411/67 301/407/63
f 306/414/70 310/418/74 256/352/4 255/364/4
f 235/462/1 236/463/19 309/415/71 305/411/67
f 310/418/74 314/422/78 257/365/4 256/352/4
f 236/463/19 237/464/20 313/419/75 309/415/71
f 314/422/78 318/426/82 258/366/4 257/365/4
f 237/464/20 238/465/21 317/423/79 313/419/75
f 318/426/82 322/430/86 259/367/4 258/366/4
f 238/465/21 239/466/22 321/427/83 317/423/79
f 322/430/86 326/434/90 260/353/4 259/367/4
f 239/466/22 240/467/6 325/431/87 321/427/83
f 326/434/90 330/438/94 261/368/4 260/353/4
f 240/467/6 241/468/23 329/435/91 325/431/87
f 330/438/94 334/442/98 262/369/4 261/368/4
f 241/468/23 242/469/24 333/439/95 329/435/91
f 334/442/98 338/446/107 263/370/4 262/369/4
f 242/469/24 243/470/25 337/443/99 333/439/95
f 338/446/107 342/450/106 264/354/4 263/370/4
f 243/470/25 244/451/26 341/447/103 337/443/99
f 345/471/5 346/472/5 348/473/108 347/474/108
f 347/475/108 348/476/108 350/477/109 349/478/109
f 349/478/109 350/477/109 352/479/110 351/480/110
f 351/480/110 352/479/110 354/481/111 353/482/111
f 353/482/111 354/481/111 356/483/2 355/484/2
f 355/484/2 356/483/2 358/485/112 357/486/112
f 357/486/112 358/485/112 360/487/113 359/488/113
f 359/488/113 360/487/113 362/489/114 361/490/114
f 361/490/114 362/489/114 364/491/115 363/492/115
f 363/492/115 364/491/115 366/493/4 365/494/4
f 365/494/4 366/493/4 368/495/116 367/496/116
f 367/496/116 368/495/116 370/497/117 369/498/117
f 369/498/117 370/497/117 372/499/118 371/500/118
f 371/500/118 372/499/118 374/501/119 373/502/119
f 373/502/119 374/501/119 376/503/6 375/504/6
f 375/504/6 376/503/6 378/505/120 377/506/120
f 377/506/120 378/505/120 380/507/121 379/508/121
f 379/508/121 380/507/121 382/509/122 381/510/122
f 381/510/122 382/509/122 384/511/123 383/512/123
f 383/512/123 384/511/123 346/472/5 345/471/5
f 758/513/124 764/514/125 765/515/126 759/516/127
f 764/514/125 767/517/128 768/518/129 765/515/126
f 767/517/128 770/519/130 771/520/131 768/518/129
f 770/519/130 773/521/132 774/522/133 771/520/131
f 773/521/132 760/523/134 762/524/135 774/522/133
f 389/525/136 746/526/137 747/527/138 388/528/139
f 750/529/140 753/530/141 751/531/142 748/532/143
f 753/530/141 756/533/144 754/534/145 751/531/142
f 756/533/144 385/535/146 386/536/147 754/534/145
f 405/537/148 779/538/149 780/539/150 403/540/151
f 431/541/152 425/542/153 424/543/154 430/544/155
f 425/542/153 422/545/156 421/546/157 424/543/154
f 422/545/156 419/547/158 418/548/159 421/546/157
f 418/548/159 415/549/160 417/550/161 420/551/162
f 419/547/158 416/552/163 415/549/160 418/548/159
f 416/552/163 429/553/164 427/554/165 415/549/160
f 810/555/166 430/544/155 432/556/167 809/557/168
f 427/554/165 825/558/169 823/559/170 428/560/171
f 429/553/164 824/561/172 825/558/169 427/554/165
f 826/562/173 413/563/174 412/564/175 828/565/176
f 409/566/177 807/567/178 805/568/179 410/569/180
f 840/570/181 828/565/176 827/571/182 839/572/183
f 837/573/184 840/570/181 839/572/183 836/574/185
f 835/575/186 838/576/187 840/570/181 837/573/184
f 834/577/188 837/573/184 836/574/185 833/578/189
f 831/579/190 834/577/188 833/578/189 830/580/191
f 825/558/169 831/579/190 830/580/191 823/559/170
f 824/561/172 829/581/192 831/579/190 825/558/169
f 820/582/193 808/583/194 810/555/166 822/584/195
f 819/585/196 822/584/195 821/586/197 818/587/198
f 782/588/199 785/589/200 786/590/201 783/591/202
f 786/590/201 789/592/203 787/593/204 784/594/205
f 785/589/200 788/595/206 789/592/203 786/590/201
f 788/595/206 791/596/207 792/597/208 789/592/203
f 792/597/208 780/539/150 779/538/149 790/598/209
f 791/596/207 778/599/210 780/539/150 792/597/208
f 777/600/211 388/528/139 390/601/212 776/602/213
f 765/515/126 768/518/129 766/603/214 763/604/215
f 777/600/211 783/591/202 781/605/216 775/606/217
f 771/520/131 774/522/133 772/607/218 769/608/219
f 774/522/133 762/524/135 761/609/220 772/607/218
f 388/528/139 747/527/138 745/610/221 390/601/212
f 401/611/222 398/612/223 397/613/224 400/614/225
f 749/615/226 752/616/227 753/530/141 750/529/140
f 804/617/228 409/566/177 410/569/180 802/618/229
f 803/619/230 411/620/231 409/566/177 804/617/228
f 430/544/155 424/543/154 426/621/232 432/556/167
f 807/567/178 813/622/233 812/623/234 805/568/179
f 485/624/235 501/625/236 503/626/237 487/627/238
f 487/627/238 503/626/237 504/628/239 488/629/240
f 488/629/240 504/628/239 502/630/241 486/631/242
f 501/625/236 497/632/243 499/633/244 503/626/237
f 503/626/237 499/633/244 500/634/245 504/628/239
f 504/628/239 500/634/245 498/635/246 502/630/241
f 497/632/243 493/636/247 495/637/248 499/633/244
f 499/633/244 495/637/248 496/638/249 500/634/245
f 500/634/245 496/638/249 494/639/250 498/635/246
f 493/636/247 489/640/251 491/641/252 495/637/248
f 495/637/248 491/641/252 492/642/253 496/638/249
f 496/638/249 492/642/253 490/643/254 494/639/250
f 489/640/251 481/644/255 483/645/256 491/641/252
f 491/641/252 483/645/256 484/646/257 492/642/253
f 492/642/253 484/646/257 482/647/258 490/643/254
f 437/648/259 453/649/260 455/650/261 439/651/262
f 439/651/262 455/650/261 456/652/263 440/653/264
f 440/653/264 456/652/263 454/654/265 438/655/266
f 453/649/260 449/656/267 451/657/268 455/650/261
f 455/650/261 451/657/268 452/658/269 456/652/263
f 456/652/263 452/658/269 450/659/270 454/654/265
f 449/656/267 445/660/271 447/661/272 451/657/268
f 451/657/268 447/661/272 448/662/273 452/658/269
f 452/658/269 448/662/273 446/663/274 450/659/270
f 445/660/271 441/664/275 443/665/276 447/661/272
f 447/661/272 443/665/276 444/666/277 448/662/273
f 448/662/273 444/666/277 442/667/278 446/663/274
f 441/664/275 433/668/279 435/669/280 443/665/276
f 443/665/276 435/669/280 436/670/281 444/666/277
f 444/666/277 436/670/281 434/671/282 442/667/278
f 513/672/283 505/673/284 507/674/285 515/675/286
f 515/675/286 507/674/285 508/676/287 516/677/288
f 516/677/288 508/676/287 506/678/289 514/679/290
f 517/680/291 513/672/283 515/675/286 519/681/292
f 519/681/292 515/675/286 516/677/288 520/682/293
f 520/682/293 516/677/288 514/679/290 518/683/294
f 521/684/295 517/680/291 519/681/292 523/685/296
f 523/685/296 519/681/292 520/682/293 524/686/297
f 524/686/297 520/682/293 518/683/294 522/687/298
f 525/688/299 521/684/295 523/685/296 527/689/300
f 527/689/300 523/685/296 524/686/297 528/690/301
f 528/690/301 524/686/297 522/687/298 526/691/302
f 509/692/303 525/688/299 527/689/300 511/693/304
f 511/693/304 527/689/300 528/690/301 512/694/305
f 512/694/305 528/690/301 526/691/302 510/695/306
f 465/696/307 457/697/308 459/698/309 467/699/310
f 467/699/310 459/698/309 460/700/311 468/701/312
f 468/701/312 460/700/311 458/702/313 466/703/314
f 469/704/315 465/696/307 467/699/310 471/705/316
f 471/705/316 467/699/310 468/701/312 472/706/317
f 472/706/317 468/701/312 466/703/314 470/707/318
f 473/708/319 469/704/315 471/705/316 475/709/320
f 475/709/320 471/705/316 472/706/317 476/710/321
f 476/710/321 472/706/317 470/707/318 474/711/322
f 477/712/323 473/708/319 475/709/320 479/713/324
f 479/713/324 475/709/320 476/710/321 480/714/325
f 480/714/325 476/710/321 474/711/322 478/715/326
f 461/716/327 477/712/323 479/713/324 463/717/328
f 463/717/328 479/713/324 480/714/325 464/718/329
f 464/718/329 480/714/325 478/715/326 462/719/330
f 462/719/330 434/671/282 436/670/281 464/718/329
f 464/718/329 436/670/281 435/669/280 463/717/328
f 463/717/328 435/669/280 433/668/279 461/716/327
f 438/655/266 506/678/289 508/676/287 440/653/264
f 440/653/264 508/676/287 507/674/285 439/651/262
f 439/651/262 507/674/285 505/673/284 437/648/259
f 510/695/306 482/647/258 484/646/257 512/694/305
f 512/694/305 484/646/257 483/645/256 511/693/304
f 511/693/304 483/645/256 481/644/255 509/692/303
f 486/631/242 458/702/313 460/700/311 488/629/240
f 488/629/240 460/700/311 459/698/309 487/627/238
f 487/627/238 459/698/309 457/697/308 485/624/235
f 517/680/291 521/684/295 841/720/5
f 554/721/331 547/722/332 549/723/333 555/724/334
f 555/724/334 549/723/333 548/725/335 553/726/336
f 557/727/337 554/721/331 555/724/334 558/728/338
f 558/728/338 555/724/334 553/726/336 556/729/339
f 560/730/340 557/727/337 558/728/338 561/731/341
f 561/731/341 558/728/338 556/729/339 559/732/342
f 563/733/343 560/730/340 561/731/341 564/734/344
f 564/734/344 561/731/341 559/732/342 562/735/345
f 551/736/346 563/733/343 564/734/344 552/737/347
f 552/737/347 564/734/344 562/735/345 550/738/348
f 569/739/349 580/740/350 582/741/351 570/742/352
f 570/742/352 582/741/351 581/743/353 568/744/354
f 580/740/350 577/745/355 579/746/356 582/741/351
f 582/741/351 579/746/356 578/747/357 581/743/353
f 577/745/355 574/748/358 576/749/359 579/746/356
f 579/746/356 576/749/359 575/750/360 578/747/357
f 574/748/358 571/751/361 573/752/362 576/749/359
f 576/749/359 573/752/362 572/753/363 575/750/360
f 571/751/361 565/754/364 567/755/365 573/752/362
f 573/752/362 567/755/365 566/756/366 572/753/363
f 533/757/367 544/758/368 546/759/369 534/760/370
f 534/760/370 546/759/369 545/761/371 532/762/372
f 544/758/368 541/763/373 543/764/374 546/759/369
f 546/759/369 543/764/374 542/765/375 545/761/371
f 541/763/373 538/766/376 540/767/377 543/764/374
f 543/764/374 540/767/377 539/768/378 542/765/375
f 538/766/376 535/769/379 537/770/380 540/767/377
f 540/767/377 537/770/380 536/771/381 539/768/378
f 535/769/379 529/772/382 531/773/383 537/770/380
f 537/770/380 531/773/383 530/774/384 536/771/381
f 590/775/385 583/776/386 585/777/387 591/778/388
f 591/778/388 585/777/387 584/779/389 589/780/390
f 593/781/391 590/775/385 591/778/388 594/782/392
f 594/782/392 591/778/388 589/780/390 592/783/393
f 596/784/394 593/781/391 594/782/392 597/785/395
f 597/785/395 594/782/392 592/783/393 595/786/396
f 599/787/397 596/784/394 597/785/395 600/788/398
f 600/788/398 597/785/395 595/786/396 598/789/399
f 587/790/400 599/787/397 600/788/398 588/791/401
f 588/791/401 600/788/398 598/789/399 586/792/402
f 529/772/382 551/736/346 552/737/347 531/773/383
f 531/773/383 552/737/347 550/738/348 530/774/384
f 583/776/386 533/757/367 534/760/370 585/777/387
f 585/777/387 534/760/370 532/762/372 584/779/389
f 547/722/332 569/739/349 570/742/352 549/723/333
f 549/723/333 570/742/352 568/744/354 548/725/335
f 565/754/364 587/790/400 588/791/401 567/755/365
f 567/755/365 588/791/401 586/792/402 566/756/366
f 617/793/403 604/794/404 606/795/405 618/796/406
f 618/796/406 606/795/405 605/797/407 616/798/408
f 614/799/409 617/793/403 618/796/406 615/800/410
f 615/800/410 618/796/406 616/798/408 613/801/411
f 611/802/412 614/799/409 615/800/410 612/803/413
f 612/803/413 615/800/410 613/801/411 610/804/414
f 608/805/415 611/802/412 612/803/413 609/806/416
f 609/806/416 612/803/413 610/804/414 607/807/417
f 602/808/418 608/805/415 609/806/416 603/809/419
f 603/809/419 609/806/416 607/807/417 601/810/420
f 635/811/421 622/812/422 624/813/423 636/814/424
f 636/814/424 624/813/423 623/815/425 634/816/426
f 632/817/427 635/811/421 636/814/424 633/818/428
f 633/818/428 636/814/424 634/816/426 631/819/429
f 629/820/430 632/817/427 633/818/428 630/821/431
f 630/821/431 633/818/428 631/819/429 628/822/432
f 626/823/433 629/820/430 630/821/431 627/824/434
f 627/824/434 630/821/431 628/822/432 625/825/435
f 620/826/436 626/823/433 627/824/434 621/827/437
f 621/827/437 627/824/434 625/825/435 619/828/438
f 653/829/439 640/830/440 642/831/441 654/832/442
f 654/832/442 642/831/441 641/833/443 652/834/444
f 650/835/445 653/829/439 654/832/442 651/836/446
f 651/836/446 654/832/442 652/834/444 649/837/447
f 647/838/448 650/835/445 651/836/446 648/839/449
f 648/839/449 651/836/446 649/837/447 646/840/450
f 644/841/451 647/838/448 648/839/449 645/842/452
f 645/842/452 648/839/449 646/840/450 643/843/453
f 638/844/454 644/841/451 645/842/452 639/845/455
f 639/845/455 645/842/452 643/843/453 637/846/456
f 671/847/457 658/848/458 660/849/459 672/850/460
f 672/850/460 660/849/459 659/851/461 670/852/462
f 668/853/463 671/847/457 672/850/460 669/854/464
f 669/854/464 672/850/460 670/852/462 667/855/465
f 665/856/466 668/853/463 669/854/464 666/857/467
f 666/857/467 669/854/464 667/855/465 664/858/468
f 662/859/469 665/856/466 666/857/467 663/860/470
f 663/860/470 666/857/467 664/858/468 661/861/471
f 656/862/472 662/859/469 663/860/470 657/863/473
f 657/863/473 663/860/470 661/861/471 655/864/474
f 655/864/474 620/826/436 621/827/437 657/863/473
f 657/863/473 621/827/437 619/828/438 656/862/472
f 604/794/404 659/851/461 660/849/459 606/795/405
f 606/795/405 660/849/459 658/848/458 605/797/407
f 622/812/422 641/833/443 642/831/441 624/813/423
f 624/813/423 642/831/441 640/830/440 623/815/425
f 637/846/456 602/808/418 603/809/419 639/845/455
f 639/845/455 603/809/419 601/810/420 638/844/454
f 607/807/417 599/787/397 587/790/400 601/810/420
f 400/614/225 397/613/224 399/865/475 402/866/476
f 755/867/477 387/868/478 385/535/146 756/533/144
f 587/790/400 565/754/364 638/844/454 601/810/420
f 605/797/407 583/776/386 590/775/385 616/798/408
f 395/869/479 392/870/480 391/871/481 394/872/482
f 391/871/481 403/540/151 404/873/483 393/874/484
f 533/757/367 583/776/386 605/797/407 658/848/458
f 610/804/414 596/784/394 599/787/397 607/807/417
f 775/606/217 389/525/136 388/528/139 777/600/211
f 613/801/411 593/781/391 596/784/394 610/804/414
f 387/868/478 761/609/220 762/524/135 385/535/146
f 616/798/408 590/775/385 593/781/391 613/801/411
f 759/516/127 406/875/485 408/876/486 758/513/124
f 625/825/435 563/733/343 551/736/346 619/828/438
f 757/877/487 407/878/488 406/875/485 759/516/127
f 403/540/151 780/539/150 778/599/210 404/873/483
f 551/736/346 529/772/382 656/862/472 619/828/438
f 623/815/425 547/722/332 554/721/331 634/816/426
f 776/602/213 782/588/199 783/591/202 777/600/211
f 783/591/202 786/590/201 784/594/205 781/605/216
f 569/739/349 547/722/332 623/815/425 640/830/440
f 628/822/432 560/730/340 563/733/343 625/825/435
f 747/527/138 750/529/140 748/532/143 745/610/221
f 631/819/429 557/727/337 560/730/340 628/822/432
f 392/870/480 405/537/148 403/540/151 391/871/481
f 634/816/426 554/721/331 557/727/337 631/819/429
f 759/516/127 765/515/126 763/604/215 757/877/487
f 571/751/361 644/841/451 638/844/454 565/754/364
f 768/518/129 771/520/131 769/608/219 766/603/214
f 569/739/349 640/830/440 653/829/439 580/740/350
f 406/875/485 400/614/225 402/866/476 408/876/486
f 574/748/358 647/838/448 644/841/451 571/751/361
f 746/526/137 749/615/226 750/529/140 747/527/138
f 577/745/355 650/835/445 647/838/448 574/748/358
f 752/616/227 755/867/477 756/533/144 753/530/141
f 580/740/350 653/829/439 650/835/445 577/745/355
f 407/878/488 401/611/222 400/614/225 406/875/485
f 535/769/379 662/859/469 656/862/472 529/772/382
f 397/613/224 394/872/482 396/879/489 399/865/475
f 533/757/367 658/848/458 671/847/457 544/758/368
f 394/872/482 391/871/481 393/874/484 396/879/489
f 538/766/376 665/856/466 662/859/469 535/769/379
f 789/592/203 792/597/208 790/598/209 787/593/204
f 541/763/373 668/853/463 665/856/466 538/766/376
f 398/612/223 395/869/479 394/872/482 397/613/224
f 544/758/368 671/847/457 668/853/463 541/763/373
f 385/535/146 762/524/135 760/523/134 386/536/147
f 674/880/490 679/881/491 681/882/492 675/883/493
f 675/883/493 681/882/492 680/884/494 673/885/495
f 679/881/491 682/886/496 684/887/497 681/882/492
f 681/882/492 684/887/497 683/888/498 680/884/494
f 682/886/496 685/889/499 687/890/500 684/887/497
f 684/887/497 687/890/500 686/891/501 683/888/498
f 685/889/499 688/892/502 690/893/503 687/890/500
f 687/890/500 690/893/503 689/894/504 686/891/501
f 688/892/502 676/895/505 678/896/506 690/893/503
f 690/893/503 678/896/506 677/897/507 689/894/504
f 692/898/508 697/899/509 699/900/510 693/901/511
f 693/901/511 699/900/510 698/902/512 691/903/513
f 697/899/509 700/904/514 702/905/515 699/900/510
f 699/900/510 702/905/515 701/906/516 698/902/512
f 700/904/514 703/907/517 705/908/518 702/905/515
f 702/905/515 705/908/518 704/909/519 701/906/516
f 703/907/517 706/910/520 708/911/521 705/908/518
f 705/908/518 708/911/521 707/912/522 704/909/519
f 706/910/520 694/913/523 696/914/524 708/911/521
f 708/911/521 696/914/524 695/915/525 707/912/522
f 710/916/526 715/917/527 717/918/528 711/919/529
f 711/919/529 717/918/528 716/920/530 709/921/531
f 715/917/527 718/922/532 720/923/533 717/918/528
f 717/918/528 720/923/533 719/924/534 716/920/530
f 718/922/532 721/925/535 723/926/536 720/923/533
f 720/923/533 723/926/536 722/927/537 719/924/534
f 721/925/535 724/928/538 726/929/539 723/926/536
f 723/926/536 726/929/539 725/930/540 722/927/537
f 724/928/538 712/931/541 714/932/542 726/929/539
f 726/929/539 714/932/542 713/933/543 725/930/540
f 728/934/544 733/935/545 735/936/546 729/937/547
f 729/937/547 735/936/546 734/938/548 727/939/549
f 733/935/545 736/940/550 738/941/551 735/936/546
f 735/936/546 738/941/551 737/942/552 734/938/548
f 736/940/550 739/943/553 741/944/554 738/941/551
f 738/941/551 741/944/554 740/945/555 737/942/552
f 739/943/553 742/946/556 744/947/557 741/944/554
f 741/944/554 744/947/557 743/948/558 740/945/555
f 742/946/556 730/949/559 732/950/560 744/947/557
f 744/947/557 732/950/560 731/951/561 743/948/558
f 727/939/549 674/880/490 675/883/493 729/937/547
f 729/937/547 675/883/493 673/885/495 728/934/544
f 676/895/505 695/915/525 696/914/524 678/896/506
f 678/896/506 696/914/524 694/913/523 677/897/507
f 709/921/531 692/898/508 693/901/511 711/919/529
f 711/919/529 693/901/511 691/903/513 710/916/526
f 712/931/541 731/951/561 732/950/560 714/932/542
f 714/932/542 732/950/560 730/949/559 713/933/543
f 814/952/562 817/953/563 819/585/196 816/954/564
f 813/622/233 816/954/564 815/955/565 812/623/234
f 659/851/461 604/794/404 674/880/490 727/939/549
f 674/880/490 604/794/404 617/793/403 679/881/491
f 688/892/502 608/805/415 602/808/418 676/895/505
f 412/564/175 795/956/566 793/957/567 414/958/568
f 413/563/174 794/959/569 795/956/566 412/564/175
f 602/808/418 637/846/456 695/915/525 676/895/505
f 794/959/569 797/960/570 798/961/571 795/956/566
f 679/881/491 617/793/403 614/799/409 682/886/496
f 797/960/570 800/962/572 801/963/573 798/961/571
f 682/886/496 614/799/409 611/802/412 685/889/499
f 800/962/572 803/619/230 804/617/228 801/963/573
f 685/889/499 611/802/412 608/805/415 688/892/502
f 641/833/443 691/903/513 698/902/512 652/834/444
f 424/543/154 421/546/157 423/964/574 426/621/232
f 421/546/157 418/548/159 420/551/162 423/964/574
f 641/833/443 622/812/422 710/916/526 691/903/513
f 643/843/453 707/912/522 695/915/525 637/846/456
f 415/549/160 427/554/165 428/560/171 417/550/161
f 652/834/444 698/902/512 701/906/516 649/837/447
f 808/583/194 431/541/152 430/544/155 810/555/166
f 649/837/447 701/906/516 704/909/519 646/840/450
f 828/565/176 412/564/175 414/958/568 827/571/182
f 646/840/450 704/909/519 707/912/522 643/843/453
f 411/620/231 806/965/575 807/567/178 409/566/177
f 838/576/187 826/562/173 828/565/176 840/570/181
f 710/916/526 622/812/422 635/811/421 715/917/527
f 724/928/538 626/823/433 620/826/436 712/931/541
f 832/966/576 835/575/186 837/573/184 834/577/188
f 829/581/192 832/966/576 834/577/188 831/579/190
f 620/826/436 655/864/474 731/951/561 712/931/541
f 822/584/195 810/555/166 809/557/168 821/586/197
f 715/917/527 635/811/421 632/817/427 718/922/532
f 817/953/563 820/582/193 822/584/195 819/585/196
f 718/922/532 632/817/427 629/820/430 721/925/535
f 816/954/564 819/585/196 818/587/198 815/955/565
f 721/925/535 629/820/430 626/823/433 724/928/538
f 659/851/461 727/939/549 734/938/548 670/852/462
f 811/967/577 814/952/562 816/954/564 813/622/233
f 661/861/471 743/948/558 731/951/561 655/864/474
f 806/965/575 811/967/577 813/622/233 807/567/178
f 670/852/462 734/938/548 737/942/552 667/855/465
f 795/956/566 798/961/571 796/968/578 793/957/567
f 667/855/465 737/942/552 740/945/555 664/858/468
f 798/961/571 801/963/573 799/969/579 796/968/578
f 664/858/468 740/945/555 743/948/558 661/861/471
f 801/963/573 804/617/228 802/618/229 799/969/579
f 402/866/476 689/894/504 677/897/507 408/876/486
f 677/897/507 694/913/523 758/513/124 408/876/486
f 404/873/483 673/885/495 680/884/494 393/874/484
f 728/934/544 673/885/495 404/873/483 778/599/210
f 399/865/475 686/891/501 689/894/504 402/866/476
f 396/879/489 683/888/498 686/891/501 399/865/475
f 393/874/484 680/884/494 683/888/498 396/879/489
f 745/610/221 725/930/540 713/933/543 390/601/212
f 713/933/543 730/949/559 776/602/213 390/601/212
f 386/536/147 709/921/531 716/920/530 754/534/145
f 692/898/508 709/921/531 386/536/147 760/523/134
f 748/532/143 722/927/537 725/930/540 745/610/221
f 751/531/142 719/924/534 722/927/537 748/532/143
f 754/534/145 716/920/530 719/924/534 751/531/142
f 706/910/520 764/514/125 758/513/124 694/913/523
f 692/898/508 760/523/134 773/521/132 697/899/509
f 703/907/517 767/517/128 764/514/125 706/910/520
f 700/904/514 770/519/130 767/517/128 703/907/517
f 697/899/509 773/521/132 770/519/130 700/904/514
f 742/946/556 782/588/199 776/602/213 730/949/559
f 728/934/544 778/599/210 791/596/207 733/935/545
f 739/943/553 785/589/200 782/588/199 742/946/556
f 736/940/550 788/595/206 785/589/200 739/943/553
f 733/935/545 791/596/207 788/595/206 736/940/550
f 763/604/215 425/542/153 431/541/152 757/877/487
f 426/970/232 490/971/254 482/972/258 432/973/167
f 407/878/488 757/877/487 431/541/152 808/583/194
f 809/974/168 432/973/167 482/972/258 510/975/306
f 761/609/220 429/553/164 416/552/163 772/607/218
f 428/976/171 823/977/170 458/978/313 486/979/242
f 428/976/171 486/979/242 502/980/241 417/981/161
f 761/609/220 387/868/478 824/561/172 429/553/164
f 766/603/214 422/545/156 425/542/153 763/604/215
f 423/982/574 494/983/250 490/971/254 426/970/232
f 769/608/219 419/547/158 422/545/156 766/603/214
f 420/984/162 498/985/246 494/983/250 423/982/574
f 772/607/218 416/552/163 419/547/158 769/608/219
f 417/981/161 502/980/241 498/985/246 420/984/162
f 781/605/216 794/959/569 413/563/174 775/606/217
f 793/986/567 442/987/278 434/988/282 414/989/568
f 389/525/136 775/606/217 413/563/174 826/562/173
f 827/990/182 414/989/568 434/988/282 462/991/330
f 779/538/149 411/620/231 803/619/230 790/598/209
f 410/992/180 805/993/179 506/994/289 438/995/266
f 410/992/180 438/995/266 454/996/265 802/997/229
f 779/538/149 405/537/148 806/965/575 411/620/231
f 784/594/205 797/960/570 794/959/569 781/605/216
f 796/998/578 446/999/274 442/987/278 793/986/567
f 787/593/204 800/962/572 797/960/570 784/594/205
f 799/1000/579 450/1001/270 446/999/274 796/998/578
f 790/598/209 803/619/230 800/962/572 787/593/204
f 802/997/229 454/996/265 450/1001/270 799/1000/579
f 806/965/575 405/537/148 392/870/480 811/967/577
f 506/994/289 805/993/179 812/1002/234 514/1003/290
f 820/582/193 401/611/222 407/878/488 808/583/194
f 526/1004/302 821/1005/197 809/974/168 510/975/306
f 514/1003/290 812/1002/234 815/1006/565 518/1007/294
f 811/967/577 392/870/480 395/869/479 814/952/562
f 518/1007/294 815/1006/565 818/1008/198 522/1009/298
f 814/952/562 395/869/479 398/612/223 817/953/563
f 522/1010/298 818/1011/198 821/1005/197 526/1004/302
f 817/953/563 398/612/223 401/611/222 820/582/193
f 824/561/172 387/868/478 755/867/477 829/581/192
f 458/978/313 823/977/170 830/1012/191 466/1013/314
f 838/576/187 746/526/137 389/525/136 826/562/173
f 478/1014/326 839/1015/183 827/990/182 462/991/330
f 466/1013/314 830/1012/191 833/1016/189 470/1017/318
f 829/581/192 755/867/477 752/616/227 832/966/576
f 470/1017/318 833/1016/189 836/1018/185 474/1019/322
f 832/966/576 752/616/227 749/615/226 835/575/186
f 474/1019/322 836/1018/185 839/1015/183 478/1014/326
f 835/575/186 749/615/226 746/526/137 838/576/187
f 453/649/260 437/648/259 842/1020/5
f 842/1020/5 437/648/259 505/673/284 841/720/5
f 844/1021/5 842/1020/5 841/720/5 843/1022/5
f 843/1022/5 841/720/5 509/692/303 481/644/255
f 461/716/327 433/668/279 842/1020/5 844/1021/5
f 457/697/308 844/1021/5 843/1022/5 485/624/235
f 497/632/243 501/625/236 843/1022/5
f 469/704/315 473/708/319 844/1021/5
f 473/708/319 477/712/323 844/1021/5
f 477/712/323 461/716/327 844/1021/5
f 844/1021/5 457/697/308 465/696/307
f 469/704/315 844/1021/5 465/696/307
f 501/625/236 485/624/235 843/1022/5
f 843/1022/5 481/644/255 489/640/251
f 489/640/251 493/636/247 843/1022/5
f 493/636/247 497/632/243 843/1022/5
f 509/692/303 841/720/5 525/688/299
f 841/720/5 505/673/284 513/672/283
f 525/688/299 841/720/5 521/684/295
f 513/672/283 517/680/291 841/720/5
f 842/1020/5 433/668/279 441/664/275
f 441/664/275 445/660/271 842/1020/5
f 445/660/271 449/656/267 842/1020/5
f 449/656/267 453/649/260 842/1020/5
f 891/1023/580 902/1024/581 904/1025/582 892/1026/583
f 892/1026/583 904/1025/582 903/1027/584 890/1028/585
f 902/1024/581 899/1029/586 901/1030/587 904/1025/582
f 904/1025/582 901/1030/587 900/1031/588 903/1027/584
f 899/1029/586 896/1032/589 898/1033/590 901/1030/587
f 901/1030/587 898/1033/590 897/1034/591 900/1031/588
f 896/1032/589 893/1035/592 895/1036/593 898/1033/590
f 898/1033/590 895/1036/593 894/1037/594 897/1034/591
f 893/1035/592 887/1038/595 889/1039/596 895/1036/593
f 895/1036/593 889/1039/596 888/1040/597 894/1037/594
f 912/1041/598 905/1042/599 907/1043/600 913/1044/601
f 913/1044/601 907/1043/600 906/1045/602 911/1046/603
f 915/1047/604 912/1041/598 913/1044/601 916/1048/605
f 916/1048/605 913/1044/601 911/1046/603 914/1049/606
f 918/1050/607 915/1047/604 916/1048/605 919/1051/608
f 919/1051/608 916/1048/605 914/1049/606 917/1052/609
f 921/1053/610 918/1050/607 919/1051/608 922/1054/611
f 922/1054/611 919/1051/608 917/1052/609 920/1055/612
f 909/1056/613 921/1053/610 922/1054/611 910/1057/614
f 910/1057/614 922/1054/611 920/1055/612 908/1058/615
f 876/1059/616 869/1060/617 871/1061/618 877/1062/619
f 877/1062/619 871/1061/618 870/1063/620 875/1064/621
f 879/1065/622 876/1059/616 877/1062/619 880/1066/623
f 880/1066/623 877/1062/619 875/1064/621 878/1067/624
f 882/1068/625 879/1065/622 880/1066/623 883/1069/626
f 883/1069/626 880/1066/623 878/1067/624 881/1070/627
f 885/1071/628 882/1068/625 883/1069/626 886/1072/629
f 886/1072/629 883/1069/626 881/1070/627 884/1073/630
f 873/1074/631 885/1071/628 886/1072/629 874/1075/632
f 874/1075/632 886/1072/629 884/1073/630 872/1076/633
f 927/1077/634 938/1078/635 940/1079/636 928/1080/637
f 928/1080/637 940/1079/636 939/1081/638 926/1082/639
f 938/1078/635 935/1083/640 937/1084/641 940/1079/636
f 940/1079/636 937/1084/641 936/1085/642 939/1081/638
f 935/1083/640 932/1086/643 934/1087/644 937/1084/641
f 937/1084/641 934/1087/644 933/1088/645 936/1085/642
f 932/1086/643 929/1089/646 931/1090/647 934/1087/644
f 934/1087/644 931/1090/647 930/1091/648 933/1088/645
f 929/1089/646 923/1092/649 925/1093/650 931/1090/647
f 931/1090/647 925/1093/650 924/1094/651 930/1091/648
f 887/1038/595 873/1074/631 874/1075/632 889/1039/596
f 889/1039/596 874/1075/632 872/1076/633 888/1040/597
f 869/1060/617 927/1077/634 928/1080/637 871/1061/618
f 871/1061/618 928/1080/637 926/1082/639 870/1063/620
f 905/1042/599 891/1023/580 892/1026/583 907/1043/600
f 907/1043/600 892/1026/583 890/1028/585 906/1045/602
f 923/1092/649 909/1056/613 910/1057/614 925/1093/650
f 925/1093/650 910/1057/614 908/1058/615 924/1094/651
f 869/1060/617 876/1059/616 847/1095/652 845/1096/653
f 870/1063/620 926/1082/639 584/779/389 532/762/372
f 870/1063/620 532/762/372 545/761/371 875/1064/621
f 927/1077/634 869/1060/617 845/1096/653 864/1097/654
f 885/1071/628 873/1074/631 846/1098/655 850/1099/656
f 884/1073/630 536/771/381 530/774/384 872/1076/633
f 873/1074/631 887/1038/595 851/1100/657 846/1098/655
f 888/1040/597 872/1076/633 530/774/384 550/738/348
f 876/1059/616 879/1065/622 848/1101/658 847/1095/652
f 875/1064/621 545/761/371 542/765/375 878/1067/624
f 879/1065/622 882/1068/625 849/1102/659 848/1101/658
f 878/1067/624 542/765/375 539/768/378 881/1070/627
f 882/1068/625 885/1071/628 850/1099/656 849/1102/659
f 881/1070/627 539/768/378 536/771/381 884/1073/630
f 887/1038/595 893/1035/592 853/1103/660 851/1100/657
f 562/735/345 894/1037/594 888/1040/597 550/738/348
f 902/1024/581 891/1023/580 852/1104/661 856/1105/662
f 548/725/335 890/1028/585 903/1027/584 553/726/336
f 891/1023/580 905/1042/599 857/1106/663 852/1104/661
f 890/1028/585 548/725/335 568/744/354 906/1045/602
f 893/1035/592 896/1032/589 854/1107/664 853/1103/660
f 559/732/342 897/1034/591 894/1037/594 562/735/345
f 896/1032/589 899/1029/586 855/1108/665 854/1107/664
f 556/729/339 900/1031/588 897/1034/591 559/732/342
f 899/1029/586 902/1024/581 856/1105/662 855/1108/665
f 553/726/336 903/1027/584 900/1031/588 556/729/339
f 905/1042/599 912/1041/598 859/1109/666 857/1106/663
f 906/1045/602 568/744/354 581/743/353 911/1046/603
f 921/1053/610 909/1056/613 858/1110/667 862/1111/668
f 920/1055/612 572/753/363 566/756/366 908/1058/615
f 909/1056/613 923/1092/649 863/1112/669 858/1110/667
f 924/1094/651 908/1058/615 566/756/366 586/792/402
f 912/1041/598 915/1047/604 860/1113/670 859/1109/666
f 911/1046/603 581/743/353 578/747/357 914/1049/606
f 915/1047/604 918/1050/607 861/1114/671 860/1113/670
f 914/1049/606 578/747/357 575/750/360 917/1052/609
f 918/1050/607 921/1053/610 862/1111/668 861/1114/671
f 917/1052/609 575/750/360 572/753/363 920/1055/612
f 923/1092/649 929/1089/646 865/1115/672 863/1112/669
f 598/789/399 930/1091/648 924/1094/651 586/792/402
f 938/1078/635 927/1077/634 864/1097/654 868/1116/673
f 584/779/389 926/1082/639 939/1081/638 589/780/390
f 929/1089/646 932/1086/643 866/1117/674 865/1115/672
f 595/786/396 933/1088/645 930/1091/648 598/789/399
f 932/1086/643 935/1083/640 867/1118/675 866/1117/674
f 592/783/393 936/1085/642 933/1088/645 595/786/396
f 935/1083/640 938/1078/635 868/1116/673 867/1118/675
f 589/780/390 939/1081/638 936/1085/642 592/783/393
f 941/63/3 942/64/3 944/65/11 943/66/11
f 943/67/11 944/68/11 946/69/12 945/70/12
f 945/70/12 946/69/12 948/71/13 947/72/13
f 947/72/13 948/71/13 950/73/14 949/74/14
f 949/74/14 950/73/14 952/75/2 951/76/2
f 951/76/2 952/75/2 954/77/15 953/78/15
f 953/78/15 954/77/15 956/79/16 955/80/16
f 955/80/16 956/79/16 958/81/17 957/82/17
f 957/82/17 958/81/17 960/83/18 959/84/18
f 959/84/18 960/83/18 962/85/1 961/86/1
f 961/86/1 962/85/1 964/87/19 963/88/19
f 963/88/19 964/87/19 966/89/20 965/90/20
f 965/90/20 966/89/20 968/91/21 967/92/21
f 967/92/21 968/91/21 970/93/22 969/94/22
f 969/94/22 970/93/22 972/95/6 971/96/6
f 971/96/6 972/95/6 974/97/23 973/98/23
f 973/98/23 974/97/23 976/99/24 975/100/24
f 975/100/24 976/99/24 978/101/25 977/102/25
f 947/103/4 949/104/4 985/105/4 984/106/4
f 977/102/25 978/101/25 980/107/26 979/108/26
f 979/108/26 980/107/26 942/64/3 941/63/3
f 971/109/4 973/110/4 997/111/4 996/112/4
f 957/113/4 959/114/4 990/115/4 989/116/4
f 967/117/4 969/118/4 995/119/4 994/120/4
f 977/121/4 979/122/4 1000/123/4 999/124/4
f 943/125/4 945/126/4 983/127/4 982/128/4
f 953/129/4 955/130/4 988/131/4 987/132/4
f 963/133/4 965/134/4 993/135/4 992/136/4
f 973/110/4 975/137/4 998/138/4 997/111/4
f 949/104/4 951/139/4 986/140/4 985/105/4
f 959/114/4 961/141/4 991/142/4 990/115/4
f 969/118/4 971/109/4 996/112/4 995/119/4
f 979/122/4 941/143/4 981/144/4 1000/123/4
f 945/126/4 947/103/4 984/106/4 983/127/4
f 955/130/4 957/113/4 989/116/4 988/131/4
f 941/143/4 943/145/4 982/146/4 981/144/4
f 965/134/4 967/117/4 994/120/4 993/135/4
f 975/137/4 977/121/4 999/124/4 998/138/4
f 951/139/4 953/129/4 987/132/4 986/140/4
f 961/141/4 963/133/4 992/136/4 991/142/4
f 1008/147/4 1012/148/4 1016/149/4
f 1020/150/4 1001/151/4 1004/152/4
f 1001/151/4 1002/153/4 1004/152/4
f 1002/153/4 1003/154/4 1004/152/4
f 1004/152/4 1005/155/4 1006/156/4
f 1006/156/4 1007/157/4 1008/147/4
f 1008/147/4 1009/158/4 1010/159/4
f 1010/159/4 1011/160/4 1008/147/4
f 1011/160/4 1012/148/4 1008/147/4
f 1012/148/4 1013/161/4 1014/162/4
f 1014/162/4 1015/163/4 1016/149/4
f 1016/149/4 1017/164/4 1018/165/4
f 1018/165/4 1019/166/4 1016/149/4
f 1019/166/4 1020/150/4 1016/149/4
f 1004/152/4 1006/156/4 1008/147/4
f 1012/148/4 1014/162/4 1016/149/4
f 1020/150/4 1004/152/4 1016/149/4
f 1004/152/4 1008/147/4 1016/149/4
f 1022/167/27 1025/168/28 1027/169/29 1024/170/30
f 1024/170/30 1027/169/29 1028/171/31 1023/172/32
f 1023/172/32 1028/171/31 1026/173/33 1021/174/34
f 1025/168/28 1029/175/35 1031/176/36 1027/169/29
f 1027/169/29 1031/176/36 1032/177/37 1028/171/31
f 1028/171/31 1032/177/37 1030/178/38 1026/173/33
f 1029/175/35 1033/179/39 1035/180/40 1031/176/36
f 1031/176/36 1035/180/40 1036/181/41 1032/177/37
f 1032/177/37 1036/181/41 1034/182/42 1030/178/38
f 1033/179/39 1037/183/43 1039/184/44 1035/180/40
f 1035/180/40 1039/184/44 1040/185/45 1036/181/41
f 1036/181/41 1040/185/45 1038/186/46 1034/182/42
f 1037/183/43 1041/187/47 1043/188/48 1039/184/44
f 1039/184/44 1043/188/48 1044/189/49 1040/185/45
f 1040/185/45 1044/189/49 1042/190/50 1038/186/46
f 1041/187/47 1045/191/51 1047/192/52 1043/188/48
f 1043/188/48 1047/192/52 1048/193/53 1044/189/49
f 1044/189/49 1048/193/53 1046/194/54 1042/190/50
f 1045/191/51 1049/195/55 1051/196/56 1047/192/52
f 1047/192/52 1051/196/56 1052/197/57 1048/193/53
f 1048/193/53 1052/197/57 1050/198/58 1046/194/54
f 1049/195/55 1053/199/59 1055/200/60 1051/196/56
f 1051/196/56 1055/200/60 1056/201/61 1052/197/57
f 1052/197/57 1056/201/61 1054/202/62 1050/198/58
f 1053/199/59 1057/203/63 1059/204/64 1055/200/60
f 1055/200/60 1059/204/64 1060/205/65 1056/201/61
f 1056/201/61 1060/205/65 1058/206/66 1054/202/62
f 1057/203/63 1061/207/67 1063/208/68 1059/204/64
f 1059/204/64 1063/208/68 1064/209/69 1060/205/65
f 1060/205/65 1064/209/69 1062/210/70 1058/206/66
f 1061/207/67 1065/211/71 1067/212/72 1063/208/68
f 1063/208/68 1067/212/72 1068/213/73 1064/209/69
f 1064/209/69 1068/213/73 1066/214/74 1062/210/70
f 1065/211/71 1069/215/75 1071/216/76 1067/212/72
f 1067/212/72 1071/216/76 1072/217/77 1068/213/73
f 1068/213/73 1072/217/77 1070/218/78 1066/214/74
f 1069/215/75 1073/219/79 1075/220/80 1071/216/76
f 1071/216/76 1075/220/80 1076/221/81 1072/217/77
f 1072/217/77 1076/221/81 1074/222/82 1070/218/78
f 1073/219/79 1077/223/83 1079/224/84 1075/220/80
f 1075/220/80 1079/224/84 1080/225/85 1076/221/81
f 1076/221/81 1080/225/85 1078/226/86 1074/222/82
f 1077/223/83 1081/227/87 1083/228/88 1079/224/84
f 1079/224/84 1083/228/88 1084/229/89 1080/225/85
f 1080/225/85 1084/229/89 1082/230/90 1078/226/86
f 1081/227/87 1085/231/91 1087/232/92 1083/228/88
f 1083/228/88 1087/232/92 1088/233/93 1084/229/89
f 1084/229/89 1088/233/93 1086/234/94 1082/230/90
f 1085/231/91 1089/235/95 1091/236/96 1087/232/92
f 1087/232/92 1091/236/96 1092/237/97 1088/233/93
f 1088/233/93 1092/237/97 1090/238/98 1086/234/94
f 1089/235/95 1093/239/99 1095/240/100 1091/236/96
f 1091/236/96 1095/240/100 1096/241/101 1092/237/97
f 1092/237/97 1096/241/101 1094/242/107 1090/238/98
f 1093/239/99 1097/243/103 1099/244/104 1095/240/100
f 1095/240/100 1099/244/104 1100/245/105 1096/241/101
f 1096/241/101 1100/245/105 1098/246/106 1094/242/107
f 1097/243/103 1022/167/27 1024/170/30 1099/244/104
f 1099/244/104 1024/170/30 1023/172/32 1100/245/105
f 1100/245/105 1023/172/32 1021/174/34 1098/246/106
f 1021/174/34 1026/173/33 1002/153/4 1001/151/4
f 1000/247/26 981/248/3 1022/167/27 1097/243/103
f 981/248/3 982/249/11 1025/168/28 1022/167/27
f 1098/246/106 1021/174/34 1001/151/4 1020/150/4
f 1026/173/33 1030/178/38 1003/154/4 1002/153/4
f 982/249/11 983/250/12 1029/175/35 1025/168/28
f 1030/178/38 1034/182/42 1004/152/4 1003/154/4
f 983/250/12 984/251/13 1033/179/39 1029/175/35
f 1034/182/42 1038/186/46 1005/155/4 1004/152/4
f 984/251/13 985/252/14 1037/183/43 1033/179/39
f 1038/186/46 1042/190/50 1006/156/4 1005/155/4
f 985/252/14 986/253/2 1041/187/47 1037/183/43
f 1042/190/50 1046/194/54 1007/157/4 1006/156/4
f 986/253/2 987/254/15 1045/191/51 1041/187/47
f 1046/194/54 1050/198/58 1008/147/4 1007/157/4
f 987/254/15 988/255/16 1049/195/55 1045/191/51
f 1050/198/58 1054/202/62 1009/158/4 1008/147/4
f 988/255/16 989/256/17 1053/199/59 1049/195/55
f 1054/202/62 1058/206/66 1010/159/4 1009/158/4
f 989/256/17 990/257/18 1057/203/63 1053/199/59
f 1058/206/66 1062/210/70 1011/160/4 1010/159/4
f 990/257/18 991/258/1 1061/207/67 1057/203/63
f 1062/210/70 1066/214/74 1012/148/4 1011/160/4
f 991/258/1 992/259/19 1065/211/71 1061/207/67
f 1066/214/74 1070/218/78 1013/161/4 1012/148/4
f 992/259/19 993/260/20 1069/215/75 1065/211/71
f 1070/218/78 1074/222/82 1014/162/4 1013/161/4
f 993/260/20 994/261/21 1073/219/79 1069/215/75
f 1074/222/82 1078/226/86 1015/163/4 1014/162/4
f 994/261/21 995/262/22 1077/223/83 1073/219/79
f 1078/226/86 1082/230/90 1016/149/4 1015/163/4
f 995/262/22 996/263/6 1081/227/87 1077/223/83
f 1082/230/90 1086/234/94 1017/164/4 1016/149/4
f 996/263/6 997/264/23 1085/231/91 1081/227/87
f 1086/234/94 1090/238/98 1018/165/4 1017/164/4
f 997/264/23 998/265/24 1089/235/95 1085/231/91
f 1090/238/98 1094/242/107 1019/166/4 1018/165/4
f 998/265/24 999/266/25 1093/239/99 1089/235/95
f 1094/242/107 1098/246/106 1020/150/4 1019/166/4
f 999/266/25 1000/247/26 1097/243/103 1093/239/99
f 1104/267/25 1103/268/25 1101/269/26 1102/270/26
f 1134/271/4 1132/272/4 1145/273/4 1144/274/4
f 1106/275/24 1105/276/24 1103/268/25 1104/267/25
f 1108/277/23 1107/278/23 1105/276/24 1106/275/24
f 1110/279/6 1109/280/6 1107/278/23 1108/277/23
f 1112/281/22 1111/282/22 1109/280/6 1110/279/6
f 1114/283/21 1113/284/21 1111/282/22 1112/281/22
f 1116/285/20 1115/286/20 1113/284/21 1114/283/21
f 1118/287/19 1117/288/19 1115/286/20 1116/285/20
f 1120/289/1 1119/290/1 1117/288/19 1118/287/19
f 1122/291/18 1121/292/18 1119/290/1 1120/289/1
f 1124/293/17 1123/294/17 1121/292/18 1122/291/18
f 1126/295/16 1125/296/16 1123/294/17 1124/293/17
f 1128/297/15 1127/298/15 1125/296/16 1126/295/16
f 1130/299/2 1129/300/2 1127/298/15 1128/297/15
f 1132/301/14 1131/302/14 1129/300/2 1130/299/2
f 1134/303/13 1133/304/13 1131/302/14 1132/301/14
f 1136/305/12 1135/306/12 1133/304/13 1134/303/13
f 1138/307/11 1137/308/11 1135/306/12 1136/305/12
f 1140/309/3 1139/310/3 1137/311/11 1138/312/11
f 1102/270/26 1101/269/26 1139/310/3 1140/309/3
f 1110/313/4 1108/314/4 1157/315/4 1156/316/4
f 1124/317/4 1122/318/4 1150/319/4 1149/320/4
f 1114/321/4 1112/322/4 1155/323/4 1154/324/4
f 1104/325/4 1102/326/4 1160/327/4 1159/328/4
f 1138/329/4 1136/330/4 1143/331/4 1142/332/4
f 1128/333/4 1126/334/4 1148/335/4 1147/336/4
f 1118/337/4 1116/338/4 1153/339/4 1152/340/4
f 1108/314/4 1106/341/4 1158/342/4 1157/315/4
f 1132/272/4 1130/343/4 1146/344/4 1145/273/4
f 1122/318/4 1120/345/4 1151/346/4 1150/319/4
f 1112/322/4 1110/313/4 1156/316/4 1155/323/4
f 1102/326/4 1140/347/4 1141/348/4 1160/327/4
f 1136/330/4 1134/271/4 1144/274/4 1143/331/4
f 1126/334/4 1124/317/4 1149/320/4 1148/335/4
f 1140/347/4 1138/349/4 1142/350/4 1141/348/4
f 1116/338/4 1114/321/4 1154/324/4 1153/339/4
f 1106/341/4 1104/325/4 1159/328/4 1158/342/4
f 1130/343/4 1128/333/4 1147/336/4 1146/344/4
f 1120/345/4 1118/337/4 1152/340/4 1151/346/4
f 1168/351/4 1172/352/4 1176/353/4
f 1180/354/4 1161/355/4 1164/356/4
f 1161/355/4 1162/357/4 1164/356/4
f 1162/357/4 1163/358/4 1164/356/4
f 1164/356/4 1165/359/4 1166/360/4
f 1166/360/4 1167/361/4 1168/351/4
f 1168/351/4 1169/362/4 1170/363/4
f 1170/363/4 1171/364/4 1168/351/4
f 1171/364/4 1172/352/4 1168/351/4
f 1172/352/4 1173/365/4 1174/366/4
f 1174/366/4 1175/367/4 1176/353/4
f 1176/353/4 1177/368/4 1178/369/4
f 1178/369/4 1179/370/4 1176/353/4
f 1179/370/4 1180/354/4 1176/353/4
f 1164/356/4 1166/360/4 1168/351/4
f 1172/352/4 1174/366/4 1176/353/4
f 1180/354/4 1164/356/4 1176/353/4
f 1164/356/4 1168/351/4 1176/353/4
f 1182/371/27 1185/372/28 1187/373/29 1184/374/30
f 1184/374/30 1187/373/29 1188/375/31 1183/376/32
f 1183/376/32 1188/375/31 1186/377/33 1181/378/34
f 1185/372/28 1189/379/35 1191/380/36 1187/373/29
f 1187/373/29 1191/380/36 1192/381/37 1188/375/31
f 1188/375/31 1192/381/37 1190/382/38 1186/377/33
f 1189/379/35 1193/383/39 1195/384/40 1191/380/36
f 1191/380/36 1195/384/40 1196/385/41 1192/381/37
f 1192/381/37 1196/385/41 1194/386/42 1190/382/38
f 1193/383/39 1197/387/43 1199/388/44 1195/384/40
f 1195/384/40 1199/388/44 1200/389/45 1196/385/41
f 1196/385/41 1200/389/45 1198/390/46 1194/386/42
f 1197/387/43 1201/391/47 1203/392/48 1199/388/44
f 1199/388/44 1203/392/48 1204/393/49 1200/389/45
f 1200/389/45 1204/393/49 1202/394/50 1198/390/46
f 1201/391/47 1205/395/51 1207/396/52 1203/392/48
f 1203/392/48 1207/396/52 1208/397/53 1204/393/49
f 1204/393/49 1208/397/53 1206/398/54 1202/394/50
f 1205/395/51 1209/399/55 1211/400/56 1207/396/52
f 1207/396/52 1211/400/56 1212/401/57 1208/397/53
f 1208/397/53 1212/401/57 1210/402/58 1206/398/54
f 1209/399/55 1213/403/59 1215/404/60 1211/400/56
f 1211/400/56 1215/404/60 1216/405/61 1212/401/57
f 1212/401/57 1216/405/61 1214/406/62 1210/402/58
f 1213/403/59 1217/407/63 1219/408/64 1215/404/60
f 1215/404/60 1219/408/64 1220/409/65 1216/405/61
f 1216/405/61 1220/409/65 1218/410/66 1214/406/62
f 1217/407/63 1221/411/67 1223/412/68 1219/408/64
f 1219/408/64 1223/412/68 1224/413/69 1220/409/65
f 1220/409/65 1224/413/69 1222/414/70 1218/410/66
f 1221/411/67 1225/415/71 1227/416/72 1223/412/68
f 1223/412/68 1227/416/72 1228/417/73 1224/413/69
f 1224/413/69 1228/417/73 1226/418/74 1222/414/70
f 1225/415/71 1229/419/75 1231/420/76 1227/416/72
f 1227/416/72 1231/420/76 1232/421/77 1228/417/73
f 1228/417/73 1232/421/77 1230/422/78 1226/418/74
f 1229/419/75 1233/423/79 1235/424/80 1231/420/76
f 1231/420/76 1235/424/80 1236/425/81 1232/421/77
f 1232/421/77 1236/425/81 1234/426/82 1230/422/78
f 1233/423/79 1237/427/83 1239/428/84 1235/424/80
f 1235/424/80 1239/428/84 1240/429/85 1236/425/81
f 1236/425/81 1240/429/85 1238/430/86 1234/426/82
f 1237/427/83 1241/431/87 1243/432/88 1239/428/84
f 1239/428/84 1243/432/88 1244/433/89 1240/429/85
f 1240/429/85 1244/433/89 1242/434/90 1238/430/86
f 1241/431/87 1245/435/91 1247/436/92 1243/432/88
f 1243/432/88 1247/436/92 1248/437/93 1244/433/89
f 1244/433/89 1248/437/93 1246/438/94 1242/434/90
f 1245/435/91 1249/439/95 1251/440/96 1247/436/92
f 1247/436/92 1251/440/96 1252/441/97 1248/437/93
f 1248/437/93 1252/441/97 1250/442/98 1246/438/94
f 1249/439/95 1253/443/99 1255/444/100 1251/440/96
f 1251/440/96 1255/444/100 1256/445/101 1252/441/97
f 1252/441/97 1256/445/101 1254/446/107 1250/442/98
f 1253/443/99 1257/447/103 1259/448/104 1255/444/100
f 1255/444/100 1259/448/104 1260/449/105 1256/445/101
f 1256/445/101 1260/449/105 1258/450/106 1254/446/107
f 1257/447/103 1182/371/27 1184/374/30 1259/448/104
f 1259/448/104 1184/374/30 1183/376/32 1260/449/105
f 1260/449/105 1183/376/32 1181/378/34 1258/450/106
f 1181/378/34 1186/377/33 1162/357/4 1161/355/4
f 1160/451/26 1141/452/3 1182/371/27 1257/447/103
f 1141/452/3 1142/453/11 1185/372/28 1182/371/27
f 1258/450/106 1181/378/34 1161/355/4 1180/354/4
f 1186/377/33 1190/382/38 1163/358/4 1162/357/4
f 1142/453/11 1143/454/12 1189/379/35 1185/372/28
f 1190/382/38 1194/386/42 1164/356/4 1163/358/4
f 1143/454/12 1144/455/13 1193/383/39 1189/379/35
f 1194/386/42 1198/390/46 1165/359/4 1164/356/4
f 1144/455/13 1145/456/14 1197/387/43 1193/383/39
f 1198/390/46 1202/394/50 1166/360/4 1165/359/4
f 1145/456/14 1146/457/2 1201/391/47 1197/387/43
f 1202/394/50 1206/398/54 1167/361/4 1166/360/4
f 1146/457/2 1147/458/15 1205/395/51 1201/391/47
f 1206/398/54 1210/402/58 1168/351/4 1167/361/4
f 1147/458/15 1148/459/16 1209/399/55 1205/395/51
f 1210/402/58 1214/406/62 1169/362/4 1168/351/4
f 1148/459/16 1149/460/17 1213/403/59 1209/399/55
f 1214/406/62 1218/410/66 1170/363/4 1169/362/4
f 1149/460/17 1150/461/18 1217/407/63 1213/403/59
f 1218/410/66 1222/414/70 1171/364/4 1170/363/4
f 1150/461/18 1151/462/1 1221/411/67 1217/407/63
f 1222/414/70 1226/418/74 1172/352/4 1171/364/4
f 1151/462/1 1152/463/19 1225/415/71 1221/411/67
f 1226/418/74 1230/422/78 1173/365/4 1172/352/4
f 1152/463/19 1153/464/20 1229/419/75 1225/415/71
f 1230/422/78 1234/426/82 1174/366/4 1173/365/4
f 1153/464/20 1154/465/21 1233/423/79 1229/419/75
f 1234/426/82 1238/430/86 1175/367/4 1174/366/4
f 1154/465/21 1155/466/22 1237/427/83 1233/423/79
f 1238/430/86 1242/434/90 1176/353/4 1175/367/4
f 1155/466/22 1156/467/6 1241/431/87 1237/427/83
f 1242/434/90 1246/438/94 1177/368/4 1176/353/4
f 1156/467/6 1157/468/23 1245/435/91 1241/431/87
f 1246/438/94 1250/442/98 1178/369/4 1177/368/4
f 1157/468/23 1158/469/24 1249/439/95 1245/435/91
f 1250/442/98 1254/446/107 1179/370/4 1178/369/4
f 1158/469/24 1159/470/25 1253/443/99 1249/439/95
f 1254/446/107 1258/450/106 1180/354/4 1179/370/4
f 1159/470/25 1160/451/26 1257/447/103 1253/443/99
f 1261/471/5 1262/472/5 1264/473/108 1263/474/108
f 1263/475/108 1264/476/108 1266/477/109 1265/478/109
f 1265/478/109 1266/477/109 1268/479/110 1267/480/110
f 1267/480/110 1268/479/110 1270/481/111 1269/482/111
f 1269/482/111 1270/481/111 1272/483/2 1271/484/2
f 1271/484/2 1272/483/2 1274/485/112 1273/486/112
f 1273/486/112 1274/485/112 1276/487/113 1275/488/113
f 1275/488/113 1276/487/113 1278/489/114 1277/490/114
f 1277/490/114 1278/489/114 1280/491/115 1279/492/115
f 1279/492/115 1280/491/115 1282/493/4 1281/494/4
f 1281/494/4 1282/493/4 1284/495/116 1283/496/116
f 1283/496/116 1284/495/116 1286/497/117 1285/498/117
f 1285/498/117 1286/497/117 1288/499/118 1287/500/118
f 1287/500/118 1288/499/118 1290/501/119 1289/502/119
f 1289/502/119 1290/501/119 1292/503/6 1291/504/6
f 1291/504/6 1292/503/6 1294/505/120 1293/506/120
f 1293/506/120 1294/505/120 1296/507/121 1295/508/121
f 1295/508/121 1296/507/121 1298/509/122 1297/510/122
f 1297/510/122 1298/509/122 1300/511/123 1299/512/123
f 1299/512/123 1300/511/123 1262/472/5 1261/471/5
f 1301/471/5 1302/472/5 1304/473/676 1303/474/676
f 1303/475/676 1304/476/676 1306/477/677 1305/478/677
f 1305/478/677 1306/477/677 1308/479/678 1307/480/678
f 1307/480/678 1308/479/678 1310/481/679 1309/482/679
f 1309/482/679 1310/481/679 1312/483/1 1311/484/1
f 1311/484/1 1312/483/1 1314/485/680 1313/486/680
f 1313/486/680 1314/485/680 1316/487/681 1315/488/681
f 1315/488/681 1316/487/681 1318/489/682 1317/490/682
f 1317/490/682 1318/489/682 1320/491/683 1319/492/683
f 1319/492/683 1320/491/683 1322/493/4 1321/494/4
f 1321/494/4 1322/493/4 1324/495/684 1323/496/684
f 1323/496/684 1324/495/684 1326/497/685 1325/498/685
f 1325/498/685 1326/497/685 1328/499/686 1327/500/686
f 1327/500/686 1328/499/686 1330/501/687 1329/502/687
f 1329/502/687 1330/501/687 1332/503/3 1331/504/3
f 1331/504/3 1332/503/3 1334/505/688 1333/506/688
f 1333/506/688 1334/505/688 1336/507/689 1335/508/689
f 1335/508/689 1336/507/689 1338/509/690 1337/510/690
f 1337/510/690 1338/509/690 1340/511/691 1339/512/691
f 1339/512/691 1340/511/691 1302/472/5 1301/471/5
