# Blender 5.0.1
# www.blender.org
mtllib APAR_FINAL.mtl
o APAR_FINAL
v 0.013651 0.001665 -0.059808
v 0.026617 0.001665 -0.055271
v 0.038249 0.001665 -0.047963
v 0.047963 0.001665 -0.038249
v 0.055271 0.001665 -0.026617
v 0.059808 0.001665 -0.013651
v 0.061347 0.001665 -0.000000
v 0.059808 0.001665 0.013651
v 0.055271 0.001665 0.026617
v 0.047963 0.001665 0.038249
v 0.038249 0.001665 0.047963
v 0.026617 0.001665 0.055271
v 0.013651 0.001665 0.059808
v 0.000000 0.001665 0.061346
v -0.013651 0.001665 0.059808
v -0.026617 0.001665 0.055271
v -0.038249 0.001665 0.047963
v -0.047963 0.001665 0.038249
v -0.055271 0.001665 0.026617
v -0.059808 0.001665 0.013651
v -0.061346 0.001665 -0.000000
v -0.059808 0.001665 -0.013651
v -0.055271 0.001665 -0.026617
v -0.047963 0.001665 -0.038249
v -0.038249 0.001665 -0.047963
v -0.026617 0.001665 -0.055271
v 0.000000 0.001665 -0.061346
v -0.013651 0.001665 -0.059808
v 0.000000 0.379110 -0.032455
v -0.007222 0.379110 -0.031641
v -0.014082 0.379110 -0.029241
v -0.020235 0.379110 -0.025374
v -0.025374 0.379110 -0.020235
v -0.029241 0.379110 -0.014082
v -0.031641 0.379110 -0.007222
v -0.032455 0.379110 -0.000000
v -0.031641 0.379110 0.007222
v -0.029241 0.379110 0.014082
v -0.025374 0.379110 0.020235
v -0.020235 0.379110 0.025374
v -0.014082 0.379110 0.029241
v -0.007222 0.379110 0.031641
v 0.000000 0.379110 0.032455
v 0.007222 0.379110 0.031641
v 0.014082 0.379110 0.029241
v 0.020235 0.379110 0.025374
v 0.025374 0.379110 0.020235
v 0.029241 0.379110 0.014082
v 0.031641 0.379110 0.007222
v 0.032455 0.379110 -0.000000
v 0.031641 0.379110 -0.007222
v 0.029241 0.379110 -0.014082
v 0.025374 0.379110 -0.020235
v 0.020235 0.379110 -0.025374
v 0.014082 0.379110 -0.029241
v 0.007222 0.379110 -0.031641
v -0.047882 0.355376 0.038184
v -0.038184 0.355376 0.047882
v 0.047882 0.355376 -0.038184
v 0.038184 0.355376 -0.047882
v -0.026572 0.355376 0.055178
v 0.026572 0.355376 -0.055178
v -0.013628 0.355376 0.059707
v 0.013628 0.355376 -0.059707
v 0.000000 0.355376 0.061243
v 0.000000 0.355376 -0.061243
v -0.013628 0.355376 -0.059707
v 0.013628 0.355376 0.059707
v -0.026572 0.355376 -0.055178
v 0.026572 0.355376 0.055178
v -0.038184 0.355376 -0.047882
v 0.038184 0.355376 0.047882
v -0.047882 0.355376 -0.038184
v 0.047882 0.355376 0.038184
v -0.055178 0.355376 -0.026572
v 0.055178 0.355376 0.026572
v -0.059707 0.355376 -0.013628
v 0.059707 0.355376 0.013628
v -0.061243 0.355376 -0.000000
v 0.061243 0.355376 -0.000000
v -0.059707 0.355376 0.013628
v 0.059707 0.355376 -0.013628
v -0.055178 0.355376 0.026572
v 0.055178 0.355376 -0.026572
v -0.034978 0.368724 0.043861
v 0.034978 0.368724 -0.043861
v -0.024341 0.368724 0.050544
v 0.024341 0.368724 -0.050544
v -0.012483 0.368724 0.054693
v 0.012483 0.368724 -0.054693
v 0.000000 0.368724 0.056100
v -0.012483 0.368724 -0.054693
v 0.012483 0.368724 0.054693
v -0.024341 0.368724 -0.050544
v 0.024341 0.368724 0.050544
v -0.034978 0.368724 -0.043861
v 0.034978 0.368724 0.043861
v -0.043861 0.368724 -0.034978
v 0.043861 0.368724 0.034978
v -0.050544 0.368724 -0.024341
v 0.050544 0.368724 0.024341
v -0.054693 0.368724 -0.012483
v 0.054693 0.368724 0.012483
v -0.056100 0.368724 -0.000000
v 0.056100 0.368724 -0.000000
v -0.054693 0.368724 0.012483
v 0.054693 0.368724 -0.012483
v -0.050544 0.368724 0.024341
v 0.050544 0.368724 -0.024341
v -0.043861 0.368724 0.034978
v 0.043861 0.368724 -0.034978
v 0.000000 0.368724 -0.056100
v -0.047295 0.362050 0.037716
v 0.047295 0.362050 -0.037716
v 0.000000 0.362050 -0.060492
v -0.037716 0.362050 0.047295
v 0.037716 0.362050 -0.047295
v -0.026247 0.362050 0.054501
v 0.026247 0.362050 -0.054501
v -0.013461 0.362050 0.058975
v 0.013461 0.362050 -0.058975
v 0.000000 0.362050 0.060492
v -0.013461 0.362050 -0.058975
v 0.013461 0.362050 0.058975
v -0.026247 0.362050 -0.054501
v 0.026247 0.362050 0.054501
v -0.037716 0.362050 -0.047295
v 0.037716 0.362050 0.047295
v -0.047295 0.362050 -0.037716
v 0.047295 0.362050 0.037716
v -0.054501 0.362050 -0.026247
v 0.054501 0.362050 0.026247
v -0.058975 0.362050 -0.013461
v 0.058975 0.362050 0.013461
v -0.060492 0.362050 -0.000000
v 0.060492 0.362050 -0.000000
v -0.058975 0.362050 0.013461
v 0.058975 0.362050 -0.013461
v -0.054501 0.362050 0.026247
v 0.054501 0.362050 -0.026247
v -0.029900 0.374341 0.037493
v 0.029900 0.374341 -0.037493
v -0.020807 0.374341 0.043207
v 0.020807 0.374341 -0.043207
v -0.010671 0.374341 0.046753
v 0.010671 0.374341 -0.046753
v 0.000000 0.374341 0.047956
v -0.010671 0.374341 -0.046753
v 0.010671 0.374341 0.046753
v -0.020807 0.374341 -0.043207
v 0.020807 0.374341 0.043207
v -0.029900 0.374341 -0.037493
v 0.029900 0.374341 0.037493
v -0.037493 0.374341 -0.029900
v 0.037493 0.374341 0.029900
v -0.043207 0.374341 -0.020807
v 0.043207 0.374341 0.020807
v -0.046753 0.374341 -0.010671
v 0.046753 0.374341 0.010671
v -0.047956 0.374341 -0.000000
v 0.047956 0.374341 -0.000000
v -0.046753 0.374341 0.010671
v 0.046753 0.374341 -0.010671
v -0.043207 0.374341 0.020807
v 0.043207 0.374341 -0.020807
v -0.037493 0.374341 0.029900
v 0.037493 0.374341 -0.029900
v 0.000000 0.374341 -0.047956
v -0.024932 0.377313 0.031263
v 0.024932 0.377313 -0.031263
v -0.017350 0.377313 0.036027
v 0.017350 0.377313 -0.036027
v -0.008898 0.377313 0.038985
v 0.008898 0.377313 -0.038985
v 0.000000 0.377313 0.039987
v -0.008898 0.377313 -0.038985
v 0.008898 0.377313 0.038985
v -0.017350 0.377313 -0.036027
v 0.017350 0.377313 0.036027
v -0.024932 0.377313 -0.031263
v 0.024932 0.377313 0.031263
v -0.031263 0.377313 -0.024932
v 0.031263 0.377313 0.024932
v -0.036027 0.377313 -0.017350
v 0.036027 0.377313 0.017350
v -0.038985 0.377313 -0.008898
v 0.038985 0.377313 0.008898
v -0.039987 0.377313 -0.000000
v 0.039987 0.377313 -0.000000
v -0.038985 0.377313 0.008898
v 0.038985 0.377313 -0.008898
v -0.036027 0.377313 0.017350
v 0.036027 0.377313 -0.017350
v -0.031263 0.377313 0.024932
v 0.031263 0.377313 -0.024932
v 0.000000 0.377313 -0.039987
v 0.000000 0.000115 -0.057384
v -0.012769 0.000115 -0.055945
v -0.024898 0.000115 -0.051701
v -0.035778 0.000115 -0.044865
v -0.044865 0.000115 -0.035778
v -0.051701 0.000115 -0.024898
v -0.055945 0.000115 -0.012769
v -0.057384 0.000115 -0.000000
v -0.055945 0.000115 0.012769
v -0.051701 0.000115 0.024898
v -0.044865 0.000115 0.035778
v -0.035778 0.000115 0.044865
v -0.024898 0.000115 0.051701
v -0.012769 0.000115 0.055945
v 0.000000 0.000115 0.057384
v 0.012769 0.000115 0.055945
v 0.024898 0.000115 0.051701
v 0.035778 0.000115 0.044865
v 0.044865 0.000115 0.035778
v 0.051701 0.000115 0.024898
v 0.055945 0.000115 0.012769
v 0.057384 0.000115 -0.000000
v 0.055945 0.000115 -0.012769
v 0.051701 0.000115 -0.024898
v 0.044865 0.000115 -0.035778
v 0.035778 0.000115 -0.044865
v 0.024898 0.000115 -0.051701
v 0.012769 0.000115 -0.055945
v 0.000000 0.380873 -0.023444
v -0.005217 0.380873 -0.022856
v -0.010172 0.380873 -0.021123
v -0.014617 0.380873 -0.018329
v -0.018329 0.380873 -0.014617
v -0.021123 0.380873 -0.010172
v -0.022856 0.380873 -0.005217
v -0.023444 0.380873 -0.000000
v -0.022856 0.380873 0.005217
v -0.021123 0.380873 0.010172
v -0.018329 0.380873 0.014617
v -0.014617 0.380873 0.018329
v -0.010172 0.380873 0.021123
v -0.005217 0.380873 0.022856
v 0.000000 0.380873 0.023444
v 0.005217 0.380873 0.022856
v 0.010172 0.380873 0.021123
v 0.014617 0.380873 0.018329
v 0.018329 0.380873 0.014617
v 0.021123 0.380873 0.010172
v 0.022856 0.380873 0.005217
v 0.023444 0.380873 -0.000000
v 0.022856 0.380873 -0.005217
v 0.021123 0.380873 -0.010172
v 0.018329 0.380873 -0.014617
v 0.014617 0.380873 -0.018329
v 0.010172 0.380873 -0.021123
v 0.005217 0.380873 -0.022856
v 0.000000 0.396012 -0.014926
v -0.003321 0.396012 -0.014552
v -0.006476 0.396012 -0.013448
v -0.009306 0.396012 -0.011670
v -0.011670 0.396012 -0.009306
v -0.013448 0.396012 -0.006476
v -0.014552 0.396012 -0.003321
v -0.014926 0.396012 -0.000000
v -0.014552 0.396012 0.003321
v -0.013448 0.396012 0.006476
v -0.011670 0.396012 0.009306
v -0.009306 0.396012 0.011670
v -0.006476 0.396012 0.013448
v -0.003321 0.396012 0.014552
v 0.000000 0.396012 0.014926
v 0.003321 0.396012 0.014552
v 0.006476 0.396012 0.013448
v 0.009306 0.396012 0.011670
v 0.011670 0.396012 0.009306
v 0.013448 0.396012 0.006476
v 0.014552 0.396012 0.003321
v 0.014926 0.396012 -0.000000
v 0.014552 0.396012 -0.003321
v 0.013448 0.396012 -0.006476
v 0.011670 0.396012 -0.009306
v 0.009306 0.396012 -0.011670
v 0.006476 0.396012 -0.013448
v 0.003321 0.396012 -0.014552
v 0.000000 0.397288 -0.015520
v -0.003454 0.397288 -0.015131
v -0.006734 0.397288 -0.013983
v -0.009677 0.397288 -0.012134
v -0.012134 0.397288 -0.009677
v -0.013983 0.397288 -0.006734
v -0.015131 0.397288 -0.003454
v -0.015520 0.397288 -0.000000
v -0.015131 0.397288 0.003454
v -0.013983 0.397288 0.006734
v -0.012134 0.397288 0.009677
v -0.009677 0.397288 0.012134
v -0.006734 0.397288 0.013983
v -0.003454 0.397288 0.015131
v 0.000000 0.397288 0.015520
v 0.003454 0.397288 0.015131
v 0.006734 0.397288 0.013983
v 0.009677 0.397288 0.012134
v 0.012134 0.397288 0.009677
v 0.013983 0.397288 0.006734
v 0.015131 0.397288 0.003454
v 0.015520 0.397288 -0.000000
v 0.015131 0.397288 -0.003454
v 0.013983 0.397288 -0.006734
v 0.012134 0.397288 -0.009677
v 0.009677 0.397288 -0.012134
v 0.006734 0.397288 -0.013983
v 0.003454 0.397288 -0.015131
v 0.000000 0.398031 -0.015520
v -0.003454 0.398031 -0.015131
v -0.006734 0.398031 -0.013983
v -0.009677 0.398031 -0.012134
v -0.012134 0.398031 -0.009677
v -0.013983 0.398031 -0.006734
v -0.015131 0.398031 -0.003454
v -0.015520 0.398031 -0.000000
v -0.015131 0.398031 0.003454
v -0.013983 0.398031 0.006734
v -0.012134 0.398031 0.009677
v -0.009677 0.398031 0.012134
v -0.006734 0.398031 0.013983
v -0.003454 0.398031 0.015131
v 0.000000 0.398031 0.015520
v 0.003454 0.398031 0.015131
v 0.006734 0.398031 0.013983
v 0.009677 0.398031 0.012134
v 0.012134 0.398031 0.009677
v 0.013983 0.398031 0.006734
v 0.015131 0.398031 0.003454
v 0.015520 0.398031 -0.000000
v 0.015131 0.398031 -0.003454
v 0.013983 0.398031 -0.006734
v 0.012134 0.398031 -0.009677
v 0.009677 0.398031 -0.012134
v 0.006734 0.398031 -0.013983
v 0.003454 0.398031 -0.015131
v 0.000000 0.383197 -0.014926
v 0.000000 0.381617 -0.016357
v -0.003640 0.381617 -0.015947
v -0.003321 0.383197 -0.014552
v -0.007097 0.381617 -0.014737
v -0.006476 0.383197 -0.013448
v -0.010199 0.381617 -0.012789
v -0.009306 0.383197 -0.011670
v -0.012789 0.381617 -0.010199
v -0.011670 0.383197 -0.009306
v -0.014737 0.381617 -0.007097
v -0.013448 0.383197 -0.006476
v -0.015947 0.381617 -0.003640
v -0.014552 0.383197 -0.003321
v -0.016357 0.381617 -0.000000
v -0.014926 0.383197 -0.000000
v -0.015947 0.381617 0.003640
v -0.014552 0.383197 0.003321
v -0.014737 0.381617 0.007097
v -0.013448 0.383197 0.006476
v -0.012789 0.381617 0.010199
v -0.011670 0.383197 0.009306
v -0.010199 0.381617 0.012789
v -0.009306 0.383197 0.011670
v -0.007097 0.381617 0.014737
v -0.006476 0.383197 0.013448
v -0.003640 0.381617 0.015947
v -0.003321 0.383197 0.014552
v 0.000000 0.381617 0.016357
v 0.000000 0.383197 0.014926
v 0.003640 0.381617 0.015947
v 0.003321 0.383197 0.014552
v 0.007097 0.381617 0.014737
v 0.006476 0.383197 0.013448
v 0.010199 0.381617 0.012789
v 0.009306 0.383197 0.011670
v 0.012789 0.381617 0.010199
v 0.011670 0.383197 0.009306
v 0.014737 0.381617 0.007097
v 0.013448 0.383197 0.006476
v 0.015947 0.381617 0.003640
v 0.014552 0.383197 0.003321
v 0.016357 0.381617 -0.000000
v 0.014926 0.383197 -0.000000
v 0.015947 0.381617 -0.003640
v 0.014552 0.383197 -0.003321
v 0.014737 0.381617 -0.007097
v 0.013448 0.383197 -0.006476
v 0.012789 0.381617 -0.010199
v 0.011670 0.383197 -0.009306
v 0.010199 0.381617 -0.012789
v 0.009306 0.383197 -0.011670
v 0.007097 0.381617 -0.014737
v 0.006476 0.383197 -0.013448
v 0.003640 0.381617 -0.015947
v 0.003321 0.383197 -0.014552
v 0.013628 0.057542 -0.059707
v 0.000000 0.057542 -0.061243
v -0.013628 0.057542 -0.059707
v -0.026572 0.057542 -0.055178
v -0.038184 0.057542 -0.047882
v -0.047882 0.057542 -0.038184
v -0.055178 0.057542 -0.026572
v -0.059707 0.057542 -0.013628
v -0.061243 0.057542 -0.000000
v -0.059707 0.057542 0.013628
v -0.055178 0.057542 0.026572
v -0.047882 0.057542 0.038184
v -0.038184 0.057542 0.047882
v -0.026572 0.057542 0.055178
v -0.013628 0.057542 0.059707
v 0.000000 0.057542 0.061243
v 0.013628 0.057542 0.059707
v 0.026572 0.057542 0.055178
v 0.038184 0.057542 0.047882
v 0.047882 0.057542 0.038184
v 0.055178 0.057542 0.026572
v 0.059707 0.057542 0.013628
v 0.061243 0.057542 -0.000000
v 0.059707 0.057542 -0.013628
v 0.055178 0.057542 -0.026572
v 0.047882 0.057542 -0.038184
v 0.038184 0.057542 -0.047882
v 0.026572 0.057542 -0.055178
v -0.014116 0.003950 -0.061846
v 0.000000 0.003950 -0.063437
v -0.027524 0.003950 -0.057155
v -0.039552 0.003950 -0.049597
v -0.049597 0.003950 -0.039552
v -0.057155 0.003950 -0.027524
v -0.061846 0.003950 -0.014116
v -0.063437 0.003950 -0.000000
v -0.061846 0.003950 0.014116
v -0.057155 0.003950 0.027524
v -0.049597 0.003950 0.039552
v -0.039552 0.003950 0.049597
v -0.027524 0.003950 0.057155
v -0.014116 0.003950 0.061846
v 0.000000 0.003950 0.063437
v 0.014116 0.003950 0.061846
v 0.027524 0.003950 0.057155
v 0.039552 0.003950 0.049597
v 0.049597 0.003950 0.039552
v 0.057155 0.003950 0.027524
v 0.061846 0.003950 0.014116
v 0.063437 0.003950 -0.000000
v 0.061846 0.003950 -0.014116
v 0.057155 0.003950 -0.027524
v 0.049597 0.003950 -0.039552
v 0.039552 0.003950 -0.049597
v 0.027524 0.003950 -0.057155
v 0.014116 0.003950 -0.061846
v 0.014116 0.056112 -0.061846
v 0.013974 0.057542 -0.061225
v 0.000000 0.057542 -0.062800
v 0.000000 0.056112 -0.063437
v -0.013974 0.057542 -0.061225
v -0.014116 0.056112 -0.061846
v -0.027248 0.057542 -0.056580
v -0.027524 0.056112 -0.057155
v -0.039155 0.057542 -0.049099
v -0.039552 0.056112 -0.049597
v -0.049099 0.057542 -0.039155
v -0.049597 0.056112 -0.039552
v -0.056580 0.057542 -0.027248
v -0.057155 0.056112 -0.027524
v -0.061225 0.057542 -0.013974
v -0.061846 0.056112 -0.014116
v -0.062800 0.057542 -0.000000
v -0.063437 0.056112 -0.000000
v -0.061225 0.057542 0.013974
v -0.061846 0.056112 0.014116
v -0.056580 0.057542 0.027248
v -0.057155 0.056112 0.027524
v -0.049099 0.057542 0.039155
v -0.049597 0.056112 0.039552
v -0.039155 0.057542 0.049099
v -0.039552 0.056112 0.049597
v -0.027248 0.057542 0.056580
v -0.027524 0.056112 0.057155
v -0.013974 0.057542 0.061225
v -0.014116 0.056112 0.061846
v 0.000000 0.057542 0.062800
v 0.000000 0.056112 0.063437
v 0.013974 0.057542 0.061225
v 0.014116 0.056112 0.061846
v 0.027248 0.057542 0.056580
v 0.027524 0.056112 0.057155
v 0.039155 0.057542 0.049099
v 0.039552 0.056112 0.049597
v 0.049099 0.057542 0.039155
v 0.049597 0.056112 0.039552
v 0.056580 0.057542 0.027248
v 0.057155 0.056112 0.027524
v 0.061225 0.057542 0.013974
v 0.061846 0.056112 0.014116
v 0.062800 0.057542 -0.000000
v 0.063437 0.056112 -0.000000
v 0.061225 0.057542 -0.013974
v 0.061846 0.056112 -0.014116
v 0.056580 0.057542 -0.027248
v 0.057155 0.056112 -0.027524
v 0.049099 0.057542 -0.039155
v 0.049597 0.056112 -0.039552
v 0.039155 0.057542 -0.049099
v 0.039552 0.056112 -0.049597
v 0.027248 0.057542 -0.056580
v 0.027524 0.056112 -0.057155
v 0.000000 0.417271 -0.008564
v -0.006696 0.417271 -0.005340
v -0.005340 0.417271 -0.006696
v -0.007716 0.417271 -0.003716
v 0.008349 0.417271 -0.001906
v -0.008349 0.417271 0.001906
v 0.008349 0.417271 0.001906
v -0.008564 0.417271 -0.000000
v 0.001906 0.417271 -0.008349
v -0.008349 0.417271 -0.001906
v 0.005340 0.417271 -0.006696
v 0.003716 0.417271 -0.007716
v 0.007716 0.417271 0.003716
v 0.007716 0.417271 -0.003716
v 0.008564 0.417271 -0.000000
v -0.007716 0.417271 0.003716
v 0.006696 0.417271 -0.005340
v -0.003716 0.417271 -0.007716
v -0.006696 0.415536 -0.005340
v -0.007716 0.415536 -0.003716
v 0.008349 0.415536 0.001906
v 0.008564 0.415536 -0.000000
v 0.001906 0.415536 -0.008349
v 0.000000 0.415536 -0.008564
v 0.006696 0.415536 -0.005340
v 0.005340 0.415536 -0.006696
v 0.008349 0.415536 -0.001906
v 0.007779 0.415536 0.003535
v -0.008349 0.415536 0.001906
v -0.007779 0.415536 0.003535
v -0.008349 0.415536 -0.001906
v 0.003716 0.415536 -0.007716
v -0.003716 0.415536 -0.007716
v -0.005340 0.415536 -0.006696
v 0.007716 0.415536 -0.003716
v -0.008564 0.415536 -0.000000
v -0.001906 0.415536 -0.008349
v -0.001906 0.417271 -0.008349
v -0.006696 0.413924 -0.005340
v -0.007716 0.413924 -0.003716
v 0.008349 0.413924 0.001906
v 0.008564 0.413924 -0.000000
v 0.001906 0.413924 -0.008349
v 0.000000 0.413924 -0.008564
v 0.006696 0.413924 -0.005340
v 0.005340 0.413924 -0.006696
v 0.008349 0.413924 -0.001906
v 0.007716 0.413924 0.003716
v -0.008349 0.413924 0.001906
v -0.007716 0.413924 0.003716
v -0.008349 0.413924 -0.001906
v 0.003716 0.413924 -0.007716
v -0.003716 0.413924 -0.007716
v -0.005340 0.413924 -0.006696
v 0.007716 0.413924 -0.003716
v -0.008564 0.413924 -0.000000
v -0.001906 0.413924 -0.008349
v 0.005917 0.410523 0.006118
v 0.005857 0.410844 0.006510
v 0.005875 0.410750 0.006258
v 0.006721 0.411793 0.005300
v 0.006724 0.412224 0.005628
v 0.006722 0.412097 0.005394
v 0.006724 0.418807 0.005628
v 0.006721 0.419238 0.005300
v 0.006722 0.418934 0.005394
v 0.005919 0.420505 0.006116
v 0.005857 0.420186 0.006510
v 0.005875 0.420279 0.006257
v 0.004985 0.409972 0.007253
v 0.005037 0.409643 0.006885
v 0.005009 0.409884 0.007001
v 0.005039 0.421386 0.006884
v 0.004985 0.421058 0.007253
v 0.005009 0.421146 0.007001
v 0.001777 0.422780 0.008698
v 0.001811 0.423121 0.008360
v 0.001791 0.422879 0.008460
v 0.001777 0.408250 0.008698
v 0.001808 0.407908 0.008360
v 0.001790 0.408151 0.008460
v 0.000000 0.408024 0.008897
v 0.000000 0.407677 0.008564
v 0.000000 0.407922 0.008661
v 0.000000 0.423007 0.008897
v 0.000000 0.423353 0.008564
v 0.000000 0.423108 0.008661
v -0.004985 0.409972 0.007253
v -0.005037 0.409643 0.006885
v -0.005009 0.409884 0.007001
v -0.003515 0.408566 0.007786
v -0.003467 0.408902 0.008138
v -0.003488 0.408808 0.007894
v -0.003467 0.422129 0.008138
v -0.003517 0.422463 0.007785
v -0.003488 0.422222 0.007893
v -0.004985 0.421058 0.007253
v -0.005039 0.421386 0.006884
v -0.005009 0.421146 0.007001
v 0.007492 0.415515 0.004403
v 0.007659 0.415531 0.003807
v 0.007540 0.415520 0.004092
v 0.007304 0.413848 0.004703
v 0.007475 0.413900 0.004099
v 0.007354 0.413863 0.004389
v 0.007480 0.417118 0.004091
v 0.007304 0.417182 0.004703
v 0.007355 0.417163 0.004387
v 0.003517 0.422463 0.007785
v 0.003467 0.422129 0.008138
v 0.003488 0.422222 0.007893
v 0.003467 0.408902 0.008138
v 0.003515 0.408566 0.007786
v 0.003488 0.408808 0.007894
v -0.001808 0.407908 0.008360
v -0.001777 0.408250 0.008698
v -0.001790 0.408151 0.008460
v -0.001811 0.423121 0.008360
v -0.001777 0.422780 0.008698
v -0.001791 0.422879 0.008460
v -0.006724 0.412224 0.005628
v -0.006721 0.411793 0.005300
v -0.006722 0.412097 0.005394
v -0.006721 0.419238 0.005300
v -0.006724 0.418807 0.005628
v -0.006722 0.418934 0.005394
v -0.007491 0.415515 0.004403
v -0.007659 0.415531 0.003807
v -0.007540 0.415520 0.004092
v -0.007475 0.413900 0.004099
v -0.007304 0.413848 0.004703
v -0.007354 0.413863 0.004389
v -0.007304 0.417182 0.004703
v -0.007480 0.417118 0.004091
v -0.007355 0.417163 0.004387
v -0.005857 0.410844 0.006510
v -0.005917 0.410523 0.006118
v -0.005875 0.410750 0.006258
v -0.005919 0.420505 0.006116
v -0.005857 0.420186 0.006510
v -0.005875 0.420279 0.006257
v 0.002094 0.406281 -0.009177
v 0.001906 0.407208 -0.008349
v 0.002000 0.406435 -0.008763
v 0.001931 0.406774 -0.008460
v 0.004084 0.406281 -0.008480
v 0.003716 0.407208 -0.007716
v 0.003900 0.406435 -0.008098
v 0.003765 0.406774 -0.007818
v 0.005340 0.407208 -0.006696
v 0.005869 0.406281 -0.007359
v 0.005410 0.406774 -0.006784
v 0.005604 0.406435 -0.007027
v 0.007359 0.406281 -0.005869
v 0.006696 0.407208 -0.005340
v 0.007027 0.406435 -0.005604
v 0.006784 0.406774 -0.005410
v 0.008480 0.406281 -0.004084
v 0.007716 0.407208 -0.003716
v 0.008098 0.406435 -0.003900
v 0.007818 0.406774 -0.003765
v 0.008349 0.407208 -0.001906
v 0.009177 0.406281 -0.002094
v 0.008460 0.406774 -0.001931
v 0.008763 0.406435 -0.002000
v 0.009413 0.406281 -0.000000
v 0.008564 0.407208 -0.000000
v 0.008988 0.406435 -0.000000
v 0.008678 0.406774 -0.000000
v 0.009177 0.406281 0.002094
v 0.008349 0.407208 0.001906
v 0.008763 0.406435 0.002000
v 0.008460 0.406774 0.001931
v 0.008480 0.406281 0.004084
v 0.007716 0.407208 0.003716
v 0.008098 0.406435 0.003900
v 0.007818 0.406774 0.003765
v 0.006696 0.407208 0.005340
v 0.007359 0.406281 0.005869
v 0.006784 0.406774 0.005410
v 0.007027 0.406435 0.005604
v 0.005869 0.406281 0.007359
v 0.005262 0.407208 0.006745
v 0.005594 0.406435 0.007034
v 0.005371 0.406774 0.006809
v 0.004084 0.406281 0.008480
v 0.003638 0.407208 0.007743
v 0.003889 0.406435 0.008102
v 0.003726 0.406774 0.007832
v 0.001852 0.407208 0.008355
v 0.002094 0.406281 0.009177
v 0.001904 0.406774 0.008463
v 0.001993 0.406435 0.008764
v 0.000000 0.406281 0.009413
v 0.000000 0.407208 0.008564
v 0.000000 0.406435 0.008988
v 0.000000 0.406774 0.008678
v -0.002094 0.406281 0.009177
v -0.001852 0.407208 0.008355
v -0.001993 0.406435 0.008764
v -0.001904 0.406774 0.008463
v -0.004084 0.406281 0.008480
v -0.003638 0.407208 0.007743
v -0.003889 0.406435 0.008102
v -0.003726 0.406774 0.007832
v -0.005262 0.407208 0.006745
v -0.005869 0.406281 0.007359
v -0.005371 0.406774 0.006809
v -0.005594 0.406435 0.007034
v -0.007359 0.406281 0.005869
v -0.006694 0.407209 0.005338
v -0.007027 0.406435 0.005604
v -0.006784 0.406774 0.005410
v -0.008480 0.406281 0.004084
v -0.007716 0.407208 0.003716
v -0.008098 0.406435 0.003900
v -0.007818 0.406774 0.003765
v -0.008349 0.407208 0.001906
v -0.009177 0.406281 0.002094
v -0.008460 0.406774 0.001931
v -0.008763 0.406435 0.002000
v -0.009413 0.406281 -0.000000
v -0.008564 0.407208 -0.000000
v -0.008988 0.406435 -0.000000
v -0.008678 0.406774 -0.000000
v -0.009177 0.406281 -0.002094
v -0.008349 0.407208 -0.001906
v -0.008763 0.406435 -0.002000
v -0.008460 0.406774 -0.001931
v -0.007716 0.407208 -0.003716
v -0.008480 0.406281 -0.004084
v -0.007818 0.406774 -0.003765
v -0.008098 0.406435 -0.003900
v -0.007359 0.406281 -0.005869
v -0.006696 0.407208 -0.005340
v -0.007027 0.406435 -0.005604
v -0.006784 0.406774 -0.005410
v -0.005869 0.406281 -0.007359
v -0.005340 0.407208 -0.006696
v -0.005604 0.406435 -0.007027
v -0.005410 0.406774 -0.006784
v -0.003716 0.407208 -0.007716
v -0.004084 0.406281 -0.008480
v -0.003765 0.406774 -0.007818
v -0.003900 0.406435 -0.008098
v -0.001906 0.407208 -0.008349
v -0.002094 0.406281 -0.009177
v -0.001931 0.406774 -0.008460
v -0.002000 0.406435 -0.008763
v 0.000000 0.407208 -0.008564
v 0.000000 0.406281 -0.009413
v 0.000000 0.406774 -0.008678
v 0.000000 0.406435 -0.008988
v 0.006734 0.398156 -0.013983
v 0.006677 0.398026 -0.013865
v 0.009677 0.398156 -0.012134
v 0.009595 0.398026 -0.012032
v 0.013983 0.398156 -0.006734
v 0.013865 0.398026 -0.006677
v 0.015131 0.398156 -0.003454
v 0.015004 0.398026 -0.003424
v 0.015131 0.398156 0.003454
v 0.015004 0.398026 0.003424
v 0.013865 0.398026 0.006677
v 0.013983 0.398156 0.006734
v 0.009677 0.398156 0.012134
v 0.009595 0.398026 0.012032
v 0.006734 0.398156 0.013983
v 0.006677 0.398026 0.013865
v 0.000000 0.398156 0.015520
v 0.000000 0.398026 0.015389
v -0.003454 0.398156 0.015131
v -0.003424 0.398026 0.015004
v -0.009677 0.398156 0.012134
v -0.009595 0.398026 0.012032
v -0.012134 0.398156 0.009677
v -0.012032 0.398026 0.009595
v -0.015131 0.398156 0.003454
v -0.015004 0.398026 0.003424
v -0.015520 0.398156 -0.000000
v -0.015389 0.398026 -0.000000
v -0.013983 0.398156 -0.006734
v -0.013865 0.398026 -0.006677
v -0.012134 0.398156 -0.009677
v -0.012032 0.398026 -0.009595
v 0.000000 0.398156 -0.015520
v 0.000000 0.398026 -0.015389
v 0.003454 0.398156 -0.015131
v 0.003424 0.398026 -0.015004
v 0.012134 0.398156 -0.009677
v 0.012032 0.398026 -0.009595
v 0.015520 0.398156 -0.000000
v 0.015389 0.398026 -0.000000
v 0.012134 0.398156 0.009677
v 0.012032 0.398026 0.009595
v 0.003454 0.398156 0.015131
v 0.003424 0.398026 0.015004
v -0.006734 0.398156 0.013983
v -0.006677 0.398026 0.013865
v -0.013983 0.398156 0.006734
v -0.013865 0.398026 0.006677
v -0.015131 0.398156 -0.003454
v -0.015004 0.398026 -0.003424
v -0.009677 0.398156 -0.012134
v -0.009595 0.398026 -0.012032
v -0.006734 0.398156 -0.013983
v -0.006677 0.398026 -0.013865
v -0.003454 0.398156 -0.015131
v -0.003424 0.398026 -0.015004
v 0.003454 0.404700 -0.015131
v 0.003230 0.405799 -0.014150
v 0.003388 0.405438 -0.014844
v 0.006734 0.404700 -0.013983
v 0.006297 0.405799 -0.013077
v 0.006606 0.405438 -0.013718
v 0.009049 0.405799 -0.011348
v 0.009677 0.404700 -0.012134
v 0.009493 0.405438 -0.011904
v 0.012134 0.404700 -0.009677
v 0.011348 0.405799 -0.009049
v 0.011904 0.405438 -0.009493
v 0.013983 0.404700 -0.006734
v 0.013077 0.405799 -0.006297
v 0.013718 0.405438 -0.006606
v 0.014150 0.405799 -0.003230
v 0.015131 0.404700 -0.003454
v 0.014844 0.405438 -0.003388
v 0.015520 0.404700 -0.000000
v 0.014514 0.405799 -0.000000
v 0.015225 0.405438 -0.000000
v 0.015131 0.404700 0.003454
v 0.014150 0.405799 0.003230
v 0.014844 0.405438 0.003388
v 0.013983 0.404700 0.006734
v 0.013077 0.405799 0.006297
v 0.013718 0.405438 0.006606
v 0.011348 0.405799 0.009049
v 0.012134 0.404700 0.009677
v 0.011904 0.405438 0.009493
v 0.009677 0.404700 0.012134
v 0.009049 0.405799 0.011348
v 0.009493 0.405438 0.011904
v 0.006734 0.404700 0.013983
v 0.006297 0.405799 0.013077
v 0.006606 0.405438 0.013718
v 0.003230 0.405799 0.014150
v 0.003454 0.404700 0.015131
v 0.003388 0.405438 0.014844
v 0.000000 0.404700 0.015520
v 0.000000 0.405799 0.014514
v 0.000000 0.405438 0.015225
v -0.003454 0.404700 0.015131
v -0.003230 0.405799 0.014150
v -0.003388 0.405438 0.014844
v -0.006734 0.404700 0.013983
v -0.006297 0.405799 0.013077
v -0.006606 0.405438 0.013718
v -0.009049 0.405799 0.011348
v -0.009677 0.404700 0.012134
v -0.009493 0.405438 0.011904
v -0.012134 0.404700 0.009677
v -0.011348 0.405799 0.009049
v -0.011904 0.405438 0.009493
v -0.013983 0.404700 0.006734
v -0.013077 0.405799 0.006297
v -0.013718 0.405438 0.006606
v -0.014150 0.405799 0.003230
v -0.015131 0.404700 0.003454
v -0.014844 0.405438 0.003388
v -0.015520 0.404700 -0.000000
v -0.014514 0.405799 -0.000000
v -0.015225 0.405438 -0.000000
v -0.015131 0.404700 -0.003454
v -0.014150 0.405799 -0.003230
v -0.014844 0.405438 -0.003388
v -0.013077 0.405799 -0.006297
v -0.013983 0.404700 -0.006734
v -0.013718 0.405438 -0.006606
v -0.012134 0.404700 -0.009677
v -0.011348 0.405799 -0.009049
v -0.011904 0.405438 -0.009493
v -0.009677 0.404700 -0.012134
v -0.009049 0.405799 -0.011348
v -0.009493 0.405438 -0.011904
v -0.006297 0.405799 -0.013077
v -0.006734 0.404700 -0.013983
v -0.006606 0.405438 -0.013718
v -0.003230 0.405799 -0.014150
v -0.003454 0.404700 -0.015131
v -0.003388 0.405438 -0.014844
v 0.000000 0.405799 -0.014514
v 0.000000 0.404700 -0.015520
v 0.000000 0.405438 -0.015225
v 0.001797 0.425192 -0.007875
v 0.001906 0.424708 -0.008349
v 0.003505 0.425192 -0.007277
v 0.003716 0.424708 -0.007716
v 0.005036 0.425192 -0.006315
v 0.005340 0.424708 -0.006696
v 0.006315 0.425192 -0.005036
v 0.006696 0.424708 -0.005340
v 0.007277 0.425192 -0.003505
v 0.007716 0.424708 -0.003716
v 0.007875 0.425192 -0.001797
v 0.008349 0.424708 -0.001906
v 0.008077 0.425192 -0.000000
v 0.008564 0.424708 -0.000000
v 0.007875 0.425192 0.001797
v 0.008349 0.424708 0.001906
v 0.007716 0.424708 0.003716
v 0.007277 0.425192 0.003505
v 0.006695 0.424708 0.005339
v 0.006315 0.425192 0.005036
v 0.005036 0.425192 0.006315
v 0.005301 0.424708 0.006720
v 0.003681 0.424708 0.007728
v 0.003505 0.425192 0.007277
v 0.001883 0.424708 0.008352
v 0.001797 0.425192 0.007875
v 0.000000 0.425192 0.008077
v 0.000000 0.424708 0.008564
v -0.001883 0.424708 0.008352
v -0.001797 0.425192 0.007875
v -0.003681 0.424708 0.007728
v -0.003505 0.425192 0.007277
v -0.005036 0.425192 0.006315
v -0.005301 0.424708 0.006720
v -0.006696 0.424708 0.005340
v -0.006315 0.425192 0.005036
v -0.007277 0.425192 0.003505
v -0.007716 0.424708 0.003716
v -0.007875 0.425192 0.001797
v -0.008349 0.424708 0.001906
v -0.008077 0.425192 -0.000000
v -0.008564 0.424708 -0.000000
v -0.007875 0.425192 -0.001797
v -0.008349 0.424708 -0.001906
v -0.007277 0.425192 -0.003505
v -0.007716 0.424708 -0.003716
v -0.006315 0.425192 -0.005036
v -0.006696 0.424708 -0.005340
v -0.005036 0.425192 -0.006315
v -0.005340 0.424708 -0.006696
v -0.003505 0.425192 -0.007277
v -0.003716 0.424708 -0.007716
v -0.001797 0.425192 -0.007875
v -0.001906 0.424708 -0.008349
v 0.000000 0.425192 -0.008077
v 0.000000 0.424708 -0.008564
v 0.000000 0.422195 0.033260
v -0.001486 0.422028 0.033260
v -0.002898 0.421534 0.033260
v -0.004165 0.420738 0.033260
v -0.005223 0.419680 0.033260
v -0.006019 0.418413 0.033260
v -0.006513 0.417002 0.033260
v -0.006680 0.415515 0.033260
v -0.006513 0.414029 0.033260
v -0.006019 0.412617 0.033260
v -0.005223 0.411350 0.033260
v -0.004165 0.410292 0.033260
v -0.002898 0.409497 0.033260
v -0.001486 0.409002 0.033260
v 0.000000 0.408835 0.033260
v 0.001486 0.409002 0.033260
v 0.002898 0.409497 0.033260
v 0.004165 0.410292 0.033260
v 0.005223 0.411350 0.033260
v 0.006019 0.412617 0.033260
v 0.006513 0.414029 0.033260
v 0.006680 0.415515 0.033260
v 0.006513 0.417002 0.033260
v 0.006019 0.418413 0.033260
v 0.005223 0.419680 0.033260
v 0.004165 0.420738 0.033260
v 0.002898 0.421534 0.033260
v 0.001486 0.422028 0.033260
v 0.001617 0.422599 0.019713
v 0.001670 0.422818 0.019489
v 0.003256 0.422261 0.019489
v 0.003153 0.422062 0.019713
v 0.004678 0.421365 0.019489
v 0.004530 0.421196 0.019713
v 0.005681 0.420046 0.019713
v 0.005857 0.420186 0.019489
v 0.006749 0.418766 0.019489
v 0.006547 0.418668 0.019713
v 0.007304 0.417182 0.019489
v 0.007084 0.417132 0.019713
v 0.007492 0.415515 0.019489
v 0.007266 0.415515 0.019713
v 0.007084 0.413898 0.019713
v 0.007304 0.413848 0.019489
v 0.006749 0.412264 0.019489
v 0.006547 0.412362 0.019713
v 0.005857 0.410844 0.019489
v 0.005681 0.410985 0.019713
v 0.004530 0.409834 0.019713
v 0.004678 0.409666 0.019489
v 0.003256 0.408769 0.019489
v 0.003153 0.408968 0.019713
v 0.001670 0.408213 0.019489
v 0.001617 0.408431 0.019713
v 0.000000 0.408249 0.019713
v 0.000000 0.408024 0.019489
v -0.001670 0.408213 0.019489
v -0.001617 0.408431 0.019713
v -0.003256 0.408769 0.019489
v -0.003153 0.408968 0.019713
v -0.004530 0.409834 0.019713
v -0.004678 0.409666 0.019489
v -0.005857 0.410844 0.019489
v -0.005681 0.410985 0.019713
v -0.006749 0.412264 0.019489
v -0.006547 0.412362 0.019713
v -0.007084 0.413898 0.019713
v -0.007304 0.413848 0.019489
v -0.007491 0.415515 0.019489
v -0.007266 0.415515 0.019713
v -0.007304 0.417182 0.019489
v -0.007084 0.417132 0.019713
v -0.006749 0.418766 0.019489
v -0.006547 0.418668 0.019713
v -0.005681 0.420046 0.019713
v -0.005857 0.420186 0.019489
v -0.004678 0.421365 0.019489
v -0.004530 0.421196 0.019713
v -0.003153 0.422062 0.019713
v -0.003256 0.422261 0.019489
v -0.001617 0.422599 0.019713
v -0.001670 0.422818 0.019489
v 0.000000 0.423007 0.019489
v 0.000000 0.422781 0.019713
v 0.000000 0.422195 0.038234
v -0.001486 0.422028 0.038234
v -0.002898 0.421534 0.038234
v -0.004165 0.420738 0.038234
v -0.005223 0.419680 0.038234
v -0.006019 0.418413 0.038234
v -0.006513 0.417002 0.038234
v -0.006680 0.415515 0.038234
v -0.006513 0.414029 0.038234
v -0.006019 0.412617 0.038234
v -0.005223 0.411350 0.038234
v -0.004165 0.410292 0.038234
v -0.002898 0.409497 0.038234
v -0.001486 0.409002 0.038234
v 0.000000 0.408835 0.038234
v 0.001486 0.409002 0.038234
v 0.002898 0.409497 0.038234
v 0.004165 0.410292 0.038234
v 0.005223 0.411350 0.038234
v 0.006019 0.412617 0.038234
v 0.006513 0.414029 0.038234
v 0.006680 0.415515 0.038234
v 0.006513 0.417002 0.038234
v 0.006019 0.418413 0.038234
v 0.005223 0.419680 0.038234
v 0.004165 0.420738 0.038234
v 0.002898 0.421534 0.038234
v 0.001486 0.422028 0.038234
v -0.006188 0.418495 0.033312
v -0.006373 0.418584 0.033516
v -0.005531 0.419926 0.033516
v -0.005370 0.419798 0.033312
v -0.006188 0.412535 0.033312
v -0.006373 0.412446 0.033516
v -0.006896 0.413941 0.033516
v -0.006696 0.413987 0.033312
v 0.006188 0.412535 0.033312
v 0.006373 0.412446 0.033516
v 0.005531 0.411105 0.033516
v 0.005370 0.411233 0.033312
v 0.002980 0.409327 0.033312
v 0.003069 0.409142 0.033516
v 0.001574 0.408619 0.033516
v 0.001528 0.408819 0.033312
v -0.007074 0.415515 0.033516
v -0.006869 0.415515 0.033312
v 0.006188 0.418495 0.033312
v 0.006373 0.418584 0.033516
v 0.006896 0.417089 0.033516
v 0.006696 0.417044 0.033312
v -0.004410 0.421046 0.033516
v -0.004282 0.420885 0.033312
v 0.006696 0.413987 0.033312
v 0.006896 0.413941 0.033516
v -0.001528 0.408819 0.033312
v -0.001574 0.408619 0.033516
v -0.003069 0.409142 0.033516
v -0.002980 0.409327 0.033312
v -0.006696 0.417044 0.033312
v -0.006896 0.417089 0.033516
v 0.004282 0.420885 0.033312
v 0.004410 0.421046 0.033516
v 0.005531 0.419926 0.033516
v 0.005370 0.419798 0.033312
v 0.007074 0.415515 0.033516
v 0.006869 0.415515 0.033312
v 0.000000 0.408441 0.033516
v 0.000000 0.408647 0.033312
v -0.003069 0.421888 0.033516
v -0.002980 0.421703 0.033312
v 0.002980 0.421703 0.033312
v 0.003069 0.421888 0.033516
v -0.004410 0.409985 0.033516
v -0.004282 0.410145 0.033312
v 0.001574 0.422412 0.033516
v 0.001528 0.422211 0.033312
v 0.000000 0.422384 0.033312
v 0.000000 0.422589 0.033516
v 0.004410 0.409985 0.033516
v 0.004282 0.410145 0.033312
v -0.005531 0.411105 0.033516
v -0.005370 0.411233 0.033312
v -0.001528 0.422211 0.033312
v -0.001574 0.422412 0.033516
v -0.006373 0.418584 0.037978
v -0.006207 0.418504 0.038162
v -0.005386 0.419810 0.038162
v -0.005531 0.419926 0.037978
v -0.006373 0.412446 0.037978
v -0.006207 0.412526 0.038162
v -0.006716 0.413982 0.038162
v -0.006896 0.413941 0.037978
v 0.006373 0.412446 0.037978
v 0.006207 0.412526 0.038162
v 0.005386 0.411220 0.038162
v 0.005531 0.411105 0.037978
v 0.003069 0.409142 0.037978
v 0.002989 0.409308 0.038162
v 0.001533 0.408799 0.038162
v 0.001574 0.408619 0.037978
v -0.006889 0.415515 0.038162
v -0.007074 0.415515 0.037978
v 0.006373 0.418584 0.037978
v 0.006207 0.418504 0.038162
v 0.006716 0.417048 0.038162
v 0.006896 0.417089 0.037978
v -0.004295 0.420901 0.038162
v -0.004410 0.421046 0.037978
v 0.006896 0.413941 0.037978
v 0.006716 0.413982 0.038162
v -0.001574 0.408619 0.037978
v -0.001533 0.408799 0.038162
v -0.002989 0.409308 0.038162
v -0.003069 0.409142 0.037978
v -0.006896 0.417089 0.037978
v -0.006716 0.417048 0.038162
v 0.004410 0.421046 0.037978
v 0.004295 0.420901 0.038162
v 0.005386 0.419810 0.038162
v 0.005531 0.419926 0.037978
v 0.006889 0.415515 0.038162
v 0.007074 0.415515 0.037978
v 0.000000 0.408626 0.038162
v 0.000000 0.408441 0.037978
v -0.002989 0.421722 0.038162
v -0.003069 0.421888 0.037978
v 0.003069 0.421888 0.037978
v 0.002989 0.421722 0.038162
v -0.004295 0.410129 0.038162
v -0.004410 0.409985 0.037978
v 0.001533 0.422231 0.038162
v 0.001574 0.422412 0.037978
v 0.000000 0.422589 0.037978
v 0.000000 0.422404 0.038162
v 0.004295 0.410129 0.038162
v 0.004410 0.409985 0.037978
v -0.005386 0.411220 0.038162
v -0.005531 0.411105 0.037978
v -0.001574 0.422412 0.037978
v -0.001533 0.422231 0.038162
v 0.000000 0.422387 0.019920
v 0.000000 0.422195 0.020236
v -0.001529 0.422215 0.019920
v -0.001486 0.422028 0.020236
v -0.002898 0.421534 0.020236
v -0.002982 0.421706 0.019920
v -0.004165 0.420738 0.020236
v -0.004285 0.420888 0.019920
v -0.005223 0.419680 0.020236
v -0.005373 0.419800 0.019920
v -0.006191 0.418497 0.019920
v -0.006019 0.418413 0.020236
v -0.006700 0.417044 0.019920
v -0.006513 0.417002 0.020236
v -0.006680 0.415515 0.020236
v -0.006872 0.415515 0.019920
v -0.006513 0.414029 0.020236
v -0.006700 0.413986 0.019920
v -0.006191 0.412533 0.019920
v -0.006019 0.412617 0.020236
v -0.005223 0.411350 0.020236
v -0.005373 0.411230 0.019920
v -0.004165 0.410292 0.020236
v -0.004285 0.410142 0.019920
v -0.002898 0.409497 0.020236
v -0.002982 0.409324 0.019920
v -0.001529 0.408815 0.019920
v -0.001486 0.409002 0.020236
v 0.000000 0.408835 0.020236
v 0.000000 0.408643 0.019920
v 0.001486 0.409002 0.020236
v 0.001529 0.408815 0.019920
v 0.002982 0.409324 0.019920
v 0.002898 0.409497 0.020236
v 0.004165 0.410292 0.020236
v 0.004285 0.410142 0.019920
v 0.005223 0.411350 0.020236
v 0.005373 0.411230 0.019920
v 0.006191 0.412533 0.019920
v 0.006019 0.412617 0.020236
v 0.006700 0.413986 0.019920
v 0.006513 0.414029 0.020236
v 0.006680 0.415515 0.020236
v 0.006872 0.415515 0.019920
v 0.006513 0.417002 0.020236
v 0.006700 0.417044 0.019920
v 0.006191 0.418497 0.019920
v 0.006019 0.418413 0.020236
v 0.005223 0.419680 0.020236
v 0.005373 0.419800 0.019920
v 0.004285 0.420888 0.019920
v 0.004165 0.420738 0.020236
v 0.002982 0.421706 0.019920
v 0.002898 0.421534 0.020236
v 0.001486 0.422028 0.020236
v 0.001529 0.422215 0.019920
v 0.000000 0.422195 0.398179
v 0.000000 0.421815 0.398556
v -0.001486 0.422028 0.398179
v -0.001402 0.421657 0.398556
v -0.002734 0.421191 0.398556
v -0.002898 0.421534 0.398179
v -0.003928 0.420441 0.398556
v -0.004165 0.420738 0.398179
v -0.004926 0.419443 0.398556
v -0.005223 0.419680 0.398179
v -0.006019 0.418413 0.398179
v -0.005676 0.418249 0.398556
v -0.006513 0.417002 0.398179
v -0.006142 0.416917 0.398556
v -0.006300 0.415515 0.398556
v -0.006680 0.415515 0.398179
v -0.006142 0.414113 0.398556
v -0.006513 0.414029 0.398179
v -0.006019 0.412617 0.398179
v -0.005676 0.412782 0.398556
v -0.004926 0.411587 0.398556
v -0.005223 0.411350 0.398179
v -0.003928 0.410589 0.398556
v -0.004165 0.410292 0.398179
v -0.002734 0.409839 0.398556
v -0.002898 0.409497 0.398179
v -0.001486 0.409002 0.398179
v -0.001402 0.409373 0.398556
v 0.000000 0.409215 0.398556
v 0.000000 0.408835 0.398179
v 0.001402 0.409373 0.398556
v 0.001486 0.409002 0.398179
v 0.002898 0.409497 0.398179
v 0.002734 0.409839 0.398556
v 0.003928 0.410589 0.398556
v 0.004165 0.410292 0.398179
v 0.004926 0.411587 0.398556
v 0.005223 0.411350 0.398179
v 0.006019 0.412617 0.398179
v 0.005676 0.412782 0.398556
v 0.006513 0.414029 0.398179
v 0.006142 0.414113 0.398556
v 0.006300 0.415515 0.398556
v 0.006680 0.415515 0.398179
v 0.006142 0.416917 0.398556
v 0.006513 0.417002 0.398179
v 0.006019 0.418413 0.398179
v 0.005676 0.418249 0.398556
v 0.004926 0.419443 0.398556
v 0.005223 0.419680 0.398179
v 0.004165 0.420738 0.398179
v 0.003928 0.420441 0.398556
v 0.002898 0.421534 0.398179
v 0.002734 0.421191 0.398556
v 0.001402 0.421657 0.398556
v 0.001486 0.422028 0.398179
v 0.000000 0.422195 0.387895
v 0.000000 0.422195 0.377611
v 0.000000 0.422195 0.367326
v 0.000000 0.422195 0.357042
v 0.000000 0.422195 0.346758
v 0.000000 0.422195 0.336474
v 0.000000 0.422195 0.326190
v 0.000000 0.422195 0.315906
v 0.000000 0.422195 0.305622
v 0.000000 0.422195 0.295338
v 0.000000 0.422195 0.285053
v 0.000000 0.422195 0.274769
v 0.000000 0.422195 0.264485
v 0.000000 0.422195 0.254201
v 0.000000 0.422195 0.243917
v 0.000000 0.422195 0.233633
v 0.000000 0.422195 0.223349
v 0.000000 0.422195 0.213065
v 0.000000 0.422195 0.202780
v 0.000000 0.422195 0.192496
v 0.000000 0.422195 0.182212
v 0.000000 0.422195 0.171928
v 0.000000 0.422195 0.161644
v 0.000000 0.422195 0.151360
v 0.000000 0.422195 0.141076
v 0.000000 0.422195 0.130792
v 0.000000 0.422195 0.120507
v 0.000000 0.422195 0.110223
v 0.000000 0.422195 0.099939
v 0.000000 0.422195 0.089655
v 0.000000 0.422195 0.079371
v 0.000000 0.422195 0.069087
v 0.000000 0.422195 0.058803
v 0.000000 0.422195 0.048519
v -0.001486 0.422028 0.048519
v -0.001486 0.422028 0.058803
v -0.001486 0.422028 0.069087
v -0.001486 0.422028 0.079371
v -0.001486 0.422028 0.089655
v -0.001486 0.422028 0.099939
v -0.001486 0.422028 0.110223
v -0.001486 0.422028 0.120507
v -0.001486 0.422028 0.130792
v -0.001486 0.422028 0.141076
v -0.001486 0.422028 0.151360
v -0.001486 0.422028 0.161644
v -0.001486 0.422028 0.171928
v -0.001486 0.422028 0.182212
v -0.001486 0.422028 0.192496
v -0.001486 0.422028 0.202780
v -0.001486 0.422028 0.213065
v -0.001486 0.422028 0.223349
v -0.001486 0.422028 0.233633
v -0.001486 0.422028 0.243917
v -0.001486 0.422028 0.254201
v -0.001486 0.422028 0.264485
v -0.001486 0.422028 0.274769
v -0.001486 0.422028 0.285053
v -0.001486 0.422028 0.295338
v -0.001486 0.422028 0.305622
v -0.001486 0.422028 0.315906
v -0.001486 0.422028 0.326190
v -0.001486 0.422028 0.336474
v -0.001486 0.422028 0.346758
v -0.001486 0.422028 0.357042
v -0.001486 0.422028 0.367326
v -0.001486 0.422028 0.377611
v -0.001486 0.422028 0.387895
v 0.001486 0.422028 0.387895
v 0.001486 0.422028 0.377611
v 0.001486 0.422028 0.367326
v 0.001486 0.422028 0.357042
v 0.001486 0.422028 0.346758
v 0.001486 0.422028 0.336474
v 0.001486 0.422028 0.326190
v 0.001486 0.422028 0.315906
v 0.001486 0.422028 0.305622
v 0.001486 0.422028 0.295338
v 0.001486 0.422028 0.285053
v 0.001486 0.422028 0.274769
v 0.001486 0.422028 0.264485
v 0.001486 0.422028 0.254201
v 0.001486 0.422028 0.243917
v 0.001486 0.422028 0.233633
v 0.001486 0.422028 0.223349
v 0.001486 0.422028 0.213065
v 0.001486 0.422028 0.202780
v 0.001486 0.422028 0.192496
v 0.001486 0.422028 0.182212
v 0.001486 0.422028 0.171928
v 0.001486 0.422028 0.161644
v 0.001486 0.422028 0.151360
v 0.001486 0.422028 0.141076
v 0.001486 0.422028 0.130792
v 0.001486 0.422028 0.120507
v 0.001486 0.422028 0.110223
v 0.001486 0.422028 0.099939
v 0.001486 0.422028 0.089655
v 0.001486 0.422028 0.079371
v 0.001486 0.422028 0.069087
v 0.001486 0.422028 0.058803
v 0.001486 0.422028 0.048519
v -0.002898 0.421534 0.048519
v -0.002898 0.421534 0.058803
v -0.002898 0.421534 0.069087
v -0.002898 0.421534 0.079371
v -0.002898 0.421534 0.089655
v -0.002898 0.421534 0.099939
v -0.002898 0.421534 0.110223
v -0.002898 0.421534 0.120507
v -0.002898 0.421534 0.130792
v -0.002898 0.421534 0.141076
v -0.002898 0.421534 0.151360
v -0.002898 0.421534 0.161644
v -0.002898 0.421534 0.171928
v -0.002898 0.421534 0.182212
v -0.002898 0.421534 0.192496
v -0.002898 0.421534 0.202780
v -0.002898 0.421534 0.213065
v -0.002898 0.421534 0.223349
v -0.002898 0.421534 0.233633
v -0.002898 0.421534 0.243917
v -0.002898 0.421534 0.254201
v -0.002898 0.421534 0.264485
v -0.002898 0.421534 0.274769
v -0.002898 0.421534 0.285053
v -0.002898 0.421534 0.295338
v -0.002898 0.421534 0.305622
v -0.002898 0.421534 0.315906
v -0.002898 0.421534 0.326190
v -0.002898 0.421534 0.336474
v -0.002898 0.421534 0.346758
v -0.002898 0.421534 0.357042
v -0.002898 0.421534 0.367326
v -0.002898 0.421534 0.377611
v -0.002898 0.421534 0.387895
v -0.004165 0.420738 0.048519
v -0.004165 0.420738 0.058803
v -0.004165 0.420738 0.069087
v -0.004165 0.420738 0.079371
v -0.004165 0.420738 0.089655
v -0.004165 0.420738 0.099939
v -0.004165 0.420738 0.110223
v -0.004165 0.420738 0.120507
v -0.004165 0.420738 0.130792
v -0.004165 0.420738 0.141076
v -0.004165 0.420738 0.151360
v -0.004165 0.420738 0.161644
v -0.004165 0.420738 0.171928
v -0.004165 0.420738 0.182212
v -0.004165 0.420738 0.192496
v -0.004165 0.420738 0.202780
v -0.004165 0.420738 0.213065
v -0.004165 0.420738 0.223349
v -0.004165 0.420738 0.233633
v -0.004165 0.420738 0.243917
v -0.004165 0.420738 0.254201
v -0.004165 0.420738 0.264485
v -0.004165 0.420738 0.274769
v -0.004165 0.420738 0.285053
v -0.004165 0.420738 0.295338
v -0.004165 0.420738 0.305622
v -0.004165 0.420738 0.315906
v -0.004165 0.420738 0.326190
v -0.004165 0.420738 0.336474
v -0.004165 0.420738 0.346758
v -0.004165 0.420738 0.357042
v -0.004165 0.420738 0.367326
v -0.004165 0.420738 0.377611
v -0.004165 0.420738 0.387895
v -0.005223 0.419680 0.048519
v -0.005223 0.419680 0.058803
v -0.005223 0.419680 0.069087
v -0.005223 0.419680 0.079371
v -0.005223 0.419680 0.089655
v -0.005223 0.419680 0.099939
v -0.005223 0.419680 0.110223
v -0.005223 0.419680 0.120507
v -0.005223 0.419680 0.130792
v -0.005223 0.419680 0.141076
v -0.005223 0.419680 0.151360
v -0.005223 0.419680 0.161644
v -0.005223 0.419680 0.171928
v -0.005223 0.419680 0.182212
v -0.005223 0.419680 0.192496
v -0.005223 0.419680 0.202780
v -0.005223 0.419680 0.213065
v -0.005223 0.419680 0.223349
v -0.005223 0.419680 0.233633
v -0.005223 0.419680 0.243917
v -0.005223 0.419680 0.254201
v -0.005223 0.419680 0.264485
v -0.005223 0.419680 0.274769
v -0.005223 0.419680 0.285053
v -0.005223 0.419680 0.295338
v -0.005223 0.419680 0.305622
v -0.005223 0.419680 0.315906
v -0.005223 0.419680 0.326190
v -0.005223 0.419680 0.336474
v -0.005223 0.419680 0.346758
v -0.005223 0.419680 0.357042
v -0.005223 0.419680 0.367326
v -0.005223 0.419680 0.377611
v -0.005223 0.419680 0.387895
v -0.006019 0.418413 0.048519
v -0.006019 0.418413 0.058803
v -0.006019 0.418413 0.069087
v -0.006019 0.418413 0.079371
v -0.006019 0.418413 0.089655
v -0.006019 0.418413 0.099939
v -0.006019 0.418413 0.110223
v -0.006019 0.418413 0.120507
v -0.006019 0.418413 0.130792
v -0.006019 0.418413 0.141076
v -0.006019 0.418413 0.151360
v -0.006019 0.418413 0.161644
v -0.006019 0.418413 0.171928
v -0.006019 0.418413 0.182212
v -0.006019 0.418413 0.192496
v -0.006019 0.418413 0.202780
v -0.006019 0.418413 0.213065
v -0.006019 0.418413 0.223349
v -0.006019 0.418413 0.233633
v -0.006019 0.418413 0.243917
v -0.006019 0.418413 0.254201
v -0.006019 0.418413 0.264485
v -0.006019 0.418413 0.274769
v -0.006019 0.418413 0.285053
v -0.006019 0.418413 0.295338
v -0.006019 0.418413 0.305622
v -0.006019 0.418413 0.315906
v -0.006019 0.418413 0.326190
v -0.006019 0.418413 0.336474
v -0.006019 0.418413 0.346758
v -0.006019 0.418413 0.357042
v -0.006019 0.418413 0.367326
v -0.006019 0.418413 0.377611
v -0.006019 0.418413 0.387895
v -0.006513 0.417002 0.048519
v -0.006513 0.417002 0.058803
v -0.006513 0.417002 0.069087
v -0.006513 0.417002 0.079371
v -0.006513 0.417002 0.089655
v -0.006513 0.417002 0.099939
v -0.006513 0.417002 0.110223
v -0.006513 0.417002 0.120507
v -0.006513 0.417002 0.130792
v -0.006513 0.417002 0.141076
v -0.006513 0.417002 0.151360
v -0.006513 0.417002 0.161644
v -0.006513 0.417002 0.171928
v -0.006513 0.417002 0.182212
v -0.006513 0.417002 0.192496
v -0.006513 0.417002 0.202780
v -0.006513 0.417002 0.213065
v -0.006513 0.417002 0.223349
v -0.006513 0.417002 0.233633
v -0.006513 0.417002 0.243917
v -0.006513 0.417002 0.254201
v -0.006513 0.417002 0.264485
v -0.006513 0.417002 0.274769
v -0.006513 0.417002 0.285053
v -0.006513 0.417002 0.295338
v -0.006513 0.417002 0.305622
v -0.006513 0.417002 0.315906
v -0.006513 0.417002 0.326190
v -0.006513 0.417002 0.336474
v -0.006513 0.417002 0.346758
v -0.006513 0.417002 0.357042
v -0.006513 0.417002 0.367326
v -0.006513 0.417002 0.377611
v -0.006513 0.417002 0.387895
v -0.006680 0.415515 0.048519
v -0.006680 0.415515 0.058803
v -0.006680 0.415515 0.069087
v -0.006680 0.415515 0.079371
v -0.006680 0.415515 0.089655
v -0.006680 0.415515 0.099939
v -0.006680 0.415515 0.110223
v -0.006680 0.415515 0.120507
v -0.006680 0.415515 0.130792
v -0.006680 0.415515 0.141076
v -0.006680 0.415515 0.151360
v -0.006680 0.415515 0.161644
v -0.006680 0.415515 0.171928
v -0.006680 0.415515 0.182212
v -0.006680 0.415515 0.192496
v -0.006680 0.415515 0.202780
v -0.006680 0.415515 0.213065
v -0.006680 0.415515 0.223349
v -0.006680 0.415515 0.233633
v -0.006680 0.415515 0.243917
v -0.006680 0.415515 0.254201
v -0.006680 0.415515 0.264485
v -0.006680 0.415515 0.274769
v -0.006680 0.415515 0.285053
v -0.006680 0.415515 0.295338
v -0.006680 0.415515 0.305622
v -0.006680 0.415515 0.315906
v -0.006680 0.415515 0.326190
v -0.006680 0.415515 0.336474
v -0.006680 0.415515 0.346758
v -0.006680 0.415515 0.357042
v -0.006680 0.415515 0.367326
v -0.006680 0.415515 0.377611
v -0.006680 0.415515 0.387895
v -0.006513 0.414029 0.048519
v -0.006513 0.414029 0.058803
v -0.006513 0.414029 0.069087
v -0.006513 0.414029 0.079371
v -0.006513 0.414029 0.089655
v -0.006513 0.414029 0.099939
v -0.006513 0.414029 0.110223
v -0.006513 0.414029 0.120507
v -0.006513 0.414029 0.130792
v -0.006513 0.414029 0.141076
v -0.006513 0.414029 0.151360
v -0.006513 0.414029 0.161644
v -0.006513 0.414029 0.171928
v -0.006513 0.414029 0.182212
v -0.006513 0.414029 0.192496
v -0.006513 0.414029 0.202780
v -0.006513 0.414029 0.213065
v -0.006513 0.414029 0.223349
v -0.006513 0.414029 0.233633
v -0.006513 0.414029 0.243917
v -0.006513 0.414029 0.254201
v -0.006513 0.414029 0.264485
v -0.006513 0.414029 0.274769
v -0.006513 0.414029 0.285053
v -0.006513 0.414029 0.295338
v -0.006513 0.414029 0.305622
v -0.006513 0.414029 0.315906
v -0.006513 0.414029 0.326190
v -0.006513 0.414029 0.336474
v -0.006513 0.414029 0.346758
v -0.006513 0.414029 0.357042
v -0.006513 0.414029 0.367326
v -0.006513 0.414029 0.377611
v -0.006513 0.414029 0.387895
v -0.006019 0.412617 0.048519
v -0.006019 0.412617 0.058803
v -0.006019 0.412617 0.069087
v -0.006019 0.412617 0.079371
v -0.006019 0.412617 0.089655
v -0.006019 0.412617 0.099939
v -0.006019 0.412617 0.110223
v -0.006019 0.412617 0.120507
v -0.006019 0.412617 0.130792
v -0.006019 0.412617 0.141076
v -0.006019 0.412617 0.151360
v -0.006019 0.412617 0.161644
v -0.006019 0.412617 0.171928
v -0.006019 0.412617 0.182212
v -0.006019 0.412617 0.192496
v -0.006019 0.412617 0.202780
v -0.006019 0.412617 0.213065
v -0.006019 0.412617 0.223349
v -0.006019 0.412617 0.233633
v -0.006019 0.412617 0.243917
v -0.006019 0.412617 0.254201
v -0.006019 0.412617 0.264485
v -0.006019 0.412617 0.274769
v -0.006019 0.412617 0.285053
v -0.006019 0.412617 0.295338
v -0.006019 0.412617 0.305622
v -0.006019 0.412617 0.315906
v -0.006019 0.412617 0.326190
v -0.006019 0.412617 0.336474
v -0.006019 0.412617 0.346758
v -0.006019 0.412617 0.357042
v -0.006019 0.412617 0.367326
v -0.006019 0.412617 0.377611
v -0.006019 0.412617 0.387895
v -0.005223 0.411350 0.048519
v -0.005223 0.411350 0.058803
v -0.005223 0.411350 0.069087
v -0.005223 0.411350 0.079371
v -0.005223 0.411350 0.089655
v -0.005223 0.411350 0.099939
v -0.005223 0.411350 0.110223
v -0.005223 0.411350 0.120507
v -0.005223 0.411350 0.130792
v -0.005223 0.411350 0.141076
v -0.005223 0.411350 0.151360
v -0.005223 0.411350 0.161644
v -0.005223 0.411350 0.171928
v -0.005223 0.411350 0.182212
v -0.005223 0.411350 0.192496
v -0.005223 0.411350 0.202780
v -0.005223 0.411350 0.213065
v -0.005223 0.411350 0.223349
v -0.005223 0.411350 0.233633
v -0.005223 0.411350 0.243917
v -0.005223 0.411350 0.254201
v -0.005223 0.411350 0.264485
v -0.005223 0.411350 0.274769
v -0.005223 0.411350 0.285053
v -0.005223 0.411350 0.295338
v -0.005223 0.411350 0.305622
v -0.005223 0.411350 0.315906
v -0.005223 0.411350 0.326190
v -0.005223 0.411350 0.336474
v -0.005223 0.411350 0.346758
v -0.005223 0.411350 0.357042
v -0.005223 0.411350 0.367326
v -0.005223 0.411350 0.377611
v -0.005223 0.411350 0.387895
v -0.004165 0.410292 0.048519
v -0.004165 0.410292 0.058803
v -0.004165 0.410292 0.069087
v -0.004165 0.410292 0.079371
v -0.004165 0.410292 0.089655
v -0.004165 0.410292 0.099939
v -0.004165 0.410292 0.110223
v -0.004165 0.410292 0.120507
v -0.004165 0.410292 0.130792
v -0.004165 0.410292 0.141076
v -0.004165 0.410292 0.151360
v -0.004165 0.410292 0.161644
v -0.004165 0.410292 0.171928
v -0.004165 0.410292 0.182212
v -0.004165 0.410292 0.192496
v -0.004165 0.410292 0.202780
v -0.004165 0.410292 0.213065
v -0.004165 0.410292 0.223349
v -0.004165 0.410292 0.233633
v -0.004165 0.410292 0.243917
v -0.004165 0.410292 0.254201
v -0.004165 0.410292 0.264485
v -0.004165 0.410292 0.274769
v -0.004165 0.410292 0.285053
v -0.004165 0.410292 0.295338
v -0.004165 0.410292 0.305622
v -0.004165 0.410292 0.315906
v -0.004165 0.410292 0.326190
v -0.004165 0.410292 0.336474
v -0.004165 0.410292 0.346758
v -0.004165 0.410292 0.357042
v -0.004165 0.410292 0.367326
v -0.004165 0.410292 0.377611
v -0.004165 0.410292 0.387895
v -0.002898 0.409497 0.048519
v -0.002898 0.409497 0.058803
v -0.002898 0.409497 0.069087
v -0.002898 0.409497 0.079371
v -0.002898 0.409497 0.089655
v -0.002898 0.409497 0.099939
v -0.002898 0.409497 0.110223
v -0.002898 0.409497 0.120507
v -0.002898 0.409497 0.130792
v -0.002898 0.409497 0.141076
v -0.002898 0.409497 0.151360
v -0.002898 0.409497 0.161644
v -0.002898 0.409497 0.171928
v -0.002898 0.409497 0.182212
v -0.002898 0.409497 0.192496
v -0.002898 0.409497 0.202780
v -0.002898 0.409497 0.213065
v -0.002898 0.409497 0.223349
v -0.002898 0.409497 0.233633
v -0.002898 0.409497 0.243917
v -0.002898 0.409497 0.254201
v -0.002898 0.409497 0.264485
v -0.002898 0.409497 0.274769
v -0.002898 0.409497 0.285053
v -0.002898 0.409497 0.295338
v -0.002898 0.409497 0.305622
v -0.002898 0.409497 0.315906
v -0.002898 0.409497 0.326190
v -0.002898 0.409497 0.336474
v -0.002898 0.409497 0.346758
v -0.002898 0.409497 0.357042
v -0.002898 0.409497 0.367326
v -0.002898 0.409497 0.377611
v -0.002898 0.409497 0.387895
v -0.001486 0.409002 0.048519
v -0.001486 0.409002 0.058803
v -0.001486 0.409002 0.069087
v -0.001486 0.409002 0.079371
v -0.001486 0.409002 0.089655
v -0.001486 0.409002 0.099939
v -0.001486 0.409002 0.110223
v -0.001486 0.409002 0.120507
v -0.001486 0.409002 0.130792
v -0.001486 0.409002 0.141076
v -0.001486 0.409002 0.151360
v -0.001486 0.409002 0.161644
v -0.001486 0.409002 0.171928
v -0.001486 0.409002 0.182212
v -0.001486 0.409002 0.192496
v -0.001486 0.409002 0.202780
v -0.001486 0.409002 0.213065
v -0.001486 0.409002 0.223349
v -0.001486 0.409002 0.233633
v -0.001486 0.409002 0.243917
v -0.001486 0.409002 0.254201
v -0.001486 0.409002 0.264485
v -0.001486 0.409002 0.274769
v -0.001486 0.409002 0.285053
v -0.001486 0.409002 0.295338
v -0.001486 0.409002 0.305622
v -0.001486 0.409002 0.315906
v -0.001486 0.409002 0.326190
v -0.001486 0.409002 0.336474
v -0.001486 0.409002 0.346758
v -0.001486 0.409002 0.357042
v -0.001486 0.409002 0.367326
v -0.001486 0.409002 0.377611
v -0.001486 0.409002 0.387895
v 0.000000 0.408835 0.048519
v 0.000000 0.408835 0.058803
v 0.000000 0.408835 0.069087
v 0.000000 0.408835 0.079371
v 0.000000 0.408835 0.089655
v 0.000000 0.408835 0.099939
v 0.000000 0.408835 0.110223
v 0.000000 0.408835 0.120507
v 0.000000 0.408835 0.130792
v 0.000000 0.408835 0.141076
v 0.000000 0.408835 0.151360
v 0.000000 0.408835 0.161644
v 0.000000 0.408835 0.171928
v 0.000000 0.408835 0.182212
v 0.000000 0.408835 0.192496
v 0.000000 0.408835 0.202780
v 0.000000 0.408835 0.213065
v 0.000000 0.408835 0.223349
v 0.000000 0.408835 0.233633
v 0.000000 0.408835 0.243917
v 0.000000 0.408835 0.254201
v 0.000000 0.408835 0.264485
v 0.000000 0.408835 0.274769
v 0.000000 0.408835 0.285053
v 0.000000 0.408835 0.295338
v 0.000000 0.408835 0.305622
v 0.000000 0.408835 0.315906
v 0.000000 0.408835 0.326190
v 0.000000 0.408835 0.336474
v 0.000000 0.408835 0.346758
v 0.000000 0.408835 0.357042
v 0.000000 0.408835 0.367326
v 0.000000 0.408835 0.377611
v 0.000000 0.408835 0.387895
v 0.001486 0.409002 0.048519
v 0.001486 0.409002 0.058803
v 0.001486 0.409002 0.069087
v 0.001486 0.409002 0.079371
v 0.001486 0.409002 0.089655
v 0.001486 0.409002 0.099939
v 0.001486 0.409002 0.110223
v 0.001486 0.409002 0.120507
v 0.001486 0.409002 0.130792
v 0.001486 0.409002 0.141076
v 0.001486 0.409002 0.151360
v 0.001486 0.409002 0.161644
v 0.001486 0.409002 0.171928
v 0.001486 0.409002 0.182212
v 0.001486 0.409002 0.192496
v 0.001486 0.409002 0.202780
v 0.001486 0.409002 0.213065
v 0.001486 0.409002 0.223349
v 0.001486 0.409002 0.233633
v 0.001486 0.409002 0.243917
v 0.001486 0.409002 0.254201
v 0.001486 0.409002 0.264485
v 0.001486 0.409002 0.274769
v 0.001486 0.409002 0.285053
v 0.001486 0.409002 0.295338
v 0.001486 0.409002 0.305622
v 0.001486 0.409002 0.315906
v 0.001486 0.409002 0.326190
v 0.001486 0.409002 0.336474
v 0.001486 0.409002 0.346758
v 0.001486 0.409002 0.357042
v 0.001486 0.409002 0.367326
v 0.001486 0.409002 0.377611
v 0.001486 0.409002 0.387895
v 0.002898 0.409497 0.048519
v 0.002898 0.409497 0.058803
v 0.002898 0.409497 0.069087
v 0.002898 0.409497 0.079371
v 0.002898 0.409497 0.089655
v 0.002898 0.409497 0.099939
v 0.002898 0.409497 0.110223
v 0.002898 0.409497 0.120507
v 0.002898 0.409497 0.130792
v 0.002898 0.409497 0.141076
v 0.002898 0.409497 0.151360
v 0.002898 0.409497 0.161644
v 0.002898 0.409497 0.171928
v 0.002898 0.409497 0.182212
v 0.002898 0.409497 0.192496
v 0.002898 0.409497 0.202780
v 0.002898 0.409497 0.213065
v 0.002898 0.409497 0.223349
v 0.002898 0.409497 0.233633
v 0.002898 0.409497 0.243917
v 0.002898 0.409497 0.254201
v 0.002898 0.409497 0.264485
v 0.002898 0.409497 0.274769
v 0.002898 0.409497 0.285053
v 0.002898 0.409497 0.295338
v 0.002898 0.409497 0.305622
v 0.002898 0.409497 0.315906
v 0.002898 0.409497 0.326190
v 0.002898 0.409497 0.336474
v 0.002898 0.409497 0.346758
v 0.002898 0.409497 0.357042
v 0.002898 0.409497 0.367326
v 0.002898 0.409497 0.377611
v 0.002898 0.409497 0.387895
v 0.004165 0.410292 0.048519
v 0.004165 0.410292 0.058803
v 0.004165 0.410292 0.069087
v 0.004165 0.410292 0.079371
v 0.004165 0.410292 0.089655
v 0.004165 0.410292 0.099939
v 0.004165 0.410292 0.110223
v 0.004165 0.410292 0.120507
v 0.004165 0.410292 0.130792
v 0.004165 0.410292 0.141076
v 0.004165 0.410292 0.151360
v 0.004165 0.410292 0.161644
v 0.004165 0.410292 0.171928
v 0.004165 0.410292 0.182212
v 0.004165 0.410292 0.192496
v 0.004165 0.410292 0.202780
v 0.004165 0.410292 0.213065
v 0.004165 0.410292 0.223349
v 0.004165 0.410292 0.233633
v 0.004165 0.410292 0.243917
v 0.004165 0.410292 0.254201
v 0.004165 0.410292 0.264485
v 0.004165 0.410292 0.274769
v 0.004165 0.410292 0.285053
v 0.004165 0.410292 0.295338
v 0.004165 0.410292 0.305622
v 0.004165 0.410292 0.315906
v 0.004165 0.410292 0.326190
v 0.004165 0.410292 0.336474
v 0.004165 0.410292 0.346758
v 0.004165 0.410292 0.357042
v 0.004165 0.410292 0.367326
v 0.004165 0.410292 0.377611
v 0.004165 0.410292 0.387895
v 0.005223 0.411350 0.048519
v 0.005223 0.411350 0.058803
v 0.005223 0.411350 0.069087
v 0.005223 0.411350 0.079371
v 0.005223 0.411350 0.089655
v 0.005223 0.411350 0.099939
v 0.005223 0.411350 0.110223
v 0.005223 0.411350 0.120507
v 0.005223 0.411350 0.130792
v 0.005223 0.411350 0.141076
v 0.005223 0.411350 0.151360
v 0.005223 0.411350 0.161644
v 0.005223 0.411350 0.171928
v 0.005223 0.411350 0.182212
v 0.005223 0.411350 0.192496
v 0.005223 0.411350 0.202780
v 0.005223 0.411350 0.213065
v 0.005223 0.411350 0.223349
v 0.005223 0.411350 0.233633
v 0.005223 0.411350 0.243917
v 0.005223 0.411350 0.254201
v 0.005223 0.411350 0.264485
v 0.005223 0.411350 0.274769
v 0.005223 0.411350 0.285053
v 0.005223 0.411350 0.295338
v 0.005223 0.411350 0.305622
v 0.005223 0.411350 0.315906
v 0.005223 0.411350 0.326190
v 0.005223 0.411350 0.336474
v 0.005223 0.411350 0.346758
v 0.005223 0.411350 0.357042
v 0.005223 0.411350 0.367326
v 0.005223 0.411350 0.377611
v 0.005223 0.411350 0.387895
v 0.006019 0.412617 0.048519
v 0.006019 0.412617 0.058803
v 0.006019 0.412617 0.069087
v 0.006019 0.412617 0.079371
v 0.006019 0.412617 0.089655
v 0.006019 0.412617 0.099939
v 0.006019 0.412617 0.110223
v 0.006019 0.412617 0.120507
v 0.006019 0.412617 0.130792
v 0.006019 0.412617 0.141076
v 0.006019 0.412617 0.151360
v 0.006019 0.412617 0.161644
v 0.006019 0.412617 0.171928
v 0.006019 0.412617 0.182212
v 0.006019 0.412617 0.192496
v 0.006019 0.412617 0.202780
v 0.006019 0.412617 0.213065
v 0.006019 0.412617 0.223349
v 0.006019 0.412617 0.233633
v 0.006019 0.412617 0.243917
v 0.006019 0.412617 0.254201
v 0.006019 0.412617 0.264485
v 0.006019 0.412617 0.274769
v 0.006019 0.412617 0.285053
v 0.006019 0.412617 0.295338
v 0.006019 0.412617 0.305622
v 0.006019 0.412617 0.315906
v 0.006019 0.412617 0.326190
v 0.006019 0.412617 0.336474
v 0.006019 0.412617 0.346758
v 0.006019 0.412617 0.357042
v 0.006019 0.412617 0.367326
v 0.006019 0.412617 0.377611
v 0.006019 0.412617 0.387895
v 0.006513 0.414029 0.048519
v 0.006513 0.414029 0.058803
v 0.006513 0.414029 0.069087
v 0.006513 0.414029 0.079371
v 0.006513 0.414029 0.089655
v 0.006513 0.414029 0.099939
v 0.006513 0.414029 0.110223
v 0.006513 0.414029 0.120507
v 0.006513 0.414029 0.130792
v 0.006513 0.414029 0.141076
v 0.006513 0.414029 0.151360
v 0.006513 0.414029 0.161644
v 0.006513 0.414029 0.171928
v 0.006513 0.414029 0.182212
v 0.006513 0.414029 0.192496
v 0.006513 0.414029 0.202780
v 0.006513 0.414029 0.213065
v 0.006513 0.414029 0.223349
v 0.006513 0.414029 0.233633
v 0.006513 0.414029 0.243917
v 0.006513 0.414029 0.254201
v 0.006513 0.414029 0.264485
v 0.006513 0.414029 0.274769
v 0.006513 0.414029 0.285053
v 0.006513 0.414029 0.295338
v 0.006513 0.414029 0.305622
v 0.006513 0.414029 0.315906
v 0.006513 0.414029 0.326190
v 0.006513 0.414029 0.336474
v 0.006513 0.414029 0.346758
v 0.006513 0.414029 0.357042
v 0.006513 0.414029 0.367326
v 0.006513 0.414029 0.377611
v 0.006513 0.414029 0.387895
v 0.006680 0.415515 0.048519
v 0.006680 0.415515 0.058803
v 0.006680 0.415515 0.069087
v 0.006680 0.415515 0.079371
v 0.006680 0.415515 0.089655
v 0.006680 0.415515 0.099939
v 0.006680 0.415515 0.110223
v 0.006680 0.415515 0.120507
v 0.006680 0.415515 0.130792
v 0.006680 0.415515 0.141076
v 0.006680 0.415515 0.151360
v 0.006680 0.415515 0.161644
v 0.006680 0.415515 0.171928
v 0.006680 0.415515 0.182212
v 0.006680 0.415515 0.192496
v 0.006680 0.415515 0.202780
v 0.006680 0.415515 0.213065
v 0.006680 0.415515 0.223349
v 0.006680 0.415515 0.233633
v 0.006680 0.415515 0.243917
v 0.006680 0.415515 0.254201
v 0.006680 0.415515 0.264485
v 0.006680 0.415515 0.274769
v 0.006680 0.415515 0.285053
v 0.006680 0.415515 0.295338
v 0.006680 0.415515 0.305622
v 0.006680 0.415515 0.315906
v 0.006680 0.415515 0.326190
v 0.006680 0.415515 0.336474
v 0.006680 0.415515 0.346758
v 0.006680 0.415515 0.357042
v 0.006680 0.415515 0.367326
v 0.006680 0.415515 0.377611
v 0.006680 0.415515 0.387895
v 0.006513 0.417002 0.048519
v 0.006513 0.417002 0.058803
v 0.006513 0.417002 0.069087
v 0.006513 0.417002 0.079371
v 0.006513 0.417002 0.089655
v 0.006513 0.417002 0.099939
v 0.006513 0.417002 0.110223
v 0.006513 0.417002 0.120507
v 0.006513 0.417002 0.130792
v 0.006513 0.417002 0.141076
v 0.006513 0.417002 0.151360
v 0.006513 0.417002 0.161644
v 0.006513 0.417002 0.171928
v 0.006513 0.417002 0.182212
v 0.006513 0.417002 0.192496
v 0.006513 0.417002 0.202780
v 0.006513 0.417002 0.213065
v 0.006513 0.417002 0.223349
v 0.006513 0.417002 0.233633
v 0.006513 0.417002 0.243917
v 0.006513 0.417002 0.254201
v 0.006513 0.417002 0.264485
v 0.006513 0.417002 0.274769
v 0.006513 0.417002 0.285053
v 0.006513 0.417002 0.295338
v 0.006513 0.417002 0.305622
v 0.006513 0.417002 0.315906
v 0.006513 0.417002 0.326190
v 0.006513 0.417002 0.336474
v 0.006513 0.417002 0.346758
v 0.006513 0.417002 0.357042
v 0.006513 0.417002 0.367326
v 0.006513 0.417002 0.377611
v 0.006513 0.417002 0.387895
v 0.006019 0.418413 0.048519
v 0.006019 0.418413 0.058803
v 0.006019 0.418413 0.069087
v 0.006019 0.418413 0.079371
v 0.006019 0.418413 0.089655
v 0.006019 0.418413 0.099939
v 0.006019 0.418413 0.110223
v 0.006019 0.418413 0.120507
v 0.006019 0.418413 0.130792
v 0.006019 0.418413 0.141076
v 0.006019 0.418413 0.151360
v 0.006019 0.418413 0.161644
v 0.006019 0.418413 0.171928
v 0.006019 0.418413 0.182212
v 0.006019 0.418413 0.192496
v 0.006019 0.418413 0.202780
v 0.006019 0.418413 0.213065
v 0.006019 0.418413 0.223349
v 0.006019 0.418413 0.233633
v 0.006019 0.418413 0.243917
v 0.006019 0.418413 0.254201
v 0.006019 0.418413 0.264485
v 0.006019 0.418413 0.274769
v 0.006019 0.418413 0.285053
v 0.006019 0.418413 0.295338
v 0.006019 0.418413 0.305622
v 0.006019 0.418413 0.315906
v 0.006019 0.418413 0.326190
v 0.006019 0.418413 0.336474
v 0.006019 0.418413 0.346758
v 0.006019 0.418413 0.357042
v 0.006019 0.418413 0.367326
v 0.006019 0.418413 0.377611
v 0.006019 0.418413 0.387895
v 0.005223 0.419680 0.048519
v 0.005223 0.419680 0.058803
v 0.005223 0.419680 0.069087
v 0.005223 0.419680 0.079371
v 0.005223 0.419680 0.089655
v 0.005223 0.419680 0.099939
v 0.005223 0.419680 0.110223
v 0.005223 0.419680 0.120507
v 0.005223 0.419680 0.130792
v 0.005223 0.419680 0.141076
v 0.005223 0.419680 0.151360
v 0.005223 0.419680 0.161644
v 0.005223 0.419680 0.171928
v 0.005223 0.419680 0.182212
v 0.005223 0.419680 0.192496
v 0.005223 0.419680 0.202780
v 0.005223 0.419680 0.213065
v 0.005223 0.419680 0.223349
v 0.005223 0.419680 0.233633
v 0.005223 0.419680 0.243917
v 0.005223 0.419680 0.254201
v 0.005223 0.419680 0.264485
v 0.005223 0.419680 0.274769
v 0.005223 0.419680 0.285053
v 0.005223 0.419680 0.295338
v 0.005223 0.419680 0.305622
v 0.005223 0.419680 0.315906
v 0.005223 0.419680 0.326190
v 0.005223 0.419680 0.336474
v 0.005223 0.419680 0.346758
v 0.005223 0.419680 0.357042
v 0.005223 0.419680 0.367326
v 0.005223 0.419680 0.377611
v 0.005223 0.419680 0.387895
v 0.004165 0.420738 0.048519
v 0.004165 0.420738 0.058803
v 0.004165 0.420738 0.069087
v 0.004165 0.420738 0.079371
v 0.004165 0.420738 0.089655
v 0.004165 0.420738 0.099939
v 0.004165 0.420738 0.110223
v 0.004165 0.420738 0.120507
v 0.004165 0.420738 0.130792
v 0.004165 0.420738 0.141076
v 0.004165 0.420738 0.151360
v 0.004165 0.420738 0.161644
v 0.004165 0.420738 0.171928
v 0.004165 0.420738 0.182212
v 0.004165 0.420738 0.192496
v 0.004165 0.420738 0.202780
v 0.004165 0.420738 0.213065
v 0.004165 0.420738 0.223349
v 0.004165 0.420738 0.233633
v 0.004165 0.420738 0.243917
v 0.004165 0.420738 0.254201
v 0.004165 0.420738 0.264485
v 0.004165 0.420738 0.274769
v 0.004165 0.420738 0.285053
v 0.004165 0.420738 0.295338
v 0.004165 0.420738 0.305622
v 0.004165 0.420738 0.315906
v 0.004165 0.420738 0.326190
v 0.004165 0.420738 0.336474
v 0.004165 0.420738 0.346758
v 0.004165 0.420738 0.357042
v 0.004165 0.420738 0.367326
v 0.004165 0.420738 0.377611
v 0.004165 0.420738 0.387895
v 0.002898 0.421534 0.048519
v 0.002898 0.421534 0.058803
v 0.002898 0.421534 0.069087
v 0.002898 0.421534 0.079371
v 0.002898 0.421534 0.089655
v 0.002898 0.421534 0.099939
v 0.002898 0.421534 0.110223
v 0.002898 0.421534 0.120507
v 0.002898 0.421534 0.130792
v 0.002898 0.421534 0.141076
v 0.002898 0.421534 0.151360
v 0.002898 0.421534 0.161644
v 0.002898 0.421534 0.171928
v 0.002898 0.421534 0.182212
v 0.002898 0.421534 0.192496
v 0.002898 0.421534 0.202780
v 0.002898 0.421534 0.213065
v 0.002898 0.421534 0.223349
v 0.002898 0.421534 0.233633
v 0.002898 0.421534 0.243917
v 0.002898 0.421534 0.254201
v 0.002898 0.421534 0.264485
v 0.002898 0.421534 0.274769
v 0.002898 0.421534 0.285053
v 0.002898 0.421534 0.295338
v 0.002898 0.421534 0.305622
v 0.002898 0.421534 0.315906
v 0.002898 0.421534 0.326190
v 0.002898 0.421534 0.336474
v 0.002898 0.421534 0.346758
v 0.002898 0.421534 0.357042
v 0.002898 0.421534 0.367326
v 0.002898 0.421534 0.377611
v 0.002898 0.421534 0.387895
v 0.000000 0.423472 0.398556
v -0.001771 0.423273 0.398556
v -0.003453 0.422684 0.398556
v -0.004961 0.421736 0.398556
v -0.006221 0.420476 0.398556
v -0.007169 0.418968 0.398556
v -0.007758 0.417286 0.398556
v -0.007957 0.415515 0.398556
v -0.007758 0.413744 0.398556
v -0.007169 0.412063 0.398556
v -0.006221 0.410554 0.398556
v -0.004961 0.409294 0.398556
v -0.003453 0.408346 0.398556
v -0.001771 0.407757 0.398556
v 0.000000 0.407558 0.398556
v 0.001771 0.407757 0.398556
v 0.003453 0.408346 0.398556
v 0.004961 0.409294 0.398556
v 0.006221 0.410554 0.398556
v 0.007169 0.412063 0.398556
v 0.007758 0.413744 0.398556
v 0.007957 0.415515 0.398556
v 0.007758 0.417286 0.398556
v 0.007169 0.418968 0.398556
v 0.006221 0.420476 0.398556
v 0.004961 0.421736 0.398556
v 0.003453 0.422684 0.398556
v 0.001771 0.423273 0.398556
v 0.000000 0.433916 0.567022
v -0.004095 0.433455 0.567022
v -0.007984 0.432094 0.567022
v -0.011473 0.429902 0.567022
v -0.014387 0.426988 0.567022
v -0.016579 0.423499 0.567022
v -0.017940 0.419610 0.567022
v -0.018401 0.415515 0.567022
v -0.017940 0.411420 0.567022
v -0.016579 0.407531 0.567022
v -0.014387 0.404042 0.567022
v -0.011473 0.401129 0.567022
v -0.007984 0.398936 0.567022
v -0.004095 0.397575 0.567022
v 0.000000 0.397114 0.567022
v 0.004095 0.397575 0.567022
v 0.007984 0.398936 0.567022
v 0.011473 0.401129 0.567022
v 0.014387 0.404042 0.567022
v 0.016579 0.407531 0.567022
v 0.017940 0.411420 0.567022
v 0.018401 0.415515 0.567022
v 0.017940 0.419610 0.567022
v 0.016579 0.423499 0.567022
v 0.014387 0.426988 0.567022
v 0.011473 0.429902 0.567022
v 0.007984 0.432094 0.567022
v 0.004095 0.433455 0.567022
v 0.000000 0.433916 0.579540
v -0.004095 0.433455 0.579540
v -0.007984 0.432094 0.579540
v -0.011473 0.429902 0.579540
v -0.014387 0.426988 0.579540
v -0.016579 0.423499 0.579540
v -0.017940 0.419610 0.579540
v -0.018401 0.415515 0.579540
v -0.017940 0.411420 0.579540
v -0.016579 0.407531 0.579540
v -0.014387 0.404042 0.579540
v -0.011473 0.401129 0.579540
v -0.007984 0.398936 0.579540
v -0.004095 0.397575 0.579540
v 0.000000 0.397114 0.579540
v 0.004095 0.397575 0.579540
v 0.007984 0.398936 0.579540
v 0.011473 0.401129 0.579540
v 0.014387 0.404042 0.579540
v 0.016579 0.407531 0.579540
v 0.017940 0.411420 0.579540
v 0.018401 0.415515 0.579540
v 0.017940 0.419610 0.579540
v 0.016579 0.423499 0.579540
v 0.014387 0.426988 0.579540
v 0.011473 0.429902 0.579540
v 0.007984 0.432094 0.579540
v 0.004095 0.433455 0.579540
v 0.000000 0.429840 0.579602
v -0.003188 0.429481 0.579602
v -0.006215 0.428421 0.579602
v -0.008932 0.426715 0.579602
v -0.011200 0.424447 0.579602
v -0.012906 0.421730 0.579602
v -0.013966 0.418703 0.579602
v -0.014325 0.415515 0.579602
v -0.013966 0.412327 0.579602
v -0.012906 0.409300 0.579602
v -0.011200 0.406583 0.579602
v -0.008932 0.404315 0.579602
v -0.006215 0.402609 0.579602
v -0.003188 0.401549 0.579602
v 0.000000 0.401190 0.579602
v 0.003188 0.401549 0.579602
v 0.006215 0.402609 0.579602
v 0.008932 0.404315 0.579602
v 0.011200 0.406583 0.579602
v 0.012906 0.409300 0.579602
v 0.013966 0.412327 0.579602
v 0.014325 0.415515 0.579602
v 0.013966 0.418703 0.579602
v 0.012906 0.421730 0.579602
v 0.011200 0.424447 0.579602
v 0.008932 0.426715 0.579602
v 0.006215 0.428421 0.579602
v 0.003188 0.429481 0.579602
v 0.000000 0.429840 0.569230
v -0.003188 0.429481 0.569230
v -0.006215 0.428421 0.569230
v -0.008932 0.426715 0.569230
v -0.011200 0.424447 0.569230
v -0.012906 0.421730 0.569230
v -0.013966 0.418703 0.569230
v -0.014325 0.415515 0.569230
v -0.013966 0.412327 0.569230
v -0.012906 0.409300 0.569230
v -0.011200 0.406583 0.569230
v -0.008932 0.404315 0.569230
v -0.006215 0.402609 0.569230
v -0.003188 0.401549 0.569230
v 0.000000 0.401190 0.569230
v 0.003188 0.401549 0.569230
v 0.006215 0.402609 0.569230
v 0.008932 0.404315 0.569230
v 0.011200 0.406583 0.569230
v 0.012906 0.409300 0.569230
v 0.013966 0.412327 0.569230
v 0.014325 0.415515 0.569230
v 0.013966 0.418703 0.569230
v 0.012906 0.421730 0.569230
v 0.011200 0.424447 0.569230
v 0.008932 0.426715 0.569230
v 0.006215 0.428421 0.569230
v 0.003188 0.429481 0.569230
v 0.006344 0.420574 0.401094
v 0.005059 0.421859 0.401094
v 0.000000 0.423630 0.401094
v -0.001806 0.423426 0.401094
v 0.008115 0.415515 0.401094
v 0.007911 0.417321 0.401094
v -0.003521 0.422826 0.401094
v 0.000000 0.407401 0.401094
v 0.001806 0.407604 0.401094
v 0.003521 0.408204 0.401094
v 0.005059 0.409171 0.401094
v -0.001806 0.407604 0.401094
v -0.006344 0.420574 0.401094
v -0.007311 0.419036 0.401094
v -0.007911 0.417321 0.401094
v -0.008115 0.415515 0.401094
v -0.005059 0.421859 0.401094
v -0.007911 0.413709 0.401094
v -0.007311 0.411994 0.401094
v 0.003521 0.422826 0.401094
v 0.006344 0.410456 0.401094
v 0.007311 0.411994 0.401094
v -0.005059 0.409171 0.401094
v -0.003521 0.408204 0.401094
v 0.001806 0.423426 0.401094
v 0.007311 0.419036 0.401094
v 0.007911 0.413709 0.401094
v -0.006344 0.410456 0.401094
v -0.015958 0.423109 0.567067
v -0.013813 0.426531 0.567067
v -0.015887 0.407773 0.567067
v -0.017225 0.411584 0.567067
v 0.007666 0.399597 0.567067
v 0.003852 0.398268 0.567067
v -0.017672 0.415597 0.567067
v -0.010954 0.429383 0.567067
v 0.017225 0.411584 0.567067
v 0.015887 0.407773 0.567067
v -0.003852 0.398268 0.567067
v -0.007666 0.399597 0.567067
v 0.010954 0.429383 0.567067
v 0.013813 0.426531 0.567067
v -0.011083 0.401749 0.567067
v 0.004013 0.432726 0.567067
v 0.000000 0.433183 0.567067
v 0.017672 0.415597 0.567067
v 0.015958 0.423109 0.567067
v -0.004013 0.432726 0.567067
v 0.011083 0.401749 0.567067
v 0.004541 0.421341 0.401139
v -0.001724 0.422697 0.401139
v 0.001563 0.408296 0.401139
v 0.004669 0.409792 0.401139
v -0.006690 0.418646 0.401139
v -0.007386 0.415597 0.401139
v -0.004541 0.421341 0.401139
v -0.006619 0.412237 0.401139
v 0.006619 0.412237 0.401139
v -0.003203 0.408865 0.401139
v 0.006690 0.418646 0.401139
v 0.005771 0.420117 0.401139
v 0.000000 0.422896 0.401139
v 0.007386 0.415597 0.401139
v 0.003203 0.408865 0.401139
v -0.001563 0.408296 0.401139
v -0.005771 0.420117 0.401139
v -0.007196 0.413873 0.401139
v -0.004669 0.409792 0.401139
v 0.001724 0.422697 0.401139
v 0.007196 0.413873 0.401139
v 0.003884 0.432144 -0.002131
v 0.012095 0.423818 -0.000140
v 0.012095 0.425086 -0.007685
v 0.004044 0.436307 -0.007056
v 0.012095 0.425721 -0.011458
v 0.003780 0.431026 0.001014
v 0.009634 0.441154 -0.088717
v 0.009634 0.444894 -0.088660
v 0.009790 0.445246 -0.082348
v 0.009798 0.441607 -0.082086
v 0.012095 0.421381 0.014363
v 0.011507 0.421282 0.014951
v 0.011507 0.438816 -0.015040
v 0.012095 0.438188 -0.015049
v 0.011507 0.414089 0.014951
v 0.012095 0.414676 0.014363
v 0.012095 0.414676 -0.014694
v 0.011507 0.414089 -0.015285
v 0.011507 0.426355 -0.015230
v 0.012125 0.426773 -0.014642
v 0.009883 0.448612 -0.078536
v 0.009296 0.449227 -0.078524
v 0.009296 0.438970 -0.078715
v 0.009883 0.439576 -0.078704
v 0.011507 0.414089 -0.007726
v 0.012095 0.414676 -0.007724
v 0.011507 0.414089 -0.000167
v 0.012095 0.414676 -0.000165
v 0.011507 0.430295 0.000837
v 0.012095 0.429749 0.000755
v 0.010601 0.443406 -0.035905
v 0.011200 0.442785 -0.035917
v 0.010387 0.446358 -0.057689
v 0.009769 0.446976 -0.057677
v 0.009769 0.436719 -0.057868
v 0.010387 0.437324 -0.057856
v 0.011200 0.433755 -0.036085
v 0.010601 0.433149 -0.036096
v 0.012095 0.431051 -0.002866
v 0.011507 0.431494 -0.002509
v 0.009470 0.444829 -0.092696
v 0.008857 0.444819 -0.093324
v 0.009046 0.449401 -0.088591
v 0.009634 0.448785 -0.088600
v 0.009524 0.447650 -0.091475
v 0.008923 0.448092 -0.091908
v 0.009634 0.437547 -0.088772
v 0.009046 0.436940 -0.088781
v 0.008857 0.441682 -0.093372
v 0.009470 0.441611 -0.092745
v 0.009523 0.438787 -0.091625
v 0.008923 0.438362 -0.092057
v 0.011507 0.414089 -0.011505
v 0.012095 0.414676 -0.011503
v 0.012095 0.435116 -0.007669
v 0.011507 0.435665 -0.007448
v 0.012095 0.428447 0.010841
v 0.011507 0.428971 0.011108
v 0.012095 0.424490 0.014363
v 0.011507 0.424600 0.014951
v 0.012095 0.427072 0.013356
v 0.011507 0.427485 0.013825
v 0.005239 0.436307 -0.007056
v 0.004896 0.431026 0.001014
v 0.005032 0.432144 -0.002131
v -0.003884 0.432144 -0.002131
v -0.012095 0.423818 -0.000140
v -0.012095 0.425086 -0.007685
v -0.004044 0.436307 -0.007056
v -0.012095 0.425721 -0.011458
v -0.003780 0.431026 0.001014
v -0.009634 0.441154 -0.088717
v -0.009634 0.444894 -0.088660
v -0.009790 0.445246 -0.082348
v -0.009798 0.441607 -0.082086
v -0.012095 0.421381 0.014363
v -0.011507 0.421282 0.014951
v -0.011507 0.438816 -0.015040
v -0.012095 0.438188 -0.015049
v -0.011507 0.414089 0.014951
v -0.012095 0.414676 0.014363
v -0.012095 0.414676 -0.014694
v -0.011507 0.414089 -0.015285
v -0.011507 0.426355 -0.015230
v -0.012125 0.426773 -0.014642
v -0.009883 0.448612 -0.078536
v -0.009296 0.449227 -0.078524
v -0.009296 0.438970 -0.078715
v -0.009883 0.439576 -0.078704
v -0.011507 0.414089 -0.007726
v -0.012095 0.414676 -0.007724
v -0.011507 0.414089 -0.000167
v -0.012095 0.414676 -0.000165
v -0.011507 0.430295 0.000837
v -0.012095 0.429749 0.000755
v -0.010601 0.443406 -0.035905
v -0.011200 0.442785 -0.035917
v -0.010387 0.446358 -0.057689
v -0.009769 0.446976 -0.057677
v -0.009769 0.436719 -0.057868
v -0.010387 0.437324 -0.057856
v -0.011200 0.433755 -0.036085
v -0.010601 0.433149 -0.036096
v -0.012095 0.431051 -0.002866
v -0.011507 0.431494 -0.002509
v -0.009470 0.444829 -0.092696
v -0.008857 0.444819 -0.093324
v -0.009046 0.449401 -0.088591
v -0.009634 0.448785 -0.088600
v -0.009524 0.447650 -0.091475
v -0.008923 0.448092 -0.091908
v -0.009634 0.437547 -0.088772
v -0.009046 0.436940 -0.088781
v -0.008857 0.441682 -0.093372
v -0.009470 0.441611 -0.092745
v -0.009523 0.438787 -0.091625
v -0.008923 0.438362 -0.092057
v -0.011507 0.414089 -0.011505
v -0.012095 0.414676 -0.011503
v -0.012095 0.435116 -0.007669
v -0.011507 0.435665 -0.007448
v -0.012095 0.428447 0.010841
v -0.011507 0.428971 0.011108
v -0.012095 0.424490 0.014363
v -0.011507 0.424600 0.014951
v -0.012095 0.427072 0.013356
v -0.011507 0.427485 0.013825
v -0.005239 0.436307 -0.007056
v -0.004896 0.431026 0.001014
v -0.005032 0.432144 -0.002131
v 0.003881 0.429865 0.009024
v 0.003879 0.430015 0.008888
v 0.005150 0.429987 0.008081
v 0.005144 0.430136 0.007945
v 0.006029 0.430268 0.006924
v 0.006161 0.430137 0.006917
v 0.006161 0.430897 0.000983
v 0.006029 0.431026 0.001014
v 0.006161 0.436194 -0.007126
v 0.006029 0.436307 -0.007057
v 0.006289 0.437493 -0.010233
v 0.006163 0.437662 -0.010298
v 0.005756 0.438039 -0.011549
v 0.005738 0.438098 -0.011350
v 0.004466 0.438543 -0.012764
v 0.004455 0.438602 -0.012563
v 0.006029 0.432144 -0.002130
v 0.006161 0.432028 -0.002198
v 0.004522 0.438020 -0.013122
v 0.004466 0.438091 -0.012951
v 0.005869 0.437494 -0.011853
v 0.005756 0.437587 -0.011736
v 0.006289 0.437041 -0.010421
v 0.006422 0.436928 -0.010491
v 0.006292 0.429515 0.006886
v 0.006161 0.429652 0.006854
v 0.005240 0.429359 0.008097
v 0.005150 0.429501 0.008018
v 0.003925 0.429231 0.009075
v 0.003881 0.429380 0.008962
v 0.006161 0.435779 -0.007378
v 0.006292 0.435665 -0.007448
v 0.006292 0.431494 -0.002509
v 0.006161 0.431609 -0.002442
v 0.006161 0.430423 0.000869
v 0.006292 0.430295 0.000837
v -0.003879 0.430015 0.008888
v -0.003881 0.429865 0.009024
v -0.005144 0.430136 0.007945
v -0.005150 0.429987 0.008081
v -0.006029 0.430268 0.006924
v -0.006161 0.430137 0.006917
v -0.006029 0.431026 0.001014
v -0.006161 0.430897 0.000983
v -0.006029 0.436307 -0.007057
v -0.006161 0.436194 -0.007126
v -0.006163 0.437662 -0.010298
v -0.006289 0.437493 -0.010233
v -0.005738 0.438098 -0.011350
v -0.005756 0.438039 -0.011549
v -0.004455 0.438602 -0.012563
v -0.004466 0.438543 -0.012764
v -0.006161 0.432028 -0.002198
v -0.006029 0.432144 -0.002130
v -0.004522 0.438020 -0.013122
v -0.004466 0.438091 -0.012951
v -0.005869 0.437494 -0.011853
v -0.005756 0.437587 -0.011736
v -0.006422 0.436928 -0.010491
v -0.006289 0.437041 -0.010421
v -0.006292 0.429515 0.006886
v -0.006161 0.429652 0.006854
v -0.005240 0.429359 0.008097
v -0.005150 0.429501 0.008018
v -0.003925 0.429231 0.009075
v -0.003881 0.429380 0.008962
v -0.006292 0.435665 -0.007448
v -0.006161 0.435779 -0.007378
v -0.006161 0.431609 -0.002442
v -0.006292 0.431494 -0.002509
v -0.006292 0.430295 0.000837
v -0.006161 0.430423 0.000869
v 0.007468 0.397071 -0.085667
v 0.007437 0.398996 -0.086032
v 0.007884 0.400924 -0.081714
v 0.007907 0.398636 -0.081327
v 0.009826 0.406896 0.014951
v 0.010364 0.407440 0.014413
v 0.010364 0.413541 0.014413
v 0.009826 0.414089 0.014951
v 0.009826 0.406896 -0.015285
v 0.010364 0.407441 -0.015285
v 0.010364 0.413539 -0.015285
v 0.009826 0.414089 -0.015285
v 0.007682 0.397478 -0.077936
v 0.008221 0.398022 -0.077980
v 0.008221 0.404095 -0.078479
v 0.007682 0.404647 -0.078525
v 0.010364 0.413540 -0.000167
v 0.009826 0.414089 -0.000167
v 0.009826 0.406896 -0.000167
v 0.010364 0.407440 -0.000167
v 0.009111 0.412158 -0.036025
v 0.009650 0.411608 -0.036003
v 0.008935 0.408367 -0.057712
v 0.008397 0.408920 -0.057734
v 0.008397 0.401722 -0.057439
v 0.008935 0.402269 -0.057462
v 0.009650 0.405527 -0.035753
v 0.009111 0.404982 -0.035731
v 0.007498 0.395206 -0.085314
v 0.006968 0.394681 -0.085215
v 0.006626 0.396352 -0.088216
v 0.007229 0.396505 -0.087672
v 0.007338 0.395278 -0.086826
v 0.006797 0.394773 -0.087130
v 0.007155 0.398335 -0.088021
v 0.006541 0.398155 -0.088559
v 0.006854 0.401708 -0.086545
v 0.007401 0.401172 -0.086444
v 0.007219 0.400066 -0.087708
v 0.006626 0.400286 -0.088177
v -0.007468 0.397071 -0.085667
v -0.007437 0.398996 -0.086032
v -0.007884 0.400924 -0.081714
v -0.007907 0.398636 -0.081327
v -0.009826 0.406896 0.014951
v -0.010364 0.407440 0.014413
v -0.010364 0.413541 0.014413
v -0.009826 0.414089 0.014951
v -0.009826 0.406896 -0.015285
v -0.010364 0.407441 -0.015285
v -0.010364 0.413539 -0.015285
v -0.009826 0.414089 -0.015285
v -0.007682 0.397478 -0.077936
v -0.008221 0.398022 -0.077980
v -0.008221 0.404095 -0.078479
v -0.007682 0.404647 -0.078525
v -0.010364 0.413540 -0.000167
v -0.009826 0.414089 -0.000167
v -0.009826 0.406896 -0.000167
v -0.010364 0.407440 -0.000167
v -0.009111 0.412158 -0.036025
v -0.009650 0.411608 -0.036003
v -0.008935 0.408367 -0.057712
v -0.008397 0.408920 -0.057734
v -0.008397 0.401722 -0.057439
v -0.008935 0.402269 -0.057462
v -0.009650 0.405527 -0.035753
v -0.009111 0.404982 -0.035731
v -0.007498 0.395206 -0.085314
v -0.006968 0.394681 -0.085215
v -0.006626 0.396352 -0.088216
v -0.007229 0.396505 -0.087672
v -0.007338 0.395278 -0.086826
v -0.006797 0.394773 -0.087130
v -0.007155 0.398335 -0.088021
v -0.006541 0.398155 -0.088559
v -0.006854 0.401708 -0.086545
v -0.007401 0.401172 -0.086444
v -0.007219 0.400066 -0.087708
v -0.006626 0.400286 -0.088177
v 0.014443 0.411251 -0.005347
v 0.014176 0.411005 -0.005234
v 0.014364 0.418899 -0.005262
v 0.014176 0.418975 -0.005234
v 0.014443 0.418729 -0.005347
v 0.014365 0.415974 -0.002991
v 0.014176 0.415992 -0.002914
v 0.014443 0.415931 -0.003176
v 0.014365 0.414006 -0.002991
v 0.014443 0.414048 -0.003176
v 0.014176 0.413988 -0.002914
v 0.014365 0.414990 -0.002880
v 0.014443 0.414990 -0.003070
v 0.014176 0.414990 -0.002801
v 0.014365 0.418268 -0.010245
v 0.014443 0.418117 -0.010129
v 0.014176 0.418342 -0.010282
v 0.014364 0.418899 -0.009348
v 0.014443 0.418729 -0.009262
v 0.014176 0.418975 -0.009375
v 0.014364 0.411081 -0.009348
v 0.014176 0.411005 -0.009375
v 0.014443 0.411251 -0.009262
v 0.014365 0.411712 -0.010245
v 0.014443 0.411863 -0.010129
v 0.014176 0.411638 -0.010282
v 0.014364 0.419415 -0.007305
v 0.014443 0.419225 -0.007305
v 0.014176 0.419494 -0.007305
v 0.014364 0.410565 -0.007305
v 0.014443 0.410755 -0.007305
v 0.014176 0.410486 -0.007305
v 0.014364 0.410698 -0.006258
v 0.014443 0.410883 -0.006302
v 0.014176 0.410620 -0.006243
v 0.014364 0.419282 -0.006258
v 0.014443 0.419097 -0.006302
v 0.014176 0.419360 -0.006243
v 0.014365 0.418268 -0.004364
v 0.014176 0.418342 -0.004328
v 0.014443 0.418117 -0.004480
v 0.014365 0.411712 -0.004364
v 0.014443 0.411863 -0.004480
v 0.014176 0.411638 -0.004328
v 0.014365 0.417749 -0.003845
v 0.014176 0.417798 -0.003784
v 0.014443 0.417630 -0.003994
v 0.014365 0.416934 -0.003333
v 0.014443 0.416851 -0.003504
v 0.014176 0.416966 -0.003261
v 0.014365 0.413046 -0.003333
v 0.014176 0.413014 -0.003261
v 0.014443 0.413128 -0.003504
v 0.014365 0.412231 -0.003845
v 0.014176 0.412182 -0.003784
v 0.014443 0.412349 -0.003994
v 0.013560 0.413425 0.012251
v 0.013402 0.413325 0.012375
v 0.013514 0.413354 0.012339
v 0.013560 0.413886 0.012541
v 0.013402 0.413818 0.012685
v 0.013514 0.413838 0.012643
v 0.013402 0.416161 0.012685
v 0.013560 0.416093 0.012541
v 0.013514 0.416142 0.012643
v 0.013560 0.416555 0.012251
v 0.013402 0.416654 0.012375
v 0.013514 0.416625 0.012339
v 0.013402 0.413003 0.012053
v 0.013560 0.413136 0.011962
v 0.013514 0.413047 0.012031
v 0.013560 0.416844 0.011962
v 0.013402 0.416977 0.012053
v 0.013514 0.416933 0.012031
v 0.013402 0.417580 0.010917
v 0.013560 0.417424 0.010882
v 0.013514 0.417534 0.010909
v 0.013402 0.412399 0.010917
v 0.013560 0.412556 0.010882
v 0.013514 0.412446 0.010909
v 0.013402 0.412320 0.010288
v 0.013560 0.412480 0.010288
v 0.013514 0.412367 0.010288
v 0.013402 0.417660 0.010288
v 0.013560 0.417500 0.010288
v 0.013514 0.417613 0.010288
v 0.013402 0.413003 0.008524
v 0.013560 0.413136 0.008614
v 0.013514 0.413047 0.008545
v 0.013560 0.412774 0.009128
v 0.013402 0.412628 0.009061
v 0.013514 0.412673 0.009077
v 0.013402 0.417352 0.009061
v 0.013560 0.417206 0.009128
v 0.013514 0.417307 0.009077
v 0.013402 0.416977 0.008524
v 0.013560 0.416844 0.008614
v 0.013514 0.416933 0.008545
v 0.013402 0.414990 0.012958
v 0.013560 0.414990 0.012799
v 0.013514 0.414990 0.012911
v 0.013402 0.414396 0.012891
v 0.013560 0.414432 0.012736
v 0.013514 0.414406 0.012846
v 0.013560 0.415548 0.012736
v 0.013402 0.415584 0.012891
v 0.013514 0.415573 0.012846
v 0.013560 0.417206 0.011448
v 0.013402 0.417352 0.011516
v 0.013514 0.417307 0.011499
v 0.013402 0.412628 0.011516
v 0.013560 0.412774 0.011448
v 0.013514 0.412673 0.011499
v 0.013560 0.412556 0.009694
v 0.013402 0.412399 0.009659
v 0.013514 0.412446 0.009668
v 0.013560 0.417424 0.009694
v 0.013402 0.417580 0.009659
v 0.013514 0.417534 0.009668
v 0.013402 0.413818 0.007891
v 0.013560 0.413886 0.008035
v 0.013514 0.413838 0.007934
v 0.013560 0.416093 0.008035
v 0.013402 0.416161 0.007891
v 0.013514 0.416142 0.007934
v 0.013402 0.414990 0.007618
v 0.013560 0.414990 0.007778
v 0.013514 0.414990 0.007665
v 0.013560 0.414432 0.007841
v 0.013402 0.414396 0.007685
v 0.013514 0.414406 0.007731
v 0.013402 0.415584 0.007685
v 0.013560 0.415548 0.007841
v 0.013514 0.415573 0.007731
v 0.013402 0.413325 0.008201
v 0.013560 0.413425 0.008325
v 0.013514 0.413354 0.008237
v 0.013560 0.416555 0.008326
v 0.013402 0.416654 0.008201
v 0.013514 0.416625 0.008237
v 0.012106 0.417437 0.010848
v 0.012265 0.417591 0.010888
v 0.012153 0.417546 0.010874
v 0.012265 0.417389 0.011457
v 0.012106 0.417250 0.011379
v 0.012153 0.417350 0.011431
v 0.012264 0.417063 0.011967
v 0.012106 0.416950 0.011856
v 0.012153 0.417035 0.011930
v 0.012106 0.416555 0.012251
v 0.012264 0.416654 0.012375
v 0.012153 0.416625 0.012339
v 0.012264 0.416150 0.012692
v 0.012106 0.416079 0.012550
v 0.012153 0.416129 0.012651
v 0.012264 0.415584 0.012891
v 0.012106 0.415549 0.012736
v 0.012153 0.415574 0.012846
v 0.012264 0.414990 0.012958
v 0.012106 0.414990 0.012799
v 0.012153 0.414990 0.012911
v 0.012106 0.414431 0.012736
v 0.012264 0.414396 0.012891
v 0.012153 0.414406 0.012846
v 0.012264 0.413830 0.012692
v 0.012106 0.413900 0.012550
v 0.012153 0.413851 0.012651
v 0.012264 0.413325 0.012375
v 0.012106 0.413425 0.012251
v 0.012153 0.413354 0.012339
v 0.012106 0.413030 0.011856
v 0.012264 0.412917 0.011967
v 0.012153 0.412945 0.011930
v 0.012265 0.412591 0.011457
v 0.012106 0.412729 0.011379
v 0.012153 0.412629 0.011431
v 0.012265 0.412389 0.010888
v 0.012106 0.412543 0.010848
v 0.012153 0.412433 0.010874
v 0.012106 0.412480 0.010288
v 0.012265 0.412320 0.010288
v 0.012153 0.412367 0.010288
v 0.012265 0.412389 0.009689
v 0.012106 0.412543 0.009729
v 0.012153 0.412433 0.009702
v 0.012265 0.412591 0.009120
v 0.012106 0.412729 0.009197
v 0.012153 0.412629 0.009146
v 0.012106 0.413030 0.008720
v 0.012264 0.412917 0.008609
v 0.012153 0.412945 0.008647
v 0.012264 0.413325 0.008201
v 0.012106 0.413425 0.008325
v 0.012153 0.413354 0.008237
v 0.012264 0.413830 0.007884
v 0.012106 0.413900 0.008027
v 0.012153 0.413851 0.007925
v 0.012106 0.414431 0.007841
v 0.012264 0.414396 0.007685
v 0.012153 0.414406 0.007731
v 0.012264 0.414990 0.007618
v 0.012106 0.414990 0.007778
v 0.012153 0.414990 0.007665
v 0.012264 0.415584 0.007685
v 0.012106 0.415549 0.007841
v 0.012153 0.415574 0.007731
v 0.012264 0.416150 0.007884
v 0.012106 0.416079 0.008027
v 0.012153 0.416129 0.007925
v 0.012106 0.416555 0.008326
v 0.012264 0.416654 0.008201
v 0.012153 0.416625 0.008237
v 0.012264 0.417063 0.008609
v 0.012106 0.416950 0.008720
v 0.012153 0.417035 0.008647
v 0.012106 0.417250 0.009197
v 0.012265 0.417389 0.009120
v 0.012153 0.417350 0.009146
v 0.012106 0.417437 0.009729
v 0.012265 0.417591 0.009689
v 0.012153 0.417546 0.009702
v 0.012265 0.417660 0.010288
v 0.012106 0.417500 0.010288
v 0.012153 0.417613 0.010288
v 0.014364 0.411081 -0.005262
v 0.014443 0.410883 -0.008307
v 0.014176 0.410620 -0.008366
v 0.014364 0.410698 -0.008352
v 0.014443 0.419097 -0.008307
v 0.014176 0.419360 -0.008366
v 0.014364 0.419282 -0.008352
v 0.014176 0.413014 -0.011349
v 0.014443 0.413128 -0.011105
v 0.014365 0.413046 -0.011277
v 0.014443 0.416851 -0.011105
v 0.014176 0.416966 -0.011349
v 0.014365 0.416934 -0.011277
v 0.014176 0.414990 -0.011809
v 0.014443 0.414990 -0.011540
v 0.014365 0.414990 -0.011730
v 0.014443 0.414048 -0.011434
v 0.014176 0.413988 -0.011696
v 0.014365 0.414006 -0.011619
v 0.014176 0.415992 -0.011696
v 0.014443 0.415931 -0.011434
v 0.014365 0.415974 -0.011619
v 0.014176 0.412182 -0.010826
v 0.014443 0.412349 -0.010616
v 0.014365 0.412231 -0.010765
v 0.014443 0.417630 -0.010616
v 0.014176 0.417798 -0.010826
v 0.014365 0.417749 -0.010765
v 0.011990 0.419118 -0.006361
v 0.012257 0.419378 -0.006294
v 0.012068 0.419303 -0.006316
v 0.012257 0.419037 -0.005333
v 0.011990 0.418804 -0.005464
v 0.012068 0.418972 -0.005377
v 0.012257 0.418487 -0.004472
v 0.011990 0.418297 -0.004660
v 0.012068 0.418439 -0.004535
v 0.011990 0.417630 -0.003994
v 0.012257 0.417798 -0.003784
v 0.012068 0.417749 -0.003845
v 0.012257 0.416947 -0.003249
v 0.011990 0.416828 -0.003489
v 0.012068 0.416911 -0.003319
v 0.012257 0.415992 -0.002914
v 0.011990 0.415932 -0.003176
v 0.012068 0.415975 -0.002991
v 0.012257 0.414990 -0.002801
v 0.011990 0.414990 -0.003070
v 0.012068 0.414990 -0.002880
v 0.011990 0.414048 -0.003176
v 0.012257 0.413988 -0.002914
v 0.012068 0.414005 -0.002991
v 0.012257 0.413033 -0.003249
v 0.011990 0.413152 -0.003489
v 0.012068 0.413069 -0.003319
v 0.012257 0.412182 -0.003784
v 0.011990 0.412349 -0.003994
v 0.012068 0.412231 -0.003845
v 0.011990 0.411683 -0.004660
v 0.012257 0.411493 -0.004472
v 0.012068 0.411541 -0.004535
v 0.012257 0.410943 -0.005333
v 0.011990 0.411176 -0.005464
v 0.012068 0.411008 -0.005377
v 0.012257 0.410602 -0.006294
v 0.011990 0.410862 -0.006361
v 0.012068 0.410677 -0.006316
v 0.011990 0.410755 -0.007305
v 0.012257 0.410486 -0.007305
v 0.012068 0.410565 -0.007305
v 0.012257 0.410602 -0.008316
v 0.011990 0.410862 -0.008249
v 0.012068 0.410677 -0.008293
v 0.012257 0.410943 -0.009276
v 0.011990 0.411176 -0.009146
v 0.012068 0.411008 -0.009232
v 0.011990 0.411683 -0.009950
v 0.012257 0.411493 -0.010138
v 0.012068 0.411541 -0.010074
v 0.012257 0.412182 -0.010826
v 0.011990 0.412349 -0.010616
v 0.012068 0.412231 -0.010765
v 0.012257 0.413033 -0.011361
v 0.011990 0.413152 -0.011120
v 0.012068 0.413069 -0.011291
v 0.011990 0.414048 -0.011434
v 0.012257 0.413988 -0.011696
v 0.012068 0.414005 -0.011619
v 0.012257 0.414990 -0.011809
v 0.011990 0.414990 -0.011540
v 0.012068 0.414990 -0.011730
v 0.012257 0.415992 -0.011696
v 0.011990 0.415932 -0.011434
v 0.012068 0.415975 -0.011619
v 0.012257 0.416947 -0.011361
v 0.011990 0.416828 -0.011120
v 0.012068 0.416911 -0.011291
v 0.011990 0.417630 -0.010616
v 0.012257 0.417798 -0.010826
v 0.012068 0.417749 -0.010765
v 0.012257 0.418487 -0.010138
v 0.011990 0.418297 -0.009950
v 0.012068 0.418439 -0.010074
v 0.011990 0.418804 -0.009146
v 0.012257 0.419037 -0.009276
v 0.012068 0.418972 -0.009232
v 0.011990 0.419118 -0.008249
v 0.012257 0.419378 -0.008316
v 0.012068 0.419303 -0.008293
v 0.012257 0.419494 -0.007305
v 0.011990 0.419225 -0.007305
v 0.012068 0.419415 -0.007305
v -0.014443 0.411251 -0.005347
v -0.014176 0.411005 -0.005234
v -0.014364 0.418899 -0.005262
v -0.014176 0.418975 -0.005234
v -0.014443 0.418729 -0.005347
v -0.014365 0.415974 -0.002991
v -0.014176 0.415992 -0.002914
v -0.014443 0.415931 -0.003176
v -0.014365 0.414006 -0.002991
v -0.014443 0.414048 -0.003176
v -0.014176 0.413988 -0.002914
v -0.014365 0.414990 -0.002880
v -0.014443 0.414990 -0.003070
v -0.014176 0.414990 -0.002801
v -0.014365 0.418268 -0.010245
v -0.014443 0.418117 -0.010129
v -0.014176 0.418342 -0.010282
v -0.014364 0.418899 -0.009348
v -0.014443 0.418729 -0.009262
v -0.014176 0.418975 -0.009375
v -0.014364 0.411081 -0.009348
v -0.014176 0.411005 -0.009375
v -0.014443 0.411251 -0.009262
v -0.014365 0.411712 -0.010245
v -0.014443 0.411863 -0.010129
v -0.014176 0.411638 -0.010282
v -0.014364 0.419415 -0.007305
v -0.014443 0.419225 -0.007305
v -0.014176 0.419494 -0.007305
v -0.014364 0.410565 -0.007305
v -0.014443 0.410755 -0.007305
v -0.014176 0.410486 -0.007305
v -0.014364 0.410698 -0.006258
v -0.014443 0.410883 -0.006302
v -0.014176 0.410620 -0.006243
v -0.014364 0.419282 -0.006258
v -0.014443 0.419097 -0.006302
v -0.014176 0.419360 -0.006243
v -0.014365 0.418268 -0.004364
v -0.014176 0.418342 -0.004328
v -0.014443 0.418117 -0.004480
v -0.014365 0.411712 -0.004364
v -0.014443 0.411863 -0.004480
v -0.014176 0.411638 -0.004328
v -0.014365 0.417749 -0.003845
v -0.014176 0.417798 -0.003784
v -0.014443 0.417630 -0.003994
v -0.014365 0.416934 -0.003333
v -0.014443 0.416851 -0.003504
v -0.014176 0.416966 -0.003261
v -0.014365 0.413046 -0.003333
v -0.014176 0.413014 -0.003261
v -0.014443 0.413128 -0.003504
v -0.014365 0.412231 -0.003845
v -0.014176 0.412182 -0.003784
v -0.014443 0.412349 -0.003994
v -0.013560 0.413425 0.012251
v -0.013402 0.413325 0.012375
v -0.013514 0.413354 0.012339
v -0.013560 0.413886 0.012541
v -0.013402 0.413818 0.012685
v -0.013514 0.413838 0.012643
v -0.013402 0.416161 0.012685
v -0.013560 0.416093 0.012541
v -0.013514 0.416142 0.012643
v -0.013560 0.416555 0.012251
v -0.013402 0.416654 0.012375
v -0.013514 0.416625 0.012339
v -0.013402 0.413003 0.012053
v -0.013560 0.413136 0.011962
v -0.013514 0.413047 0.012031
v -0.013560 0.416844 0.011962
v -0.013402 0.416977 0.012053
v -0.013514 0.416933 0.012031
v -0.013402 0.417580 0.010917
v -0.013560 0.417424 0.010882
v -0.013514 0.417534 0.010909
v -0.013402 0.412399 0.010917
v -0.013560 0.412556 0.010882
v -0.013514 0.412446 0.010909
v -0.013402 0.412320 0.010288
v -0.013560 0.412480 0.010288
v -0.013514 0.412367 0.010288
v -0.013402 0.417660 0.010288
v -0.013560 0.417500 0.010288
v -0.013514 0.417613 0.010288
v -0.013402 0.413003 0.008524
v -0.013560 0.413136 0.008614
v -0.013514 0.413047 0.008545
v -0.013560 0.412774 0.009128
v -0.013402 0.412628 0.009061
v -0.013514 0.412673 0.009077
v -0.013402 0.417352 0.009061
v -0.013560 0.417206 0.009128
v -0.013514 0.417307 0.009077
v -0.013402 0.416977 0.008524
v -0.013560 0.416844 0.008614
v -0.013514 0.416933 0.008545
v -0.013402 0.414990 0.012958
v -0.013560 0.414990 0.012799
v -0.013514 0.414990 0.012911
v -0.013402 0.414396 0.012891
v -0.013560 0.414432 0.012736
v -0.013514 0.414406 0.012846
v -0.013560 0.415548 0.012736
v -0.013402 0.415584 0.012891
v -0.013514 0.415573 0.012846
v -0.013560 0.417206 0.011448
v -0.013402 0.417352 0.011516
v -0.013514 0.417307 0.011499
v -0.013402 0.412628 0.011516
v -0.013560 0.412774 0.011448
v -0.013514 0.412673 0.011499
v -0.013560 0.412556 0.009694
v -0.013402 0.412399 0.009659
v -0.013514 0.412446 0.009668
v -0.013560 0.417424 0.009694
v -0.013402 0.417580 0.009659
v -0.013514 0.417534 0.009668
v -0.013402 0.413818 0.007891
v -0.013560 0.413886 0.008035
v -0.013514 0.413838 0.007934
v -0.013560 0.416093 0.008035
v -0.013402 0.416161 0.007891
v -0.013514 0.416142 0.007934
v -0.013402 0.414990 0.007618
v -0.013560 0.414990 0.007778
v -0.013514 0.414990 0.007665
v -0.013560 0.414432 0.007841
v -0.013402 0.414396 0.007685
v -0.013514 0.414406 0.007731
v -0.013402 0.415584 0.007685
v -0.013560 0.415548 0.007841
v -0.013514 0.415573 0.007731
v -0.013402 0.413325 0.008201
v -0.013560 0.413425 0.008325
v -0.013514 0.413354 0.008237
v -0.013560 0.416555 0.008326
v -0.013402 0.416654 0.008201
v -0.013514 0.416625 0.008237
v -0.012106 0.417437 0.010848
v -0.012265 0.417591 0.010888
v -0.012153 0.417546 0.010874
v -0.012265 0.417389 0.011457
v -0.012106 0.417250 0.011379
v -0.012153 0.417350 0.011431
v -0.012264 0.417063 0.011967
v -0.012106 0.416950 0.011856
v -0.012153 0.417035 0.011930
v -0.012106 0.416555 0.012251
v -0.012264 0.416654 0.012375
v -0.012153 0.416625 0.012339
v -0.012264 0.416150 0.012692
v -0.012106 0.416079 0.012550
v -0.012153 0.416129 0.012651
v -0.012264 0.415584 0.012891
v -0.012106 0.415549 0.012736
v -0.012153 0.415574 0.012846
v -0.012264 0.414990 0.012958
v -0.012106 0.414990 0.012799
v -0.012153 0.414990 0.012911
v -0.012106 0.414431 0.012736
v -0.012264 0.414396 0.012891
v -0.012153 0.414406 0.012846
v -0.012264 0.413830 0.012692
v -0.012106 0.413900 0.012550
v -0.012153 0.413851 0.012651
v -0.012264 0.413325 0.012375
v -0.012106 0.413425 0.012251
v -0.012153 0.413354 0.012339
v -0.012106 0.413030 0.011856
v -0.012264 0.412917 0.011967
v -0.012153 0.412945 0.011930
v -0.012265 0.412591 0.011457
v -0.012106 0.412729 0.011379
v -0.012153 0.412629 0.011431
v -0.012265 0.412389 0.010888
v -0.012106 0.412543 0.010848
v -0.012153 0.412433 0.010874
v -0.012106 0.412480 0.010288
v -0.012265 0.412320 0.010288
v -0.012153 0.412367 0.010288
v -0.012265 0.412389 0.009689
v -0.012106 0.412543 0.009729
v -0.012153 0.412433 0.009702
v -0.012265 0.412591 0.009120
v -0.012106 0.412729 0.009197
v -0.012153 0.412629 0.009146
v -0.012106 0.413030 0.008720
v -0.012264 0.412917 0.008609
v -0.012153 0.412945 0.008647
v -0.012264 0.413325 0.008201
v -0.012106 0.413425 0.008325
v -0.012153 0.413354 0.008237
v -0.012264 0.413830 0.007884
v -0.012106 0.413900 0.008027
v -0.012153 0.413851 0.007925
v -0.012106 0.414431 0.007841
v -0.012264 0.414396 0.007685
v -0.012153 0.414406 0.007731
v -0.012264 0.414990 0.007618
v -0.012106 0.414990 0.007778
v -0.012153 0.414990 0.007665
v -0.012264 0.415584 0.007685
v -0.012106 0.415549 0.007841
v -0.012153 0.415574 0.007731
v -0.012264 0.416150 0.007884
v -0.012106 0.416079 0.008027
v -0.012153 0.416129 0.007925
v -0.012106 0.416555 0.008326
v -0.012264 0.416654 0.008201
v -0.012153 0.416625 0.008237
v -0.012264 0.417063 0.008609
v -0.012106 0.416950 0.008720
v -0.012153 0.417035 0.008647
v -0.012106 0.417250 0.009197
v -0.012265 0.417389 0.009120
v -0.012153 0.417350 0.009146
v -0.012106 0.417437 0.009729
v -0.012265 0.417591 0.009689
v -0.012153 0.417546 0.009702
v -0.012265 0.417660 0.010288
v -0.012106 0.417500 0.010288
v -0.012153 0.417613 0.010288
v -0.014364 0.411081 -0.005262
v -0.014443 0.410883 -0.008307
v -0.014176 0.410620 -0.008366
v -0.014364 0.410698 -0.008352
v -0.014443 0.419097 -0.008307
v -0.014176 0.419360 -0.008366
v -0.014364 0.419282 -0.008352
v -0.014176 0.413014 -0.011349
v -0.014443 0.413128 -0.011105
v -0.014365 0.413046 -0.011277
v -0.014443 0.416851 -0.011105
v -0.014176 0.416966 -0.011349
v -0.014365 0.416934 -0.011277
v -0.014176 0.414990 -0.011809
v -0.014443 0.414990 -0.011540
v -0.014365 0.414990 -0.011730
v -0.014443 0.414048 -0.011434
v -0.014176 0.413988 -0.011696
v -0.014365 0.414006 -0.011619
v -0.014176 0.415992 -0.011696
v -0.014443 0.415931 -0.011434
v -0.014365 0.415974 -0.011619
v -0.014176 0.412182 -0.010826
v -0.014443 0.412349 -0.010616
v -0.014365 0.412231 -0.010765
v -0.014443 0.417630 -0.010616
v -0.014176 0.417798 -0.010826
v -0.014365 0.417749 -0.010765
v -0.011990 0.419118 -0.006361
v -0.012257 0.419378 -0.006294
v -0.012068 0.419303 -0.006316
v -0.012257 0.419037 -0.005333
v -0.011990 0.418804 -0.005464
v -0.012068 0.418972 -0.005377
v -0.012257 0.418487 -0.004472
v -0.011990 0.418297 -0.004660
v -0.012068 0.418439 -0.004535
v -0.011990 0.417630 -0.003994
v -0.012257 0.417798 -0.003784
v -0.012068 0.417749 -0.003845
v -0.012257 0.416947 -0.003249
v -0.011990 0.416828 -0.003489
v -0.012068 0.416911 -0.003319
v -0.012257 0.415992 -0.002914
v -0.011990 0.415932 -0.003176
v -0.012068 0.415975 -0.002991
v -0.012257 0.414990 -0.002801
v -0.011990 0.414990 -0.003070
v -0.012068 0.414990 -0.002880
v -0.011990 0.414048 -0.003176
v -0.012257 0.413988 -0.002914
v -0.012068 0.414005 -0.002991
v -0.012257 0.413033 -0.003249
v -0.011990 0.413152 -0.003489
v -0.012068 0.413069 -0.003319
v -0.012257 0.412182 -0.003784
v -0.011990 0.412349 -0.003994
v -0.012068 0.412231 -0.003845
v -0.011990 0.411683 -0.004660
v -0.012257 0.411493 -0.004472
v -0.012068 0.411541 -0.004535
v -0.012257 0.410943 -0.005333
v -0.011990 0.411176 -0.005464
v -0.012068 0.411008 -0.005377
v -0.012257 0.410602 -0.006294
v -0.011990 0.410862 -0.006361
v -0.012068 0.410677 -0.006316
v -0.011990 0.410755 -0.007305
v -0.012257 0.410486 -0.007305
v -0.012068 0.410565 -0.007305
v -0.012257 0.410602 -0.008316
v -0.011990 0.410862 -0.008249
v -0.012068 0.410677 -0.008293
v -0.012257 0.410943 -0.009276
v -0.011990 0.411176 -0.009146
v -0.012068 0.411008 -0.009232
v -0.011990 0.411683 -0.009950
v -0.012257 0.411493 -0.010138
v -0.012068 0.411541 -0.010074
v -0.012257 0.412182 -0.010826
v -0.011990 0.412349 -0.010616
v -0.012068 0.412231 -0.010765
v -0.012257 0.413033 -0.011361
v -0.011990 0.413152 -0.011120
v -0.012068 0.413069 -0.011291
v -0.011990 0.414048 -0.011434
v -0.012257 0.413988 -0.011696
v -0.012068 0.414005 -0.011619
v -0.012257 0.414990 -0.011809
v -0.011990 0.414990 -0.011540
v -0.012068 0.414990 -0.011730
v -0.012257 0.415992 -0.011696
v -0.011990 0.415932 -0.011434
v -0.012068 0.415975 -0.011619
v -0.012257 0.416947 -0.011361
v -0.011990 0.416828 -0.011120
v -0.012068 0.416911 -0.011291
v -0.011990 0.417630 -0.010616
v -0.012257 0.417798 -0.010826
v -0.012068 0.417749 -0.010765
v -0.012257 0.418487 -0.010138
v -0.011990 0.418297 -0.009950
v -0.012068 0.418439 -0.010074
v -0.011990 0.418804 -0.009146
v -0.012257 0.419037 -0.009276
v -0.012068 0.418972 -0.009232
v -0.011990 0.419118 -0.008249
v -0.012257 0.419378 -0.008316
v -0.012068 0.419303 -0.008293
v -0.012257 0.419494 -0.007305
v -0.011990 0.419225 -0.007305
v -0.012068 0.419415 -0.007305
vn -0.2309 0.9554 0.1841
vn -0.1841 0.9554 0.2309
vn -0.1331 0.9769 0.1669
vn -0.1669 0.9769 0.1331
vn 0.2309 0.9554 -0.1841
vn 0.1841 0.9554 -0.2309
vn 0.1331 0.9769 -0.1669
vn 0.1669 0.9769 -0.1331
vn -0.1281 0.9554 0.2660
vn -0.0926 0.9769 0.1923
vn 0.1281 0.9554 -0.2660
vn 0.0926 0.9769 -0.1923
vn -0.0657 0.9554 0.2879
vn -0.0475 0.9769 0.2081
vn 0.0657 0.9554 -0.2879
vn 0.0475 0.9769 -0.2081
vn -0.0000 0.9554 0.2953
vn -0.0000 0.9769 0.2135
vn -0.0000 0.9554 -0.2953
vn -0.0657 0.9554 -0.2879
vn -0.0475 0.9769 -0.2081
vn -0.0000 0.9769 -0.2135
vn 0.0657 0.9554 0.2879
vn 0.0475 0.9769 0.2081
vn -0.1281 0.9554 -0.2660
vn -0.0926 0.9769 -0.1923
vn 0.1281 0.9554 0.2660
vn 0.0926 0.9769 0.1923
vn -0.1841 0.9554 -0.2309
vn -0.1331 0.9769 -0.1669
vn 0.1841 0.9554 0.2309
vn 0.1331 0.9769 0.1669
vn -0.2309 0.9554 -0.1841
vn -0.1669 0.9769 -0.1331
vn 0.2309 0.9554 0.1841
vn 0.1669 0.9769 0.1331
vn -0.2660 0.9554 -0.1281
vn -0.1923 0.9769 -0.0926
vn 0.2660 0.9554 0.1281
vn 0.1923 0.9769 0.0926
vn -0.2879 0.9554 -0.0657
vn -0.2081 0.9769 -0.0475
vn 0.2879 0.9554 0.0657
vn 0.2081 0.9769 0.0475
vn -0.2953 0.9554 -0.0000
vn -0.2135 0.9769 -0.0000
vn 0.2953 0.9554 -0.0000
vn 0.2135 0.9769 -0.0000
vn -0.2879 0.9554 0.0657
vn -0.2081 0.9769 0.0475
vn 0.2879 0.9554 -0.0657
vn 0.2081 0.9769 -0.0475
vn -0.2660 0.9554 0.1281
vn -0.1923 0.9769 0.0926
vn 0.2660 0.9554 -0.1281
vn 0.1923 0.9769 -0.0926
vn 0.2501 -0.8171 -0.5194
vn 0.4058 -0.3537 -0.8427
vn 0.5832 -0.3537 -0.7313
vn 0.3595 -0.8171 -0.4507
vn -0.2501 -0.8171 -0.5194
vn -0.4058 -0.3537 -0.8427
vn -0.2081 -0.3537 -0.9119
vn -0.1283 -0.8171 -0.5621
vn -0.4507 -0.8171 -0.3595
vn -0.7313 -0.3537 -0.5832
vn -0.5832 -0.3537 -0.7313
vn -0.3595 -0.8171 -0.4507
vn 0.1283 -0.8171 -0.5621
vn 0.2081 -0.3537 -0.9119
vn -0.5621 -0.8171 0.1283
vn -0.9119 -0.3537 0.2081
vn -0.9354 -0.3537 -0.0000
vn -0.5765 -0.8171 -0.0000
vn -0.4507 -0.8171 0.3595
vn -0.7313 -0.3537 0.5832
vn -0.8427 -0.3537 0.4058
vn -0.5194 -0.8171 0.2501
vn -0.2501 -0.8171 0.5194
vn -0.4058 -0.3537 0.8427
vn -0.5832 -0.3537 0.7313
vn -0.3595 -0.8171 0.4507
vn -0.0000 -0.8171 0.5765
vn -0.0000 -0.3537 0.9354
vn -0.2081 -0.3537 0.9119
vn -0.1283 -0.8171 0.5621
vn 0.2501 -0.8171 0.5194
vn 0.4058 -0.3537 0.8427
vn 0.2081 -0.3537 0.9119
vn 0.1283 -0.8171 0.5621
vn 0.3595 -0.8171 0.4507
vn 0.5832 -0.3537 0.7313
vn 0.4507 -0.8171 0.3595
vn 0.7313 -0.3537 0.5832
vn -0.5621 -0.8171 -0.1283
vn -0.9119 -0.3537 -0.2081
vn -0.8427 -0.3537 -0.4058
vn -0.5194 -0.8171 -0.2501
vn 0.5621 -0.8171 0.1283
vn 0.9119 -0.3537 0.2081
vn 0.8427 -0.3537 0.4058
vn 0.5194 -0.8171 0.2501
vn 0.5765 -0.8171 -0.0000
vn 0.9354 -0.3537 -0.0000
vn 0.5621 -0.8171 -0.1283
vn 0.9119 -0.3537 -0.2081
vn 0.5194 -0.8171 -0.2501
vn 0.8427 -0.3537 -0.4058
vn 0.4507 -0.8171 -0.3595
vn 0.7313 -0.3537 -0.5832
vn -0.0000 -0.8171 -0.5765
vn -0.0000 -0.3537 -0.9354
vn 0.8489 0.3349 -0.4088
vn 0.7367 0.3349 -0.5875
vn 0.5639 0.6926 -0.4497
vn 0.6499 0.6926 -0.3130
vn -0.8489 0.3349 0.4088
vn -0.7367 0.3349 0.5875
vn -0.5639 0.6926 0.4497
vn -0.6499 0.6926 0.3130
vn 0.9186 0.3349 -0.2097
vn 0.7032 0.6926 -0.1605
vn -0.9186 0.3349 0.2097
vn -0.7032 0.6926 0.1605
vn 0.9422 0.3349 -0.0000
vn 0.7213 0.6926 -0.0000
vn -0.9422 0.3349 -0.0000
vn -0.7213 0.6926 -0.0000
vn 0.9186 0.3349 0.2097
vn 0.7032 0.6926 0.1605
vn -0.9186 0.3349 -0.2097
vn -0.7032 0.6926 -0.1605
vn 0.8489 0.3349 0.4088
vn 0.6499 0.6926 0.3130
vn -0.8489 0.3349 -0.4088
vn -0.6499 0.6926 -0.3130
vn 0.7367 0.3349 0.5875
vn 0.5639 0.6926 0.4497
vn -0.7367 0.3349 -0.5875
vn -0.5639 0.6926 -0.4497
vn 0.5875 0.3349 0.7367
vn 0.4497 0.6926 0.5639
vn -0.5875 0.3349 -0.7367
vn -0.4497 0.6926 -0.5639
vn 0.4088 0.3349 0.8489
vn 0.3130 0.6926 0.6499
vn -0.4088 0.3349 -0.8489
vn -0.3130 0.6926 -0.6499
vn 0.2097 0.3349 0.9186
vn 0.1605 0.6926 0.7032
vn -0.2097 0.3349 -0.9186
vn -0.1605 0.6926 -0.7032
vn -0.0000 0.3349 0.9422
vn -0.0000 0.6926 0.7213
vn 0.2097 0.3349 -0.9186
vn -0.0000 0.3349 -0.9422
vn -0.0000 0.6926 -0.7213
vn 0.1605 0.6926 -0.7032
vn -0.2097 0.3349 0.9186
vn -0.1605 0.6926 0.7032
vn 0.4088 0.3349 -0.8489
vn 0.3130 0.6926 -0.6499
vn -0.4088 0.3349 0.8489
vn -0.3130 0.6926 0.6499
vn 0.5875 0.3349 -0.7367
vn 0.4497 0.6926 -0.5639
vn -0.5875 0.3349 0.7367
vn -0.4497 0.6926 0.5639
vn -0.7806 0.0558 0.6225
vn -0.6225 0.0558 0.7806
vn 0.7806 0.0558 -0.6225
vn 0.6225 0.0558 -0.7806
vn -0.4332 0.0558 0.8996
vn 0.4332 0.0558 -0.8996
vn -0.2222 0.0558 0.9734
vn 0.2222 0.0558 -0.9734
vn -0.0000 0.0558 0.9984
vn -0.0000 0.0558 -0.9984
vn -0.2222 0.0558 -0.9734
vn 0.2222 0.0558 0.9734
vn -0.4332 0.0558 -0.8996
vn 0.4332 0.0558 0.8996
vn -0.6225 0.0558 -0.7806
vn 0.6225 0.0558 0.7806
vn -0.7806 0.0558 -0.6225
vn 0.7806 0.0558 0.6225
vn -0.8996 0.0558 -0.4332
vn 0.8996 0.0558 0.4332
vn -0.9734 0.0558 -0.2222
vn 0.9734 0.0558 0.2222
vn -0.9984 0.0558 -0.0000
vn 0.9984 0.0558 -0.0000
vn -0.9734 0.0558 0.2222
vn 0.9734 0.0558 -0.2222
vn -0.8996 0.0558 0.4332
vn 0.8996 0.0558 -0.4332
vn 0.3667 0.8832 -0.2924
vn 0.4225 0.8832 -0.2035
vn -0.3667 0.8832 0.2924
vn -0.4225 0.8832 0.2035
vn 0.4572 0.8832 -0.1044
vn -0.4572 0.8832 0.1044
vn 0.4690 0.8832 -0.0000
vn -0.4690 0.8832 -0.0000
vn 0.4572 0.8832 0.1044
vn -0.4572 0.8832 -0.1044
vn 0.4225 0.8832 0.2035
vn -0.4225 0.8832 -0.2035
vn 0.3667 0.8832 0.2924
vn -0.3667 0.8832 -0.2924
vn 0.2924 0.8832 0.3667
vn -0.2924 0.8832 -0.3667
vn 0.2035 0.8832 0.4225
vn -0.2035 0.8832 -0.4225
vn 0.1044 0.8832 0.4572
vn -0.1044 0.8832 -0.4572
vn -0.0000 0.8832 0.4690
vn -0.0000 0.8832 -0.4690
vn 0.1044 0.8832 -0.4572
vn -0.1044 0.8832 0.4572
vn 0.2035 0.8832 -0.4225
vn -0.2035 0.8832 0.4225
vn 0.2924 0.8832 -0.3667
vn -0.2924 0.8832 0.3667
vn -0.0000 -0.9802 -0.1981
vn -0.0441 -0.9802 -0.1931
vn -0.0859 -0.9802 -0.1785
vn -0.1235 -0.9802 -0.1549
vn -0.1549 -0.9802 -0.1235
vn -0.1785 -0.9802 -0.0859
vn -0.1931 -0.9802 -0.0441
vn -0.1981 -0.9802 -0.0000
vn -0.1931 -0.9802 0.0441
vn -0.1785 -0.9802 0.0859
vn -0.1549 -0.9802 0.1235
vn -0.1235 -0.9802 0.1549
vn -0.0859 -0.9802 0.1785
vn -0.0441 -0.9802 0.1931
vn -0.0000 -0.9802 0.1981
vn 0.0441 -0.9802 0.1931
vn 0.0859 -0.9802 0.1785
vn 0.1235 -0.9802 0.1549
vn 0.1549 -0.9802 0.1235
vn 0.1785 -0.9802 0.0859
vn 0.1931 -0.9802 0.0441
vn 0.1981 -0.9802 -0.0000
vn 0.1931 -0.9802 -0.0441
vn 0.1785 -0.9802 -0.0859
vn 0.1549 -0.9802 -0.1235
vn 0.1235 -0.9802 -0.1549
vn 0.0859 -0.9802 -0.1785
vn 0.0441 -0.9802 -0.1931
vn 0.2225 -0.0000 -0.9749
vn -0.0000 -0.0000 -1.0000
vn -0.2225 -0.0000 -0.9749
vn -0.4339 -0.0000 -0.9010
vn -0.6235 -0.0000 -0.7818
vn -0.7818 -0.0000 -0.6235
vn -0.9010 -0.0000 -0.4339
vn -0.9749 -0.0000 -0.2225
vn -1.0000 -0.0000 -0.0000
vn -0.9749 -0.0000 0.2225
vn -0.9010 -0.0000 0.4339
vn -0.7818 -0.0000 0.6235
vn -0.6235 -0.0000 0.7818
vn -0.4339 -0.0000 0.9010
vn -0.2225 -0.0000 0.9749
vn -0.0000 -0.0000 1.0000
vn 0.2225 -0.0000 0.9749
vn 0.4339 -0.0000 0.9010
vn 0.6235 -0.0000 0.7818
vn 0.7818 -0.0000 0.6235
vn 0.9010 -0.0000 0.4339
vn 0.9749 -0.0000 0.2225
vn 1.0000 -0.0000 -0.0000
vn 0.9749 -0.0000 -0.2225
vn 0.9010 -0.0000 -0.4339
vn 0.7818 -0.0000 -0.6235
vn 0.6235 -0.0000 -0.7818
vn 0.4339 -0.0000 -0.9010
vn 0.1476 0.9885 -0.0337
vn 0.1514 0.9885 -0.0000
vn -0.1364 0.9885 0.0657
vn -0.1476 0.9885 0.0337
vn 0.1364 0.9885 -0.0657
vn -0.1184 0.9885 0.0944
vn 0.1184 0.9885 -0.0944
vn -0.0944 0.9885 0.1184
vn 0.0944 0.9885 -0.1184
vn -0.0657 0.9885 0.1364
vn 0.0657 0.9885 -0.1364
vn -0.0337 0.9885 0.1476
vn 0.0337 0.9885 -0.1476
vn -0.0000 0.9885 0.1514
vn -0.0337 0.9885 -0.1476
vn -0.0000 0.9885 -0.1514
vn 0.0337 0.9885 0.1476
vn -0.0657 0.9885 -0.1364
vn 0.0657 0.9885 0.1364
vn -0.0944 0.9885 -0.1184
vn 0.0944 0.9885 0.1184
vn -0.1184 0.9885 -0.0944
vn 0.1184 0.9885 0.0944
vn -0.1364 0.9885 -0.0657
vn 0.1364 0.9885 0.0657
vn -0.1476 0.9885 -0.0337
vn 0.1476 0.9885 0.0337
vn -0.1514 0.9885 -0.0000
vn 0.7628 -0.2193 -0.6083
vn 0.6083 -0.2193 -0.7628
vn 0.6092 -0.2128 -0.7639
vn 0.7639 -0.2128 -0.6092
vn -0.6083 -0.2193 0.7628
vn -0.4233 -0.2193 0.8790
vn -0.4239 -0.2128 0.8803
vn -0.6092 -0.2128 0.7639
vn 0.4233 -0.2193 -0.8790
vn 0.4239 -0.2128 -0.8803
vn -0.2171 -0.2193 0.9512
vn -0.2174 -0.2128 0.9526
vn 0.2171 -0.2193 -0.9512
vn 0.2174 -0.2128 -0.9526
vn -0.0000 -0.2193 0.9757
vn -0.0000 -0.2128 0.9771
vn -0.0000 -0.2193 -0.9757
vn -0.2171 -0.2193 -0.9512
vn -0.2174 -0.2128 -0.9526
vn -0.0000 -0.2128 -0.9771
vn 0.2171 -0.2193 0.9512
vn 0.2174 -0.2128 0.9526
vn -0.4233 -0.2193 -0.8790
vn -0.4239 -0.2128 -0.8803
vn 0.4233 -0.2193 0.8790
vn 0.4239 -0.2128 0.8803
vn -0.6083 -0.2193 -0.7628
vn -0.6092 -0.2128 -0.7639
vn 0.6083 -0.2193 0.7628
vn 0.6092 -0.2128 0.7639
vn -0.7628 -0.2193 -0.6083
vn -0.7639 -0.2128 -0.6092
vn 0.7628 -0.2193 0.6083
vn 0.7639 -0.2128 0.6092
vn -0.8790 -0.2193 -0.4233
vn -0.8803 -0.2128 -0.4239
vn 0.8790 -0.2193 0.4233
vn 0.8803 -0.2128 0.4239
vn -0.9512 -0.2193 -0.2171
vn -0.9526 -0.2128 -0.2174
vn 0.9512 -0.2193 0.2171
vn 0.9526 -0.2128 0.2174
vn -0.9757 -0.2193 -0.0000
vn -0.9771 -0.2128 -0.0000
vn 0.9757 -0.2193 -0.0000
vn 0.9771 -0.2128 -0.0000
vn -0.9512 -0.2193 0.2171
vn -0.9526 -0.2128 0.2174
vn 0.9512 -0.2193 -0.2171
vn 0.9526 -0.2128 -0.2174
vn -0.8790 -0.2193 0.4233
vn -0.8803 -0.2128 0.4239
vn 0.8790 -0.2193 -0.4233
vn 0.8803 -0.2128 -0.4239
vn -0.7628 -0.2193 0.6083
vn -0.7639 -0.2128 0.6092
vn -0.0000 1.0000 -0.0000
vn -0.2069 0.3686 -0.9063
vn -0.0000 0.3686 -0.9296
vn -0.0000 0.9019 -0.4319
vn -0.0961 0.9019 -0.4210
vn -0.4033 0.3686 -0.8375
vn -0.1874 0.9019 -0.3891
vn -0.5796 0.3686 -0.7268
vn -0.2693 0.9019 -0.3376
vn -0.7268 0.3686 -0.5796
vn -0.3376 0.9019 -0.2693
vn -0.8375 0.3686 -0.4033
vn -0.3891 0.9019 -0.1874
vn -0.9063 0.3686 -0.2069
vn -0.4210 0.9019 -0.0961
vn -0.9296 0.3686 -0.0000
vn -0.4319 0.9019 -0.0000
vn -0.9063 0.3686 0.2069
vn -0.4210 0.9019 0.0961
vn -0.8375 0.3686 0.4033
vn -0.3891 0.9019 0.1874
vn -0.7268 0.3686 0.5796
vn -0.3376 0.9019 0.2693
vn -0.5796 0.3686 0.7268
vn -0.2692 0.9019 0.3376
vn -0.4033 0.3686 0.8375
vn -0.1874 0.9019 0.3891
vn -0.2069 0.3686 0.9063
vn -0.0961 0.9019 0.4210
vn -0.0000 0.3686 0.9296
vn -0.0000 0.9019 0.4319
vn 0.2069 0.3686 0.9063
vn 0.0961 0.9019 0.4210
vn 0.4033 0.3686 0.8375
vn 0.1874 0.9019 0.3891
vn 0.5796 0.3686 0.7268
vn 0.2693 0.9019 0.3376
vn 0.7268 0.3686 0.5796
vn 0.3376 0.9019 0.2693
vn 0.8375 0.3686 0.4033
vn 0.3891 0.9019 0.1874
vn 0.9063 0.3686 0.2068
vn 0.4210 0.9019 0.0961
vn 0.9296 0.3686 -0.0000
vn 0.4319 0.9019 -0.0000
vn 0.9063 0.3686 -0.2068
vn 0.4210 0.9019 -0.0961
vn 0.8375 0.3686 -0.4033
vn 0.3891 0.9019 -0.1874
vn 0.7268 0.3686 -0.5796
vn 0.3376 0.9019 -0.2693
vn 0.5796 0.3686 -0.7268
vn 0.2693 0.9019 -0.3376
vn 0.4033 0.3686 -0.8375
vn 0.1874 0.9019 -0.3891
vn 0.2069 0.3686 -0.9063
vn 0.0961 0.9019 -0.4210
vn 0.1270 0.8211 -0.5564
vn 0.2476 0.8211 -0.5142
vn 0.4247 0.2051 -0.8818
vn 0.2178 0.2051 -0.9542
vn 0.3558 0.8211 -0.4462
vn 0.6102 0.2051 -0.7652
vn 0.4462 0.8211 -0.3558
vn 0.7652 0.2051 -0.6102
vn 0.5142 0.8211 -0.2476
vn 0.8818 0.2051 -0.4247
vn 0.5564 0.8211 -0.1270
vn 0.9542 0.2051 -0.2178
vn 0.5707 0.8211 -0.0000
vn 0.9787 0.2051 -0.0000
vn 0.5564 0.8211 0.1270
vn 0.9542 0.2051 0.2178
vn 0.5142 0.8211 0.2476
vn 0.8818 0.2051 0.4247
vn 0.4462 0.8211 0.3558
vn 0.7652 0.2051 0.6102
vn 0.3558 0.8211 0.4462
vn 0.6102 0.2051 0.7652
vn 0.2476 0.8211 0.5142
vn 0.4247 0.2051 0.8818
vn 0.1270 0.8211 0.5564
vn 0.2178 0.2051 0.9542
vn -0.0000 0.8211 0.5707
vn -0.0000 0.2051 0.9787
vn -0.1270 0.8211 0.5564
vn -0.2178 0.2051 0.9542
vn -0.2476 0.8211 0.5142
vn -0.4247 0.2051 0.8818
vn -0.3558 0.8211 0.4462
vn -0.6102 0.2051 0.7652
vn -0.4462 0.8211 0.3558
vn -0.7652 0.2051 0.6102
vn -0.5142 0.8211 0.2476
vn -0.8818 0.2051 0.4247
vn -0.5564 0.8211 0.1270
vn -0.9542 0.2051 0.2178
vn -0.5707 0.8211 -0.0000
vn -0.9787 0.2051 -0.0000
vn -0.5564 0.8211 -0.1270
vn -0.9542 0.2051 -0.2178
vn -0.5142 0.8211 -0.2476
vn -0.8818 0.2051 -0.4247
vn -0.4462 0.8211 -0.3558
vn -0.7652 0.2051 -0.6102
vn -0.3558 0.8211 -0.4462
vn -0.6102 0.2051 -0.7652
vn -0.2476 0.8211 -0.5142
vn -0.4247 0.2051 -0.8818
vn -0.1270 0.8211 -0.5564
vn -0.2178 0.2051 -0.9542
vn -0.0000 0.8211 -0.5707
vn -0.0000 0.2051 -0.9787
vn 0.9059 0.0011 0.4234
vn 0.9156 -0.0000 0.4022
vn -0.9059 0.0011 0.4234
vn -0.9156 -0.0000 0.4022
vn 0.9047 -0.0008 0.4260
vn -0.9047 -0.0008 0.4261
vn 0.8248 -0.5509 0.1275
vn 0.6949 -0.7044 0.1447
vn 0.7478 -0.4424 0.4951
vn 0.8406 -0.3381 0.4231
vn 0.6610 -0.1213 0.7405
vn 0.7476 -0.0949 0.6573
vn 0.8408 -0.0768 0.5358
vn 0.9217 -0.2382 0.3062
vn 0.9227 -0.3746 0.0911
vn 0.8407 0.0767 0.5361
vn 0.7484 0.0946 0.6564
vn 0.8406 0.3377 0.4236
vn 0.9216 0.2379 0.3066
vn 0.8248 0.5509 0.1276
vn 0.9228 0.3744 0.0913
vn 0.6627 0.1207 0.7391
vn 0.7478 0.4420 0.4953
vn 0.6949 0.7044 0.1449
vn -0.6611 -0.1214 0.7404
vn -0.4801 -0.1429 0.8655
vn -0.5834 -0.5493 0.5983
vn -0.7478 -0.4424 0.4951
vn -0.5157 -0.8404 0.1669
vn -0.6949 -0.7044 0.1447
vn 0.8981 0.0004 0.4399
vn 0.8911 0.0259 0.4530
vn 0.9537 0.1156 0.2775
vn 0.9584 -0.0003 0.2855
vn 0.9771 0.1968 0.0807
vn 0.9962 -0.0005 0.0869
vn 0.9772 -0.1966 0.0802
vn 0.9541 -0.1160 0.2762
vn 0.8897 -0.0266 0.4557
vn -0.8248 -0.5509 0.1274
vn -0.8406 -0.3381 0.4231
vn -0.7477 -0.0951 0.6572
vn -0.8981 0.0004 0.4399
vn -0.8897 -0.0266 0.4558
vn -0.9541 -0.1160 0.2762
vn -0.9584 -0.0003 0.2855
vn -0.9772 -0.1966 0.0802
vn -0.9962 -0.0005 0.0869
vn -0.9771 0.1968 0.0807
vn -0.9537 0.1156 0.2775
vn -0.8911 0.0259 0.4530
vn 0.4801 -0.1429 0.8655
vn 0.5834 -0.5493 0.5983
vn 0.5156 -0.8404 0.1669
vn 0.2555 -0.1664 0.9524
vn 0.3245 -0.6528 0.6845
vn 0.2732 -0.9442 0.1842
vn -0.6626 0.1207 0.7392
vn -0.7484 0.0946 0.6565
vn -0.8406 0.3377 0.4236
vn -0.7478 0.4421 0.4954
vn -0.8248 0.5509 0.1276
vn -0.6949 0.7044 0.1449
vn -0.9228 0.3744 0.0913
vn -0.9216 0.2379 0.3066
vn -0.8407 0.0767 0.5361
vn -0.8408 -0.0769 0.5359
vn -0.9217 -0.2382 0.3062
vn -0.9227 -0.3746 0.0911
vn -0.2556 -0.1664 0.9524
vn -0.3245 -0.6528 0.6845
vn -0.2732 -0.9442 0.1842
vn -0.0000 -0.9819 0.1896
vn -0.0000 -0.6955 0.7186
vn -0.0000 -0.1759 0.9844
vn -0.0000 0.1763 0.9843
vn -0.2571 0.1665 0.9519
vn -0.3244 0.6531 0.6843
vn -0.0000 0.6961 0.7179
vn -0.2731 0.9442 0.1839
vn -0.0000 0.9819 0.1892
vn -0.4822 0.1427 0.8644
vn -0.5833 0.5490 0.5986
vn -0.5156 0.8404 0.1670
vn 0.2571 0.1665 0.9519
vn 0.3244 0.6531 0.6843
vn 0.2731 0.9442 0.1839
vn 0.5156 0.8404 0.1670
vn 0.5833 0.5490 0.5986
vn 0.4822 0.1427 0.8644
vn -0.4207 0.1351 0.8971
vn -0.6049 0.1360 0.7846
vn -0.5402 0.4926 0.6823
vn -0.3758 0.4908 0.7861
vn -0.3372 0.8415 0.4222
vn -0.2351 0.8410 0.4872
vn -0.1310 0.9777 0.1640
vn -0.0913 0.9777 0.1891
vn 0.8935 0.1288 0.4303
vn 0.7698 0.1323 0.6244
vn 0.6804 0.4894 0.5455
vn 0.7876 0.4855 0.3793
vn 0.4231 0.8407 0.3381
vn 0.4893 0.8397 0.2356
vn 0.1643 0.9777 0.1310
vn 0.1896 0.9776 0.0913
vn -0.8933 0.1290 0.4305
vn -0.9668 0.1288 0.2207
vn -0.8523 0.4856 0.1945
vn -0.7874 0.4858 0.3794
vn -0.5295 0.8397 0.1209
vn -0.4892 0.8397 0.2356
vn -0.2051 0.9776 0.0468
vn -0.1895 0.9776 0.0913
vn 0.4207 0.1351 0.8971
vn 0.2171 0.1313 0.9673
vn 0.1935 0.4876 0.8513
vn 0.3758 0.4908 0.7861
vn 0.1211 0.8402 0.5285
vn 0.2351 0.8410 0.4872
vn 0.0469 0.9777 0.2049
vn 0.0913 0.9777 0.1891
vn -0.9668 0.1288 -0.2207
vn -0.8935 0.1288 -0.4303
vn -0.7876 0.4855 -0.3793
vn -0.8523 0.4855 -0.1945
vn -0.4893 0.8397 -0.2356
vn -0.5295 0.8397 -0.1209
vn -0.1895 0.9776 -0.0913
vn -0.2051 0.9776 -0.0468
vn -0.2171 0.1313 0.9673
vn -0.1935 0.4876 0.8513
vn -0.1211 0.8402 0.5285
vn -0.0469 0.9777 0.2049
vn 0.4303 0.1288 -0.8935
vn 0.6183 0.1288 -0.7753
vn 0.5451 0.4856 -0.6835
vn 0.3793 0.4855 -0.7876
vn 0.3386 0.8397 -0.4246
vn 0.2357 0.8397 -0.4893
vn 0.1312 0.9776 -0.1645
vn 0.0913 0.9776 -0.1896
vn -0.6183 0.1288 -0.7753
vn -0.4303 0.1288 -0.8935
vn -0.3793 0.4855 -0.7876
vn -0.5451 0.4855 -0.6835
vn -0.2356 0.8397 -0.4893
vn -0.3386 0.8397 -0.4246
vn -0.0913 0.9776 -0.1896
vn -0.1312 0.9776 -0.1645
vn -0.7698 0.1326 0.6244
vn -0.6801 0.4899 0.5454
vn -0.4230 0.8408 0.3379
vn -0.1642 0.9777 0.1310
vn 0.8935 0.1288 -0.4303
vn 0.9668 0.1288 -0.2207
vn 0.8523 0.4855 -0.1945
vn 0.7876 0.4855 -0.3793
vn 0.5295 0.8397 -0.1209
vn 0.4893 0.8397 -0.2356
vn 0.2051 0.9776 -0.0468
vn 0.1895 0.9776 -0.0913
vn -0.9917 0.1288 -0.0000
vn -0.8742 0.4855 -0.0000
vn -0.5431 0.8397 -0.0000
vn -0.2104 0.9776 -0.0000
vn 0.9668 0.1288 0.2207
vn 0.8523 0.4856 0.1945
vn 0.5295 0.8397 0.1209
vn 0.2051 0.9776 0.0468
vn -0.7753 0.1288 -0.6183
vn -0.6835 0.4855 -0.5450
vn -0.4246 0.8397 -0.3386
vn -0.1645 0.9776 -0.1312
vn 0.6047 0.1358 0.7848
vn 0.5401 0.4923 0.6825
vn 0.3372 0.8414 0.4223
vn 0.1311 0.9777 0.1640
vn -0.2207 0.1288 -0.9668
vn -0.1945 0.4855 -0.8523
vn -0.1209 0.8397 -0.5295
vn -0.0468 0.9776 -0.2051
vn -0.0000 0.1289 0.9917
vn -0.0000 0.4856 0.8742
vn -0.0000 0.8397 0.5430
vn -0.0000 0.9776 0.2103
vn -0.0000 0.1288 -0.9917
vn -0.0000 0.4855 -0.8742
vn -0.0000 0.8397 -0.5431
vn -0.0000 0.9776 -0.2104
vn 0.2207 0.1288 -0.9668
vn 0.1945 0.4855 -0.8523
vn 0.1209 0.8397 -0.5295
vn 0.0468 0.9776 -0.2051
vn 0.7753 0.1288 -0.6183
vn 0.6835 0.4855 -0.5451
vn 0.4246 0.8397 -0.3386
vn 0.1645 0.9776 -0.1312
vn 0.9917 0.1288 -0.0000
vn 0.8742 0.4855 -0.0000
vn 0.5431 0.8397 -0.0000
vn 0.2104 0.9776 -0.0000
vn 0.8353 -0.3748 0.4023
vn 0.7248 -0.3748 0.5781
vn 0.5511 -0.7094 0.4395
vn 0.6350 -0.7094 0.3058
vn 0.4395 -0.7093 0.5511
vn 0.5780 -0.3748 0.7249
vn 0.4023 -0.3748 0.8353
vn 0.3058 -0.7093 0.6351
vn 0.2063 -0.3748 0.9039
vn 0.1568 -0.7093 0.6872
vn -0.0000 -0.7093 0.7049
vn -0.0000 -0.3748 0.9271
vn -0.2063 -0.3748 0.9039
vn -0.1568 -0.7093 0.6872
vn -0.4022 -0.3748 0.8353
vn -0.3058 -0.7093 0.6351
vn -0.4395 -0.7093 0.5511
vn -0.5780 -0.3748 0.7249
vn -0.7248 -0.3748 0.5781
vn -0.5511 -0.7094 0.4395
vn -0.8353 -0.3748 0.4023
vn -0.6350 -0.7094 0.3058
vn -0.6872 -0.7094 0.1569
vn -0.9039 -0.3748 0.2063
vn -0.9271 -0.3748 -0.0000
vn -0.7048 -0.7094 -0.0000
vn -0.9039 -0.3748 -0.2063
vn -0.6872 -0.7094 -0.1569
vn -0.6350 -0.7094 -0.3058
vn -0.8353 -0.3748 -0.4023
vn -0.7248 -0.3748 -0.5781
vn -0.5511 -0.7094 -0.4395
vn -0.5780 -0.3748 -0.7249
vn -0.4395 -0.7093 -0.5511
vn -0.4023 -0.3748 -0.8353
vn -0.3058 -0.7093 -0.6351
vn -0.2063 -0.3748 -0.9039
vn -0.1568 -0.7093 -0.6872
vn -0.0000 -0.7093 -0.7049
vn -0.0000 -0.3748 -0.9271
vn 0.2063 -0.3748 -0.9039
vn 0.1568 -0.7093 -0.6872
vn 0.3058 -0.7093 -0.6351
vn 0.4023 -0.3748 -0.8353
vn 0.5780 -0.3748 -0.7249
vn 0.4395 -0.7093 -0.5511
vn 0.7248 -0.3748 -0.5781
vn 0.5511 -0.7094 -0.4395
vn 0.6350 -0.7094 -0.3058
vn 0.8353 -0.3748 -0.4023
vn 0.9039 -0.3748 -0.2063
vn 0.6872 -0.7094 -0.1569
vn 0.9271 -0.3748 -0.0000
vn 0.7048 -0.7094 -0.0000
vn 0.6872 -0.7094 0.1569
vn 0.9039 -0.3748 0.2063
vn -0.0000 -1.0000 -0.0000
vn -0.1261 0.9568 0.2618
vn -0.1812 0.9568 0.2272
vn -0.4672 0.6623 0.5858
vn -0.3251 0.6623 0.6751
vn -0.6126 0.1864 0.7681
vn -0.4263 0.1864 0.8852
vn 0.2618 0.9568 0.1261
vn 0.2272 0.9568 0.1812
vn 0.5858 0.6623 0.4672
vn 0.6751 0.6623 0.3251
vn 0.7681 0.1864 0.6126
vn 0.8852 0.1864 0.4263
vn -0.2618 0.9568 0.1261
vn -0.2833 0.9568 0.0647
vn -0.7305 0.6623 0.1667
vn -0.6751 0.6623 0.3251
vn -0.9578 0.1864 0.2186
vn -0.8852 0.1864 0.4263
vn 0.1261 0.9568 0.2618
vn 0.0647 0.9568 0.2833
vn 0.1667 0.6623 0.7305
vn 0.3251 0.6623 0.6751
vn 0.2186 0.1864 0.9578
vn 0.4263 0.1864 0.8852
vn -0.2833 0.9568 -0.0647
vn -0.2618 0.9568 -0.1261
vn -0.6751 0.6623 -0.3251
vn -0.7305 0.6623 -0.1667
vn -0.8852 0.1864 -0.4263
vn -0.9578 0.1864 -0.2186
vn -0.0647 0.9568 0.2833
vn -0.1667 0.6623 0.7305
vn -0.2186 0.1864 0.9578
vn 0.1261 0.9568 -0.2618
vn 0.1812 0.9568 -0.2272
vn 0.4672 0.6623 -0.5858
vn 0.3251 0.6623 -0.6751
vn 0.6126 0.1864 -0.7681
vn 0.4263 0.1864 -0.8852
vn -0.1812 0.9568 -0.2272
vn -0.1261 0.9568 -0.2618
vn -0.3251 0.6623 -0.6751
vn -0.4672 0.6623 -0.5858
vn -0.4263 0.1864 -0.8852
vn -0.6126 0.1864 -0.7681
vn -0.2272 0.9568 0.1812
vn -0.5858 0.6623 0.4672
vn -0.7681 0.1864 0.6126
vn 0.2618 0.9568 -0.1261
vn 0.2833 0.9568 -0.0647
vn 0.7305 0.6623 -0.1667
vn 0.6751 0.6623 -0.3251
vn 0.9578 0.1864 -0.2186
vn 0.8852 0.1864 -0.4263
vn -0.2906 0.9568 -0.0000
vn -0.7493 0.6622 -0.0000
vn -0.9825 0.1864 -0.0000
vn 0.2833 0.9568 0.0647
vn 0.7305 0.6623 0.1667
vn 0.9578 0.1864 0.2186
vn -0.2272 0.9568 -0.1812
vn -0.5858 0.6623 -0.4672
vn -0.7681 0.1864 -0.6126
vn 0.1812 0.9568 0.2272
vn 0.4672 0.6623 0.5858
vn 0.6126 0.1864 0.7681
vn -0.0647 0.9568 -0.2833
vn -0.1667 0.6623 -0.7305
vn -0.2186 0.1864 -0.9578
vn -0.0000 0.9568 0.2906
vn -0.0000 0.6623 0.7493
vn -0.0000 0.1864 0.9825
vn -0.0000 0.9568 -0.2906
vn -0.0000 0.6623 -0.7493
vn -0.0000 0.1864 -0.9825
vn 0.0647 0.9568 -0.2833
vn 0.1667 0.6623 -0.7305
vn 0.2186 0.1864 -0.9578
vn 0.2272 0.9568 -0.1812
vn 0.5858 0.6623 -0.4672
vn 0.7681 0.1864 -0.6126
vn 0.2906 0.9568 -0.0000
vn 0.7493 0.6622 -0.0000
vn 0.9825 0.1864 -0.0000
vn -0.3640 0.9148 -0.1753
vn -0.3159 0.9148 -0.2519
vn -0.7249 0.3748 -0.5781
vn -0.8353 0.3748 -0.4023
vn 0.4040 0.9148 -0.0000
vn 0.3939 0.9148 0.0899
vn 0.9039 0.3748 0.2063
vn 0.9271 0.3748 -0.0000
vn 0.2063 0.3748 -0.9039
vn -0.0000 0.3748 -0.9271
vn -0.0000 0.9147 -0.4040
vn 0.0899 0.9148 -0.3939
vn 0.3166 0.9141 0.2533
vn 0.2540 0.9137 0.3172
vn 0.5698 0.3705 0.7335
vn 0.7209 0.3727 0.5843
vn 0.2519 0.9147 -0.3159
vn 0.3159 0.9148 -0.2519
vn 0.7249 0.3748 -0.5781
vn 0.5781 0.3748 -0.7249
vn 0.0907 0.9145 0.3943
vn -0.0000 0.9148 0.4040
vn -0.0000 0.3748 0.9271
vn 0.2050 0.3734 0.9047
vn 0.3939 0.9148 -0.0899
vn 0.9039 0.3748 -0.2063
vn -0.1767 0.9140 0.3651
vn -0.2540 0.9138 0.3171
vn -0.5697 0.3706 0.7336
vn -0.3975 0.3712 0.8392
vn 0.3640 0.9147 0.1754
vn 0.8353 0.3747 0.4024
vn -0.3640 0.9148 0.1753
vn -0.3939 0.9147 0.0899
vn -0.9039 0.3748 0.2063
vn -0.8353 0.3748 0.4023
vn 0.1767 0.9140 0.3651
vn 0.3975 0.3712 0.8392
vn -0.3939 0.9148 -0.0899
vn -0.9039 0.3748 -0.2063
vn -0.0907 0.9145 0.3943
vn -0.2050 0.3734 0.9047
vn 0.1753 0.9148 -0.3640
vn 0.4023 0.3748 -0.8353
vn -0.2519 0.9148 -0.3159
vn -0.1753 0.9148 -0.3640
vn -0.4023 0.3748 -0.8353
vn -0.5781 0.3748 -0.7249
vn -0.3164 0.9142 0.2532
vn -0.7208 0.3729 0.5843
vn 0.3640 0.9148 -0.1753
vn 0.8353 0.3748 -0.4023
vn -0.4041 0.9147 -0.0000
vn -0.9271 0.3748 -0.0000
vn -0.0899 0.9148 -0.3939
vn -0.2063 0.3748 -0.9039
vn -0.5393 0.2596 0.8011
vn -0.4679 0.3731 0.8011
vn -0.7249 0.5781 0.3748
vn -0.8350 0.4031 0.3746
vn 0.5985 -0.0000 0.8011
vn 0.5835 -0.1332 0.8011
vn 0.9037 -0.2072 0.3747
vn 0.9271 -0.0000 0.3748
vn 0.2129 0.9029 0.3735
vn -0.0000 0.9274 0.3740
vn -0.0000 0.5988 0.8009
vn 0.1332 0.5840 0.8007
vn 0.4679 -0.3731 0.8011
vn 0.3729 -0.4688 0.8007
vn 0.5843 -0.7206 0.3732
vn 0.7249 -0.5780 0.3748
vn 0.3729 0.4688 0.8007
vn 0.4679 0.3731 0.8011
vn 0.7249 0.5781 0.3748
vn 0.5843 0.7206 0.3732
vn 0.1332 -0.5840 0.8007
vn -0.0000 -0.5988 0.8009
vn -0.0000 -0.9274 0.3740
vn 0.2129 -0.9029 0.3735
vn 0.5835 0.1332 0.8011
vn 0.9037 0.2072 0.3747
vn -0.2598 -0.5402 0.8005
vn -0.3729 -0.4688 0.8007
vn -0.5843 -0.7206 0.3732
vn -0.4136 -0.8307 0.3726
vn 0.5393 -0.2596 0.8011
vn 0.8350 -0.4031 0.3746
vn -0.5393 -0.2596 0.8011
vn -0.5835 -0.1332 0.8011
vn -0.9037 -0.2072 0.3747
vn -0.8350 -0.4031 0.3746
vn 0.2598 -0.5402 0.8005
vn 0.4136 -0.8307 0.3726
vn -0.5835 0.1332 0.8011
vn -0.9037 0.2072 0.3747
vn -0.1332 -0.5840 0.8007
vn -0.2129 -0.9029 0.3735
vn 0.2598 0.5402 0.8005
vn 0.4136 0.8307 0.3726
vn -0.3729 0.4688 0.8007
vn -0.2598 0.5402 0.8005
vn -0.4136 0.8307 0.3726
vn -0.5843 0.7206 0.3732
vn -0.4679 -0.3731 0.8011
vn -0.7249 -0.5780 0.3748
vn 0.5393 0.2596 0.8011
vn 0.8350 0.4031 0.3746
vn -0.5985 -0.0000 0.8011
vn -0.9271 -0.0000 0.3748
vn -0.1332 0.5840 0.8007
vn -0.2129 0.9029 0.3735
vn 0.3159 0.2519 0.9148
vn 0.2519 0.3159 0.9148
vn 0.1753 0.3640 0.9148
vn 0.3939 0.0899 0.9148
vn 0.3640 0.1753 0.9148
vn 0.3939 -0.0899 0.9147
vn 0.3640 -0.1753 0.9148
vn 0.1753 -0.3640 0.9148
vn 0.2519 -0.3159 0.9148
vn 0.3159 -0.2518 0.9148
vn -0.1753 -0.3640 0.9147
vn -0.0899 -0.3940 0.9147
vn -0.0000 -0.4040 0.9147
vn -0.3640 -0.1753 0.9148
vn -0.3159 -0.2519 0.9148
vn -0.3939 0.0899 0.9148
vn -0.4040 -0.0000 0.9148
vn -0.3939 -0.0899 0.9148
vn -0.3159 0.2519 0.9148
vn -0.3640 0.1753 0.9148
vn -0.0000 0.4040 0.9147
vn -0.1753 0.3640 0.9148
vn -0.2519 0.3159 0.9147
vn -0.0899 0.3939 0.9148
vn 0.0899 0.3938 0.9148
vn 0.4040 -0.0000 0.9148
vn 0.0899 -0.3940 0.9147
vn -0.2519 -0.3159 0.9147
vn -0.8353 0.4023 -0.3748
vn -0.7249 0.5781 -0.3748
vn -0.4032 0.3216 -0.8567
vn -0.4647 0.2238 -0.8567
vn -0.8353 -0.4023 -0.3748
vn -0.9039 -0.2063 -0.3748
vn -0.5028 -0.1148 -0.8567
vn -0.4647 -0.2238 -0.8567
vn 0.8353 -0.4023 -0.3748
vn 0.7249 -0.5781 -0.3748
vn 0.4032 -0.3216 -0.8567
vn 0.4647 -0.2238 -0.8567
vn 0.4023 -0.8353 -0.3748
vn 0.2063 -0.9039 -0.3748
vn 0.1148 -0.5028 -0.8567
vn 0.2238 -0.4647 -0.8567
vn -0.9271 -0.0000 -0.3748
vn -0.5157 -0.0000 -0.8567
vn 0.8353 0.4023 -0.3748
vn 0.9039 0.2063 -0.3748
vn 0.5028 0.1148 -0.8567
vn 0.4647 0.2238 -0.8567
vn -0.5780 0.7249 -0.3748
vn -0.3216 0.4032 -0.8567
vn 0.9039 -0.2063 -0.3748
vn 0.5028 -0.1148 -0.8567
vn -0.2063 -0.9039 -0.3748
vn -0.4023 -0.8353 -0.3748
vn -0.2238 -0.4647 -0.8567
vn -0.1148 -0.5028 -0.8567
vn -0.9039 0.2063 -0.3748
vn -0.5028 0.1148 -0.8567
vn 0.5780 0.7249 -0.3748
vn 0.7249 0.5781 -0.3748
vn 0.4032 0.3216 -0.8567
vn 0.3216 0.4032 -0.8567
vn 0.9271 -0.0000 -0.3748
vn 0.5157 -0.0000 -0.8567
vn -0.0000 -0.9271 -0.3748
vn -0.0000 -0.5157 -0.8567
vn -0.4023 0.8353 -0.3748
vn -0.2238 0.4647 -0.8567
vn 0.4023 0.8353 -0.3748
vn 0.2238 0.4647 -0.8567
vn -0.5780 -0.7249 -0.3748
vn -0.3216 -0.4032 -0.8567
vn 0.1148 0.5028 -0.8567
vn -0.0000 0.5157 -0.8567
vn -0.0000 0.9271 -0.3748
vn 0.2063 0.9039 -0.3748
vn 0.5780 -0.7249 -0.3748
vn 0.3216 -0.4032 -0.8567
vn -0.7249 -0.5781 -0.3748
vn -0.4032 -0.3216 -0.8567
vn -0.2063 0.9039 -0.3748
vn -0.1148 0.5028 -0.8567
vn -0.2091 0.1667 -0.9636
vn -0.2409 0.1160 -0.9636
vn -0.2607 0.0595 -0.9636
vn -0.1667 0.2091 -0.9636
vn -0.2409 -0.1160 -0.9636
vn -0.2091 -0.1667 -0.9636
vn -0.2607 -0.0595 -0.9636
vn -0.2674 -0.0000 -0.9636
vn 0.2091 -0.1667 -0.9636
vn 0.2409 -0.1160 -0.9636
vn 0.2607 -0.0595 -0.9636
vn 0.1667 -0.2091 -0.9636
vn 0.0595 -0.2607 -0.9636
vn 0.1160 -0.2409 -0.9636
vn -0.0000 -0.2674 -0.9636
vn 0.2409 0.1160 -0.9636
vn 0.2091 0.1667 -0.9636
vn 0.2607 0.0595 -0.9636
vn 0.2674 -0.0000 -0.9636
vn -0.1160 0.2409 -0.9636
vn -0.1160 -0.2409 -0.9636
vn -0.0595 -0.2607 -0.9636
vn -0.1667 -0.2091 -0.9636
vn 0.1667 0.2091 -0.9636
vn 0.1160 0.2409 -0.9636
vn -0.0595 0.2607 -0.9636
vn 0.0595 0.2607 -0.9636
vn -0.0000 0.2674 -0.9636
vn -0.4876 0.2348 0.8409
vn -0.4231 0.3374 0.8409
vn -0.7248 0.5781 0.3748
vn -0.8353 0.4023 0.3748
vn -0.4876 -0.2348 0.8409
vn -0.5276 -0.1204 0.8409
vn -0.9039 -0.2063 0.3748
vn -0.8353 -0.4023 0.3748
vn 0.4876 -0.2348 0.8409
vn 0.4231 -0.3374 0.8409
vn 0.7249 -0.5781 0.3748
vn 0.8353 -0.4023 0.3748
vn 0.2348 -0.4876 0.8409
vn 0.1204 -0.5276 0.8409
vn 0.2063 -0.9039 0.3748
vn 0.4023 -0.8353 0.3748
vn -0.5412 -0.0000 0.8409
vn 0.4876 0.2348 0.8409
vn 0.5276 0.1204 0.8409
vn 0.9039 0.2063 0.3748
vn 0.8353 0.4023 0.3748
vn -0.3374 0.4231 0.8409
vn -0.5780 0.7249 0.3748
vn 0.5276 -0.1204 0.8409
vn 0.9039 -0.2063 0.3748
vn -0.1204 -0.5276 0.8409
vn -0.2348 -0.4876 0.8409
vn -0.4023 -0.8353 0.3748
vn -0.2063 -0.9039 0.3748
vn -0.5276 0.1204 0.8409
vn -0.9039 0.2063 0.3748
vn 0.3374 0.4231 0.8409
vn 0.4231 0.3374 0.8409
vn 0.7248 0.5781 0.3748
vn 0.5780 0.7249 0.3748
vn 0.5412 -0.0000 0.8409
vn -0.0000 -0.5412 0.8409
vn -0.0000 -0.9271 0.3748
vn -0.2348 0.4876 0.8409
vn -0.4023 0.8353 0.3748
vn 0.2348 0.4876 0.8409
vn 0.4023 0.8353 0.3748
vn -0.3374 -0.4231 0.8409
vn -0.5780 -0.7249 0.3748
vn 0.2063 0.9039 0.3748
vn -0.0000 0.9271 0.3748
vn -0.0000 0.5412 0.8409
vn 0.1204 0.5276 0.8409
vn 0.3374 -0.4231 0.8409
vn 0.5780 -0.7249 0.3748
vn -0.4231 -0.3374 0.8409
vn -0.7249 -0.5781 0.3748
vn -0.1204 0.5276 0.8409
vn -0.2063 0.9039 0.3748
vn -0.3205 0.0732 0.9444
vn -0.2962 0.1426 0.9444
vn -0.2570 0.2050 0.9444
vn -0.2050 0.2570 0.9444
vn -0.2570 -0.2050 0.9444
vn -0.2962 -0.1426 0.9444
vn -0.3205 -0.0732 0.9444
vn -0.3287 -0.0000 0.9444
vn 0.3205 -0.0731 0.9444
vn 0.2962 -0.1426 0.9444
vn 0.2570 -0.2050 0.9444
vn 0.2050 -0.2570 0.9444
vn 0.1426 -0.2962 0.9444
vn 0.0732 -0.3205 0.9444
vn -0.0000 -0.3287 0.9444
vn 0.2962 0.1426 0.9444
vn 0.3205 0.0732 0.9444
vn 0.2570 0.2050 0.9444
vn 0.3287 -0.0000 0.9444
vn -0.1426 0.2962 0.9444
vn -0.0732 -0.3205 0.9444
vn -0.1426 -0.2962 0.9444
vn -0.2050 -0.2570 0.9444
vn 0.1426 0.2962 0.9444
vn 0.2050 0.2570 0.9444
vn -0.0731 0.3205 0.9444
vn 0.0731 0.3205 0.9444
vn -0.0000 0.3287 0.9444
vn 0.8664 -0.4172 0.2742
vn 0.7519 -0.5996 0.2742
vn 0.5276 -0.4208 0.7379
vn 0.6080 -0.2928 0.7379
vn 0.4173 -0.8664 0.2742
vn 0.2140 -0.9376 0.2742
vn 0.1502 -0.6579 0.7379
vn 0.2928 -0.6080 0.7379
vn -0.8664 -0.4173 0.2742
vn -0.9376 -0.2140 0.2742
vn -0.6579 -0.1502 0.7379
vn -0.6080 -0.2928 0.7379
vn -0.8664 0.4173 0.2742
vn -0.7519 0.5996 0.2742
vn -0.5276 0.4208 0.7379
vn -0.6080 0.2928 0.7379
vn -0.9617 -0.0000 0.2742
vn -0.6749 -0.0000 0.7379
vn 0.8664 0.4173 0.2742
vn 0.9376 0.2140 0.2742
vn 0.6579 0.1502 0.7379
vn 0.6080 0.2928 0.7379
vn -0.5996 0.7519 0.2742
vn -0.4208 0.5276 0.7379
vn 0.9376 -0.2140 0.2742
vn 0.6579 -0.1502 0.7379
vn -0.2140 -0.9376 0.2742
vn -0.4173 -0.8664 0.2742
vn -0.2928 -0.6080 0.7379
vn -0.1502 -0.6579 0.7379
vn -0.9376 0.2140 0.2742
vn -0.6579 0.1502 0.7379
vn 0.5996 0.7519 0.2742
vn 0.7519 0.5996 0.2742
vn 0.5276 0.4208 0.7379
vn 0.4208 0.5276 0.7379
vn 0.9617 -0.0000 0.2742
vn 0.6749 -0.0000 0.7379
vn -0.0000 -0.9617 0.2742
vn -0.0000 -0.6749 0.7379
vn -0.4173 0.8664 0.2742
vn -0.2928 0.6080 0.7379
vn 0.4173 0.8664 0.2742
vn 0.2928 0.6080 0.7379
vn -0.5996 -0.7519 0.2742
vn -0.4208 -0.5276 0.7379
vn 0.1502 0.6579 0.7379
vn -0.0000 0.6749 0.7379
vn -0.0000 0.9617 0.2742
vn 0.2140 0.9376 0.2742
vn 0.5996 -0.7519 0.2742
vn 0.4208 -0.5276 0.7379
vn -0.7519 -0.5996 0.2742
vn -0.5276 -0.4208 0.7379
vn -0.2140 0.9376 0.2742
vn -0.1502 0.6579 0.7379
vn -0.2225 0.9749 -0.0000
vn 0.2225 0.9749 -0.0000
vn -0.4339 0.9010 -0.0000
vn -0.6235 0.7818 -0.0000
vn -0.7818 0.6235 -0.0000
vn -0.9010 0.4339 -0.0000
vn -0.9749 0.2225 -0.0000
vn -0.9749 -0.2225 -0.0000
vn -0.9010 -0.4339 -0.0000
vn -0.7818 -0.6235 -0.0000
vn -0.6235 -0.7818 -0.0000
vn -0.4339 -0.9010 -0.0000
vn -0.2225 -0.9749 -0.0000
vn 0.2225 -0.9749 -0.0000
vn 0.4339 -0.9010 -0.0000
vn 0.6235 -0.7818 -0.0000
vn 0.7818 -0.6235 -0.0000
vn 0.9010 -0.4339 -0.0000
vn 0.9749 -0.2225 -0.0000
vn 0.9749 0.2225 -0.0000
vn 0.9010 0.4339 -0.0000
vn 0.7818 0.6235 -0.0000
vn 0.6235 0.7818 -0.0000
vn 0.4339 0.9010 -0.0000
vn 0.7248 -0.5781 0.3748
vn -0.0000 0.9271 0.3747
vn 0.0001 -1.0000 -0.0000
vn -0.0001 -1.0000 -0.0000
vn -0.0000 0.0002 -1.0000
vn -0.0000 0.0003 -1.0000
vn -0.0000 -0.0002 -1.0000
vn -0.0000 -0.0003 -1.0000
vn -0.0330 0.0524 -0.9981
vn -0.0267 0.0554 -0.9981
vn -0.0331 -0.0523 0.9981
vn -0.0267 -0.0554 0.9981
vn 0.9974 0.0377 -0.0618
vn 0.9731 0.2221 -0.0619
vn 0.9745 0.2224 -0.0309
vn 0.9991 0.0374 -0.0206
vn -0.2587 0.9640 -0.0618
vn -0.4331 0.8992 -0.0619
vn -0.4337 0.9005 -0.0309
vn -0.2588 0.9657 -0.0206
vn -0.0000 -0.9981 -0.0619
vn 0.1852 -0.9808 -0.0618
vn 0.1859 -0.9824 -0.0206
vn -0.0000 -0.9995 -0.0309
vn -0.8465 -0.5324 0.0069
vn -0.1852 -0.9808 -0.0618
vn -0.1859 -0.9824 -0.0206
vn 0.0070 -0.0616 -0.9981
vn -0.0000 -0.0615 -0.9981
vn -0.9731 0.2221 -0.0619
vn -0.9974 0.0377 -0.0618
vn -0.9991 0.0374 -0.0206
vn -0.9745 0.2224 -0.0309
vn -0.5924 0.8033 -0.0618
vn -0.5937 0.8044 -0.0206
vn 0.0203 -0.0585 0.9981
vn 0.0267 -0.0554 0.9981
vn 0.5924 0.8033 -0.0618
vn 0.4331 0.8992 -0.0619
vn 0.4337 0.9005 -0.0309
vn 0.5937 0.8044 -0.0206
vn 0.7803 -0.6223 -0.0619
vn 0.8823 -0.4667 -0.0618
vn 0.8839 -0.4671 -0.0206
vn 0.7815 -0.6232 -0.0309
vn 0.0481 0.0383 0.9981
vn 0.0436 0.0439 0.9981
vn -0.0437 -0.0438 -0.9981
vn -0.0481 -0.0384 -0.9981
vn 0.0071 0.0614 0.9981
vn -0.0000 0.0615 0.9981
vn 0.9440 0.3299 0.0069
vn 0.6513 -0.7563 -0.0618
vn 0.6521 -0.7578 -0.0206
vn 0.9150 0.3988 -0.0618
vn 0.9164 0.3998 -0.0206
vn -0.0071 0.0615 0.9981
vn 0.3306 0.9437 0.0069
vn -0.7803 -0.6223 -0.0619
vn -0.6513 -0.7563 -0.0618
vn -0.6521 -0.7578 -0.0206
vn -0.7815 -0.6232 -0.0309
vn -0.0524 -0.0329 -0.9981
vn -0.8823 -0.4667 -0.0618
vn -0.8839 -0.4671 -0.0206
vn -0.0615 -0.0068 0.9981
vn -0.0599 -0.0137 0.9981
vn 0.0204 0.0584 -0.9981
vn 0.0267 0.0554 -0.9981
vn -0.9150 0.3988 -0.0618
vn -0.9164 0.3998 -0.0206
vn 0.2587 0.9640 -0.0618
vn 0.2588 0.9657 -0.0206
vn 0.0147 -0.0033 0.9999
vn 0.0150 -0.0000 0.9999
vn -0.0094 0.0118 0.9999
vn -0.0118 0.0094 0.9999
vn -0.0118 -0.0094 0.9999
vn -0.0094 -0.0117 0.9999
vn 0.0135 -0.0065 0.9999
vn -0.0135 -0.0065 0.9999
vn -0.0065 -0.0135 0.9999
vn -0.0033 -0.0147 0.9999
vn 0.0135 0.0065 0.9999
vn 0.0118 0.0094 0.9999
vn -0.0135 0.0065 0.9999
vn -0.0147 0.0033 0.9999
vn 0.0065 0.0135 0.9999
vn 0.0033 0.0147 0.9999
vn 0.0094 0.0118 0.9999
vn -0.0000 0.0150 0.9999
vn -0.0033 0.0147 0.9999
vn 0.0147 0.0033 0.9999
vn -0.0065 0.0135 0.9999
vn -0.0000 -0.0150 0.9999
vn 0.0033 -0.0147 0.9999
vn 0.0065 -0.0135 0.9999
vn 0.0094 -0.0118 0.9999
vn -0.0150 -0.0000 0.9999
vn -0.0147 -0.0033 0.9999
vn 0.0118 -0.0094 0.9999
vn 0.2221 0.9731 -0.0619
vn -0.8992 0.4331 -0.0619
vn 0.8992 0.4331 -0.0619
vn 0.7803 0.6223 -0.0619
vn -0.4331 -0.8992 -0.0619
vn -0.2221 -0.9731 -0.0619
vn -0.8992 -0.4330 -0.0619
vn 0.8992 -0.4330 -0.0619
vn 0.9731 -0.2221 -0.0619
vn -0.6223 -0.7803 -0.0619
vn -0.6223 0.7803 -0.0619
vn -0.7803 0.6223 -0.0619
vn 0.9981 -0.0000 -0.0619
vn 0.6223 -0.7803 -0.0619
vn -0.9981 -0.0000 -0.0619
vn -0.9731 -0.2221 -0.0619
vn -0.0000 0.9981 -0.0619
vn 0.2221 -0.9731 -0.0619
vn 0.4331 -0.8992 -0.0619
vn 0.6223 0.7803 -0.0619
vn -0.2221 0.9731 -0.0619
vn 0.7046 0.7069 -0.0615
vn -0.1133 0.9917 -0.0615
vn 0.4330 -0.8992 -0.0619
vn 0.5324 -0.8443 -0.0615
vn -0.8460 0.5297 -0.0615
vn -0.9416 -0.3312 -0.0615
vn -0.5324 -0.8443 -0.0615
vn -0.4330 -0.8992 -0.0619
vn 0.3282 -0.9426 -0.0615
vn 0.1133 0.9917 -0.0615
vn -0.9920 -0.1102 -0.0615
vn 0.9920 -0.1102 -0.0615
vn -0.7046 0.7069 -0.0615
vn 0.9416 -0.3312 -0.0615
vn -0.3282 -0.9426 -0.0615
vn 0.8460 0.5297 -0.0615
vn 0.0525 0.0328 0.9981
vn -0.5316 0.8469 0.0069
vn 0.0524 -0.0329 -0.9981
vn 0.0481 -0.0384 -0.9981
vn -0.1116 -0.9937 0.0069
vn -0.0203 -0.0585 0.9981
vn 0.5316 0.8469 0.0069
vn -0.0584 -0.0206 0.9981
vn 0.0584 0.0205 -0.9981
vn 0.0600 0.0137 -0.9981
vn 0.7073 -0.7068 0.0069
vn 0.0584 -0.0206 0.9981
vn 0.0599 -0.0137 0.9981
vn 0.0330 0.0524 -0.9981
vn 0.1116 -0.9937 0.0069
vn -0.0204 0.0584 -0.9981
vn -0.0481 0.0383 0.9981
vn -0.0525 0.0328 0.9981
vn -0.0070 -0.0615 -0.9981
vn -0.7073 -0.7068 0.0069
vn 0.0615 0.0069 -0.9981
vn 0.9936 0.1124 0.0069
vn -0.0436 0.0439 0.9981
vn 0.8465 -0.5324 0.0069
vn 0.0331 -0.0523 0.9981
vn 0.0615 -0.0068 0.9981
vn -0.0615 0.0069 -0.9981
vn -0.0600 0.0137 -0.9981
vn -0.3306 0.9437 0.0069
vn 0.0437 -0.0438 -0.9981
vn -0.9936 0.1124 0.0069
vn -0.0584 0.0205 -0.9981
vn -0.9440 0.3299 0.0069
vn -0.0000 0.0001 1.0000
vn -0.0000 -0.0001 1.0000
vn 0.9007 0.2869 0.3263
vn 0.9058 0.4048 0.1250
vn 0.9095 0.0769 0.4086
vn 0.9239 -0.0000 0.3827
vn 0.9995 0.0002 -0.0324
vn 0.9997 0.0004 -0.0248
vn 0.9995 0.0008 -0.0324
vn 0.9054 -0.3002 0.3002
vn 0.3827 -0.0000 0.9239
vn 0.3913 -0.6507 0.6507
vn 0.3887 -0.6489 -0.6541
vn 0.5009 -0.5002 -0.7063
vn 0.9760 -0.1191 -0.1821
vn 0.9039 -0.3008 -0.3041
vn 0.9239 -0.3827 -0.0000
vn 0.3827 -0.9239 -0.0000
vn 0.3871 0.8015 0.4558
vn 0.3759 0.9005 0.2187
vn 0.9273 0.3643 0.0864
vn 0.9353 0.3045 0.1803
vn 0.3821 -0.8934 -0.2364
vn 0.3809 -0.9145 -0.1367
vn 0.9240 -0.3742 -0.0790
vn 0.9256 -0.3583 -0.1222
vn 0.3828 0.9169 0.1127
vn 0.3857 0.9089 0.1582
vn 0.9249 0.3785 0.0364
vn 0.9233 0.3834 0.0246
vn 0.3861 0.8838 0.2644
vn 0.9204 0.3770 0.1034
vn 0.3870 0.9208 0.0482
vn 0.9233 0.3840 0.0022
vn 0.4012 -0.9154 0.0333
vn 0.9382 -0.3459 -0.0093
vn 0.9237 -0.3830 0.0012
vn 0.3826 -0.9239 -0.0000
vn 0.3688 0.7957 0.4805
vn 0.9091 0.3526 0.2218
vn 0.9075 0.4057 -0.1090
vn 0.8868 0.3164 -0.3369
vn 0.3566 0.6659 -0.6553
vn 0.3733 0.9121 -0.1696
vn 0.8983 0.0942 -0.4292
vn 0.3660 0.1866 -0.9117
vn 0.8841 -0.3078 -0.3515
vn 0.8995 -0.4298 -0.0781
vn 0.3657 -0.9250 -0.1031
vn 0.3525 -0.6458 -0.6772
vn 0.8964 -0.0844 -0.4351
vn 0.3640 -0.1568 -0.9181
vn 0.3653 0.8840 0.2918
vn 0.3685 0.6139 0.6981
vn 0.3713 0.1717 0.9125
vn -0.5009 -0.5002 -0.7063
vn -0.3887 -0.6489 -0.6541
vn -0.0000 0.8670 0.4984
vn -0.0002 0.8534 0.5212
vn 0.0002 0.8534 0.5212
vn -0.3821 -0.8934 -0.2364
vn 1.0000 -0.0002 0.0022
vn -0.3827 -0.9239 -0.0000
vn -0.3913 -0.6507 0.6507
vn -0.3653 0.8840 0.2918
vn -0.3685 0.6139 0.6981
vn -0.3828 0.9169 0.1127
vn -0.3870 0.9208 0.0482
vn -0.4012 -0.9154 0.0333
vn -0.3809 -0.9145 -0.1367
vn -0.3657 -0.9250 -0.1031
vn -0.3566 0.6659 -0.6553
vn -0.3733 0.9121 -0.1696
vn -0.3826 -0.9239 -0.0000
vn -0.3827 -0.0000 0.9239
vn -0.3861 0.8838 0.2644
vn -0.3857 0.9089 0.1582
vn -0.3525 -0.6458 -0.6772
vn -0.3660 0.1866 -0.9117
vn -0.3640 -0.1568 -0.9181
vn -0.3713 0.1717 0.9125
vn -0.3688 0.7957 0.4805
vn -0.3319 0.8904 0.3116
vn -0.2810 0.9395 0.1961
vn -0.4035 0.7769 0.4834
vn -0.1084 0.9856 0.1299
vn 0.2811 0.9394 0.1960
vn 0.3319 0.8904 0.3116
vn 0.2734 0.9357 0.2230
vn 0.2448 0.8921 0.3799
vn -0.0000 0.8670 0.4983
vn -0.0006 0.8533 0.5213
vn -0.0000 0.9726 0.2325
vn 0.1569 0.8496 0.5035
vn -0.1569 0.8496 0.5035
vn -0.2794 0.2680 0.9220
vn 0.2794 0.2680 0.9220
vn -0.0001 0.9726 0.2324
vn -0.9007 0.2869 0.3263
vn -0.9058 0.4048 0.1250
vn -0.9095 0.0769 0.4086
vn -0.9239 -0.0000 0.3827
vn -0.9995 0.0002 -0.0324
vn -0.9995 0.0008 -0.0324
vn -0.9997 0.0004 -0.0248
vn -0.9054 -0.3002 0.3002
vn -0.9039 -0.3008 -0.3041
vn -0.9760 -0.1191 -0.1821
vn -0.9239 -0.3827 -0.0000
vn -0.3871 0.8015 0.4558
vn -0.9353 0.3045 0.1803
vn -0.9273 0.3643 0.0864
vn -0.3759 0.9005 0.2187
vn -0.9256 -0.3583 -0.1222
vn -0.9240 -0.3742 -0.0790
vn -0.9233 0.3834 0.0246
vn -0.9249 0.3785 0.0364
vn -0.9204 0.3770 0.1034
vn -0.9234 0.3840 0.0022
vn -0.9382 -0.3459 -0.0093
vn -0.9237 -0.3830 0.0012
vn -0.9091 0.3526 0.2218
vn -0.9075 0.4057 -0.1090
vn -0.8868 0.3164 -0.3369
vn -0.8983 0.0942 -0.4292
vn -0.8842 -0.3078 -0.3515
vn -0.8995 -0.4298 -0.0781
vn -0.8964 -0.0844 -0.4351
vn -1.0000 -0.0002 0.0022
vn 0.0960 0.9082 0.4075
vn -0.2734 0.9357 0.2230
vn -0.2448 0.8921 0.3799
vn 0.0006 0.8533 0.5213
vn 0.1085 0.9856 0.1299
vn 0.4034 0.7769 0.4834
vn 0.0001 0.9726 0.2324
vn -0.0960 0.9082 0.4075
vn -0.3748 0.9014 0.2169
vn -0.1971 0.9804 0.0009
vn 0.1971 0.9804 0.0009
vn 0.3417 0.6872 -0.6411
vn -0.3417 0.6872 -0.6411
vn 0.6294 0.2608 0.7320
vn 0.3135 0.8504 0.4226
vn 0.8827 0.3069 0.3558
vn 0.4268 0.8538 0.2983
vn 0.9333 0.3492 0.0835
vn 0.3931 0.8943 0.2136
vn 0.9402 0.2952 0.1698
vn 0.9103 0.3440 0.2303
vn 0.3679 0.7901 0.4903
vn 0.4030 0.7936 0.4558
vn 0.9331 0.3591 0.0203
vn 0.4932 0.8441 0.2103
vn 0.7801 0.5073 -0.3661
vn 0.4585 0.8814 0.1138
vn -0.3468 0.7256 -0.5943
vn 0.3469 0.7255 -0.5944
vn 0.2855 0.3107 0.9066
vn -0.2855 0.3107 0.9066
vn 0.7704 0.5640 -0.2971
vn 0.9029 0.4294 0.0207
vn 0.9378 0.2863 0.1963
vn 0.3748 0.9014 0.2169
vn 0.3716 0.8044 0.4636
vn 0.9100 0.3594 0.2068
vn 0.9150 0.3923 0.0944
vn 0.8445 0.3904 0.3665
vn 0.6276 0.3041 0.7167
vn -0.3135 0.8504 0.4226
vn -0.6294 0.2608 0.7320
vn -0.4268 0.8537 0.2983
vn -0.8827 0.3068 0.3559
vn -0.3932 0.8943 0.2136
vn -0.9333 0.3492 0.0835
vn -0.4030 0.7936 0.4558
vn -0.3679 0.7901 0.4903
vn -0.9103 0.3440 0.2303
vn -0.9402 0.2952 0.1698
vn -0.4932 0.8441 0.2103
vn -0.9331 0.3591 0.0203
vn -0.4585 0.8814 0.1138
vn -0.7801 0.5073 -0.3661
vn -0.7704 0.5641 -0.2971
vn -0.9029 0.4294 0.0207
vn -0.9378 0.2863 0.1963
vn -0.9150 0.3923 0.0944
vn -0.9100 0.3594 0.2068
vn -0.3716 0.8044 0.4636
vn -0.8446 0.3904 0.3665
vn -0.6276 0.3041 0.7167
vn 0.9932 -0.0041 -0.1168
vn 0.9951 -0.0047 -0.0992
vn 0.9952 -0.0062 -0.0973
vn 0.9939 -0.0018 -0.1100
vn 0.9061 -0.2976 0.3007
vn 0.9066 0.2960 0.3008
vn 0.3928 0.6507 0.6498
vn 0.3922 -0.6507 0.6502
vn 0.9250 -0.3799 -0.0000
vn 0.3855 -0.9227 -0.0000
vn 0.3872 0.9220 -0.0000
vn 0.9257 0.3782 -0.0000
vn 0.9296 -0.3687 0.0005
vn 0.3934 -0.9186 0.0361
vn 0.3868 0.9208 -0.0488
vn 0.9223 0.3850 -0.0339
vn 0.3877 -0.9165 0.0987
vn 0.3877 -0.9096 0.1497
vn 0.9276 -0.3720 0.0342
vn 0.9275 -0.3736 0.0136
vn 0.3837 0.9071 -0.1729
vn 0.3838 0.9152 -0.1232
vn 0.9220 0.3794 -0.0773
vn 0.9217 0.3753 -0.0981
vn 0.3817 0.8831 -0.2728
vn 0.9138 0.3702 -0.1673
vn 0.3972 -0.8871 0.2351
vn 0.9332 -0.3573 0.0385
vn 0.8808 0.3473 -0.3217
vn 0.8489 0.2135 -0.4835
vn 0.3217 0.4476 -0.8344
vn 0.3491 0.7948 -0.4964
vn 0.8624 0.0080 -0.5062
vn 0.3345 -0.0106 -0.9423
vn 0.8789 -0.3776 -0.2915
vn 0.9066 -0.4216 -0.0204
vn 0.3687 -0.9220 0.1180
vn 0.3605 -0.8021 -0.4760
vn 0.8745 -0.1471 -0.4622
vn 0.3492 -0.3395 -0.8734
vn -0.3855 -0.9227 -0.0000
vn -0.3922 -0.6507 0.6502
vn -0.3928 0.6507 0.6498
vn -0.3872 0.9220 -0.0000
vn -0.3934 -0.9186 0.0361
vn -0.3837 0.9071 -0.1729
vn -0.3817 0.8831 -0.2728
vn -0.3868 0.9208 -0.0488
vn -0.3877 -0.9165 0.0987
vn -0.3877 -0.9096 0.1497
vn -0.3217 0.4476 -0.8344
vn -0.3491 0.7948 -0.4964
vn -0.3972 -0.8871 0.2351
vn -0.3838 0.9152 -0.1232
vn -0.3605 -0.8021 -0.4760
vn -0.3492 -0.3395 -0.8734
vn -0.3345 -0.0106 -0.9423
vn -0.3687 -0.9220 0.1180
vn -0.9932 -0.0041 -0.1168
vn -0.9939 -0.0018 -0.1100
vn -0.9952 -0.0062 -0.0973
vn -0.9951 -0.0047 -0.0992
vn -0.9061 -0.2976 0.3007
vn -0.9066 0.2960 0.3008
vn -0.9250 -0.3799 -0.0000
vn -0.9257 0.3782 -0.0000
vn -0.9296 -0.3686 0.0005
vn -0.9223 0.3850 -0.0339
vn -0.9275 -0.3736 0.0136
vn -0.9276 -0.3720 0.0342
vn -0.9217 0.3753 -0.0981
vn -0.9220 0.3794 -0.0773
vn -0.9138 0.3702 -0.1673
vn -0.9332 -0.3573 0.0385
vn -0.8808 0.3473 -0.3217
vn -0.8489 0.2135 -0.4835
vn -0.8624 0.0080 -0.5062
vn -0.8789 -0.3776 -0.2915
vn -0.9066 -0.4216 -0.0205
vn -0.8745 -0.1471 -0.4622
vn 0.9783 -0.0000 0.2073
vn 0.9782 -0.0468 0.2022
vn 0.9784 -0.0904 0.1861
vn 0.9789 0.1560 0.1319
vn 0.9783 0.1292 0.1620
vn 0.9784 0.0904 0.1861
vn 0.9782 0.2014 -0.0509
vn 0.9780 0.2085 -0.0000
vn 0.9782 0.2014 0.0509
vn 0.9789 0.1560 -0.1319
vn 0.9782 0.1831 -0.0982
vn 0.9782 0.0468 -0.2022
vn 0.9784 0.0904 -0.1861
vn 0.9782 -0.0468 -0.2021
vn 0.9783 -0.0000 -0.2072
vn 0.9789 -0.1561 -0.1319
vn 0.9783 -0.1292 -0.1620
vn 0.9784 -0.0904 -0.1861
vn 0.9782 -0.2014 -0.0509
vn 0.9782 -0.1832 -0.0982
vn 0.9782 -0.2015 0.0510
vn 0.9789 -0.1560 0.1319
vn 0.9782 -0.1832 0.0982
vn -0.9783 -0.0462 -0.2021
vn -0.9783 -0.0899 -0.1868
vn -0.9782 -0.1626 -0.1292
vn -0.9783 0.0462 -0.2021
vn -0.9783 -0.0000 -0.2072
vn -0.9782 0.1626 -0.1292
vn -0.9783 0.1292 -0.1620
vn -0.9783 0.0899 -0.1868
vn 0.9782 0.0468 0.2022
vn 0.9782 0.1831 0.0982
vn 0.9783 0.1292 -0.1620
vn 0.9780 -0.2085 -0.0000
vn 0.9783 -0.1292 0.1620
vn 0.1935 -0.6117 0.7671
vn 0.1975 -0.7539 0.6266
vn 0.6989 -0.5462 0.4617
vn 0.6953 -0.4481 0.5619
vn 0.1941 -0.4277 0.8828
vn 0.6958 -0.3139 0.6460
vn 0.1935 0.6117 0.7670
vn 0.1942 0.4277 0.8828
vn 0.6958 0.3138 0.6460
vn 0.6953 0.4481 0.5619
vn 0.1975 0.7539 0.6266
vn 0.6990 0.5462 0.4617
vn 0.2000 -0.8692 -0.4523
vn 0.1976 -0.7539 -0.6266
vn 0.6990 -0.5462 -0.4617
vn 0.6967 -0.6325 -0.3386
vn 0.1941 0.2204 0.9559
vn 0.1935 -0.0000 0.9811
vn 0.6953 -0.0000 0.7187
vn 0.6952 0.1620 0.7003
vn 0.1941 -0.2204 0.9559
vn 0.6953 -0.1620 0.7003
vn 0.1936 -0.6117 -0.7670
vn 0.6953 -0.4481 -0.5619
vn 0.1941 -0.2204 -0.9559
vn 0.1935 -0.0000 -0.9811
vn 0.6953 -0.0000 -0.7187
vn 0.6953 -0.1620 -0.7002
vn 0.1941 0.2204 -0.9559
vn 0.6953 0.1620 -0.7002
vn 0.2000 -0.8692 0.4523
vn 0.6967 -0.6324 0.3385
vn 0.1975 -0.9520 0.2341
vn 0.6961 -0.6962 0.1757
vn 0.1936 0.6117 -0.7670
vn 0.1976 0.7539 -0.6266
vn 0.6990 0.5461 -0.4617
vn 0.6953 0.4481 -0.5619
vn 0.1942 0.4277 -0.8828
vn 0.6958 0.3138 -0.6460
vn 0.1942 -0.4277 -0.8828
vn 0.6958 -0.3138 -0.6460
vn 0.1973 -0.9520 -0.2341
vn 0.6960 -0.6962 -0.1757
vn 0.1961 -0.9806 -0.0000
vn 0.6951 -0.7189 -0.0000
vn 0.1976 0.9519 -0.2341
vn 0.1963 0.9806 -0.0000
vn 0.6952 0.7188 -0.0000
vn 0.6962 0.6960 -0.1757
vn 0.2001 0.8691 -0.4523
vn 0.6968 0.6323 -0.3385
vn 0.1975 0.9519 0.2341
vn 0.6961 0.6961 0.1757
vn 0.2001 0.8691 0.4523
vn 0.6968 0.6323 0.3385
vn -0.1936 0.6117 -0.7670
vn -0.1930 0.4265 -0.8836
vn -0.6951 0.3118 -0.6478
vn -0.6953 0.4481 -0.5619
vn -0.1930 -0.2193 0.9564
vn -0.1935 -0.0000 0.9811
vn -0.6953 -0.0000 0.7187
vn -0.6951 -0.1602 0.7009
vn -0.9783 -0.0000 0.2072
vn -0.9783 -0.0462 0.2021
vn -0.1894 0.9557 0.2255
vn -0.1909 0.9816 -0.0000
vn -0.6941 0.7199 -0.0000
vn -0.6935 0.7022 0.1610
vn -0.9782 0.2076 -0.0000
vn -0.9782 0.2024 0.0463
vn -0.1888 -0.7625 0.6188
vn -0.1936 -0.6117 0.7670
vn -0.6953 -0.4481 0.5619
vn -0.6932 -0.5644 0.4483
vn -0.9783 -0.1292 0.1620
vn -0.9782 -0.1625 0.1292
vn -0.1936 0.6117 0.7670
vn -0.1889 0.7625 0.6188
vn -0.6933 0.5643 0.4482
vn -0.6953 0.4481 0.5619
vn -0.9782 0.1626 0.1292
vn -0.9783 0.1292 0.1620
vn -0.1907 -0.9817 -0.0000
vn -0.1892 -0.9557 0.2255
vn -0.6934 -0.7024 0.1610
vn -0.6940 -0.7200 -0.0000
vn -0.9782 -0.2024 0.0463
vn -0.9782 -0.2075 -0.0000
vn -0.1930 0.2193 0.9564
vn -0.6951 0.1602 0.7009
vn -0.9783 0.0462 0.2021
vn -0.1888 -0.7625 -0.6188
vn -0.1859 -0.8794 -0.4383
vn -0.6918 -0.6501 -0.3142
vn -0.6932 -0.5643 -0.4483
vn -0.9781 -0.1873 -0.0903
vn -0.1930 -0.4265 0.8836
vn -0.6951 -0.3118 0.6478
vn -0.9783 -0.0899 0.1868
vn -0.1930 -0.2193 -0.9564
vn -0.1930 -0.4265 -0.8836
vn -0.6951 -0.3118 -0.6478
vn -0.6951 -0.1602 -0.7009
vn -0.1858 -0.8794 0.4383
vn -0.6918 -0.6501 0.3142
vn -0.9781 -0.1873 0.0903
vn -0.1930 0.2193 -0.9564
vn -0.6951 0.1602 -0.7009
vn -0.1892 -0.9557 -0.2255
vn -0.6934 -0.7024 -0.1610
vn -0.9782 -0.2024 -0.0463
vn -0.1861 0.8794 0.4383
vn -0.6920 0.6500 0.3141
vn -0.9781 0.1873 0.0903
vn -0.1861 0.8794 -0.4383
vn -0.1889 0.7625 -0.6188
vn -0.6933 0.5643 -0.4483
vn -0.6919 0.6500 -0.3142
vn -0.9781 0.1874 -0.0903
vn -0.1935 -0.6117 -0.7671
vn -0.6953 -0.4481 -0.5619
vn -0.9783 -0.1292 -0.1620
vn -0.1930 0.4265 0.8836
vn -0.6951 0.3118 0.6478
vn -0.9783 0.0899 0.1868
vn -0.1936 -0.0000 -0.9811
vn -0.6953 -0.0000 -0.7187
vn -0.1894 0.9557 -0.2255
vn -0.6935 0.7023 -0.1610
vn -0.9782 0.2025 -0.0463
vn 0.9789 0.1561 0.1319
vn 0.9780 0.2084 -0.0000
vn 0.9789 0.1561 -0.1319
vn 0.9782 0.1832 -0.0982
vn 0.9782 -0.0468 -0.2022
vn 0.9789 -0.1561 0.1319
vn 0.9782 0.1832 0.0982
vn 0.9780 -0.2084 -0.0000
vn 0.1936 -0.6117 0.7670
vn 0.1976 -0.7539 0.6266
vn 0.6990 -0.5462 0.4617
vn 0.1942 -0.4277 0.8828
vn 0.6958 -0.3138 0.6460
vn 0.1935 0.6117 0.7671
vn 0.1941 0.4277 0.8828
vn 0.6958 0.3138 0.6461
vn 0.1976 0.7539 0.6266
vn 0.6990 0.5461 0.4617
vn 0.6990 -0.5461 -0.4617
vn 0.6968 -0.6324 -0.3385
vn 0.6953 -0.1620 -0.7003
vn 0.6953 0.1620 -0.7003
vn 0.6968 -0.6324 0.3385
vn 0.1974 -0.9520 0.2341
vn 0.6961 -0.6961 0.1757
vn 0.1935 0.6117 -0.7671
vn 0.1941 0.4277 -0.8828
vn 0.6958 0.3138 -0.6461
vn 0.1974 -0.9520 -0.2341
vn 0.6961 -0.6961 -0.1757
vn 0.1975 0.9519 -0.2341
vn 0.1961 0.9806 -0.0000
vn 0.6952 0.7189 -0.0000
vn 0.6962 0.6961 -0.1757
vn -0.1935 0.6117 -0.7671
vn -0.1929 0.4265 -0.8836
vn -0.1936 -0.0000 0.9811
vn -0.1893 0.9557 0.2255
vn -0.1908 0.9816 -0.0000
vn -0.6934 0.7023 0.1610
vn -0.1889 -0.7625 0.6188
vn -0.1936 -0.6117 0.7671
vn -0.6933 -0.5643 0.4482
vn -0.9782 -0.1626 0.1292
vn -0.1935 0.6117 0.7670
vn -0.1908 -0.9816 -0.0000
vn -0.1893 -0.9557 0.2255
vn -0.6934 -0.7023 0.1610
vn -0.6940 -0.7199 -0.0000
vn -0.9782 -0.2025 0.0463
vn -0.9782 -0.2076 -0.0000
vn -0.6950 0.1602 0.7009
vn -0.1889 -0.7625 -0.6188
vn -0.1860 -0.8794 -0.4383
vn -0.6919 -0.6501 -0.3142
vn -0.6933 -0.5643 -0.4483
vn -0.9781 -0.1874 -0.0903
vn -0.6950 -0.1602 -0.7009
vn -0.1861 -0.8794 0.4382
vn -0.6920 -0.6500 0.3141
vn -0.6950 0.1602 -0.7009
vn -0.1893 -0.9557 -0.2255
vn -0.6934 -0.7023 -0.1610
vn -0.9782 -0.2025 -0.0463
vn -0.1861 0.8794 0.4382
vn -0.6919 0.6500 0.3142
vn -0.6920 0.6500 -0.3141
vn -0.9781 0.1873 -0.0903
vn -0.9782 0.2024 -0.0463
vn -0.9783 -0.0000 0.2073
vn -0.9784 -0.0904 0.1861
vn -0.9782 -0.0468 0.2022
vn -0.9789 0.1561 0.1319
vn -0.9784 0.0904 0.1861
vn -0.9782 0.2014 -0.0509
vn -0.9782 0.2014 0.0509
vn -0.9780 0.2085 -0.0000
vn -0.9789 0.1560 -0.1319
vn -0.9782 0.1831 -0.0982
vn -0.9782 0.0468 -0.2022
vn -0.9784 0.0904 -0.1861
vn -0.9782 -0.0468 -0.2021
vn -0.9789 -0.1561 -0.1319
vn -0.9784 -0.0904 -0.1861
vn -0.9782 -0.2014 -0.0509
vn -0.9782 -0.2015 0.0510
vn -0.9782 -0.1832 -0.0982
vn -0.9789 -0.1560 0.1319
vn -0.9782 -0.1832 0.0982
vn 0.9783 -0.0462 -0.2021
vn 0.9782 -0.1625 -0.1292
vn 0.9783 -0.0899 -0.1868
vn 0.9783 0.0462 -0.2021
vn 0.9782 0.1626 -0.1292
vn 0.9783 0.0899 -0.1868
vn -0.9782 0.0468 0.2022
vn -0.9782 0.1831 0.0982
vn -0.9780 -0.2084 -0.0000
vn -0.1935 -0.6117 0.7671
vn -0.6989 -0.5462 0.4617
vn -0.1975 -0.7539 0.6266
vn -0.1941 -0.4277 0.8828
vn -0.6958 -0.3139 0.6460
vn -0.6958 0.3138 0.6460
vn -0.1942 0.4277 0.8828
vn -0.1975 0.7539 0.6266
vn -0.6990 0.5462 0.4617
vn -0.2000 -0.8692 -0.4523
vn -0.6967 -0.6324 -0.3386
vn -0.6990 -0.5461 -0.4617
vn -0.1976 -0.7539 -0.6266
vn -0.1941 0.2204 0.9559
vn -0.6953 0.1620 0.7003
vn -0.6953 -0.1620 0.7003
vn -0.1941 -0.2204 0.9559
vn -0.6954 -0.4481 -0.5619
vn -0.1936 -0.6117 -0.7670
vn -0.1941 -0.2204 -0.9559
vn -0.6953 -0.1620 -0.7002
vn -0.1935 -0.0000 -0.9811
vn -0.6953 0.1620 -0.7003
vn -0.1941 0.2204 -0.9559
vn -0.6967 -0.6324 0.3385
vn -0.2000 -0.8692 0.4523
vn -0.6961 -0.6962 0.1757
vn -0.1975 -0.9520 0.2341
vn -0.6990 0.5461 -0.4616
vn -0.1976 0.7539 -0.6266
vn -0.1942 0.4277 -0.8828
vn -0.6958 0.3138 -0.6460
vn -0.6958 -0.3138 -0.6460
vn -0.1942 -0.4277 -0.8828
vn -0.1973 -0.9520 -0.2341
vn -0.6960 -0.6962 -0.1757
vn -0.6950 -0.7190 -0.0000
vn -0.1961 -0.9806 -0.0000
vn -0.1976 0.9519 -0.2341
vn -0.6962 0.6960 -0.1757
vn -0.6952 0.7188 -0.0000
vn -0.1962 0.9806 -0.0000
vn -0.6969 0.6323 -0.3385
vn -0.2001 0.8691 -0.4523
vn -0.6961 0.6961 0.1757
vn -0.1974 0.9520 0.2341
vn -0.2000 0.8692 0.4523
vn -0.6968 0.6324 0.3385
vn 0.6951 0.3118 -0.6478
vn 0.1930 0.4265 -0.8836
vn 0.1930 -0.2193 0.9564
vn 0.6951 -0.1602 0.7009
vn 0.9783 -0.0462 0.2021
vn 0.9783 -0.0000 0.2072
vn 0.1894 0.9557 0.2255
vn 0.6935 0.7022 0.1610
vn 0.6941 0.7199 -0.0000
vn 0.1908 0.9816 -0.0000
vn 0.9782 0.2025 0.0463
vn 0.9782 0.2076 -0.0000
vn 0.1888 -0.7625 0.6188
vn 0.6932 -0.5644 0.4483
vn 0.1936 -0.6117 0.7671
vn 0.9782 -0.1626 0.1292
vn 0.1936 0.6117 0.7670
vn 0.6933 0.5643 0.4482
vn 0.1889 0.7625 0.6188
vn 0.9782 0.1626 0.1292
vn 0.1907 -0.9817 -0.0000
vn 0.6940 -0.7200 -0.0000
vn 0.6934 -0.7024 0.1610
vn 0.1892 -0.9557 0.2255
vn 0.9782 -0.2075 -0.0000
vn 0.9782 -0.2024 0.0463
vn 0.6951 0.1602 0.7009
vn 0.1930 0.2193 0.9564
vn 0.9783 0.0462 0.2021
vn 0.1888 -0.7625 -0.6188
vn 0.6932 -0.5643 -0.4483
vn 0.6918 -0.6501 -0.3142
vn 0.1859 -0.8794 -0.4383
vn 0.9781 -0.1873 -0.0903
vn 0.6951 -0.3118 0.6478
vn 0.1930 -0.4265 0.8836
vn 0.9783 -0.0899 0.1868
vn 0.1930 -0.2193 -0.9564
vn 0.6951 -0.1602 -0.7009
vn 0.6951 -0.3118 -0.6478
vn 0.1930 -0.4265 -0.8836
vn 0.6918 -0.6501 0.3142
vn 0.1859 -0.8794 0.4383
vn 0.9781 -0.1873 0.0903
vn 0.6951 0.1602 -0.7009
vn 0.1930 0.2193 -0.9564
vn 0.6934 -0.7024 -0.1610
vn 0.1892 -0.9557 -0.2255
vn 0.9782 -0.2024 -0.0463
vn 0.6920 0.6500 0.3141
vn 0.1861 0.8794 0.4383
vn 0.9781 0.1873 0.0903
vn 0.1861 0.8794 -0.4383
vn 0.6919 0.6500 -0.3142
vn 0.6933 0.5643 -0.4483
vn 0.1889 0.7625 -0.6188
vn 0.9781 0.1873 -0.0903
vn 0.1935 -0.6117 -0.7671
vn 0.6951 0.3118 0.6478
vn 0.1930 0.4265 0.8836
vn 0.9783 0.0899 0.1868
vn 0.1936 -0.0000 -0.9811
vn 0.1894 0.9557 -0.2255
vn 0.6934 0.7023 -0.1610
vn 0.9782 0.2025 -0.0463
vn -0.9780 0.2084 -0.0000
vn -0.9789 0.1561 -0.1319
vn -0.9782 0.1832 -0.0982
vn -0.9782 -0.0468 -0.2022
vn -0.9783 -0.0000 -0.2073
vn -0.9782 -0.2015 -0.0510
vn -0.9789 -0.1561 0.1319
vn 0.9782 -0.1626 -0.1292
vn -0.9782 0.1832 0.0982
vn -0.9780 -0.2085 -0.0000
vn -0.6990 -0.5462 0.4617
vn -0.1976 -0.7539 0.6266
vn -0.1942 -0.4277 0.8828
vn -0.6958 -0.3138 0.6460
vn -0.1935 0.6117 0.7671
vn -0.6958 0.3138 0.6461
vn -0.1941 0.4277 0.8828
vn -0.1976 0.7539 0.6266
vn -0.6990 0.5461 0.4617
vn -0.6967 -0.6324 -0.3385
vn -0.6990 -0.5462 -0.4617
vn -0.6952 0.1620 0.7003
vn -0.6953 -0.1620 -0.7003
vn -0.6968 -0.6324 0.3385
vn -0.1974 -0.9520 0.2341
vn -0.6990 0.5461 -0.4617
vn -0.1941 0.4277 -0.8828
vn -0.6958 0.3138 -0.6461
vn -0.1974 -0.9520 -0.2341
vn -0.6951 -0.7189 -0.0000
vn -0.1975 0.9519 -0.2341
vn -0.6961 0.6961 -0.1757
vn -0.6952 0.7189 -0.0000
vn -0.1961 0.9806 -0.0000
vn -0.6968 0.6323 -0.3385
vn -0.1975 0.9519 0.2341
vn -0.2001 0.8691 0.4523
vn -0.6968 0.6323 0.3385
vn 0.1929 0.4265 -0.8836
vn 0.1936 -0.0000 0.9811
vn 0.1893 0.9557 0.2255
vn 0.6934 0.7023 0.1610
vn 0.9782 0.2024 0.0463
vn 0.1889 -0.7625 0.6188
vn 0.6933 -0.5643 0.4482
vn 0.1908 -0.9816 -0.0000
vn 0.6940 -0.7199 -0.0000
vn 0.6934 -0.7023 0.1610
vn 0.1893 -0.9557 0.2255
vn 0.9782 -0.2076 -0.0000
vn 0.6950 0.1602 0.7009
vn 0.1889 -0.7625 -0.6188
vn 0.6933 -0.5643 -0.4483
vn 0.6919 -0.6500 -0.3142
vn 0.1860 -0.8794 -0.4383
vn 0.6950 -0.1602 -0.7009
vn 0.6919 -0.6500 0.3141
vn 0.1860 -0.8794 0.4383
vn 0.6950 0.1602 -0.7009
vn 0.6934 -0.7023 -0.1610
vn 0.1893 -0.9557 -0.2255
vn 0.9782 -0.2025 -0.0463
vn 0.6919 0.6500 0.3142
vn 0.1861 0.8794 0.4382
vn 0.1860 0.8794 -0.4383
vn 0.1893 0.9557 -0.2255
vn 0.6935 0.7023 -0.1610
vn 0.9782 0.2024 -0.0463
vt 0.693728 0.537779
vt 0.710561 0.537779
vt 0.710561 0.548031
vt 0.693728 0.548031
vt 0.929384 0.537779
vt 0.946217 0.537779
vt 0.946217 0.548031
vt 0.929384 0.548031
vt 0.727393 0.537779
vt 0.727393 0.548031
vt 0.963050 0.537779
vt 0.963050 0.548031
vt 0.744226 0.537779
vt 0.744226 0.548031
vt 0.979882 0.537779
vt 0.979882 0.548031
vt 0.761059 0.537779
vt 0.761059 0.548031
vt 0.525402 0.537779
vt 0.542235 0.537779
vt 0.542235 0.548031
vt 0.525402 0.548031
vt 0.996715 0.537779
vt 0.996715 0.548031
vt 0.777891 0.537779
vt 0.777891 0.548031
vt 0.559067 0.537779
vt 0.559067 0.548031
vt 0.794724 0.537779
vt 0.794724 0.548031
vt 0.575900 0.537779
vt 0.575900 0.548031
vt 0.811556 0.537779
vt 0.811556 0.548031
vt 0.592733 0.537779
vt 0.592733 0.548031
vt 0.828389 0.537779
vt 0.828389 0.548031
vt 0.609565 0.537779
vt 0.609565 0.548031
vt 0.845222 0.537779
vt 0.845222 0.548031
vt 0.626398 0.537779
vt 0.626398 0.548031
vt 0.862054 0.537779
vt 0.862054 0.548031
vt 0.643230 0.537779
vt 0.643230 0.548031
vt 0.878887 0.537779
vt 0.878887 0.548031
vt 0.660063 0.537779
vt 0.660063 0.548031
vt 0.895719 0.537779
vt 0.895719 0.548031
vt 0.676896 0.537779
vt 0.676896 0.548031
vt 0.912552 0.537779
vt 0.912552 0.548031
vt 0.561379 0.083395
vt 0.561379 0.079276
vt 0.578097 0.079276
vt 0.578097 0.083395
vt 0.962610 0.083395
vt 0.962610 0.079276
vt 0.979328 0.079276
vt 0.979328 0.083395
vt 0.929174 0.083395
vt 0.929174 0.079276
vt 0.945892 0.079276
vt 0.945892 0.083395
vt 0.544661 0.083395
vt 0.544661 0.079276
vt 0.862302 0.083395
vt 0.862302 0.079276
vt 0.879020 0.079276
vt 0.879020 0.083395
vt 0.828866 0.083395
vt 0.828866 0.079276
vt 0.845584 0.079276
vt 0.845584 0.083395
vt 0.795430 0.083395
vt 0.795430 0.079276
vt 0.812148 0.079276
vt 0.812148 0.083395
vt 0.761994 0.083395
vt 0.761994 0.079276
vt 0.778712 0.079276
vt 0.778712 0.083395
vt 0.728558 0.083395
vt 0.728558 0.079276
vt 0.745276 0.079276
vt 0.745276 0.083395
vt 0.711840 0.083395
vt 0.711840 0.079276
vt 0.695123 0.083395
vt 0.695123 0.079276
vt 0.895738 0.083395
vt 0.895738 0.079276
vt 0.912456 0.079276
vt 0.912456 0.083395
vt 0.661687 0.083395
vt 0.661687 0.079276
vt 0.678405 0.079276
vt 0.678405 0.083395
vt 0.644969 0.083395
vt 0.644969 0.079276
vt 0.628251 0.083395
vt 0.628251 0.079276
vt 0.611533 0.083395
vt 0.611533 0.079276
vt 0.594815 0.083395
vt 0.594815 0.079276
vt 0.527943 0.083395
vt 0.527943 0.079276
vt 0.912552 0.502845
vt 0.929384 0.502845
vt 0.929384 0.513422
vt 0.912552 0.513422
vt 0.676896 0.502845
vt 0.693728 0.502845
vt 0.693728 0.513422
vt 0.676896 0.513422
vt 0.895719 0.502845
vt 0.895719 0.513422
vt 0.660063 0.502845
vt 0.660063 0.513422
vt 0.878887 0.502845
vt 0.878887 0.513422
vt 0.643230 0.502845
vt 0.643230 0.513422
vt 0.862054 0.502845
vt 0.862054 0.513422
vt 0.626398 0.502845
vt 0.626398 0.513422
vt 0.845222 0.502845
vt 0.845222 0.513422
vt 0.609565 0.502845
vt 0.609565 0.513422
vt 0.828389 0.502845
vt 0.828389 0.513422
vt 0.592733 0.502845
vt 0.592733 0.513422
vt 0.811556 0.502845
vt 0.811556 0.513422
vt 0.575900 0.502845
vt 0.575900 0.513422
vt 0.794724 0.502845
vt 0.794724 0.513422
vt 0.559067 0.502845
vt 0.559067 0.513422
vt 0.777891 0.502845
vt 0.777891 0.513422
vt 0.542235 0.502845
vt 0.542235 0.513422
vt 0.761059 0.502845
vt 0.761059 0.513422
vt 0.979882 0.502845
vt 0.996715 0.502845
vt 0.996715 0.513422
vt 0.979882 0.513422
vt 0.525402 0.502845
vt 0.525402 0.513422
vt 0.744226 0.502845
vt 0.744226 0.513422
vt 0.963050 0.502845
vt 0.963050 0.513422
vt 0.727393 0.502845
vt 0.727393 0.513422
vt 0.946217 0.502845
vt 0.946217 0.513422
vt 0.710561 0.502845
vt 0.710561 0.513422
vt 0.693728 0.493953
vt 0.710561 0.493953
vt 0.929384 0.493953
vt 0.946217 0.493953
vt 0.727393 0.493953
vt 0.963050 0.493953
vt 0.744226 0.493953
vt 0.979882 0.493953
vt 0.761059 0.493953
vt 0.525402 0.493953
vt 0.542235 0.493953
vt 0.996715 0.493953
vt 0.777891 0.493953
vt 0.559067 0.493953
vt 0.794724 0.493953
vt 0.575900 0.493953
vt 0.811556 0.493953
vt 0.592733 0.493953
vt 0.828389 0.493953
vt 0.609565 0.493953
vt 0.845222 0.493953
vt 0.626398 0.493953
vt 0.862054 0.493953
vt 0.643230 0.493953
vt 0.878887 0.493953
vt 0.660063 0.493953
vt 0.895719 0.493953
vt 0.676896 0.493953
vt 0.912552 0.493953
vt 0.929384 0.526520
vt 0.912552 0.526520
vt 0.693728 0.526520
vt 0.676896 0.526520
vt 0.895719 0.526520
vt 0.660063 0.526520
vt 0.878887 0.526520
vt 0.643230 0.526520
vt 0.862054 0.526520
vt 0.626398 0.526520
vt 0.845221 0.526520
vt 0.609565 0.526520
vt 0.828389 0.526520
vt 0.592733 0.526520
vt 0.811556 0.526520
vt 0.575900 0.526520
vt 0.794724 0.526520
vt 0.559067 0.526520
vt 0.777891 0.526520
vt 0.542235 0.526520
vt 0.761059 0.526520
vt 0.996715 0.526520
vt 0.979882 0.526520
vt 0.525402 0.526520
vt 0.744226 0.526520
vt 0.963050 0.526520
vt 0.727393 0.526520
vt 0.946217 0.526520
vt 0.710561 0.526520
vt 0.996046 0.083395
vt 0.996046 0.089053
vt 0.979328 0.089053
vt 0.962610 0.089053
vt 0.945892 0.089053
vt 0.929174 0.089053
vt 0.912456 0.089053
vt 0.895738 0.089053
vt 0.879020 0.089053
vt 0.862302 0.089053
vt 0.845584 0.089053
vt 0.828866 0.089053
vt 0.812148 0.089053
vt 0.795430 0.089053
vt 0.778712 0.089053
vt 0.761994 0.089053
vt 0.745276 0.089053
vt 0.728558 0.089053
vt 0.711840 0.089053
vt 0.695123 0.089053
vt 0.678405 0.089053
vt 0.661687 0.089053
vt 0.644969 0.089053
vt 0.628251 0.089053
vt 0.611533 0.089053
vt 0.594815 0.089053
vt 0.578097 0.089053
vt 0.561379 0.089053
vt 0.544661 0.089053
vt 0.527943 0.089053
vt 0.401900 0.143402
vt 0.388557 0.024975
vt 0.506984 0.038319
vt 0.979882 0.099656
vt 0.996715 0.099656
vt 0.525402 0.099656
vt 0.542235 0.099656
vt 0.559067 0.099656
vt 0.575900 0.099656
vt 0.592733 0.099656
vt 0.609565 0.099656
vt 0.626398 0.099656
vt 0.643230 0.099656
vt 0.660063 0.099656
vt 0.676896 0.099656
vt 0.693728 0.099656
vt 0.710561 0.099656
vt 0.727393 0.099656
vt 0.744226 0.099656
vt 0.761059 0.099656
vt 0.777891 0.099656
vt 0.794724 0.099656
vt 0.811556 0.099656
vt 0.828389 0.099656
vt 0.845222 0.099656
vt 0.862054 0.099656
vt 0.878887 0.099656
vt 0.895719 0.099656
vt 0.912552 0.099656
vt 0.929384 0.099656
vt 0.946217 0.099656
vt 0.963050 0.099656
vt 0.895719 0.560186
vt 0.878887 0.560186
vt 0.676896 0.560186
vt 0.660063 0.560186
vt 0.912552 0.560186
vt 0.693728 0.560186
vt 0.929384 0.560186
vt 0.710561 0.560186
vt 0.946217 0.560186
vt 0.727393 0.560186
vt 0.963050 0.560186
vt 0.744226 0.560186
vt 0.979882 0.560186
vt 0.761059 0.560186
vt 0.542235 0.560186
vt 0.525402 0.560186
vt 0.996715 0.560186
vt 0.777891 0.560186
vt 0.559067 0.560186
vt 0.794724 0.560186
vt 0.575900 0.560186
vt 0.811556 0.560186
vt 0.592733 0.560186
vt 0.828389 0.560186
vt 0.609565 0.560186
vt 0.845221 0.560186
vt 0.626398 0.560186
vt 0.862054 0.560186
vt 0.643230 0.560186
vt 0.496995 0.299687
vt 0.496995 0.304148
vt 0.495118 0.304148
vt 0.495118 0.299687
vt 0.496995 0.241694
vt 0.496995 0.246155
vt 0.495117 0.246155
vt 0.495117 0.241694
vt 0.496995 0.308609
vt 0.495118 0.308609
vt 0.496995 0.250616
vt 0.495117 0.250616
vt 0.496995 0.313070
vt 0.495118 0.313070
vt 0.496995 0.255077
vt 0.495117 0.255077
vt 0.496994 0.192622
vt 0.496994 0.197083
vt 0.495117 0.197083
vt 0.495117 0.192622
vt 0.496995 0.317531
vt 0.495118 0.317531
vt 0.496995 0.259538
vt 0.495117 0.259538
vt 0.496994 0.201545
vt 0.495117 0.201545
vt 0.496995 0.263999
vt 0.495117 0.263999
vt 0.496994 0.206006
vt 0.495117 0.206006
vt 0.496995 0.268460
vt 0.495117 0.268460
vt 0.496994 0.210466
vt 0.495117 0.210466
vt 0.496995 0.272921
vt 0.495117 0.272921
vt 0.496994 0.214928
vt 0.495117 0.214928
vt 0.496995 0.277382
vt 0.495117 0.277382
vt 0.496994 0.219389
vt 0.495117 0.219389
vt 0.496995 0.281843
vt 0.495117 0.281843
vt 0.496995 0.223850
vt 0.495117 0.223850
vt 0.496995 0.286304
vt 0.495118 0.286304
vt 0.496994 0.228311
vt 0.495117 0.228311
vt 0.496995 0.290765
vt 0.495118 0.290765
vt 0.496994 0.232772
vt 0.495117 0.232772
vt 0.496995 0.295226
vt 0.495118 0.295226
vt 0.496995 0.237233
vt 0.495117 0.237233
vt 0.494127 0.232772
vt 0.494127 0.228311
vt 0.494127 0.295226
vt 0.494127 0.290765
vt 0.494127 0.237233
vt 0.494127 0.299687
vt 0.494127 0.241694
vt 0.494127 0.304148
vt 0.494127 0.246155
vt 0.494127 0.308609
vt 0.494127 0.250616
vt 0.494127 0.313070
vt 0.494127 0.255077
vt 0.494126 0.197083
vt 0.494126 0.192622
vt 0.494127 0.317531
vt 0.494127 0.259538
vt 0.494126 0.201545
vt 0.494127 0.263999
vt 0.494127 0.206006
vt 0.494127 0.268460
vt 0.494127 0.210466
vt 0.494127 0.272921
vt 0.494127 0.214928
vt 0.494127 0.277382
vt 0.494127 0.219389
vt 0.494127 0.281843
vt 0.494127 0.223850
vt 0.494127 0.286304
vt 0.497718 0.183259
vt 0.480569 0.155967
vt 0.510993 0.145322
vt 0.514078 0.197083
vt 0.514078 0.192622
vt 0.516920 0.192622
vt 0.516920 0.197083
vt 0.514078 0.201544
vt 0.516920 0.201544
vt 0.514078 0.206005
vt 0.516920 0.206005
vt 0.514078 0.210466
vt 0.516920 0.210466
vt 0.514078 0.214927
vt 0.516920 0.214927
vt 0.514078 0.219388
vt 0.516920 0.219389
vt 0.514078 0.223850
vt 0.516920 0.223850
vt 0.514078 0.228310
vt 0.516920 0.228310
vt 0.514078 0.232772
vt 0.516920 0.232772
vt 0.514078 0.237233
vt 0.516920 0.237233
vt 0.514078 0.241694
vt 0.516920 0.241694
vt 0.514078 0.246155
vt 0.516921 0.246155
vt 0.514078 0.250616
vt 0.516921 0.250616
vt 0.514078 0.255077
vt 0.516921 0.255077
vt 0.514078 0.259538
vt 0.516921 0.259538
vt 0.514078 0.263999
vt 0.516921 0.263999
vt 0.514078 0.268460
vt 0.516921 0.268460
vt 0.514078 0.272921
vt 0.516921 0.272921
vt 0.514078 0.277382
vt 0.516921 0.277382
vt 0.514078 0.281843
vt 0.516921 0.281843
vt 0.514078 0.286304
vt 0.516921 0.286304
vt 0.514078 0.290765
vt 0.516921 0.290765
vt 0.514078 0.295226
vt 0.516921 0.295226
vt 0.514078 0.299687
vt 0.516921 0.299687
vt 0.514078 0.304148
vt 0.516921 0.304148
vt 0.514079 0.308609
vt 0.516921 0.308609
vt 0.514079 0.313070
vt 0.516921 0.313070
vt 0.514079 0.317531
vt 0.516921 0.317531
vt 0.996715 0.569620
vt 0.979882 0.569620
vt 0.542235 0.569620
vt 0.525402 0.569620
vt 0.559067 0.569620
vt 0.575900 0.569620
vt 0.592733 0.569620
vt 0.609565 0.569620
vt 0.626398 0.569620
vt 0.643230 0.569620
vt 0.660063 0.569620
vt 0.676896 0.569620
vt 0.693728 0.569620
vt 0.710561 0.569620
vt 0.727393 0.569620
vt 0.744226 0.569620
vt 0.761059 0.569620
vt 0.777891 0.569620
vt 0.794724 0.569620
vt 0.811556 0.569620
vt 0.828389 0.569620
vt 0.845222 0.569620
vt 0.862054 0.569620
vt 0.878887 0.569620
vt 0.895719 0.569620
vt 0.912552 0.569620
vt 0.929384 0.569620
vt 0.946217 0.569620
vt 0.963050 0.569620
vt 0.996046 0.079276
vt 0.544661 0.007822
vt 0.561379 0.007822
vt 0.561379 0.009904
vt 0.544661 0.009904
vt 0.578097 0.007822
vt 0.578097 0.009904
vt 0.594815 0.007822
vt 0.594815 0.009904
vt 0.611533 0.007822
vt 0.611533 0.009904
vt 0.628251 0.007822
vt 0.628251 0.009904
vt 0.644969 0.007822
vt 0.644969 0.009904
vt 0.661687 0.007822
vt 0.661687 0.009904
vt 0.678405 0.007822
vt 0.678405 0.009904
vt 0.695123 0.007822
vt 0.695123 0.009904
vt 0.711840 0.007822
vt 0.711840 0.009904
vt 0.728558 0.007822
vt 0.728558 0.009904
vt 0.745276 0.007822
vt 0.745276 0.009904
vt 0.761994 0.007822
vt 0.761994 0.009904
vt 0.778712 0.007822
vt 0.778712 0.009904
vt 0.795430 0.007822
vt 0.795430 0.009904
vt 0.812148 0.007822
vt 0.812148 0.009904
vt 0.828866 0.007822
vt 0.828866 0.009904
vt 0.845584 0.007822
vt 0.845584 0.009904
vt 0.862302 0.007822
vt 0.862302 0.009904
vt 0.879020 0.007822
vt 0.879020 0.009904
vt 0.895738 0.007822
vt 0.895738 0.009904
vt 0.912456 0.007822
vt 0.912456 0.009904
vt 0.929174 0.007822
vt 0.929174 0.009904
vt 0.945892 0.007822
vt 0.945892 0.009904
vt 0.962610 0.007822
vt 0.962610 0.009904
vt 0.979328 0.007822
vt 0.979328 0.009904
vt 0.996046 0.007822
vt 0.996046 0.009904
vt 0.527943 0.007822
vt 0.527943 0.009904
vt 0.527943 0.005751
vt 0.544661 0.005751
vt 0.561379 0.005751
vt 0.979328 0.005751
vt 0.996046 0.005751
vt 0.962610 0.005751
vt 0.945892 0.005751
vt 0.929174 0.005751
vt 0.912456 0.005751
vt 0.895738 0.005751
vt 0.879020 0.005751
vt 0.862302 0.005751
vt 0.845584 0.005751
vt 0.828866 0.005751
vt 0.812148 0.005751
vt 0.795430 0.005751
vt 0.778712 0.005751
vt 0.761994 0.005751
vt 0.745276 0.005751
vt 0.728558 0.005751
vt 0.711840 0.005751
vt 0.695123 0.005751
vt 0.678405 0.005751
vt 0.661687 0.005751
vt 0.644969 0.005751
vt 0.628251 0.005751
vt 0.611533 0.005751
vt 0.594815 0.005751
vt 0.578097 0.005751
vt 0.514389 0.104041
vt 0.506984 0.119418
vt 0.496343 0.132761
vt 0.483000 0.143402
vt 0.467623 0.150808
vt 0.450983 0.154605
vt 0.433916 0.154605
vt 0.417277 0.150807
vt 0.388557 0.132761
vt 0.377916 0.119418
vt 0.370511 0.104041
vt 0.366713 0.087401
vt 0.366713 0.070334
vt 0.370511 0.053695
vt 0.377916 0.038318
vt 0.401901 0.014334
vt 0.417277 0.006929
vt 0.433917 0.003131
vt 0.450984 0.003131
vt 0.467623 0.006929
vt 0.483000 0.014334
vt 0.496343 0.024975
vt 0.514390 0.053695
vt 0.518187 0.070335
vt 0.518187 0.087402
vt 0.493217 0.182232
vt 0.489058 0.180229
vt 0.485450 0.177351
vt 0.482572 0.173743
vt 0.480569 0.169584
vt 0.479542 0.165083
vt 0.479542 0.160468
vt 0.482572 0.151809
vt 0.493218 0.143319
vt 0.485450 0.148200
vt 0.489059 0.145322
vt 0.497718 0.142292
vt 0.502334 0.142292
vt 0.506834 0.143319
vt 0.514602 0.148200
vt 0.517480 0.151809
vt 0.519482 0.155968
vt 0.520510 0.160468
vt 0.520509 0.165084
vt 0.514601 0.177352
vt 0.519482 0.169584
vt 0.517479 0.173743
vt 0.510993 0.180230
vt 0.506834 0.182232
vt 0.502333 0.183259
vt 0.177561 0.821209
vt 0.177561 0.815925
vt 0.183018 0.815826
vt 0.183018 0.821101
vt 0.177561 0.757798
vt 0.177561 0.752513
vt 0.183018 0.752529
vt 0.183018 0.757804
vt 0.177561 0.805356
vt 0.177561 0.800072
vt 0.183018 0.800002
vt 0.183018 0.805277
vt 0.177561 0.794788
vt 0.177561 0.789503
vt 0.183018 0.789452
vt 0.183018 0.794727
vt 0.177561 0.784219
vt 0.183018 0.784178
vt 0.177561 0.778935
vt 0.177561 0.773650
vt 0.183018 0.773628
vt 0.183018 0.778903
vt 0.177561 0.842346
vt 0.177561 0.837062
vt 0.183018 0.836926
vt 0.183018 0.841673
vt 0.177561 0.763082
vt 0.183018 0.763078
vt 0.177561 0.826493
vt 0.183018 0.826376
vt 0.177561 0.810640
vt 0.183018 0.810552
vt 0.177561 0.768366
vt 0.183018 0.768353
vt 0.177561 0.747229
vt 0.183018 0.747782
vt 0.177561 0.831777
vt 0.183018 0.831651
vt 0.188039 0.815292
vt 0.188039 0.820449
vt 0.188039 0.753408
vt 0.188039 0.758565
vt 0.188039 0.799821
vt 0.188039 0.804978
vt 0.188039 0.789507
vt 0.188039 0.794664
vt 0.188039 0.784350
vt 0.188039 0.774036
vt 0.188039 0.779193
vt 0.188039 0.835920
vt 0.188039 0.841077
vt 0.188039 0.763722
vt 0.188039 0.825606
vt 0.188039 0.810135
vt 0.188039 0.768879
vt 0.188039 0.748251
vt 0.188039 0.830763
vt 0.211163 0.892356
vt 0.211163 0.887313
vt 0.211895 0.887313
vt 0.211895 0.892356
vt 0.167362 0.850737
vt 0.164562 0.853473
vt 0.163929 0.853140
vt 0.166750 0.850269
vt 0.170923 0.847359
vt 0.171831 0.847694
vt 0.211895 0.896368
vt 0.211163 0.896368
vt 0.194098 0.845591
vt 0.197624 0.848164
vt 0.197072 0.848549
vt 0.193302 0.845893
vt 0.211895 0.914037
vt 0.211895 0.918048
vt 0.211163 0.918048
vt 0.211163 0.914037
vt 0.199940 0.850949
vt 0.199325 0.851212
vt 0.211895 0.921991
vt 0.211163 0.921991
vt 0.163809 0.736894
vt 0.160717 0.732631
vt 0.161346 0.732407
vt 0.164427 0.736565
vt 0.211895 0.981585
vt 0.211895 0.986808
vt 0.211163 0.986808
vt 0.211163 0.981585
vt 0.183018 0.842491
vt 0.188039 0.842339
vt 0.188039 0.843209
vt 0.183018 0.843340
vt 0.211895 0.905640
vt 0.211895 0.909755
vt 0.211163 0.909755
vt 0.211163 0.905640
vt 0.211163 0.901638
vt 0.211895 0.901638
vt 0.177561 0.844467
vt 0.177561 0.843595
vt 0.211163 0.976541
vt 0.211895 0.976541
vt 0.167197 0.739190
vt 0.166607 0.739663
vt 0.183018 0.746963
vt 0.177561 0.745980
vt 0.177561 0.745108
vt 0.183018 0.746114
vt 0.211895 0.963258
vt 0.211895 0.967260
vt 0.211163 0.967260
vt 0.211163 0.963258
vt 0.211163 0.959143
vt 0.211895 0.959143
vt 0.188039 0.746119
vt 0.188039 0.746989
vt 0.160775 0.857472
vt 0.161407 0.857705
vt 0.211895 0.882090
vt 0.211163 0.882090
vt 0.158930 0.861921
vt 0.159571 0.862048
vt 0.211895 0.876920
vt 0.211163 0.876920
vt 0.199924 0.738311
vt 0.197605 0.741111
vt 0.197050 0.740727
vt 0.199306 0.738047
vt 0.211895 0.946907
vt 0.211895 0.950850
vt 0.211163 0.950850
vt 0.211163 0.946907
vt 0.211163 0.954861
vt 0.211895 0.954861
vt 0.193283 0.743408
vt 0.194081 0.743706
vt 0.170802 0.742418
vt 0.171696 0.742058
vt 0.211895 0.972530
vt 0.211163 0.972530
vt 0.158961 0.728149
vt 0.159615 0.728026
vt 0.211895 0.991978
vt 0.211163 0.991978
vt 0.211163 0.871782
vt 0.211895 0.871782
vt 0.158935 0.866435
vt 0.158291 0.866435
vt 0.205076 0.724315
vt 0.204384 0.729065
vt 0.203716 0.728946
vt 0.204421 0.724315
vt 0.211895 0.934449
vt 0.211895 0.938551
vt 0.211163 0.938551
vt 0.211163 0.934449
vt 0.202713 0.733790
vt 0.202061 0.733595
vt 0.211895 0.942693
vt 0.211163 0.942693
vt 0.211163 0.997116
vt 0.211895 0.997116
vt 0.158965 0.723463
vt 0.158318 0.723463
vt 0.204381 0.860178
vt 0.205056 0.864936
vt 0.204397 0.864936
vt 0.203713 0.860295
vt 0.211895 0.930347
vt 0.211163 0.930347
vt 0.211163 0.926205
vt 0.211895 0.926205
vt 0.202071 0.855650
vt 0.202721 0.855457
vt 0.157224 0.733183
vt 0.157360 0.738160
vt 0.156163 0.738418
vt 0.156073 0.733389
vt 0.154963 0.738640
vt 0.154918 0.733564
vt 0.153828 0.738803
vt 0.153828 0.733689
vt 0.157619 0.841332
vt 0.157545 0.846562
vt 0.156285 0.846431
vt 0.156331 0.841246
vt 0.155030 0.846305
vt 0.155037 0.841156
vt 0.153828 0.846179
vt 0.153828 0.841066
vt 0.157568 0.748678
vt 0.157650 0.753839
vt 0.156351 0.753944
vt 0.156301 0.748797
vt 0.155058 0.754043
vt 0.155032 0.748913
vt 0.153828 0.754142
vt 0.153828 0.749029
vt 0.157259 0.856895
vt 0.157156 0.861747
vt 0.156026 0.861643
vt 0.156097 0.856693
vt 0.154894 0.861562
vt 0.154930 0.856524
vt 0.153828 0.861518
vt 0.153828 0.856405
vt 0.157713 0.764136
vt 0.157720 0.769274
vt 0.156396 0.769343
vt 0.156394 0.764214
vt 0.155072 0.769410
vt 0.155079 0.764286
vt 0.153828 0.769482
vt 0.153828 0.764368
vt 0.157167 0.728312
vt 0.156031 0.728420
vt 0.154895 0.728513
vt 0.153828 0.728576
vt 0.157725 0.805279
vt 0.157737 0.810423
vt 0.156415 0.810415
vt 0.156399 0.805281
vt 0.155096 0.810398
vt 0.155074 0.805275
vt 0.153828 0.810387
vt 0.153828 0.805273
vt 0.157733 0.779562
vt 0.157738 0.784706
vt 0.156411 0.784742
vt 0.156409 0.779609
vt 0.155076 0.784782
vt 0.155097 0.779659
vt 0.153828 0.784821
vt 0.153828 0.779708
vt 0.157484 0.743473
vt 0.156241 0.743626
vt 0.155002 0.743772
vt 0.153828 0.743915
vt 0.157732 0.820720
vt 0.157727 0.825864
vt 0.156409 0.825816
vt 0.156408 0.820683
vt 0.155092 0.825774
vt 0.155074 0.820648
vt 0.153828 0.825726
vt 0.153828 0.820613
vt 0.157702 0.758989
vt 0.156393 0.759079
vt 0.155085 0.759165
vt 0.153828 0.759255
vt 0.157668 0.836150
vt 0.156364 0.836087
vt 0.155074 0.836020
vt 0.153828 0.835953
vt 0.157739 0.774413
vt 0.156416 0.774474
vt 0.155085 0.774536
vt 0.153828 0.774594
vt 0.157410 0.851897
vt 0.156196 0.851651
vt 0.154980 0.851442
vt 0.153828 0.851292
vt 0.157736 0.789850
vt 0.156411 0.789876
vt 0.155087 0.789910
vt 0.153828 0.789934
vt 0.157167 0.723463
vt 0.156065 0.723463
vt 0.154936 0.723463
vt 0.153828 0.723463
vt 0.157740 0.795000
vt 0.156417 0.795012
vt 0.155097 0.795032
vt 0.153828 0.795047
vt 0.157725 0.800145
vt 0.156401 0.800149
vt 0.155087 0.800152
vt 0.153828 0.800160
vt 0.157730 0.815575
vt 0.156406 0.815550
vt 0.155084 0.815520
vt 0.153828 0.815500
vt 0.157695 0.831003
vt 0.156380 0.830949
vt 0.155065 0.830897
vt 0.153828 0.830839
vt 0.157147 0.866435
vt 0.156052 0.866435
vt 0.154929 0.866435
vt 0.153828 0.866435
vt 0.098347 0.959470
vt 0.098347 0.967058
vt 0.097171 0.967058
vt 0.097171 0.959470
vt 0.097171 0.974320
vt 0.098347 0.974320
vt 0.098347 0.981840
vt 0.097171 0.981840
vt 0.098347 0.989285
vt 0.097171 0.989285
vt 0.097171 0.996682
vt 0.098347 0.996682
vt 0.098347 0.761198
vt 0.098347 0.768596
vt 0.097171 0.768596
vt 0.097171 0.761198
vt 0.098347 0.776040
vt 0.097171 0.776040
vt 0.097171 0.783560
vt 0.098347 0.783560
vt 0.098347 0.790822
vt 0.097171 0.790822
vt 0.098347 0.798410
vt 0.097171 0.798410
vt 0.097171 0.807314
vt 0.098347 0.807314
vt 0.098347 0.816267
vt 0.097171 0.816267
vt 0.098347 0.825220
vt 0.097171 0.825220
vt 0.097171 0.834174
vt 0.098347 0.834174
vt 0.098347 0.843127
vt 0.097171 0.843127
vt 0.098347 0.852080
vt 0.097171 0.852080
vt 0.098347 0.861033
vt 0.097171 0.861033
vt 0.098347 0.869987
vt 0.097171 0.869987
vt 0.097171 0.878940
vt 0.098347 0.878940
vt 0.098347 0.887893
vt 0.097171 0.887893
vt 0.097171 0.896847
vt 0.098347 0.896847
vt 0.098347 0.905800
vt 0.097171 0.905800
vt 0.098347 0.914753
vt 0.097171 0.914753
vt 0.097171 0.923706
vt 0.098347 0.923706
vt 0.098347 0.932660
vt 0.097171 0.932660
vt 0.098347 0.941613
vt 0.097171 0.941613
vt 0.097171 0.950566
vt 0.098347 0.950566
vt 0.295413 0.923748
vt 0.361587 0.931203
vt 0.339594 0.994059
vt 0.121302 0.776040
vt 0.121302 0.783560
vt 0.119051 0.783560
vt 0.119051 0.776040
vt 0.116810 0.783560
vt 0.116810 0.776040
vt 0.121302 0.959470
vt 0.121302 0.967058
vt 0.119051 0.967058
vt 0.119051 0.959470
vt 0.116810 0.967058
vt 0.116810 0.959470
vt 0.121302 0.798410
vt 0.121302 0.807314
vt 0.119051 0.807314
vt 0.119051 0.798410
vt 0.116810 0.807314
vt 0.116810 0.798410
vt 0.121302 0.981840
vt 0.121302 0.989285
vt 0.119051 0.989285
vt 0.119051 0.981840
vt 0.116810 0.989285
vt 0.116810 0.981840
vt 0.121302 0.825220
vt 0.121302 0.834174
vt 0.119051 0.834174
vt 0.119051 0.825220
vt 0.116810 0.834174
vt 0.116810 0.825220
vt 0.121302 0.768596
vt 0.119051 0.768596
vt 0.116810 0.768596
vt 0.121302 0.896847
vt 0.121302 0.905800
vt 0.119051 0.905800
vt 0.119051 0.896847
vt 0.116810 0.905800
vt 0.116810 0.896847
vt 0.121302 0.852080
vt 0.121302 0.861033
vt 0.119051 0.861033
vt 0.119051 0.852080
vt 0.116810 0.861033
vt 0.116810 0.852080
vt 0.121302 0.790822
vt 0.119051 0.790822
vt 0.116810 0.790822
vt 0.121302 0.923706
vt 0.121302 0.932660
vt 0.119051 0.932660
vt 0.119051 0.923706
vt 0.116810 0.932660
vt 0.116810 0.923707
vt 0.121302 0.816267
vt 0.119051 0.816267
vt 0.116810 0.816267
vt 0.121302 0.950566
vt 0.119051 0.950566
vt 0.116810 0.950566
vt 0.121302 0.843127
vt 0.119051 0.843127
vt 0.116810 0.843127
vt 0.121302 0.974320
vt 0.119051 0.974320
vt 0.116810 0.974320
vt 0.121302 0.869987
vt 0.119051 0.869987
vt 0.116810 0.869987
vt 0.121302 0.761198
vt 0.119051 0.761198
vt 0.116810 0.761198
vt 0.121302 0.878940
vt 0.119051 0.878940
vt 0.116810 0.878940
vt 0.121302 0.887893
vt 0.119051 0.887893
vt 0.116810 0.887893
vt 0.121302 0.914753
vt 0.119051 0.914753
vt 0.116810 0.914753
vt 0.121302 0.941613
vt 0.119051 0.941613
vt 0.116810 0.941613
vt 0.121302 0.996682
vt 0.119051 0.996682
vt 0.116810 0.996682
vt 0.135760 0.878940
vt 0.135760 0.887893
vt 0.135760 0.896847
vt 0.135760 0.905800
vt 0.135760 0.914753
vt 0.135760 0.923706
vt 0.135760 0.932660
vt 0.135760 0.941613
vt 0.135760 0.950566
vt 0.135760 0.959470
vt 0.135760 0.967058
vt 0.135760 0.974320
vt 0.135760 0.981840
vt 0.135760 0.989285
vt 0.135760 0.996682
vt 0.135760 0.761198
vt 0.135760 0.768596
vt 0.135760 0.776040
vt 0.135760 0.783560
vt 0.135760 0.790822
vt 0.135760 0.798410
vt 0.135760 0.807314
vt 0.135760 0.816267
vt 0.135760 0.825220
vt 0.135760 0.834174
vt 0.135760 0.843127
vt 0.135760 0.852080
vt 0.135760 0.861033
vt 0.135760 0.869987
vt 0.210162 0.769555
vt 0.210162 0.774581
vt 0.208452 0.774535
vt 0.208452 0.769513
vt 0.210162 0.829874
vt 0.210162 0.834901
vt 0.208452 0.834807
vt 0.208452 0.829785
vt 0.208452 0.799649
vt 0.208452 0.794626
vt 0.210162 0.794688
vt 0.210162 0.799714
vt 0.210162 0.844954
vt 0.210162 0.849981
vt 0.208452 0.849990
vt 0.208452 0.844852
vt 0.210162 0.809768
vt 0.210162 0.814794
vt 0.208452 0.814717
vt 0.208452 0.809694
vt 0.210162 0.860034
vt 0.210162 0.864936
vt 0.208452 0.864936
vt 0.208452 0.859972
vt 0.210162 0.824848
vt 0.208452 0.824762
vt 0.210162 0.734368
vt 0.210162 0.739395
vt 0.208452 0.739261
vt 0.208452 0.734262
vt 0.210162 0.839927
vt 0.208452 0.839830
vt 0.210162 0.749448
vt 0.210162 0.754475
vt 0.208452 0.754445
vt 0.208452 0.749422
vt 0.210162 0.855007
vt 0.208452 0.854990
vt 0.210162 0.764528
vt 0.208452 0.764490
vt 0.210162 0.729342
vt 0.208452 0.729279
vt 0.210162 0.804741
vt 0.208452 0.804671
vt 0.210162 0.779608
vt 0.210162 0.784635
vt 0.208452 0.784581
vt 0.208452 0.779558
vt 0.210162 0.744422
vt 0.208452 0.744399
vt 0.210162 0.819821
vt 0.208452 0.819739
vt 0.210162 0.759502
vt 0.208452 0.759467
vt 0.210162 0.789661
vt 0.208452 0.789603
vt 0.210162 0.724315
vt 0.208452 0.724315
vt 0.239193 0.940921
vt 0.237021 0.921646
vt 0.270011 0.910102
vt 0.176599 0.954861
vt 0.176599 0.950850
vt 0.177442 0.950850
vt 0.177442 0.954861
vt 0.176599 0.905640
vt 0.176599 0.901638
vt 0.177442 0.901638
vt 0.177442 0.905640
vt 0.177442 0.930347
vt 0.177442 0.934449
vt 0.176599 0.934449
vt 0.176599 0.930347
vt 0.176599 0.892356
vt 0.176599 0.887313
vt 0.177442 0.887313
vt 0.177442 0.892356
vt 0.176599 0.921991
vt 0.176599 0.918048
vt 0.177442 0.918048
vt 0.177442 0.921991
vt 0.176599 0.876920
vt 0.176599 0.871782
vt 0.177442 0.871782
vt 0.177442 0.876920
vt 0.176599 0.909755
vt 0.177442 0.909755
vt 0.176599 0.986808
vt 0.176599 0.981585
vt 0.177442 0.981585
vt 0.177442 0.986808
vt 0.176599 0.896368
vt 0.177442 0.896368
vt 0.176599 0.972530
vt 0.176599 0.967260
vt 0.177442 0.967260
vt 0.177442 0.972530
vt 0.176599 0.882090
vt 0.177442 0.882090
vt 0.176599 0.959143
vt 0.177442 0.959142
vt 0.176599 0.991978
vt 0.177442 0.991978
vt 0.176599 0.926205
vt 0.177442 0.926205
vt 0.176599 0.946907
vt 0.176599 0.942693
vt 0.177442 0.942693
vt 0.177442 0.946907
vt 0.176599 0.976541
vt 0.177442 0.976541
vt 0.176599 0.914037
vt 0.177442 0.914037
vt 0.176599 0.963258
vt 0.177442 0.963258
vt 0.176599 0.938551
vt 0.177442 0.938551
vt 0.176599 0.997116
vt 0.177442 0.997116
vt 0.254068 0.961765
vt 0.257874 0.962633
vt 0.261391 0.964327
vt 0.246357 0.962633
vt 0.250163 0.961765
vt 0.239787 0.966762
vt 0.237353 0.969814
vt 0.234791 0.981042
vt 0.234791 0.977137
vt 0.235659 0.973332
vt 0.242840 0.993852
vt 0.239788 0.991418
vt 0.237353 0.988366
vt 0.254068 0.996414
vt 0.250163 0.996414
vt 0.264444 0.991418
vt 0.261391 0.993852
vt 0.257874 0.995546
vt 0.268572 0.984848
vt 0.266878 0.988365
vt 0.266878 0.969814
vt 0.269440 0.977137
vt 0.269440 0.981042
vt 0.268572 0.973331
vt 0.264443 0.966761
vt 0.242840 0.964327
vt 0.235659 0.984848
vt 0.246358 0.995546
vt 0.228972 0.954781
vt 0.228972 0.950729
vt 0.229736 0.950729
vt 0.229736 0.954781
vt 0.228972 0.972636
vt 0.228972 0.967311
vt 0.229736 0.967311
vt 0.229736 0.972636
vt 0.228972 0.895673
vt 0.228972 0.891619
vt 0.229736 0.891619
vt 0.229736 0.895673
vt 0.228972 0.881245
vt 0.228972 0.876020
vt 0.229736 0.876020
vt 0.229736 0.881245
vt 0.228972 0.963267
vt 0.229736 0.963267
vt 0.228972 0.913528
vt 0.228972 0.909201
vt 0.229736 0.909201
vt 0.229736 0.913528
vt 0.228972 0.946743
vt 0.229736 0.946743
vt 0.228972 0.900999
vt 0.229736 0.900999
vt 0.228972 0.992289
vt 0.228972 0.987065
vt 0.229736 0.987065
vt 0.229736 0.992289
vt 0.228972 0.959108
vt 0.229736 0.959108
vt 0.228972 0.921566
vt 0.228972 0.917581
vt 0.229736 0.917581
vt 0.229736 0.921566
vt 0.228972 0.905042
vt 0.229736 0.905042
vt 0.228972 0.870828
vt 0.229736 0.870828
vt 0.228972 0.997481
vt 0.229736 0.997481
vt 0.228972 0.942485
vt 0.229736 0.942485
vt 0.228972 0.925824
vt 0.229736 0.925824
vt 0.228972 0.981787
vt 0.229736 0.981787
vt 0.229736 0.930009
vt 0.229736 0.934155
vt 0.228972 0.934155
vt 0.228972 0.930010
vt 0.228972 0.886523
vt 0.229736 0.886522
vt 0.228972 0.976690
vt 0.229736 0.976690
vt 0.228972 0.938300
vt 0.229736 0.938300
vt 0.230253 0.950729
vt 0.230253 0.954781
vt 0.230253 0.959108
vt 0.230253 0.946743
vt 0.230253 0.972636
vt 0.230253 0.976690
vt 0.230253 0.967311
vt 0.230253 0.963267
vt 0.230253 0.891619
vt 0.230253 0.895673
vt 0.230253 0.900999
vt 0.230253 0.886523
vt 0.230253 0.876020
vt 0.230253 0.881245
vt 0.230253 0.870828
vt 0.230253 0.913528
vt 0.230253 0.917581
vt 0.230253 0.909201
vt 0.230253 0.905042
vt 0.230253 0.942485
vt 0.230253 0.987065
vt 0.230253 0.992289
vt 0.230253 0.997481
vt 0.230253 0.981787
vt 0.230253 0.921566
vt 0.230253 0.925824
vt 0.230253 0.938300
vt 0.230253 0.930010
vt 0.230253 0.934155
vt 0.216505 0.954781
vt 0.216505 0.950729
vt 0.217193 0.950729
vt 0.217193 0.954781
vt 0.216505 0.972636
vt 0.216505 0.967311
vt 0.217193 0.967311
vt 0.217193 0.972636
vt 0.216505 0.895673
vt 0.216505 0.891619
vt 0.217193 0.891619
vt 0.217193 0.895673
vt 0.216505 0.881245
vt 0.216505 0.876020
vt 0.217193 0.876020
vt 0.217193 0.881245
vt 0.216505 0.963267
vt 0.217193 0.963267
vt 0.216505 0.913528
vt 0.216505 0.909201
vt 0.217193 0.909201
vt 0.217193 0.913528
vt 0.216505 0.946743
vt 0.217193 0.946743
vt 0.216505 0.900999
vt 0.217193 0.900999
vt 0.216505 0.992289
vt 0.216505 0.987065
vt 0.217193 0.987065
vt 0.217193 0.992289
vt 0.216505 0.959108
vt 0.217193 0.959108
vt 0.216505 0.921566
vt 0.216505 0.917581
vt 0.217193 0.917581
vt 0.217193 0.921566
vt 0.216505 0.905042
vt 0.217193 0.905042
vt 0.216505 0.870828
vt 0.217193 0.870828
vt 0.216505 0.997481
vt 0.217193 0.997481
vt 0.216505 0.942485
vt 0.217193 0.942485
vt 0.216505 0.925824
vt 0.217193 0.925824
vt 0.216505 0.981787
vt 0.217193 0.981787
vt 0.217193 0.930009
vt 0.217193 0.934155
vt 0.216505 0.934155
vt 0.216505 0.930010
vt 0.216505 0.886522
vt 0.217193 0.886522
vt 0.216505 0.976690
vt 0.217193 0.976690
vt 0.216505 0.938300
vt 0.217193 0.938300
vt 0.215921 0.959108
vt 0.215921 0.954781
vt 0.215921 0.950729
vt 0.215921 0.946743
vt 0.215921 0.976690
vt 0.215921 0.972636
vt 0.215921 0.967311
vt 0.215921 0.963267
vt 0.215921 0.900999
vt 0.215921 0.895673
vt 0.215921 0.891619
vt 0.215921 0.886523
vt 0.215921 0.881245
vt 0.215921 0.876020
vt 0.215921 0.870828
vt 0.215921 0.913528
vt 0.215921 0.909201
vt 0.215921 0.917581
vt 0.215921 0.905042
vt 0.215921 0.942485
vt 0.215921 0.997481
vt 0.215921 0.992289
vt 0.215921 0.987065
vt 0.215921 0.981787
vt 0.215921 0.925824
vt 0.215921 0.921566
vt 0.215921 0.938300
vt 0.215921 0.930010
vt 0.215921 0.934155
vt 0.174432 0.896368
vt 0.174432 0.892356
vt 0.175415 0.892356
vt 0.175415 0.896368
vt 0.174432 0.882090
vt 0.174432 0.876920
vt 0.175415 0.876920
vt 0.175415 0.882090
vt 0.174432 0.972530
vt 0.174432 0.967260
vt 0.175415 0.967260
vt 0.175415 0.972530
vt 0.174432 0.954861
vt 0.174432 0.950850
vt 0.175415 0.950850
vt 0.175415 0.954861
vt 0.174432 0.963258
vt 0.175415 0.963258
vt 0.174432 0.914037
vt 0.174432 0.909755
vt 0.175415 0.909755
vt 0.175415 0.914037
vt 0.174432 0.946907
vt 0.175415 0.946907
vt 0.174432 0.901638
vt 0.175415 0.901638
vt 0.174432 0.991978
vt 0.174432 0.986808
vt 0.175415 0.986808
vt 0.175415 0.991978
vt 0.174432 0.959143
vt 0.175415 0.959143
vt 0.174432 0.921991
vt 0.174432 0.918048
vt 0.175415 0.918048
vt 0.175415 0.921991
vt 0.174432 0.905640
vt 0.175415 0.905640
vt 0.174432 0.871782
vt 0.175415 0.871782
vt 0.174432 0.997116
vt 0.175415 0.997116
vt 0.174432 0.942693
vt 0.175415 0.942693
vt 0.174432 0.926205
vt 0.175415 0.926205
vt 0.174432 0.981585
vt 0.175415 0.981585
vt 0.175415 0.930347
vt 0.175415 0.934449
vt 0.174432 0.934449
vt 0.174432 0.930347
vt 0.174432 0.887313
vt 0.175415 0.887313
vt 0.174432 0.976541
vt 0.175415 0.976541
vt 0.174432 0.938551
vt 0.175415 0.938551
vt 0.139834 0.938551
vt 0.139834 0.934449
vt 0.139834 0.930347
vt 0.139834 0.942693
vt 0.139834 0.946907
vt 0.139834 0.950850
vt 0.139834 0.954861
vt 0.139834 0.959143
vt 0.139834 0.963258
vt 0.139834 0.967260
vt 0.139834 0.972530
vt 0.139834 0.976541
vt 0.139834 0.981585
vt 0.139834 0.986808
vt 0.139834 0.991978
vt 0.139834 0.997116
vt 0.139834 0.876920
vt 0.139834 0.871782
vt 0.139834 0.882090
vt 0.139834 0.887313
vt 0.139834 0.892356
vt 0.139834 0.896368
vt 0.139834 0.901638
vt 0.139834 0.905640
vt 0.139834 0.909755
vt 0.139834 0.914037
vt 0.139834 0.918048
vt 0.139834 0.921991
vt 0.139834 0.926205
vt 0.280331 0.926525
vt 0.280331 0.931531
vt 0.273925 0.944833
vt 0.279218 0.936411
vt 0.277046 0.940920
vt 0.270012 0.947954
vt 0.255617 0.951240
vt 0.265502 0.950126
vt 0.260622 0.951240
vt 0.250737 0.950127
vt 0.246227 0.947955
vt 0.242314 0.944834
vt 0.237021 0.936411
vt 0.235908 0.931531
vt 0.235907 0.926526
vt 0.239193 0.917136
vt 0.242314 0.913223
vt 0.246227 0.910102
vt 0.250736 0.907930
vt 0.255616 0.906816
vt 0.260622 0.906816
vt 0.265502 0.907930
vt 0.273925 0.913222
vt 0.277046 0.917136
vt 0.279217 0.921645
vt 0.033795 0.193275
vt 0.036707 0.193275
vt 0.036707 0.194470
vt 0.033795 0.194470
vt 0.020968 0.193275
vt 0.024794 0.193275
vt 0.024794 0.194470
vt 0.020968 0.194470
vt 0.076259 0.193275
vt 0.079171 0.193275
vt 0.079171 0.194470
vt 0.076259 0.194470
vt 0.086624 0.193275
vt 0.090377 0.193275
vt 0.090377 0.194470
vt 0.086624 0.194470
vt 0.027699 0.193275
vt 0.027699 0.194470
vt 0.063432 0.193275
vt 0.066540 0.193275
vt 0.066540 0.194470
vt 0.063432 0.194470
vt 0.039570 0.193275
vt 0.039570 0.194470
vt 0.072433 0.193275
vt 0.072433 0.194470
vt 0.006850 0.193275
vt 0.010603 0.193275
vt 0.010603 0.194470
vt 0.006850 0.194470
vt 0.030687 0.193275
vt 0.030687 0.194470
vt 0.057657 0.193275
vt 0.060520 0.193275
vt 0.060520 0.194470
vt 0.057657 0.194470
vt 0.069528 0.193275
vt 0.069528 0.194470
vt 0.094107 0.193275
vt 0.094107 0.194470
vt 0.003120 0.193275
vt 0.003120 0.194470
vt 0.042629 0.193275
vt 0.042629 0.194470
vt 0.054598 0.193275
vt 0.054598 0.194470
vt 0.014394 0.193275
vt 0.014394 0.194470
vt 0.051591 0.194470
vt 0.048614 0.194470
vt 0.048614 0.193275
vt 0.051591 0.193275
vt 0.082832 0.193275
vt 0.082832 0.194470
vt 0.018056 0.193275
vt 0.018056 0.194470
vt 0.045636 0.193275
vt 0.045636 0.194470
vt 0.048614 0.217407
vt 0.045636 0.217407
vt 0.051591 0.217407
vt 0.042629 0.217407
vt 0.039570 0.217407
vt 0.036707 0.217407
vt 0.033795 0.217407
vt 0.030687 0.217407
vt 0.027699 0.217407
vt 0.024794 0.217407
vt 0.020968 0.217407
vt 0.018056 0.217407
vt 0.014394 0.217407
vt 0.010603 0.217407
vt 0.006850 0.217407
vt 0.003120 0.217407
vt 0.094107 0.217407
vt 0.090377 0.217407
vt 0.086624 0.217407
vt 0.082832 0.217407
vt 0.079171 0.217407
vt 0.076259 0.217407
vt 0.072433 0.217407
vt 0.069528 0.217407
vt 0.066540 0.217407
vt 0.063432 0.217407
vt 0.060520 0.217407
vt 0.057657 0.217407
vt 0.054598 0.217407
vt 0.302870 0.989921
vt 0.295414 0.983976
vt 0.289468 0.976520
vt 0.285330 0.967927
vt 0.283208 0.958630
vt 0.283208 0.949093
vt 0.285330 0.939796
vt 0.289467 0.931203
vt 0.302869 0.917801
vt 0.311461 0.913664
vt 0.320759 0.911542
vt 0.330296 0.911542
vt 0.339593 0.913663
vt 0.348186 0.917801
vt 0.355641 0.923747
vt 0.365725 0.939795
vt 0.367847 0.949093
vt 0.367847 0.958630
vt 0.365726 0.967927
vt 0.361588 0.976519
vt 0.355642 0.983975
vt 0.348186 0.989921
vt 0.330296 0.996181
vt 0.320759 0.996181
vt 0.311462 0.994059
vt 0.054598 0.997287
vt 0.051591 0.997287
vt 0.051591 0.974349
vt 0.054598 0.974349
vt 0.051591 0.951411
vt 0.054598 0.951411
vt 0.051591 0.928474
vt 0.054598 0.928474
vt 0.051591 0.905536
vt 0.054598 0.905536
vt 0.051591 0.882599
vt 0.054598 0.882599
vt 0.051591 0.859661
vt 0.054598 0.859661
vt 0.051591 0.836724
vt 0.054598 0.836723
vt 0.051591 0.813786
vt 0.054598 0.813786
vt 0.051591 0.790848
vt 0.054598 0.790848
vt 0.051591 0.767911
vt 0.054598 0.767910
vt 0.051591 0.744973
vt 0.054598 0.744973
vt 0.051591 0.722035
vt 0.054598 0.722035
vt 0.051591 0.699098
vt 0.054598 0.699098
vt 0.051591 0.676160
vt 0.054598 0.676160
vt 0.051591 0.653222
vt 0.054598 0.653223
vt 0.051591 0.630285
vt 0.054598 0.630285
vt 0.051591 0.607347
vt 0.054598 0.607347
vt 0.051591 0.584410
vt 0.054598 0.584410
vt 0.051591 0.561472
vt 0.054598 0.561472
vt 0.051591 0.538534
vt 0.054598 0.538534
vt 0.051591 0.515597
vt 0.054598 0.515597
vt 0.051591 0.492659
vt 0.054598 0.492659
vt 0.051591 0.469721
vt 0.054598 0.469721
vt 0.051591 0.446784
vt 0.054598 0.446784
vt 0.051591 0.423846
vt 0.054598 0.423846
vt 0.051591 0.400908
vt 0.054598 0.400908
vt 0.051591 0.377971
vt 0.054598 0.377971
vt 0.051591 0.355033
vt 0.054598 0.355033
vt 0.051591 0.332096
vt 0.054598 0.332096
vt 0.051591 0.309158
vt 0.054598 0.309158
vt 0.051591 0.286220
vt 0.054598 0.286220
vt 0.051591 0.263283
vt 0.054598 0.263283
vt 0.051591 0.240345
vt 0.054598 0.240345
vt 0.057657 0.997287
vt 0.057657 0.974349
vt 0.057657 0.951411
vt 0.057657 0.928474
vt 0.057657 0.905536
vt 0.057657 0.882599
vt 0.057657 0.859661
vt 0.057657 0.836723
vt 0.057657 0.813786
vt 0.057657 0.790848
vt 0.057657 0.767910
vt 0.057657 0.744973
vt 0.057657 0.722035
vt 0.057657 0.699098
vt 0.057657 0.676160
vt 0.057657 0.653223
vt 0.057657 0.630285
vt 0.057657 0.607347
vt 0.057657 0.584410
vt 0.057657 0.561472
vt 0.057657 0.538534
vt 0.057657 0.515597
vt 0.057657 0.492659
vt 0.057657 0.469721
vt 0.057657 0.446784
vt 0.057657 0.423846
vt 0.057657 0.400908
vt 0.057657 0.377971
vt 0.057657 0.355033
vt 0.057657 0.332096
vt 0.057657 0.309158
vt 0.057657 0.286220
vt 0.057657 0.263283
vt 0.057657 0.240345
vt 0.060520 0.997287
vt 0.060520 0.974349
vt 0.060520 0.951411
vt 0.060520 0.928474
vt 0.060520 0.905536
vt 0.060520 0.882599
vt 0.060520 0.859661
vt 0.060520 0.836723
vt 0.060520 0.813786
vt 0.060520 0.790848
vt 0.060520 0.767910
vt 0.060520 0.744973
vt 0.060520 0.722035
vt 0.060520 0.699098
vt 0.060520 0.676160
vt 0.060520 0.653223
vt 0.060520 0.630285
vt 0.060520 0.607347
vt 0.060520 0.584410
vt 0.060520 0.561472
vt 0.060520 0.538534
vt 0.060520 0.515597
vt 0.060520 0.492659
vt 0.060520 0.469721
vt 0.060520 0.446784
vt 0.060520 0.423846
vt 0.060520 0.400908
vt 0.060520 0.377971
vt 0.060520 0.355033
vt 0.060520 0.332096
vt 0.060520 0.309158
vt 0.060520 0.286220
vt 0.060520 0.263283
vt 0.060520 0.240345
vt 0.063432 0.997287
vt 0.063432 0.974349
vt 0.063432 0.951411
vt 0.063432 0.928474
vt 0.063432 0.905536
vt 0.063432 0.882599
vt 0.063432 0.859661
vt 0.063432 0.836723
vt 0.063432 0.813786
vt 0.063432 0.790848
vt 0.063432 0.767910
vt 0.063432 0.744973
vt 0.063432 0.722035
vt 0.063432 0.699098
vt 0.063432 0.676160
vt 0.063432 0.653223
vt 0.063432 0.630285
vt 0.063432 0.607347
vt 0.063432 0.584410
vt 0.063432 0.561472
vt 0.063432 0.538534
vt 0.063432 0.515597
vt 0.063432 0.492659
vt 0.063432 0.469721
vt 0.063432 0.446784
vt 0.063432 0.423846
vt 0.063432 0.400908
vt 0.063432 0.377971
vt 0.063432 0.355033
vt 0.063432 0.332096
vt 0.063432 0.309158
vt 0.063432 0.286220
vt 0.063432 0.263283
vt 0.063432 0.240345
vt 0.066540 0.997287
vt 0.066540 0.974349
vt 0.066540 0.951411
vt 0.066540 0.928474
vt 0.066540 0.905536
vt 0.066540 0.882599
vt 0.066540 0.859661
vt 0.066540 0.836723
vt 0.066540 0.813786
vt 0.066540 0.790848
vt 0.066540 0.767910
vt 0.066540 0.744973
vt 0.066540 0.722035
vt 0.066540 0.699098
vt 0.066540 0.676160
vt 0.066540 0.653223
vt 0.066540 0.630285
vt 0.066540 0.607347
vt 0.066540 0.584410
vt 0.066540 0.561472
vt 0.066540 0.538534
vt 0.066540 0.515597
vt 0.066540 0.492659
vt 0.066540 0.469721
vt 0.066540 0.446784
vt 0.066540 0.423846
vt 0.066540 0.400908
vt 0.066540 0.377971
vt 0.066540 0.355033
vt 0.066540 0.332096
vt 0.066540 0.309158
vt 0.066540 0.286220
vt 0.066540 0.263283
vt 0.066540 0.240345
vt 0.069528 0.997287
vt 0.069528 0.974349
vt 0.069528 0.951411
vt 0.069528 0.928474
vt 0.069528 0.905536
vt 0.069528 0.882599
vt 0.069528 0.859661
vt 0.069528 0.836723
vt 0.069528 0.813786
vt 0.069528 0.790848
vt 0.069528 0.767910
vt 0.069528 0.744973
vt 0.069528 0.722035
vt 0.069528 0.699098
vt 0.069528 0.676160
vt 0.069528 0.653223
vt 0.069528 0.630285
vt 0.069528 0.607347
vt 0.069528 0.584410
vt 0.069528 0.561472
vt 0.069528 0.538534
vt 0.069528 0.515597
vt 0.069528 0.492659
vt 0.069528 0.469721
vt 0.069528 0.446784
vt 0.069528 0.423846
vt 0.069528 0.400908
vt 0.069528 0.377971
vt 0.069528 0.355033
vt 0.069528 0.332096
vt 0.069528 0.309158
vt 0.069528 0.286220
vt 0.069528 0.263283
vt 0.069528 0.240345
vt 0.072433 0.997287
vt 0.072433 0.974349
vt 0.072433 0.951411
vt 0.072433 0.928474
vt 0.072433 0.905536
vt 0.072433 0.882599
vt 0.072433 0.859661
vt 0.072433 0.836723
vt 0.072433 0.813786
vt 0.072433 0.790848
vt 0.072433 0.767910
vt 0.072433 0.744973
vt 0.072433 0.722035
vt 0.072433 0.699098
vt 0.072433 0.676160
vt 0.072433 0.653223
vt 0.072433 0.630285
vt 0.072433 0.607347
vt 0.072433 0.584410
vt 0.072433 0.561472
vt 0.072433 0.538534
vt 0.072433 0.515597
vt 0.072433 0.492659
vt 0.072433 0.469721
vt 0.072433 0.446784
vt 0.072433 0.423846
vt 0.072433 0.400908
vt 0.072433 0.377971
vt 0.072433 0.355033
vt 0.072433 0.332096
vt 0.072433 0.309158
vt 0.072433 0.286220
vt 0.072433 0.263283
vt 0.072433 0.240345
vt 0.076259 0.997287
vt 0.076259 0.974349
vt 0.076259 0.951411
vt 0.076259 0.928474
vt 0.076259 0.905536
vt 0.076259 0.882599
vt 0.076259 0.859661
vt 0.076259 0.836723
vt 0.076259 0.813786
vt 0.076259 0.790848
vt 0.076259 0.767910
vt 0.076259 0.744973
vt 0.076259 0.722035
vt 0.076259 0.699098
vt 0.076259 0.676160
vt 0.076259 0.653223
vt 0.076259 0.630285
vt 0.076259 0.607347
vt 0.076259 0.584410
vt 0.076259 0.561472
vt 0.076259 0.538534
vt 0.076259 0.515597
vt 0.076259 0.492659
vt 0.076259 0.469721
vt 0.076259 0.446784
vt 0.076259 0.423846
vt 0.076259 0.400908
vt 0.076259 0.377971
vt 0.076259 0.355033
vt 0.076259 0.332096
vt 0.076259 0.309158
vt 0.076259 0.286220
vt 0.076259 0.263283
vt 0.076259 0.240345
vt 0.079171 0.997287
vt 0.079171 0.974349
vt 0.079171 0.951411
vt 0.079171 0.928474
vt 0.079171 0.905536
vt 0.079171 0.882599
vt 0.079171 0.859661
vt 0.079171 0.836723
vt 0.079171 0.813786
vt 0.079171 0.790848
vt 0.079171 0.767910
vt 0.079171 0.744973
vt 0.079171 0.722035
vt 0.079171 0.699098
vt 0.079171 0.676160
vt 0.079171 0.653223
vt 0.079171 0.630285
vt 0.079171 0.607347
vt 0.079171 0.584410
vt 0.079171 0.561472
vt 0.079171 0.538534
vt 0.079171 0.515597
vt 0.079171 0.492659
vt 0.079171 0.469721
vt 0.079171 0.446784
vt 0.079171 0.423846
vt 0.079171 0.400908
vt 0.079171 0.377971
vt 0.079171 0.355033
vt 0.079171 0.332096
vt 0.079171 0.309158
vt 0.079171 0.286220
vt 0.079171 0.263283
vt 0.079171 0.240345
vt 0.082832 0.997287
vt 0.082832 0.974349
vt 0.082832 0.951411
vt 0.082832 0.928474
vt 0.082832 0.905536
vt 0.082832 0.882599
vt 0.082832 0.859661
vt 0.082832 0.836723
vt 0.082832 0.813786
vt 0.082832 0.790848
vt 0.082832 0.767910
vt 0.082832 0.744973
vt 0.082832 0.722035
vt 0.082832 0.699098
vt 0.082832 0.676160
vt 0.082832 0.653223
vt 0.082832 0.630285
vt 0.082832 0.607347
vt 0.082832 0.584410
vt 0.082832 0.561472
vt 0.082832 0.538534
vt 0.082832 0.515597
vt 0.082832 0.492659
vt 0.082832 0.469721
vt 0.082832 0.446784
vt 0.082832 0.423846
vt 0.082832 0.400908
vt 0.082832 0.377971
vt 0.082832 0.355033
vt 0.082832 0.332096
vt 0.082832 0.309158
vt 0.082832 0.286220
vt 0.082832 0.263283
vt 0.082832 0.240345
vt 0.086624 0.997287
vt 0.086624 0.974349
vt 0.086624 0.951411
vt 0.086624 0.928474
vt 0.086624 0.905536
vt 0.086624 0.882599
vt 0.086624 0.859661
vt 0.086624 0.836723
vt 0.086624 0.813786
vt 0.086624 0.790848
vt 0.086624 0.767910
vt 0.086624 0.744973
vt 0.086624 0.722035
vt 0.086624 0.699098
vt 0.086624 0.676160
vt 0.086624 0.653223
vt 0.086624 0.630285
vt 0.086624 0.607347
vt 0.086624 0.584410
vt 0.086624 0.561472
vt 0.086624 0.538534
vt 0.086624 0.515597
vt 0.086624 0.492659
vt 0.086624 0.469721
vt 0.086624 0.446784
vt 0.086624 0.423846
vt 0.086624 0.400908
vt 0.086624 0.377971
vt 0.086624 0.355033
vt 0.086624 0.332096
vt 0.086624 0.309158
vt 0.086624 0.286220
vt 0.086624 0.263283
vt 0.086624 0.240345
vt 0.090377 0.997287
vt 0.090377 0.974349
vt 0.090377 0.951411
vt 0.090377 0.928474
vt 0.090377 0.905536
vt 0.090377 0.882599
vt 0.090377 0.859661
vt 0.090377 0.836723
vt 0.090377 0.813786
vt 0.090377 0.790848
vt 0.090377 0.767910
vt 0.090377 0.744973
vt 0.090377 0.722035
vt 0.090377 0.699098
vt 0.090377 0.676160
vt 0.090377 0.653223
vt 0.090377 0.630285
vt 0.090377 0.607347
vt 0.090377 0.584410
vt 0.090377 0.561472
vt 0.090377 0.538534
vt 0.090377 0.515597
vt 0.090377 0.492659
vt 0.090377 0.469721
vt 0.090377 0.446784
vt 0.090377 0.423846
vt 0.090377 0.400908
vt 0.090377 0.377971
vt 0.090377 0.355033
vt 0.090377 0.332096
vt 0.090377 0.309158
vt 0.090377 0.286220
vt 0.090377 0.263283
vt 0.090377 0.240345
vt 0.094107 0.997287
vt 0.094107 0.974349
vt 0.094107 0.951411
vt 0.094107 0.928474
vt 0.094107 0.905536
vt 0.094107 0.882599
vt 0.094107 0.859661
vt 0.094107 0.836723
vt 0.094107 0.813786
vt 0.094107 0.790848
vt 0.094107 0.767910
vt 0.094107 0.744973
vt 0.094107 0.722035
vt 0.094107 0.699098
vt 0.094107 0.676160
vt 0.094107 0.653223
vt 0.094107 0.630285
vt 0.094107 0.607347
vt 0.094107 0.584410
vt 0.094107 0.561472
vt 0.094107 0.538534
vt 0.094107 0.515597
vt 0.094107 0.492659
vt 0.094107 0.469721
vt 0.094107 0.446784
vt 0.094107 0.423846
vt 0.094107 0.400908
vt 0.094107 0.377971
vt 0.094107 0.355033
vt 0.094107 0.332096
vt 0.094107 0.309158
vt 0.094107 0.286220
vt 0.094107 0.263283
vt 0.094107 0.240345
vt 0.006850 0.997287
vt 0.003120 0.997287
vt 0.003120 0.974349
vt 0.006850 0.974349
vt 0.003120 0.951411
vt 0.006850 0.951411
vt 0.003120 0.928474
vt 0.006850 0.928474
vt 0.003120 0.905536
vt 0.006850 0.905536
vt 0.003120 0.882599
vt 0.006849 0.882599
vt 0.003120 0.859661
vt 0.006849 0.859661
vt 0.003120 0.836723
vt 0.006849 0.836723
vt 0.003120 0.813786
vt 0.006849 0.813786
vt 0.003120 0.790848
vt 0.006849 0.790848
vt 0.003120 0.767910
vt 0.006850 0.767910
vt 0.003120 0.744973
vt 0.006850 0.744973
vt 0.003120 0.722035
vt 0.006850 0.722035
vt 0.003120 0.699098
vt 0.006850 0.699098
vt 0.003120 0.676160
vt 0.006850 0.676160
vt 0.003120 0.653223
vt 0.006850 0.653223
vt 0.003120 0.630285
vt 0.006850 0.630285
vt 0.003120 0.607347
vt 0.006850 0.607347
vt 0.003120 0.584410
vt 0.006850 0.584410
vt 0.003120 0.561472
vt 0.006850 0.561472
vt 0.003120 0.538534
vt 0.006850 0.538534
vt 0.003120 0.515597
vt 0.006850 0.515597
vt 0.003120 0.492659
vt 0.006850 0.492659
vt 0.003120 0.469721
vt 0.006850 0.469721
vt 0.003120 0.446784
vt 0.006850 0.446784
vt 0.003120 0.423846
vt 0.006850 0.423846
vt 0.003120 0.400908
vt 0.006850 0.400908
vt 0.003120 0.377971
vt 0.006850 0.377971
vt 0.003120 0.355033
vt 0.006850 0.355033
vt 0.003120 0.332096
vt 0.006850 0.332096
vt 0.003120 0.309158
vt 0.006850 0.309158
vt 0.003120 0.286220
vt 0.006850 0.286220
vt 0.003120 0.263283
vt 0.006850 0.263283
vt 0.003120 0.240345
vt 0.006850 0.240345
vt 0.010603 0.997287
vt 0.010603 0.974349
vt 0.010603 0.951411
vt 0.010603 0.928474
vt 0.010603 0.905536
vt 0.010603 0.882599
vt 0.010603 0.859661
vt 0.010603 0.836723
vt 0.010603 0.813786
vt 0.010603 0.790848
vt 0.010603 0.767910
vt 0.010603 0.744973
vt 0.010603 0.722035
vt 0.010603 0.699098
vt 0.010603 0.676160
vt 0.010603 0.653223
vt 0.010603 0.630285
vt 0.010603 0.607347
vt 0.010603 0.584410
vt 0.010603 0.561472
vt 0.010603 0.538534
vt 0.010603 0.515597
vt 0.010603 0.492659
vt 0.010603 0.469721
vt 0.010603 0.446784
vt 0.010603 0.423846
vt 0.010603 0.400908
vt 0.010603 0.377971
vt 0.010603 0.355033
vt 0.010603 0.332096
vt 0.010603 0.309158
vt 0.010603 0.286220
vt 0.010603 0.263283
vt 0.010603 0.240345
vt 0.014394 0.997287
vt 0.014394 0.974349
vt 0.014394 0.951411
vt 0.014394 0.928474
vt 0.014394 0.905536
vt 0.014394 0.882599
vt 0.014394 0.859661
vt 0.014394 0.836723
vt 0.014394 0.813786
vt 0.014394 0.790848
vt 0.014394 0.767910
vt 0.014394 0.744973
vt 0.014394 0.722035
vt 0.014394 0.699098
vt 0.014394 0.676160
vt 0.014394 0.653223
vt 0.014394 0.630285
vt 0.014394 0.607347
vt 0.014394 0.584410
vt 0.014394 0.561472
vt 0.014394 0.538534
vt 0.014394 0.515597
vt 0.014394 0.492659
vt 0.014394 0.469721
vt 0.014394 0.446784
vt 0.014394 0.423846
vt 0.014394 0.400908
vt 0.014394 0.377971
vt 0.014394 0.355033
vt 0.014394 0.332096
vt 0.014394 0.309158
vt 0.014394 0.286220
vt 0.014394 0.263283
vt 0.014394 0.240345
vt 0.018056 0.997287
vt 0.018056 0.974349
vt 0.018056 0.951411
vt 0.018056 0.928474
vt 0.018056 0.905536
vt 0.018056 0.882599
vt 0.018056 0.859661
vt 0.018056 0.836723
vt 0.018056 0.813786
vt 0.018056 0.790848
vt 0.018056 0.767910
vt 0.018056 0.744973
vt 0.018056 0.722035
vt 0.018056 0.699098
vt 0.018056 0.676160
vt 0.018056 0.653223
vt 0.018056 0.630285
vt 0.018056 0.607347
vt 0.018056 0.584410
vt 0.018056 0.561472
vt 0.018056 0.538534
vt 0.018056 0.515597
vt 0.018056 0.492659
vt 0.018056 0.469721
vt 0.018056 0.446784
vt 0.018056 0.423846
vt 0.018056 0.400908
vt 0.018056 0.377971
vt 0.018056 0.355033
vt 0.018056 0.332096
vt 0.018056 0.309158
vt 0.018056 0.286220
vt 0.018056 0.263283
vt 0.018056 0.240345
vt 0.020968 0.997287
vt 0.020968 0.974349
vt 0.020968 0.951411
vt 0.020968 0.928474
vt 0.020968 0.905536
vt 0.020968 0.882599
vt 0.020968 0.859661
vt 0.020968 0.836723
vt 0.020968 0.813786
vt 0.020968 0.790848
vt 0.020968 0.767910
vt 0.020968 0.744973
vt 0.020968 0.722035
vt 0.020968 0.699098
vt 0.020968 0.676160
vt 0.020968 0.653223
vt 0.020968 0.630285
vt 0.020968 0.607347
vt 0.020968 0.584410
vt 0.020968 0.561472
vt 0.020968 0.538534
vt 0.020968 0.515597
vt 0.020968 0.492659
vt 0.020968 0.469721
vt 0.020968 0.446784
vt 0.020968 0.423846
vt 0.020968 0.400908
vt 0.020968 0.377971
vt 0.020968 0.355033
vt 0.020968 0.332096
vt 0.020968 0.309158
vt 0.020968 0.286220
vt 0.020968 0.263283
vt 0.020968 0.240345
vt 0.024794 0.997287
vt 0.024794 0.974349
vt 0.024794 0.951411
vt 0.024794 0.928474
vt 0.024794 0.905536
vt 0.024794 0.882599
vt 0.024794 0.859661
vt 0.024794 0.836723
vt 0.024794 0.813786
vt 0.024794 0.790848
vt 0.024794 0.767910
vt 0.024794 0.744973
vt 0.024794 0.722035
vt 0.024794 0.699098
vt 0.024794 0.676160
vt 0.024794 0.653223
vt 0.024794 0.630285
vt 0.024794 0.607347
vt 0.024794 0.584410
vt 0.024794 0.561472
vt 0.024794 0.538534
vt 0.024794 0.515597
vt 0.024794 0.492659
vt 0.024794 0.469721
vt 0.024794 0.446784
vt 0.024794 0.423846
vt 0.024794 0.400908
vt 0.024794 0.377971
vt 0.024794 0.355033
vt 0.024794 0.332096
vt 0.024794 0.309158
vt 0.024794 0.286220
vt 0.024794 0.263283
vt 0.024794 0.240345
vt 0.027699 0.997287
vt 0.027699 0.974349
vt 0.027699 0.951411
vt 0.027699 0.928474
vt 0.027699 0.905536
vt 0.027699 0.882599
vt 0.027699 0.859661
vt 0.027699 0.836723
vt 0.027699 0.813786
vt 0.027699 0.790848
vt 0.027699 0.767910
vt 0.027699 0.744973
vt 0.027699 0.722035
vt 0.027699 0.699098
vt 0.027699 0.676160
vt 0.027699 0.653223
vt 0.027699 0.630285
vt 0.027699 0.607347
vt 0.027699 0.584410
vt 0.027699 0.561472
vt 0.027699 0.538534
vt 0.027699 0.515597
vt 0.027699 0.492659
vt 0.027699 0.469721
vt 0.027699 0.446784
vt 0.027699 0.423846
vt 0.027699 0.400908
vt 0.027699 0.377971
vt 0.027699 0.355033
vt 0.027699 0.332096
vt 0.027699 0.309158
vt 0.027699 0.286220
vt 0.027699 0.263283
vt 0.027699 0.240345
vt 0.030687 0.997287
vt 0.030687 0.974349
vt 0.030687 0.951411
vt 0.030687 0.928474
vt 0.030687 0.905536
vt 0.030687 0.882599
vt 0.030687 0.859661
vt 0.030687 0.836723
vt 0.030687 0.813786
vt 0.030687 0.790848
vt 0.030687 0.767910
vt 0.030687 0.744973
vt 0.030687 0.722035
vt 0.030687 0.699098
vt 0.030687 0.676160
vt 0.030687 0.653223
vt 0.030687 0.630285
vt 0.030687 0.607347
vt 0.030687 0.584410
vt 0.030687 0.561472
vt 0.030687 0.538534
vt 0.030687 0.515597
vt 0.030687 0.492659
vt 0.030687 0.469721
vt 0.030687 0.446784
vt 0.030687 0.423846
vt 0.030687 0.400908
vt 0.030687 0.377971
vt 0.030687 0.355033
vt 0.030687 0.332096
vt 0.030687 0.309158
vt 0.030687 0.286220
vt 0.030687 0.263283
vt 0.030687 0.240345
vt 0.033795 0.997287
vt 0.033795 0.974349
vt 0.033795 0.951411
vt 0.033795 0.928474
vt 0.033795 0.905536
vt 0.033795 0.882599
vt 0.033795 0.859661
vt 0.033795 0.836723
vt 0.033795 0.813786
vt 0.033795 0.790848
vt 0.033795 0.767910
vt 0.033795 0.744973
vt 0.033795 0.722035
vt 0.033795 0.699098
vt 0.033795 0.676160
vt 0.033795 0.653223
vt 0.033795 0.630285
vt 0.033795 0.607347
vt 0.033795 0.584410
vt 0.033795 0.561472
vt 0.033795 0.538534
vt 0.033795 0.515597
vt 0.033795 0.492659
vt 0.033795 0.469721
vt 0.033795 0.446784
vt 0.033795 0.423846
vt 0.033795 0.400908
vt 0.033795 0.377971
vt 0.033795 0.355033
vt 0.033795 0.332096
vt 0.033795 0.309158
vt 0.033795 0.286220
vt 0.033795 0.263283
vt 0.033795 0.240345
vt 0.036707 0.997287
vt 0.036707 0.974349
vt 0.036707 0.951411
vt 0.036707 0.928474
vt 0.036707 0.905536
vt 0.036707 0.882599
vt 0.036707 0.859661
vt 0.036707 0.836723
vt 0.036707 0.813786
vt 0.036707 0.790848
vt 0.036707 0.767910
vt 0.036707 0.744973
vt 0.036707 0.722035
vt 0.036707 0.699098
vt 0.036707 0.676160
vt 0.036707 0.653223
vt 0.036707 0.630285
vt 0.036707 0.607347
vt 0.036707 0.584410
vt 0.036707 0.561472
vt 0.036707 0.538534
vt 0.036707 0.515597
vt 0.036707 0.492659
vt 0.036707 0.469721
vt 0.036707 0.446784
vt 0.036707 0.423846
vt 0.036707 0.400908
vt 0.036707 0.377971
vt 0.036707 0.355033
vt 0.036707 0.332096
vt 0.036707 0.309158
vt 0.036707 0.286220
vt 0.036707 0.263283
vt 0.036707 0.240345
vt 0.039570 0.997287
vt 0.039570 0.974349
vt 0.039570 0.951411
vt 0.039569 0.928474
vt 0.039569 0.905536
vt 0.039569 0.882599
vt 0.039569 0.859661
vt 0.039569 0.836723
vt 0.039569 0.813786
vt 0.039569 0.790848
vt 0.039569 0.767910
vt 0.039569 0.744973
vt 0.039569 0.722035
vt 0.039569 0.699098
vt 0.039569 0.676160
vt 0.039569 0.653223
vt 0.039569 0.630285
vt 0.039569 0.607347
vt 0.039569 0.584410
vt 0.039569 0.561472
vt 0.039569 0.538534
vt 0.039569 0.515597
vt 0.039569 0.492659
vt 0.039569 0.469721
vt 0.039569 0.446784
vt 0.039570 0.423846
vt 0.039570 0.400908
vt 0.039570 0.377971
vt 0.039570 0.355033
vt 0.039570 0.332096
vt 0.039570 0.309158
vt 0.039570 0.286220
vt 0.039570 0.263283
vt 0.039570 0.240345
vt 0.042629 0.997287
vt 0.042629 0.974349
vt 0.042629 0.951411
vt 0.042629 0.928474
vt 0.042629 0.905536
vt 0.042629 0.882599
vt 0.042629 0.859661
vt 0.042629 0.836723
vt 0.042629 0.813786
vt 0.042629 0.790848
vt 0.042629 0.767910
vt 0.042629 0.744973
vt 0.042629 0.722035
vt 0.042629 0.699098
vt 0.042629 0.676160
vt 0.042629 0.653223
vt 0.042629 0.630285
vt 0.042629 0.607347
vt 0.042629 0.584410
vt 0.042629 0.561472
vt 0.042629 0.538534
vt 0.042629 0.515597
vt 0.042629 0.492659
vt 0.042629 0.469721
vt 0.042629 0.446784
vt 0.042629 0.423846
vt 0.042629 0.400908
vt 0.042629 0.377971
vt 0.042629 0.355033
vt 0.042629 0.332096
vt 0.042629 0.309158
vt 0.042629 0.286220
vt 0.042629 0.263283
vt 0.042629 0.240345
vt 0.045636 0.997287
vt 0.045636 0.974349
vt 0.045636 0.951411
vt 0.045636 0.928474
vt 0.045636 0.905536
vt 0.045635 0.882599
vt 0.045635 0.859661
vt 0.045635 0.836723
vt 0.045635 0.813786
vt 0.045635 0.790848
vt 0.045635 0.767910
vt 0.045635 0.744973
vt 0.045635 0.722035
vt 0.045635 0.699098
vt 0.045636 0.676160
vt 0.045636 0.653223
vt 0.045636 0.630285
vt 0.045636 0.607347
vt 0.045636 0.584410
vt 0.045636 0.561472
vt 0.045636 0.538534
vt 0.045636 0.515597
vt 0.045636 0.492659
vt 0.045636 0.469721
vt 0.045636 0.446784
vt 0.045636 0.423846
vt 0.045636 0.400908
vt 0.045636 0.377971
vt 0.045636 0.355033
vt 0.045636 0.332096
vt 0.045636 0.309158
vt 0.045636 0.286220
vt 0.045636 0.263283
vt 0.045636 0.240345
vt 0.048614 0.997287
vt 0.048614 0.974349
vt 0.048614 0.951411
vt 0.048614 0.928474
vt 0.048614 0.905536
vt 0.048614 0.882599
vt 0.048614 0.859661
vt 0.048614 0.836724
vt 0.048614 0.813786
vt 0.048614 0.790848
vt 0.048614 0.767911
vt 0.048614 0.744973
vt 0.048614 0.722035
vt 0.048614 0.699098
vt 0.048614 0.676160
vt 0.048614 0.653222
vt 0.048614 0.630285
vt 0.048614 0.607347
vt 0.048614 0.584410
vt 0.048614 0.561472
vt 0.048614 0.538534
vt 0.048614 0.515597
vt 0.048614 0.492659
vt 0.048614 0.469721
vt 0.048614 0.446784
vt 0.048614 0.423846
vt 0.048614 0.400908
vt 0.048614 0.377971
vt 0.048614 0.355033
vt 0.048613 0.332096
vt 0.048613 0.309158
vt 0.048613 0.286220
vt 0.048613 0.263283
vt 0.048614 0.240345
vt 0.439027 0.584780
vt 0.424062 0.583094
vt 0.447989 0.559166
vt 0.449676 0.574131
vt 0.435238 0.551154
vt 0.416050 0.570343
vt 0.421024 0.556128
vt 0.418601 0.577633
vt 0.431352 0.585645
vt 0.442528 0.553705
vt 0.416915 0.562668
vt 0.418601 0.559167
vt 0.416050 0.566457
vt 0.416915 0.574132
vt 0.421024 0.580671
vt 0.427564 0.584780
vt 0.435239 0.585645
vt 0.442528 0.583094
vt 0.445567 0.580671
vt 0.447990 0.577633
vt 0.450541 0.570342
vt 0.450540 0.566456
vt 0.449676 0.562668
vt 0.445566 0.556128
vt 0.439027 0.552019
vt 0.427563 0.552019
vt 0.431352 0.551155
vt 0.424062 0.553705
vt 0.697700 0.624750
vt 0.709385 0.624034
vt 0.709385 0.626142
vt 0.697782 0.626845
vt 0.719981 0.616245
vt 0.725088 0.615939
vt 0.725088 0.618058
vt 0.720056 0.618328
vt 0.806928 0.992489
vt 0.797746 0.992489
vt 0.797744 0.628905
vt 0.806926 0.628905
vt 0.997844 0.992554
vt 0.988408 0.992554
vt 0.988406 0.628896
vt 0.997841 0.628896
vt 0.875908 0.992555
vt 0.866473 0.992555
vt 0.866470 0.628897
vt 0.875906 0.628897
vt 0.480017 0.998046
vt 0.480014 0.635503
vt 0.487382 0.635503
vt 0.487385 0.998046
vt 0.885344 0.992554
vt 0.885341 0.628897
vt 0.697700 0.604437
vt 0.709385 0.603720
vt 0.709385 0.605829
vt 0.697782 0.606531
vt 0.950908 0.992554
vt 0.941473 0.992554
vt 0.941470 0.628897
vt 0.950906 0.628897
vt 0.978973 0.992554
vt 0.978970 0.628897
vt 0.707914 0.615270
vt 0.713021 0.614964
vt 0.713021 0.617083
vt 0.707989 0.617354
vt 0.770434 0.992489
vt 0.761252 0.992489
vt 0.761250 0.628905
vt 0.770433 0.628905
vt 0.834239 0.992489
vt 0.825057 0.992489
vt 0.825055 0.628905
vt 0.834238 0.628905
vt 0.727297 0.615402
vt 0.722190 0.615096
vt 0.722266 0.613012
vt 0.727298 0.613283
vt 0.697700 0.621940
vt 0.709385 0.621223
vt 0.709385 0.623331
vt 0.697782 0.624034
vt 0.722093 0.610442
vt 0.727200 0.610135
vt 0.727200 0.612255
vt 0.722168 0.612525
vt 0.413839 0.998047
vt 0.413837 0.635504
vt 0.420359 0.635504
vt 0.420362 0.998047
vt 0.843421 0.992489
vt 0.843420 0.628905
vt 0.788563 0.992489
vt 0.788562 0.628905
vt 0.732307 0.610442
vt 0.732232 0.612525
vt 0.457309 0.635504
vt 0.457311 0.998046
vt 0.450746 0.998046
vt 0.450743 0.635504
vt 0.913408 0.992554
vt 0.903973 0.992554
vt 0.903970 0.628897
vt 0.913406 0.628897
vt 0.721069 0.621940
vt 0.720987 0.624034
vt 0.922844 0.992554
vt 0.922841 0.628897
vt 0.732210 0.624183
vt 0.727103 0.624490
vt 0.727103 0.622370
vt 0.732135 0.622100
vt 0.697700 0.607248
vt 0.709385 0.606531
vt 0.709385 0.608640
vt 0.697782 0.609342
vt 0.960344 0.992554
vt 0.960341 0.628897
vt 0.752070 0.992489
vt 0.752068 0.628905
vt 0.913405 0.601358
vt 0.922841 0.601358
vt 0.894656 0.628897
vt 0.885341 0.601358
vt 0.894655 0.601358
vt 0.779497 0.628905
vt 0.779497 0.601527
vt 0.788561 0.601527
vt 0.950906 0.601358
vt 0.960341 0.601358
vt 0.752068 0.601527
vt 0.761250 0.601527
vt 0.770432 0.601527
vt 0.743003 0.628906
vt 0.733939 0.628906
vt 0.733939 0.601527
vt 0.743003 0.601527
vt 0.797744 0.601527
vt 0.806926 0.601527
vt 0.988405 0.601358
vt 0.997841 0.601358
vt 0.866470 0.601358
vt 0.875905 0.601359
vt 0.852484 0.628905
vt 0.843419 0.601527
vt 0.852484 0.601527
vt 0.969656 0.628897
vt 0.969655 0.601358
vt 0.941470 0.601358
vt 0.978970 0.601358
vt 0.932156 0.628897
vt 0.932155 0.601358
vt 0.825055 0.601527
vt 0.834237 0.601527
vt 0.903970 0.601358
vt 0.861549 0.628905
vt 0.861549 0.601526
vt 0.815991 0.628905
vt 0.815990 0.601527
vt 0.677167 0.629557
vt 0.667619 0.629557
vt 0.667619 0.619402
vt 0.677167 0.619402
vt 0.571395 0.629557
vt 0.561847 0.629558
vt 0.561846 0.619402
vt 0.571395 0.619402
vt 0.504186 0.629558
vt 0.494515 0.629558
vt 0.494515 0.619402
vt 0.504186 0.619402
vt 0.686715 0.629557
vt 0.686715 0.619401
vt 0.513858 0.629558
vt 0.513858 0.619402
vt 0.484967 0.629558
vt 0.475418 0.629558
vt 0.475418 0.619402
vt 0.484966 0.619402
vt 0.648275 0.629557
vt 0.638727 0.629557
vt 0.638727 0.619402
vt 0.648275 0.619402
vt 0.552298 0.629558
vt 0.542627 0.629558
vt 0.542627 0.619402
vt 0.552298 0.619402
vt 0.619507 0.629557
vt 0.609835 0.629557
vt 0.609835 0.619402
vt 0.619507 0.619402
vt 0.629179 0.629557
vt 0.629179 0.619402
vt 0.600287 0.629557
vt 0.590739 0.629557
vt 0.590739 0.619402
vt 0.600287 0.619402
vt 0.657947 0.629557
vt 0.657947 0.619402
vt 0.581066 0.629557
vt 0.581066 0.619402
vt 0.465746 0.629558
vt 0.456074 0.629558
vt 0.456074 0.619402
vt 0.465746 0.619402
vt 0.446526 0.629558
vt 0.436978 0.629558
vt 0.436978 0.619402
vt 0.446526 0.619402
vt 0.532955 0.629558
vt 0.532954 0.619402
vt 0.523407 0.629558
vt 0.523406 0.619402
vt 0.696387 0.629557
vt 0.696387 0.619402
vt 0.427307 0.629558
vt 0.427307 0.619402
vt 0.580101 0.611426
vt 0.571910 0.611427
vt 0.571910 0.584891
vt 0.580101 0.584891
vt 0.481175 0.611427
vt 0.472985 0.611427
vt 0.472984 0.584892
vt 0.481175 0.584892
vt 0.646051 0.611426
vt 0.637861 0.611426
vt 0.637861 0.584891
vt 0.646051 0.584891
vt 0.563720 0.611427
vt 0.555423 0.611427
vt 0.555423 0.584891
vt 0.563720 0.584891
vt 0.522447 0.611427
vt 0.514151 0.611427
vt 0.514150 0.584892
vt 0.522447 0.584892
vt 0.538935 0.611427
vt 0.530744 0.611427
vt 0.530744 0.584892
vt 0.538935 0.584891
vt 0.679027 0.611426
vt 0.670836 0.611426
vt 0.670836 0.584891
vt 0.679027 0.584891
vt 0.621373 0.611426
vt 0.613076 0.611426
vt 0.613076 0.584891
vt 0.621373 0.584891
vt 0.547126 0.611427
vt 0.547126 0.584891
vt 0.629670 0.611426
vt 0.629670 0.584891
vt 0.604886 0.611426
vt 0.596695 0.611426
vt 0.596695 0.584891
vt 0.604885 0.584891
vt 0.505960 0.611427
vt 0.505960 0.584892
vt 0.662645 0.611426
vt 0.654349 0.611426
vt 0.654348 0.584891
vt 0.662645 0.584891
vt 0.489472 0.611427
vt 0.489472 0.584892
vt 0.497769 0.611427
vt 0.497769 0.584892
vt 0.464794 0.611427
vt 0.464794 0.584892
vt 0.456497 0.611427
vt 0.456497 0.584892
vt 0.588398 0.611426
vt 0.588398 0.584891
vt 0.448200 0.611427
vt 0.448200 0.584892
vt 0.490010 0.580261
vt 0.464420 0.571307
vt 0.469890 0.522762
vt 0.761252 0.998049
vt 0.752070 0.998049
vt 0.960344 0.998146
vt 0.950908 0.998146
vt 0.788563 0.998049
vt 0.779499 0.998049
vt 0.779499 0.992489
vt 0.894658 0.998147
vt 0.885344 0.998147
vt 0.894658 0.992554
vt 0.922844 0.998147
vt 0.913408 0.998147
vt 0.825057 0.998048
vt 0.815992 0.998048
vt 0.815992 0.992489
vt 0.903973 0.998147
vt 0.978973 0.998146
vt 0.969658 0.998146
vt 0.969658 0.992554
vt 0.806928 0.998049
vt 0.797745 0.998049
vt 0.843421 0.998048
vt 0.834239 0.998048
vt 0.941473 0.998146
vt 0.932158 0.998146
vt 0.932158 0.992554
vt 0.743005 0.998049
vt 0.743005 0.992489
vt 0.861550 0.998048
vt 0.852486 0.998048
vt 0.852486 0.992489
vt 0.861551 0.992489
vt 0.770434 0.998049
vt 0.988408 0.998146
vt 0.875908 0.998147
vt 0.866473 0.998147
vt 0.997844 0.998146
vt 0.733941 0.998049
vt 0.733941 0.992489
vt 0.565868 0.635503
vt 0.578992 0.635503
vt 0.578995 0.998046
vt 0.565870 0.998046
vt 0.713926 0.635502
vt 0.726317 0.635502
vt 0.726319 0.998044
vt 0.713929 0.998044
vt 0.598245 0.635503
vt 0.613748 0.635502
vt 0.613750 0.998045
vt 0.598248 0.998046
vt 0.686292 0.635502
vt 0.699407 0.635502
vt 0.699410 0.998045
vt 0.686294 0.998045
vt 0.629207 0.635502
vt 0.641572 0.635502
vt 0.641575 0.998045
vt 0.629209 0.998045
vt 0.671119 0.998045
vt 0.657151 0.998045
vt 0.657148 0.635502
vt 0.671117 0.635502
vt 0.582742 0.635503
vt 0.582745 0.998046
vt 0.701536 0.635502
vt 0.701539 0.998045
vt 0.617009 0.635502
vt 0.617011 0.998045
vt 0.536851 0.998046
vt 0.524648 0.998046
vt 0.524645 0.635503
vt 0.536849 0.635503
vt 0.673176 0.635502
vt 0.673179 0.998045
vt 0.549055 0.998046
vt 0.549052 0.635503
vt 0.643183 0.998045
vt 0.643180 0.635502
vt 0.552743 0.635503
vt 0.552746 0.998046
vt 0.732404 0.615096
vt 0.732329 0.613012
vt 0.435810 0.635504
vt 0.435813 0.998047
vt 0.428909 0.998047
vt 0.428907 0.635504
vt 0.697700 0.619129
vt 0.709385 0.618412
vt 0.709385 0.620520
vt 0.697782 0.621223
vt 0.512728 0.635503
vt 0.512731 0.998046
vt 0.504810 0.998046
vt 0.504807 0.635503
vt 0.730195 0.616245
vt 0.730120 0.618328
vt 0.421297 0.998047
vt 0.421295 0.635504
vt 0.428198 0.635504
vt 0.428201 0.998047
vt 0.721996 0.624183
vt 0.722071 0.622100
vt 0.697700 0.612870
vt 0.709385 0.612153
vt 0.709385 0.614261
vt 0.697782 0.614964
vt 0.495738 0.635503
vt 0.495741 0.998046
vt 0.488154 0.998046
vt 0.488151 0.635503
vt 0.732405 0.621355
vt 0.727298 0.621661
vt 0.727298 0.619542
vt 0.732329 0.619271
vt 0.721069 0.607248
vt 0.720987 0.609342
vt 0.513706 0.998046
vt 0.513703 0.635503
vt 0.521624 0.635503
vt 0.521626 0.998046
vt 0.721070 0.624750
vt 0.720988 0.626844
vt 0.702807 0.614964
vt 0.707914 0.615270
vt 0.707839 0.617353
vt 0.702807 0.617083
vt 0.721070 0.604437
vt 0.720987 0.606531
vt 0.496509 0.998046
vt 0.496507 0.635503
vt 0.504094 0.635503
vt 0.504096 0.998046
vt 0.721069 0.612869
vt 0.720987 0.614964
vt 0.450357 0.635504
vt 0.450360 0.998046
vt 0.443578 0.998047
vt 0.443575 0.635504
vt 0.697700 0.615270
vt 0.697775 0.617353
vt 0.472038 0.998046
vt 0.472036 0.635503
vt 0.479394 0.635503
vt 0.479397 0.998046
vt 0.718128 0.615270
vt 0.718053 0.617353
vt 0.722191 0.621355
vt 0.722266 0.619271
vt 0.697700 0.610059
vt 0.709385 0.609342
vt 0.709385 0.611451
vt 0.697782 0.612153
vt 0.464939 0.998046
vt 0.464936 0.635504
vt 0.471502 0.635503
vt 0.471504 0.998046
vt 0.721069 0.619128
vt 0.720987 0.621222
vt 0.436325 0.998047
vt 0.436322 0.635504
vt 0.443104 0.635504
vt 0.443106 0.998047
vt 0.721069 0.610059
vt 0.720987 0.612153
vt 0.457868 0.998046
vt 0.457866 0.635504
vt 0.464379 0.635504
vt 0.464381 0.998046
vt 0.496831 0.519727
vt 0.503134 0.522762
vt 0.516001 0.538897
vt 0.508604 0.527124
vt 0.512966 0.532593
vt 0.517558 0.545717
vt 0.512966 0.565837
vt 0.517558 0.552714
vt 0.516001 0.559534
vt 0.508604 0.571307
vt 0.503134 0.575669
vt 0.496831 0.578705
vt 0.483014 0.580261
vt 0.476194 0.578705
vt 0.469890 0.575669
vt 0.460058 0.565837
vt 0.457023 0.559534
vt 0.455466 0.552714
vt 0.455466 0.545717
vt 0.457023 0.538897
vt 0.460058 0.532594
vt 0.464420 0.527124
vt 0.476193 0.519726
vt 0.483014 0.518170
vt 0.490010 0.518170
vt 0.332936 0.118553
vt 0.297845 0.139365
vt 0.324695 0.116872
vt 0.337992 0.124866
vt 0.340723 0.133469
vt 0.029839 0.135822
vt 0.048039 0.134156
vt 0.049531 0.144721
vt 0.029976 0.146640
vt 0.346150 0.152379
vt 0.343199 0.133097
vt 0.348741 0.154015
vt 0.267661 0.183097
vt 0.253275 0.150251
vt 0.254825 0.147870
vt 0.268993 0.180317
vt 0.306762 0.164555
vt 0.307502 0.166868
vt 0.283383 0.120262
vt 0.294247 0.119969
vt 0.294596 0.122298
vt 0.282826 0.122598
vt 0.287112 0.172179
vt 0.288067 0.174403
vt 0.187992 0.149709
vt 0.122247 0.152051
vt 0.122046 0.149539
vt 0.187636 0.147254
vt 0.118210 0.120900
vt 0.181220 0.119126
vt 0.181716 0.121591
vt 0.118506 0.123428
vt 0.241942 0.114441
vt 0.242586 0.116865
vt 0.058038 0.121280
vt 0.058201 0.123755
vt 0.060118 0.152658
vt 0.059995 0.150196
vt 0.277353 0.176609
vt 0.278464 0.178848
vt 0.265276 0.114932
vt 0.265261 0.117370
vt 0.029696 0.124546
vt 0.021525 0.127927
vt 0.019692 0.126161
vt 0.029528 0.122057
vt 0.018079 0.136105
vt 0.015535 0.135994
vt 0.021548 0.153592
vt 0.029968 0.157155
vt 0.029920 0.159648
vt 0.019705 0.155310
vt 0.018127 0.145432
vt 0.015543 0.145359
vt 0.324988 0.114441
vt 0.334309 0.116459
vt 0.340186 0.123763
vt 0.347875 0.252692
vt 0.347875 0.193818
vt 0.379753 0.193818
vt 0.379754 0.252692
vt 0.188368 0.309794
vt 0.188053 0.287837
vt 0.205442 0.287558
vt 0.205972 0.309854
vt 0.277141 0.252693
vt 0.277141 0.193818
vt 0.264760 0.146932
vt 0.406656 0.252692
vt 0.406656 0.193818
vt 0.421574 0.193818
vt 0.421574 0.252692
vt 0.469488 0.193818
vt 0.469488 0.252692
vt 0.150402 0.330569
vt 0.141831 0.330569
vt 0.140958 0.265854
vt 0.149554 0.265854
vt 0.349838 0.330568
vt 0.349574 0.265853
vt 0.407795 0.265853
vt 0.407888 0.330568
vt 0.137617 0.252693
vt 0.137617 0.193819
vt 0.205590 0.193819
vt 0.205591 0.252693
vt 0.108634 0.252693
vt 0.108634 0.193819
vt 0.445656 0.265852
vt 0.445639 0.330568
vt 0.435763 0.330568
vt 0.435751 0.265853
vt 0.388131 0.193818
vt 0.388132 0.252692
vt 0.275794 0.144215
vt 0.104167 0.330569
vt 0.103183 0.265854
vt 0.123150 0.265854
vt 0.124076 0.330569
vt 0.229546 0.330569
vt 0.228930 0.265853
vt 0.288289 0.265853
vt 0.288731 0.330568
vt 0.483970 0.330568
vt 0.474080 0.330568
vt 0.474181 0.265852
vt 0.484100 0.265852
vt 0.455557 0.265852
vt 0.455511 0.330568
vt 0.464195 0.330568
vt 0.464266 0.265852
vt 0.133260 0.330569
vt 0.132362 0.265854
vt 0.206795 0.330569
vt 0.215744 0.317050
vt 0.220171 0.314726
vt 0.206561 0.317082
vt 0.223711 0.311070
vt 0.206112 0.265853
vt 0.219652 0.281555
vt 0.215079 0.279907
vt 0.161361 0.280221
vt 0.158044 0.283100
vt 0.188014 0.285066
vt 0.205427 0.284839
vt 0.179233 0.309410
vt 0.179155 0.287935
vt 0.158787 0.288402
vt 0.158984 0.308336
vt 0.157996 0.308338
vt 0.157739 0.288305
vt 0.179076 0.285258
vt 0.034302 0.054219
vt 0.042542 0.052538
vt 0.069393 0.075031
vt 0.029246 0.060532
vt 0.026515 0.069135
vt 0.337399 0.071485
vt 0.337262 0.082303
vt 0.317707 0.080385
vt 0.319199 0.069819
vt 0.021088 0.088045
vt 0.018497 0.089681
vt 0.024039 0.068763
vt 0.099577 0.118762
vt 0.098245 0.115982
vt 0.112413 0.083535
vt 0.113963 0.085916
vt 0.060475 0.100221
vt 0.059736 0.102534
vt 0.083855 0.055928
vt 0.084412 0.058264
vt 0.072642 0.057963
vt 0.072991 0.055635
vt 0.080127 0.107844
vt 0.079171 0.110069
vt 0.179247 0.085374
vt 0.179602 0.082919
vt 0.245193 0.085203
vt 0.244991 0.087715
vt 0.249028 0.056564
vt 0.248732 0.059092
vt 0.185522 0.057256
vt 0.186018 0.054790
vt 0.124652 0.052531
vt 0.125296 0.050106
vt 0.309200 0.056943
vt 0.309037 0.059418
vt 0.307243 0.085860
vt 0.307120 0.088322
vt 0.089885 0.112275
vt 0.088774 0.114513
vt 0.101962 0.050597
vt 0.101977 0.053035
vt 0.337542 0.060209
vt 0.337710 0.057720
vt 0.347546 0.061824
vt 0.345713 0.063590
vt 0.351703 0.071657
vt 0.349159 0.071768
vt 0.345690 0.089255
vt 0.347534 0.090973
vt 0.337319 0.095311
vt 0.337270 0.092819
vt 0.349111 0.081095
vt 0.351695 0.081022
vt 0.032929 0.052125
vt 0.042250 0.050107
vt 0.027052 0.059429
vt 0.102478 0.082598
vt 0.091444 0.079881
vt 0.155806 0.287547
vt 0.162137 0.316759
vt 0.158489 0.313567
vt 0.188450 0.312799
vt 0.206112 0.312387
vt 0.223249 0.286271
vt 0.206002 0.279827
vt 0.179223 0.312265
vt 0.155995 0.309128
vt 0.179065 0.330569
vt 0.179142 0.317462
vt 0.220232 0.309384
vt 0.219552 0.287257
vt 0.221026 0.287133
vt 0.221702 0.309666
vt 0.159742 0.284762
vt 0.160506 0.285094
vt 0.162390 0.282052
vt 0.162804 0.282781
vt 0.178892 0.282191
vt 0.178987 0.282833
vt 0.188071 0.282080
vt 0.205560 0.282081
vt 0.205476 0.282722
vt 0.188020 0.282722
vt 0.214784 0.282228
vt 0.214638 0.282928
vt 0.218174 0.283676
vt 0.216917 0.284409
vt 0.222771 0.310034
vt 0.222373 0.286749
vt 0.156521 0.288000
vt 0.156591 0.308773
vt 0.219043 0.282481
vt 0.215069 0.280904
vt 0.205705 0.280845
vt 0.178565 0.280109
vt 0.188258 0.280031
vt 0.188217 0.280904
vt 0.178764 0.280867
vt 0.161818 0.281051
vt 0.158763 0.284119
vt 0.160899 0.311377
vt 0.160209 0.311724
vt 0.163459 0.313630
vt 0.163108 0.314510
vt 0.179158 0.314357
vt 0.179167 0.315626
vt 0.188546 0.314412
vt 0.206196 0.313683
vt 0.206281 0.314911
vt 0.188639 0.315745
vt 0.215478 0.313716
vt 0.215651 0.314608
vt 0.217587 0.312366
vt 0.218611 0.312935
vt 0.219560 0.313580
vt 0.215639 0.315865
vt 0.206477 0.315969
vt 0.179147 0.316709
vt 0.188762 0.316886
vt 0.188872 0.317550
vt 0.162699 0.315700
vt 0.159243 0.312525
vt 0.178300 0.265853
vt 0.188167 0.265853
vt 0.188903 0.330569
vt 0.460698 0.350411
vt 0.445886 0.351014
vt 0.446180 0.344488
vt 0.460698 0.344930
vt 0.156051 0.339786
vt 0.155824 0.356521
vt 0.153516 0.358767
vt 0.153438 0.337518
vt 0.198665 0.339648
vt 0.198665 0.337517
vt 0.198665 0.358767
vt 0.198665 0.356628
vt 0.243814 0.339650
vt 0.243814 0.337517
vt 0.243814 0.358767
vt 0.243814 0.356625
vt 0.306059 0.337517
vt 0.371644 0.337517
vt 0.371644 0.339650
vt 0.306059 0.339653
vt 0.371644 0.358766
vt 0.306059 0.358767
vt 0.306059 0.356621
vt 0.371644 0.356620
vt 0.435068 0.358766
vt 0.435068 0.356615
vt 0.435068 0.337517
vt 0.435068 0.339651
vt 0.460698 0.356604
vt 0.465061 0.355873
vt 0.467198 0.358766
vt 0.460698 0.358766
vt 0.465061 0.350485
vt 0.467198 0.351002
vt 0.465061 0.340210
vt 0.460698 0.339621
vt 0.460698 0.337517
vt 0.467198 0.337516
vt 0.465061 0.344782
vt 0.467198 0.344414
vt 0.392740 0.442980
vt 0.392740 0.388660
vt 0.434149 0.388660
vt 0.434150 0.442980
vt 0.102452 0.351122
vt 0.146153 0.351122
vt 0.146153 0.401843
vt 0.102452 0.401843
vt 0.350581 0.442980
vt 0.350581 0.388660
vt 0.102452 0.599190
vt 0.146153 0.599190
vt 0.146153 0.671230
vt 0.102452 0.671230
vt 0.146153 0.453482
vt 0.102452 0.453482
vt 0.292869 0.442980
vt 0.292869 0.388661
vt 0.231623 0.442980
vt 0.231622 0.388661
vt 0.146153 0.701820
vt 0.102452 0.701820
vt 0.102452 0.695260
vt 0.146153 0.695260
vt 0.172809 0.442981
vt 0.172809 0.388661
vt 0.146153 0.524172
vt 0.102452 0.524172
vt 0.102452 0.734474
vt 0.102452 0.726183
vt 0.146153 0.726183
vt 0.146153 0.734474
vt 0.102452 0.710111
vt 0.146153 0.710111
vt 0.153191 0.442981
vt 0.153190 0.388661
vt 0.102452 0.741034
vt 0.146153 0.741034
vt 0.468311 0.371968
vt 0.468311 0.377315
vt 0.456948 0.377276
vt 0.456820 0.371365
vt 0.156187 0.382484
vt 0.153420 0.384551
vt 0.153499 0.363816
vt 0.155945 0.365862
vt 0.199770 0.382472
vt 0.199770 0.384551
vt 0.199770 0.363816
vt 0.199770 0.365903
vt 0.246040 0.382470
vt 0.246040 0.384550
vt 0.246039 0.363816
vt 0.246040 0.365905
vt 0.309831 0.384550
vt 0.309831 0.382467
vt 0.377046 0.382468
vt 0.377046 0.384550
vt 0.377046 0.363815
vt 0.377046 0.365910
vt 0.309831 0.365910
vt 0.309831 0.363816
vt 0.448226 0.363815
vt 0.448226 0.365846
vt 0.448226 0.381863
vt 0.447962 0.384550
vt 0.468401 0.366286
vt 0.468311 0.363815
vt 0.474973 0.363815
vt 0.472706 0.366631
vt 0.474973 0.371391
vt 0.472706 0.371885
vt 0.472706 0.381904
vt 0.474973 0.384550
vt 0.468126 0.384550
vt 0.468221 0.382135
vt 0.472706 0.377446
vt 0.474973 0.377819
vt 0.102452 0.335050
vt 0.146153 0.335050
vt 0.308983 0.815423
vt 0.303252 0.812441
vt 0.298206 0.808097
vt 0.332347 0.814123
vt 0.328047 0.816027
vt 0.321888 0.817228
vt 0.347974 0.792172
vt 0.346326 0.798866
vt 0.343053 0.804933
vt 0.346210 0.778174
vt 0.347973 0.785192
vt 0.335494 0.764507
vt 0.340541 0.768849
vt 0.323517 0.759889
vt 0.329765 0.761525
vt 0.306401 0.762824
vt 0.310702 0.760920
vt 0.316860 0.759719
vt 0.295694 0.772014
vt 0.300381 0.766841
vt 0.290774 0.784775
vt 0.292539 0.798774
vt 0.290774 0.791755
vt 0.365225 0.814985
vt 0.371697 0.814980
vt 0.383793 0.819196
vt 0.353094 0.819242
vt 0.358919 0.816430
vt 0.341229 0.834133
vt 0.344011 0.828341
vt 0.348037 0.823283
vt 0.315230 0.817059
vt 0.338367 0.810106
vt 0.344300 0.773875
vt 0.292421 0.778081
vt 0.294448 0.803072
vt 0.287635 0.650572
vt 0.287635 0.656452
vt 0.286238 0.656452
vt 0.286238 0.650572
vt 0.284834 0.656452
vt 0.284834 0.650572
vt 0.287635 0.643856
vt 0.286238 0.643856
vt 0.284834 0.643856
vt 0.287635 0.609668
vt 0.287635 0.616384
vt 0.286238 0.616384
vt 0.286238 0.609668
vt 0.284834 0.616384
vt 0.284834 0.609668
vt 0.287635 0.603788
vt 0.286238 0.603788
vt 0.284834 0.603788
vt 0.287635 0.691956
vt 0.287635 0.699164
vt 0.286238 0.699164
vt 0.286238 0.691956
vt 0.284834 0.699164
vt 0.284834 0.691956
vt 0.287635 0.623303
vt 0.287635 0.630120
vt 0.286238 0.630120
vt 0.286238 0.623303
vt 0.284834 0.630120
vt 0.284834 0.623303
vt 0.287635 0.636937
vt 0.286238 0.636937
vt 0.284834 0.636937
vt 0.287635 0.705044
vt 0.286238 0.705044
vt 0.284834 0.705044
vt 0.287635 0.718679
vt 0.287635 0.725496
vt 0.286238 0.725496
vt 0.286238 0.718679
vt 0.284834 0.725496
vt 0.284834 0.718679
vt 0.287635 0.732313
vt 0.286238 0.732313
vt 0.284834 0.732313
vt 0.287635 0.663660
vt 0.286238 0.663660
vt 0.284834 0.663660
vt 0.287635 0.670755
vt 0.286238 0.670755
vt 0.284834 0.670755
vt 0.287635 0.555196
vt 0.287635 0.561076
vt 0.286238 0.561076
vt 0.286238 0.555196
vt 0.284834 0.561076
vt 0.284834 0.555196
vt 0.287635 0.739232
vt 0.287635 0.745948
vt 0.286238 0.745948
vt 0.286238 0.739232
vt 0.284834 0.745948
vt 0.284834 0.739232
vt 0.287635 0.711760
vt 0.286238 0.711760
vt 0.284834 0.711760
vt 0.287635 0.684861
vt 0.286238 0.684861
vt 0.284834 0.684861
vt 0.287635 0.677808
vt 0.286238 0.677808
vt 0.284834 0.677808
vt 0.287635 0.575379
vt 0.287635 0.582432
vt 0.286238 0.582432
vt 0.286238 0.575379
vt 0.284834 0.582432
vt 0.284834 0.575379
vt 0.287635 0.568284
vt 0.286238 0.568284
vt 0.284834 0.568284
vt 0.287635 0.589485
vt 0.286238 0.589485
vt 0.284834 0.589485
vt 0.287635 0.596580
vt 0.286238 0.596580
vt 0.284834 0.596580
vt 0.300736 0.745948
vt 0.300736 0.739232
vt 0.302132 0.739232
vt 0.302132 0.745948
vt 0.303532 0.739232
vt 0.303532 0.745948
vt 0.300736 0.636937
vt 0.300736 0.630120
vt 0.302132 0.630120
vt 0.302132 0.636937
vt 0.303532 0.630120
vt 0.303532 0.636937
vt 0.300736 0.589485
vt 0.300736 0.582432
vt 0.302132 0.582432
vt 0.302132 0.589485
vt 0.303532 0.582432
vt 0.303532 0.589485
vt 0.300736 0.656452
vt 0.300736 0.650572
vt 0.302132 0.650572
vt 0.302132 0.656452
vt 0.303532 0.650572
vt 0.303532 0.656452
vt 0.300736 0.609668
vt 0.300736 0.603788
vt 0.302132 0.603788
vt 0.302132 0.609668
vt 0.303532 0.603788
vt 0.303532 0.609668
vt 0.300736 0.677808
vt 0.300736 0.670755
vt 0.302132 0.670755
vt 0.302132 0.677808
vt 0.303532 0.670755
vt 0.303532 0.677808
vt 0.300736 0.623303
vt 0.302132 0.623303
vt 0.303532 0.623303
vt 0.300736 0.699164
vt 0.300736 0.691956
vt 0.302132 0.691956
vt 0.302132 0.699164
vt 0.303532 0.691956
vt 0.303532 0.699164
vt 0.300736 0.643856
vt 0.302132 0.643856
vt 0.303532 0.643856
vt 0.300736 0.718679
vt 0.300736 0.711760
vt 0.302132 0.711760
vt 0.302132 0.718679
vt 0.303532 0.711760
vt 0.303532 0.718679
vt 0.300736 0.663660
vt 0.302132 0.663660
vt 0.303532 0.663660
vt 0.300736 0.732312
vt 0.302132 0.732313
vt 0.303532 0.732313
vt 0.300736 0.684861
vt 0.302132 0.684861
vt 0.303532 0.684861
vt 0.300736 0.596580
vt 0.302132 0.596580
vt 0.303532 0.596580
vt 0.300736 0.568284
vt 0.300736 0.561076
vt 0.302132 0.561076
vt 0.302132 0.568284
vt 0.303532 0.561076
vt 0.303532 0.568284
vt 0.300736 0.705044
vt 0.302132 0.705044
vt 0.303532 0.705044
vt 0.300736 0.616384
vt 0.302132 0.616384
vt 0.303532 0.616384
vt 0.300736 0.725496
vt 0.302132 0.725496
vt 0.303532 0.725496
vt 0.300736 0.555196
vt 0.302132 0.555196
vt 0.303532 0.555196
vt 0.300736 0.575379
vt 0.302132 0.575379
vt 0.303532 0.575379
vt 0.388932 0.864093
vt 0.378000 0.816413
vt 0.388872 0.823227
vt 0.397187 0.840440
vt 0.392922 0.828287
vt 0.395742 0.834122
vt 0.397187 0.846921
vt 0.395742 0.853243
vt 0.392959 0.859035
vt 0.383875 0.868134
vt 0.378049 0.870945
vt 0.371745 0.872391
vt 0.365272 0.872395
vt 0.358968 0.870962
vt 0.353175 0.868179
vt 0.348097 0.864148
vt 0.344047 0.859088
vt 0.341227 0.853253
vt 0.339782 0.846935
vt 0.339782 0.840454
vt 0.346587 0.555946
vt 0.357129 0.553185
vt 0.368361 0.552901
vt 0.318847 0.584034
vt 0.322065 0.576785
vt 0.328405 0.568307
vt 0.324171 0.629179
vt 0.318650 0.618942
vt 0.315870 0.607649
vt 0.342231 0.644683
vt 0.332076 0.637906
vt 0.371106 0.649635
vt 0.359876 0.649921
vt 0.391314 0.641843
vt 0.381648 0.646876
vt 0.409389 0.618788
vt 0.406170 0.626038
vt 0.399830 0.634516
vt 0.412366 0.595173
vt 0.412366 0.606948
vt 0.404065 0.573643
vt 0.386004 0.558139
vt 0.396159 0.564916
vt 0.367429 0.760518
vt 0.356510 0.760526
vt 0.336103 0.753413
vt 0.387893 0.753338
vt 0.378066 0.758080
vt 0.407913 0.728218
vt 0.403216 0.737990
vt 0.396424 0.746522
vt 0.336920 0.560977
vt 0.315870 0.595874
vt 0.349483 0.647894
vt 0.409586 0.583879
vt 0.378752 0.554928
vt 0.270064 0.794958
vt 0.270064 0.785035
vt 0.272422 0.785035
vt 0.272422 0.794958
vt 0.274789 0.785035
vt 0.274789 0.794958
vt 0.270064 0.806292
vt 0.272422 0.806292
vt 0.274789 0.806292
vt 0.270064 0.863987
vt 0.270064 0.852653
vt 0.272422 0.852653
vt 0.272422 0.863987
vt 0.274789 0.852652
vt 0.274789 0.863987
vt 0.270064 0.873909
vt 0.272422 0.873909
vt 0.274789 0.873909
vt 0.270064 0.725119
vt 0.270064 0.712955
vt 0.272422 0.712955
vt 0.272422 0.725119
vt 0.274789 0.712955
vt 0.274789 0.725119
vt 0.270064 0.840976
vt 0.270064 0.829472
vt 0.272422 0.829472
vt 0.272422 0.840976
vt 0.274789 0.829472
vt 0.274789 0.840976
vt 0.270064 0.817968
vt 0.272422 0.817968
vt 0.274789 0.817968
vt 0.270064 0.703032
vt 0.272422 0.703032
vt 0.274789 0.703032
vt 0.270064 0.680022
vt 0.270064 0.668518
vt 0.272422 0.668518
vt 0.272422 0.680022
vt 0.274789 0.668518
vt 0.274789 0.680022
vt 0.270064 0.657014
vt 0.272422 0.657014
vt 0.274789 0.657014
vt 0.270064 0.772871
vt 0.272422 0.772871
vt 0.274789 0.772871
vt 0.270064 0.760897
vt 0.272422 0.760897
vt 0.274789 0.760897
vt 0.270064 0.634003
vt 0.270064 0.624080
vt 0.272422 0.624080
vt 0.272422 0.634003
vt 0.274789 0.624080
vt 0.274789 0.634003
vt 0.270064 0.645337
vt 0.272422 0.645337
vt 0.274789 0.645337
vt 0.270064 0.691698
vt 0.272422 0.691698
vt 0.274789 0.691698
vt 0.270064 0.737092
vt 0.272422 0.737092
vt 0.274789 0.737092
vt 0.270064 0.748995
vt 0.272422 0.748995
vt 0.274789 0.748995
vt 0.270064 0.599943
vt 0.270064 0.588040
vt 0.272422 0.588040
vt 0.272422 0.599943
vt 0.274789 0.588040
vt 0.274789 0.599943
vt 0.270064 0.611917
vt 0.272422 0.611917
vt 0.274789 0.611916
vt 0.270064 0.576138
vt 0.272422 0.576138
vt 0.274789 0.576138
vt 0.270064 0.564164
vt 0.270064 0.552000
vt 0.272422 0.552000
vt 0.272422 0.564164
vt 0.274789 0.552000
vt 0.274789 0.564164
vt 0.247970 0.634003
vt 0.247970 0.645337
vt 0.245617 0.645337
vt 0.245617 0.634003
vt 0.243254 0.645337
vt 0.243254 0.634003
vt 0.247970 0.817968
vt 0.247970 0.829472
vt 0.245617 0.829472
vt 0.245617 0.817968
vt 0.243254 0.829472
vt 0.243254 0.817968
vt 0.247970 0.576138
vt 0.247970 0.588040
vt 0.245617 0.588040
vt 0.245617 0.576138
vt 0.243254 0.588040
vt 0.243254 0.576138
vt 0.247970 0.785035
vt 0.247970 0.794958
vt 0.245617 0.794958
vt 0.245617 0.785035
vt 0.243254 0.794958
vt 0.243254 0.785035
vt 0.247970 0.863987
vt 0.247970 0.873909
vt 0.245617 0.873909
vt 0.245617 0.863987
vt 0.243254 0.873909
vt 0.243254 0.863987
vt 0.247970 0.748995
vt 0.247970 0.760897
vt 0.245617 0.760897
vt 0.245617 0.748995
vt 0.243254 0.760897
vt 0.243254 0.748995
vt 0.247970 0.840976
vt 0.245617 0.840976
vt 0.243254 0.840976
vt 0.247970 0.712955
vt 0.247970 0.725119
vt 0.245617 0.725119
vt 0.245617 0.712955
vt 0.243254 0.725119
vt 0.243254 0.712955
vt 0.247970 0.806292
vt 0.245617 0.806292
vt 0.243254 0.806292
vt 0.247970 0.680022
vt 0.247970 0.691698
vt 0.245617 0.691698
vt 0.245617 0.680022
vt 0.243254 0.691698
vt 0.243254 0.680022
vt 0.247970 0.772871
vt 0.245617 0.772871
vt 0.243254 0.772871
vt 0.247970 0.657014
vt 0.245617 0.657014
vt 0.243254 0.657014
vt 0.247970 0.737092
vt 0.245617 0.737092
vt 0.243254 0.737092
vt 0.247970 0.552000
vt 0.247970 0.564164
vt 0.245617 0.564164
vt 0.245617 0.552000
vt 0.243254 0.564164
vt 0.243254 0.552000
vt 0.247970 0.611917
vt 0.247970 0.624080
vt 0.245617 0.624080
vt 0.245617 0.611917
vt 0.243254 0.624080
vt 0.243254 0.611916
vt 0.247970 0.703032
vt 0.245617 0.703032
vt 0.243254 0.703032
vt 0.247970 0.852653
vt 0.245617 0.852653
vt 0.243254 0.852652
vt 0.247970 0.668518
vt 0.245617 0.668517
vt 0.243254 0.668518
vt 0.247970 0.599943
vt 0.245617 0.599943
vt 0.243254 0.599943
vt 0.327439 0.677670
vt 0.345875 0.758108
vt 0.327534 0.746612
vt 0.313509 0.717572
vt 0.320703 0.738075
vt 0.315947 0.728231
vt 0.313510 0.706638
vt 0.315950 0.695975
vt 0.320646 0.686202
vt 0.335969 0.670853
vt 0.345798 0.666111
vt 0.356435 0.663673
vt 0.367354 0.663666
vt 0.377989 0.666084
vt 0.387761 0.670780
vt 0.396328 0.677581
vt 0.403160 0.686118
vt 0.407917 0.695961
vt 0.410353 0.706620
vt 0.410353 0.717554
s 1
usemtl APAR
f 194/1/1 169/2/2 40/3/3 39/4/4
f 195/5/5 170/6/6 54/7/7 53/8/8
f 169/2/2 171/9/9 41/10/10 40/3/3
f 170/6/6 172/11/11 55/12/12 54/7/7
f 171/9/9 173/13/13 42/14/14 41/10/10
f 172/11/11 174/15/15 56/16/16 55/12/12
f 173/13/13 175/17/17 43/18/18 42/14/14
f 196/19/19 176/20/20 30/21/21 29/22/22
f 174/15/15 196/23/19 29/24/22 56/16/16
f 175/17/17 177/25/23 44/26/24 43/18/18
f 176/20/20 178/27/25 31/28/26 30/21/21
f 177/25/23 179/29/27 45/30/28 44/26/24
f 178/27/25 180/31/29 32/32/30 31/28/26
f 179/29/27 181/33/31 46/34/32 45/30/28
f 180/31/29 182/35/33 33/36/34 32/32/30
f 181/33/31 183/37/35 47/38/36 46/34/32
f 182/35/33 184/39/37 34/40/38 33/36/34
f 183/37/35 185/41/39 48/42/40 47/38/36
f 184/39/37 186/43/41 35/44/42 34/40/38
f 185/41/39 187/45/43 49/46/44 48/42/40
f 186/43/41 188/47/45 36/48/46 35/44/42
f 187/45/43 189/49/47 50/50/48 49/46/44
f 188/47/45 190/51/49 37/52/50 36/48/46
f 189/49/47 191/53/51 51/54/52 50/50/48
f 190/51/49 192/55/53 38/56/54 37/52/50
f 191/53/51 193/57/55 52/58/56 51/54/52
f 192/55/53 194/1/1 39/4/4 38/56/54
f 193/57/55 195/5/5 53/8/8 52/58/56
f 2/59/57 447/60/58 446/61/59 3/62/60
f 26/63/61 423/64/62 421/65/63 28/66/64
f 24/67/65 425/68/66 424/69/67 25/70/68
f 1/71/69 448/72/70 447/60/58 2/59/57
f 20/73/71 429/74/72 428/75/73 21/76/74
f 18/77/75 431/78/76 430/79/77 19/80/78
f 16/81/79 433/82/80 432/83/81 17/84/82
f 14/85/83 435/86/84 434/87/85 15/88/86
f 12/89/87 437/90/88 436/91/89 13/92/90
f 11/93/91 438/94/92 437/90/88 12/89/87
f 10/95/93 439/96/94 438/94/92 11/93/91
f 22/97/95 427/98/96 426/99/97 23/100/98
f 8/101/99 441/102/100 440/103/101 9/104/102
f 7/105/103 442/106/104 441/102/100 8/101/99
f 6/107/105 443/108/106 442/106/104 7/105/103
f 5/109/107 444/110/108 443/108/106 6/107/105
f 4/111/109 445/112/110 444/110/108 5/109/107
f 3/62/60 446/61/59 445/112/110 4/111/109
f 27/113/111 422/114/112 448/72/70 1/71/69
f 25/70/68 424/69/67 423/64/62 26/63/61
f 23/100/98 426/99/97 425/68/66 24/67/65
f 21/76/74 428/75/73 427/98/96 22/97/95
f 19/80/78 430/79/77 429/74/72 20/73/71
f 17/84/82 432/83/81 431/78/76 18/77/75
f 15/88/86 434/87/85 433/82/80 16/81/79
f 13/92/90 436/91/89 435/86/84 14/85/83
f 140/115/113 114/116/114 111/117/115 109/118/116
f 139/119/117 113/120/118 110/121/119 108/122/120
f 138/123/121 140/115/113 109/118/116 107/124/122
f 137/125/123 139/119/117 108/122/120 106/126/124
f 136/127/125 138/123/121 107/124/122 105/128/126
f 135/129/127 137/125/123 106/126/124 104/130/128
f 134/131/129 136/127/125 105/128/126 103/132/130
f 133/133/131 135/129/127 104/130/128 102/134/132
f 132/135/133 134/131/129 103/132/130 101/136/134
f 131/137/135 133/133/131 102/134/132 100/138/136
f 130/139/137 132/135/133 101/136/134 99/140/138
f 129/141/139 131/137/135 100/138/136 98/142/140
f 128/143/141 130/139/137 99/140/138 97/144/142
f 127/145/143 129/141/139 98/142/140 96/146/144
f 126/147/145 128/143/141 97/144/142 95/148/146
f 125/149/147 127/145/143 96/146/144 94/150/148
f 124/151/149 126/147/145 95/148/146 93/152/150
f 123/153/151 125/149/147 94/150/148 92/154/152
f 122/155/153 124/151/149 93/152/150 91/156/154
f 121/157/155 115/158/156 112/159/157 90/160/158
f 115/161/156 123/153/151 92/154/152 112/162/157
f 120/163/159 122/155/153 91/156/154 89/164/160
f 119/165/161 121/157/155 90/160/158 88/166/162
f 118/167/163 120/163/159 89/164/160 87/168/164
f 117/169/165 119/165/161 88/166/162 86/170/166
f 116/171/167 118/167/163 87/168/164 85/172/168
f 114/116/114 117/169/165 86/170/166 111/117/115
f 113/120/118 116/171/167 85/172/168 110/121/119
f 57/173/169 58/174/170 116/171/167 113/120/118
f 59/175/171 60/176/172 117/169/165 114/116/114
f 58/174/170 61/177/173 118/167/163 116/171/167
f 60/176/172 62/178/174 119/165/161 117/169/165
f 61/177/173 63/179/175 120/163/159 118/167/163
f 62/178/174 64/180/176 121/157/155 119/165/161
f 63/179/175 65/181/177 122/155/153 120/163/159
f 66/182/178 67/183/179 123/153/151 115/161/156
f 64/180/176 66/184/178 115/158/156 121/157/155
f 65/181/177 68/185/180 124/151/149 122/155/153
f 67/183/179 69/186/181 125/149/147 123/153/151
f 68/185/180 70/187/182 126/147/145 124/151/149
f 69/186/181 71/188/183 127/145/143 125/149/147
f 70/187/182 72/189/184 128/143/141 126/147/145
f 71/188/183 73/190/185 129/141/139 127/145/143
f 72/189/184 74/191/186 130/139/137 128/143/141
f 73/190/185 75/192/187 131/137/135 129/141/139
f 74/191/186 76/193/188 132/135/133 130/139/137
f 75/192/187 77/194/189 133/133/131 131/137/135
f 76/193/188 78/195/190 134/131/129 132/135/133
f 77/194/189 79/196/191 135/129/127 133/133/131
f 78/195/190 80/197/192 136/127/125 134/131/129
f 79/196/191 81/198/193 137/125/123 135/129/127
f 80/197/192 82/199/194 138/123/121 136/127/125
f 81/198/193 83/200/195 139/119/117 137/125/123
f 82/199/194 84/201/196 140/115/113 138/123/121
f 83/200/195 57/173/169 113/120/118 139/119/117
f 84/201/196 59/175/171 114/116/114 140/115/113
f 109/118/116 111/117/115 167/202/197 165/203/198
f 108/122/120 110/121/119 166/204/199 164/205/200
f 107/124/122 109/118/116 165/203/198 163/206/201
f 106/126/124 108/122/120 164/205/200 162/207/202
f 105/128/126 107/124/122 163/206/201 161/208/203
f 104/130/128 106/126/124 162/207/202 160/209/204
f 103/132/130 105/128/126 161/208/203 159/210/205
f 102/134/132 104/130/128 160/209/204 158/211/206
f 101/136/134 103/132/130 159/210/205 157/212/207
f 100/138/136 102/134/132 158/211/206 156/213/208
f 99/140/138 101/136/134 157/212/207 155/214/209
f 98/142/140 100/138/136 156/213/208 154/215/210
f 97/144/142 99/140/138 155/214/209 153/216/211
f 96/146/144 98/142/140 154/215/210 152/217/212
f 95/148/146 97/144/142 153/216/211 151/218/213
f 94/150/148 96/146/144 152/217/212 150/219/214
f 93/152/150 95/148/146 151/218/213 149/220/215
f 92/154/152 94/150/148 150/219/214 148/221/216
f 91/156/154 93/152/150 149/220/215 147/222/217
f 90/160/158 112/159/157 168/223/218 146/224/219
f 112/162/157 92/154/152 148/221/216 168/225/218
f 89/164/160 91/156/154 147/222/217 145/226/220
f 88/166/162 90/160/158 146/224/219 144/227/221
f 87/168/164 89/164/160 145/226/220 143/228/222
f 86/170/166 88/166/162 144/227/221 142/229/223
f 85/172/168 87/168/164 143/228/222 141/230/224
f 111/117/115 86/170/166 142/229/223 167/202/197
f 110/121/119 85/172/168 141/230/224 166/204/199
f 165/203/198 167/202/197 195/5/5 193/57/55
f 164/205/200 166/204/199 194/1/1 192/55/53
f 163/206/201 165/203/198 193/57/55 191/53/51
f 162/207/202 164/205/200 192/55/53 190/51/49
f 161/208/203 163/206/201 191/53/51 189/49/47
f 160/209/204 162/207/202 190/51/49 188/47/45
f 159/210/205 161/208/203 189/49/47 187/45/43
f 158/211/206 160/209/204 188/47/45 186/43/41
f 157/212/207 159/210/205 187/45/43 185/41/39
f 156/213/208 158/211/206 186/43/41 184/39/37
f 155/214/209 157/212/207 185/41/39 183/37/35
f 154/215/210 156/213/208 184/39/37 182/35/33
f 153/216/211 155/214/209 183/37/35 181/33/31
f 152/217/212 154/215/210 182/35/33 180/31/29
f 151/218/213 153/216/211 181/33/31 179/29/27
f 150/219/214 152/217/212 180/31/29 178/27/25
f 149/220/215 151/218/213 179/29/27 177/25/23
f 148/221/216 150/219/214 178/27/25 176/20/20
f 147/222/217 149/220/215 177/25/23 175/17/17
f 146/224/219 168/223/218 196/23/19 174/15/15
f 168/225/218 148/221/216 176/20/20 196/19/19
f 145/226/220 147/222/217 175/17/17 173/13/13
f 144/227/221 146/224/219 174/15/15 172/11/11
f 143/228/222 145/226/220 173/13/13 171/9/9
f 142/229/223 144/227/221 172/11/11 170/6/6
f 141/230/224 143/228/222 171/9/9 169/2/2
f 167/202/197 142/229/223 170/6/6 195/5/5
f 166/204/199 141/230/224 169/2/2 194/1/1
f 9/104/102 440/103/101 439/96/94 10/95/93
f 28/66/64 27/231/111 197/232/225 198/233/226
f 26/63/61 28/66/64 198/233/226 199/234/227
f 25/70/68 26/63/61 199/234/227 200/235/228
f 24/67/65 25/70/68 200/235/228 201/236/229
f 23/100/98 24/67/65 201/236/229 202/237/230
f 22/97/95 23/100/98 202/237/230 203/238/231
f 21/76/74 22/97/95 203/238/231 204/239/232
f 20/73/71 21/76/74 204/239/232 205/240/233
f 19/80/78 20/73/71 205/240/233 206/241/234
f 18/77/75 19/80/78 206/241/234 207/242/235
f 17/84/82 18/77/75 207/242/235 208/243/236
f 16/81/79 17/84/82 208/243/236 209/244/237
f 15/88/86 16/81/79 209/244/237 210/245/238
f 14/85/83 15/88/86 210/245/238 211/246/239
f 13/92/90 14/85/83 211/246/239 212/247/240
f 12/89/87 13/92/90 212/247/240 213/248/241
f 11/93/91 12/89/87 213/248/241 214/249/242
f 10/95/93 11/93/91 214/249/242 215/250/243
f 9/104/102 10/95/93 215/250/243 216/251/244
f 8/101/99 9/104/102 216/251/244 217/252/245
f 7/105/103 8/101/99 217/252/245 218/253/246
f 6/107/105 7/105/103 218/253/246 219/254/247
f 5/109/107 6/107/105 219/254/247 220/255/248
f 4/111/109 5/109/107 220/255/248 221/256/249
f 3/62/60 4/111/109 221/256/249 222/257/250
f 2/59/57 3/62/60 222/257/250 223/258/251
f 1/71/69 2/59/57 223/258/251 224/259/252
f 27/113/111 1/71/69 224/259/252 197/260/225
f 219/261/247 211/262/239 203/263/231
f 393/264/253 394/265/254 66/184/178 64/180/176
f 394/266/254 395/267/255 67/183/179 66/182/178
f 395/267/255 396/268/256 69/186/181 67/183/179
f 396/268/256 397/269/257 71/188/183 69/186/181
f 397/269/257 398/270/258 73/190/185 71/188/183
f 398/270/258 399/271/259 75/192/187 73/190/185
f 399/271/259 400/272/260 77/194/189 75/192/187
f 400/272/260 401/273/261 79/196/191 77/194/189
f 401/273/261 402/274/262 81/198/193 79/196/191
f 402/274/262 403/275/263 83/200/195 81/198/193
f 403/275/263 404/276/264 57/173/169 83/200/195
f 404/276/264 405/277/265 58/174/170 57/173/169
f 405/277/265 406/278/266 61/177/173 58/174/170
f 406/278/266 407/279/267 63/179/175 61/177/173
f 407/279/267 408/280/268 65/181/177 63/179/175
f 408/280/268 409/281/269 68/185/180 65/181/177
f 409/281/269 410/282/270 70/187/182 68/185/180
f 410/282/270 411/283/271 72/189/184 70/187/182
f 411/283/271 412/284/272 74/191/186 72/189/184
f 412/284/272 413/285/273 76/193/188 74/191/186
f 413/285/273 414/286/274 78/195/190 76/193/188
f 414/286/274 415/287/275 80/197/192 78/195/190
f 415/287/275 416/288/276 82/199/194 80/197/192
f 416/288/276 417/289/277 84/201/196 82/199/194
f 417/289/277 418/290/278 59/175/171 84/201/196
f 418/290/278 419/291/279 60/176/172 59/175/171
f 419/291/279 420/292/280 62/178/174 60/176/172
f 420/292/280 393/264/253 64/180/176 62/178/174
f 50/50/48 51/54/52 247/293/281 246/294/282
f 37/52/50 38/56/54 234/295/283 233/296/284
f 51/54/52 52/58/56 248/297/285 247/293/281
f 38/56/54 39/4/4 235/298/286 234/295/283
f 52/58/56 53/8/8 249/299/287 248/297/285
f 39/4/4 40/3/3 236/300/288 235/298/286
f 53/8/8 54/7/7 250/301/289 249/299/287
f 40/3/3 41/10/10 237/302/290 236/300/288
f 54/7/7 55/12/12 251/303/291 250/301/289
f 41/10/10 42/14/14 238/304/292 237/302/290
f 55/12/12 56/16/16 252/305/293 251/303/291
f 42/14/14 43/18/18 239/306/294 238/304/292
f 29/22/22 30/21/21 226/307/295 225/308/296
f 56/16/16 29/24/22 225/309/296 252/305/293
f 43/18/18 44/26/24 240/310/297 239/306/294
f 30/21/21 31/28/26 227/311/298 226/307/295
f 44/26/24 45/30/28 241/312/299 240/310/297
f 31/28/26 32/32/30 228/313/300 227/311/298
f 45/30/28 46/34/32 242/314/301 241/312/299
f 32/32/30 33/36/34 229/315/302 228/313/300
f 46/34/32 47/38/36 243/316/303 242/314/301
f 33/36/34 34/40/38 230/317/304 229/315/302
f 47/38/36 48/42/40 244/318/305 243/316/303
f 34/40/38 35/44/42 231/319/306 230/317/304
f 48/42/40 49/46/44 245/320/307 244/318/305
f 35/44/42 36/48/46 232/321/308 231/319/306
f 49/46/44 50/50/48 246/294/282 245/320/307
f 36/48/46 37/52/50 233/296/284 232/321/308
f 277/322/309 278/323/310 306/324/311 305/325/312
f 264/326/313 265/327/314 293/328/315 292/329/316
f 278/323/310 279/330/317 307/331/318 306/324/311
f 265/327/314 266/332/319 294/333/320 293/328/315
f 279/330/317 280/334/321 308/335/322 307/331/318
f 266/332/319 267/336/323 295/337/324 294/333/320
f 253/338/325 254/339/326 282/340/327 281/341/328
f 280/334/321 253/342/325 281/343/328 308/335/322
f 267/336/323 268/344/329 296/345/330 295/337/324
f 254/339/326 255/346/331 283/347/332 282/340/327
f 268/344/329 269/348/333 297/349/334 296/345/330
f 255/346/331 256/350/335 284/351/336 283/347/332
f 269/348/333 270/352/337 298/353/338 297/349/334
f 256/350/335 257/354/339 285/355/340 284/351/336
f 270/352/337 271/356/341 299/357/342 298/353/338
f 257/354/339 258/358/343 286/359/344 285/355/340
f 271/356/341 272/360/345 300/361/346 299/357/342
f 258/358/343 259/362/347 287/363/348 286/359/344
f 272/360/345 273/364/349 301/365/350 300/361/346
f 259/362/347 260/366/351 288/367/352 287/363/348
f 273/364/349 274/368/353 302/369/354 301/365/350
f 260/366/351 261/370/355 289/371/356 288/367/352
f 274/368/353 275/372/357 303/373/358 302/369/354
f 261/370/355 262/374/359 290/375/360 289/371/356
f 275/372/357 276/376/361 304/377/362 303/373/358
f 262/374/359 263/378/363 291/379/364 290/375/360
f 276/376/361 277/322/309 305/325/312 304/377/362
f 263/378/363 264/326/313 292/329/316 291/379/364
f 289/371/356 290/375/360 318/380/263 317/381/262
f 303/373/358 304/377/362 332/382/277 331/383/276
f 290/375/360 291/379/364 319/384/264 318/380/263
f 304/377/362 305/325/312 333/385/278 332/382/277
f 291/379/364 292/329/316 320/386/265 319/384/264
f 305/325/312 306/324/311 334/387/279 333/385/278
f 292/329/316 293/328/315 321/388/266 320/386/265
f 306/324/311 307/331/318 335/389/280 334/387/279
f 293/328/315 294/333/320 322/390/267 321/388/266
f 307/331/318 308/335/322 336/391/253 335/389/280
f 294/333/320 295/337/324 323/392/268 322/390/267
f 281/341/328 282/340/327 310/393/255 309/394/254
f 308/335/322 281/343/328 309/395/254 336/391/253
f 295/337/324 296/345/330 324/396/269 323/392/268
f 282/340/327 283/347/332 311/397/256 310/393/255
f 296/345/330 297/349/334 325/398/270 324/396/269
f 283/347/332 284/351/336 312/399/257 311/397/256
f 297/349/334 298/353/338 326/400/271 325/398/270
f 284/351/336 285/355/340 313/401/258 312/399/257
f 298/353/338 299/357/342 327/402/272 326/400/271
f 285/355/340 286/359/344 314/403/259 313/401/258
f 299/357/342 300/361/346 328/404/273 327/402/272
f 286/359/344 287/363/348 315/405/260 314/403/259
f 300/361/346 301/365/350 329/406/274 328/404/273
f 287/363/348 288/367/352 316/407/261 315/405/260
f 301/365/350 302/369/354 330/408/275 329/406/274
f 288/367/352 289/371/356 317/381/262 316/407/261
f 302/369/354 303/373/358 331/383/276 330/408/275
f 309/409/365 317/410/365 325/411/365
f 340/412/366 337/413/367 338/414/368 339/415/369
f 342/416/370 340/412/366 339/415/369 341/417/371
f 344/418/372 342/416/370 341/417/371 343/419/373
f 346/420/374 344/418/372 343/419/373 345/421/375
f 348/422/376 346/420/374 345/421/375 347/423/377
f 350/424/378 348/422/376 347/423/377 349/425/379
f 352/426/380 350/424/378 349/425/379 351/427/381
f 354/428/382 352/426/380 351/427/381 353/429/383
f 356/430/384 354/428/382 353/429/383 355/431/385
f 358/432/386 356/430/384 355/431/385 357/433/387
f 360/434/388 358/432/386 357/433/387 359/435/389
f 362/436/390 360/434/388 359/435/389 361/437/391
f 364/438/392 362/436/390 361/437/391 363/439/393
f 366/440/394 364/438/392 363/439/393 365/441/395
f 368/442/396 366/440/394 365/441/395 367/443/397
f 370/444/398 368/442/396 367/443/397 369/445/399
f 372/446/400 370/444/398 369/445/399 371/447/401
f 374/448/402 372/446/400 371/447/401 373/449/403
f 376/450/404 374/448/402 373/449/403 375/451/405
f 378/452/406 376/450/404 375/451/405 377/453/407
f 380/454/408 378/452/406 377/453/407 379/455/409
f 382/456/410 380/454/408 379/455/409 381/457/411
f 384/458/412 382/456/410 381/457/411 383/459/413
f 386/460/414 384/458/412 383/459/413 385/461/415
f 388/462/416 386/460/414 385/461/415 387/463/417
f 390/464/418 388/462/416 387/463/417 389/465/419
f 392/466/420 390/464/418 389/465/419 391/467/421
f 337/468/367 392/466/420 391/467/421 338/469/368
f 337/413/367 340/412/366 254/339/326 253/338/325
f 252/305/293 225/309/296 338/470/368 391/471/421
f 225/308/296 226/307/295 339/472/369 338/473/368
f 392/466/420 337/468/367 253/342/325 280/334/321
f 340/412/366 342/416/370 255/346/331 254/339/326
f 226/307/295 227/311/298 341/474/371 339/472/369
f 342/416/370 344/418/372 256/350/335 255/346/331
f 227/311/298 228/313/300 343/475/373 341/474/371
f 344/418/372 346/420/374 257/354/339 256/350/335
f 228/313/300 229/315/302 345/476/375 343/475/373
f 346/420/374 348/422/376 258/358/343 257/354/339
f 229/315/302 230/317/304 347/477/377 345/476/375
f 348/422/376 350/424/378 259/362/347 258/358/343
f 230/317/304 231/319/306 349/478/379 347/477/377
f 350/424/378 352/426/380 260/366/351 259/362/347
f 231/319/306 232/321/308 351/479/381 349/478/379
f 352/426/380 354/428/382 261/370/355 260/366/351
f 232/321/308 233/296/284 353/480/383 351/479/381
f 354/428/382 356/430/384 262/374/359 261/370/355
f 233/296/284 234/295/283 355/481/385 353/480/383
f 356/430/384 358/432/386 263/378/363 262/374/359
f 234/295/283 235/298/286 357/482/387 355/481/385
f 358/432/386 360/434/388 264/326/313 263/378/363
f 235/298/286 236/300/288 359/483/389 357/482/387
f 360/434/388 362/436/390 265/327/314 264/326/313
f 236/300/288 237/302/290 361/484/391 359/483/389
f 362/436/390 364/438/392 266/332/319 265/327/314
f 237/302/290 238/304/292 363/485/393 361/484/391
f 364/438/392 366/440/394 267/336/323 266/332/319
f 238/304/292 239/306/294 365/486/395 363/485/393
f 366/440/394 368/442/396 268/344/329 267/336/323
f 239/306/294 240/310/297 367/487/397 365/486/395
f 368/442/396 370/444/398 269/348/333 268/344/329
f 240/310/297 241/312/299 369/488/399 367/487/397
f 370/444/398 372/446/400 270/352/337 269/348/333
f 241/312/299 242/314/301 371/489/401 369/488/399
f 372/446/400 374/448/402 271/356/341 270/352/337
f 242/314/301 243/316/303 373/490/403 371/489/401
f 374/448/402 376/450/404 272/360/345 271/356/341
f 243/316/303 244/318/305 375/491/405 373/490/403
f 376/450/404 378/452/406 273/364/349 272/360/345
f 244/318/305 245/320/307 377/492/407 375/491/405
f 378/452/406 380/454/408 274/368/353 273/364/349
f 245/320/307 246/294/282 379/493/409 377/492/407
f 380/454/408 382/456/410 275/372/357 274/368/353
f 246/294/282 247/293/281 381/494/411 379/493/409
f 382/456/410 384/458/412 276/376/361 275/372/357
f 247/293/281 248/297/285 383/495/413 381/494/411
f 384/458/412 386/460/414 277/322/309 276/376/361
f 248/297/285 249/299/287 385/496/415 383/495/413
f 386/460/414 388/462/416 278/323/310 277/322/309
f 249/299/287 250/301/289 387/497/417 385/496/415
f 388/462/416 390/464/418 279/330/317 278/323/310
f 250/301/289 251/303/291 389/498/419 387/497/417
f 390/464/418 392/466/420 280/334/321 279/330/317
f 251/303/291 252/305/293 391/471/421 389/498/419
f 28/66/64 421/65/63 422/499/112 27/231/111
f 450/500/422 503/501/423 504/502/424 449/503/425
f 503/501/423 501/504/426 502/505/427 504/502/424
f 501/504/426 499/506/428 500/507/429 502/505/427
f 499/506/428 497/508/430 498/509/431 500/507/429
f 497/508/430 495/510/432 496/511/433 498/509/431
f 495/510/432 493/512/434 494/513/435 496/511/433
f 493/512/434 491/514/436 492/515/437 494/513/435
f 491/514/436 489/516/438 490/517/439 492/515/437
f 489/516/438 487/518/440 488/519/441 490/517/439
f 487/518/440 485/520/442 486/521/443 488/519/441
f 485/520/442 483/522/444 484/523/445 486/521/443
f 483/522/444 481/524/446 482/525/447 484/523/445
f 481/524/446 479/526/448 480/527/449 482/525/447
f 479/526/448 477/528/450 478/529/451 480/527/449
f 477/528/450 475/530/452 476/531/453 478/529/451
f 475/530/452 473/532/454 474/533/455 476/531/453
f 473/532/454 471/534/456 472/535/457 474/533/455
f 471/534/456 469/536/458 470/537/459 472/535/457
f 469/536/458 467/538/460 468/539/461 470/537/459
f 467/538/460 465/540/462 466/541/463 468/539/461
f 465/540/462 463/542/464 464/543/465 466/541/463
f 463/542/464 461/544/466 462/545/467 464/543/465
f 461/544/466 459/546/468 460/547/469 462/545/467
f 459/546/468 457/548/470 458/549/471 460/547/469
f 457/548/470 455/550/472 456/551/473 458/549/471
f 455/550/472 453/552/474 454/553/475 456/551/473
f 453/552/474 451/554/476 452/555/477 454/553/475
f 451/556/476 450/500/422 449/503/425 452/557/477
f 448/72/70 422/114/112 452/557/477 449/503/425
f 447/60/58 448/72/70 449/503/425 504/502/424
f 394/558/365 393/559/365 450/500/422 451/556/476
f 393/559/365 420/560/365 503/501/423 450/500/422
f 422/499/112 421/65/63 454/553/475 452/555/477
f 395/561/365 394/562/365 451/554/476 453/552/474
f 421/65/63 423/64/62 456/551/473 454/553/475
f 396/563/365 395/561/365 453/552/474 455/550/472
f 423/64/62 424/69/67 458/549/471 456/551/473
f 397/564/365 396/563/365 455/550/472 457/548/470
f 424/69/67 425/68/66 460/547/469 458/549/471
f 398/565/365 397/564/365 457/548/470 459/546/468
f 425/68/66 426/99/97 462/545/467 460/547/469
f 399/566/365 398/565/365 459/546/468 461/544/466
f 400/567/365 399/566/365 461/544/466 463/542/464
f 426/99/97 427/98/96 464/543/465 462/545/467
f 401/568/365 400/567/365 463/542/464 465/540/462
f 427/98/96 428/75/73 466/541/463 464/543/465
f 402/569/365 401/568/365 465/540/462 467/538/460
f 428/75/73 429/74/72 468/539/461 466/541/463
f 403/570/365 402/569/365 467/538/460 469/536/458
f 429/74/72 430/79/77 470/537/459 468/539/461
f 404/571/365 403/570/365 469/536/458 471/534/456
f 430/79/77 431/78/76 472/535/457 470/537/459
f 405/572/365 404/571/365 471/534/456 473/532/454
f 431/78/76 432/83/81 474/533/455 472/535/457
f 406/573/365 405/572/365 473/532/454 475/530/452
f 432/83/81 433/82/80 476/531/453 474/533/455
f 407/574/365 406/573/365 475/530/452 477/528/450
f 433/82/80 434/87/85 478/529/451 476/531/453
f 408/575/365 407/574/365 477/528/450 479/526/448
f 434/87/85 435/86/84 480/527/449 478/529/451
f 409/576/365 408/575/365 479/526/448 481/524/446
f 435/86/84 436/91/89 482/525/447 480/527/449
f 410/577/365 409/576/365 481/524/446 483/522/444
f 436/91/89 437/90/88 484/523/445 482/525/447
f 411/578/365 410/577/365 483/522/444 485/520/442
f 437/90/88 438/94/92 486/521/443 484/523/445
f 412/579/365 411/578/365 485/520/442 487/518/440
f 438/94/92 439/96/94 488/519/441 486/521/443
f 439/96/94 440/103/101 490/517/439 488/519/441
f 413/580/365 412/579/365 487/518/440 489/516/438
f 440/103/101 441/102/100 492/515/437 490/517/439
f 414/581/365 413/580/365 489/516/438 491/514/436
f 441/102/100 442/106/104 494/513/435 492/515/437
f 415/582/365 414/581/365 491/514/436 493/512/434
f 442/106/104 443/108/106 496/511/433 494/513/435
f 416/583/365 415/582/365 493/512/434 495/510/432
f 443/108/106 444/110/108 498/509/431 496/511/433
f 417/584/365 416/583/365 495/510/432 497/508/430
f 444/110/108 445/112/110 500/507/429 498/509/431
f 418/585/365 417/584/365 497/508/430 499/506/428
f 445/112/110 446/61/59 502/505/427 500/507/429
f 419/586/365 418/585/365 499/506/428 501/504/426
f 446/61/59 447/60/58 504/502/424 502/505/427
f 420/560/365 419/586/365 501/504/426 503/501/423
f 199/587/227 198/588/226 197/589/225
f 197/589/225 224/590/252 223/591/251
f 223/591/251 222/592/250 221/593/249
f 221/593/249 220/594/248 223/591/251
f 220/594/248 219/261/247 223/591/251
f 219/261/247 218/595/246 217/596/245
f 217/596/245 216/597/244 219/261/247
f 216/597/244 215/598/243 219/261/247
f 215/598/243 214/599/242 213/600/241
f 213/600/241 212/601/240 211/262/239
f 211/262/239 210/602/238 209/603/237
f 209/603/237 208/604/236 211/262/239
f 208/604/236 207/605/235 211/262/239
f 207/605/235 206/606/234 203/263/231
f 206/606/234 205/607/233 203/263/231
f 205/607/233 204/608/232 203/263/231
f 203/263/231 202/609/230 199/587/227
f 202/609/230 201/610/229 199/587/227
f 201/610/229 200/611/228 199/587/227
f 199/587/227 197/589/225 223/591/251
f 215/598/243 213/600/241 211/262/239
f 199/587/227 223/591/251 203/263/231
f 223/591/251 219/261/247 203/263/231
f 219/261/247 215/598/243 211/262/239
f 211/262/239 207/605/235 203/263/231
f 309/409/365 310/612/365 311/613/365
f 311/613/365 312/614/365 309/409/365
f 312/614/365 313/615/365 309/409/365
f 313/615/365 314/616/365 317/410/365
f 314/616/365 315/617/365 317/410/365
f 315/617/365 316/618/365 317/410/365
f 317/410/365 318/619/365 321/620/365
f 318/619/365 319/621/365 321/620/365
f 319/621/365 320/622/365 321/620/365
f 321/620/365 322/623/365 323/624/365
f 323/624/365 324/625/365 325/411/365
f 325/411/365 326/626/365 327/627/365
f 327/627/365 328/628/365 325/411/365
f 328/628/365 329/629/365 325/411/365
f 329/629/365 330/630/365 333/631/365
f 330/630/365 331/632/365 333/631/365
f 331/632/365 332/633/365 333/631/365
f 333/631/365 334/634/365 335/635/365
f 335/635/365 336/636/365 309/409/365
f 321/620/365 323/624/365 317/410/365
f 323/624/365 325/411/365 317/410/365
f 333/631/365 335/635/365 309/409/365
f 309/409/365 313/615/365 317/410/365
f 325/411/365 329/629/365 333/631/365
f 333/631/365 309/409/365 325/411/365
f 559/637/277 549/638/278 529/639/278 539/640/277
f 560/641/261 553/642/262 533/643/262 540/644/261
f 556/645/280 547/646/253 527/647/253 536/648/280
f 548/649/254 561/650/255 541/651/255 528/652/254
f 561/650/255 557/653/256 537/654/256 541/651/255
f 558/655/257 543/656/258 523/657/258 538/658/257
f 552/659/478 545/660/274 525/661/274 532/662/479
f 555/663/260 560/641/261 540/644/261 535/664/260
f 551/665/276 559/637/277 539/640/277 531/666/276
f 557/653/256 558/655/257 538/658/257 537/654/256
f 550/667/279 556/645/280 536/648/280 530/668/279
f 544/669/259 555/663/260 535/664/260 524/670/259
f 553/642/262 554/671/480 534/672/481 533/643/262
f 546/673/275 551/665/276 531/666/276 526/674/275
f 549/638/278 550/667/279 530/668/279 529/639/278
f 547/646/253 548/649/254 528/652/254 527/647/253
f 545/660/274 546/673/275 526/674/275 525/661/274
f 543/656/258 544/669/259 524/670/259 523/657/258
f 539/640/277 529/639/278 521/675/278 518/676/277
f 540/644/261 533/643/262 510/677/262 512/678/261
f 536/648/280 527/647/253 513/679/253 516/680/280
f 528/652/254 541/651/255 542/681/255 505/682/254
f 541/651/255 537/654/256 522/683/256 542/681/255
f 538/658/257 523/657/258 506/684/258 507/685/257
f 532/662/479 525/661/274 511/686/274 517/687/482
f 535/664/260 540/644/261 512/678/261 514/688/260
f 531/666/276 539/640/277 518/676/277 509/689/276
f 537/654/256 538/658/257 507/685/257 522/683/256
f 530/668/279 536/648/280 516/680/280 515/690/279
f 524/670/259 535/664/260 514/688/260 508/691/259
f 533/643/262 534/672/481 520/692/483 510/677/262
f 526/674/275 531/666/276 509/689/276 519/693/275
f 529/639/278 530/668/279 515/690/279 521/675/278
f 527/647/253 528/652/254 505/682/254 513/679/253
f 525/661/274 526/674/275 519/693/275 511/686/274
f 523/657/258 524/670/259 508/691/259 506/684/258
f 563/694/484 574/695/485 576/696/486 564/697/487
f 564/698/487 576/699/486 575/700/488 562/701/489
f 562/701/489 565/702/490 567/703/491 564/698/487
f 564/697/487 567/704/491 566/705/492 563/694/484
f 569/706/493 571/707/494 573/708/495 570/709/496
f 570/710/496 573/711/495 572/712/497 568/713/498
f 571/707/494 577/714/499 579/715/500 573/708/495
f 573/711/495 579/716/500 578/717/501 572/712/497
f 593/718/502 595/719/503 597/720/504 594/721/505
f 594/722/505 597/723/504 596/724/506 592/725/507
f 605/726/508 610/727/509 612/728/510 606/729/511
f 606/730/511 612/731/510 611/732/512 604/733/513
f 604/733/513 607/734/514 609/735/515 606/730/511
f 606/729/511 609/736/515 608/737/516 605/726/508
f 592/725/507 640/738/517 642/739/518 594/722/505
f 594/721/505 642/740/518 641/741/519 593/718/502
f 632/742/520 634/743/521 636/744/522 633/745/523
f 633/746/523 636/747/522 635/748/524 631/749/525
f 631/749/525 637/750/526 639/751/527 633/746/523
f 633/745/523 639/752/527 638/753/528 632/742/520
f 617/754/529 575/700/488 576/699/486 618/755/530
f 618/756/530 576/696/486 574/695/485 616/757/531
f 584/758/532 617/754/529 618/755/530 585/759/533
f 585/760/533 618/756/530 616/757/531 583/761/534
f 602/762/535 643/763/536 645/764/537 603/765/538
f 603/766/538 645/767/537 644/768/539 601/769/540
f 629/770/541 644/768/539 645/767/537 630/771/542
f 630/772/542 645/764/537 643/763/536 628/773/543
f 626/774/544 641/741/519 642/740/518 627/775/545
f 627/776/545 642/739/518 640/738/517 625/777/546
f 595/719/503 619/778/547 621/779/548 597/720/504
f 597/723/504 621/780/548 620/781/549 596/724/506
f 583/761/534 586/782/550 588/783/551 585/760/533
f 585/759/533 588/784/551 587/785/552 584/758/532
f 590/786/553 622/787/554 624/788/555 591/789/556
f 591/790/556 624/791/555 623/792/557 589/793/558
f 607/734/514 566/705/492 567/704/491 609/735/515
f 609/736/515 567/703/491 565/702/490 608/737/516
f 599/794/559 602/762/535 603/765/538 600/795/560
f 600/796/560 603/766/538 601/769/540 598/797/561
f 586/798/550 620/781/549 621/780/548 588/799/551
f 588/800/551 621/779/548 619/778/547 587/801/552
f 581/802/562 590/803/553 591/804/556 582/805/563
f 582/806/563 591/790/556 589/793/558 580/807/564
f 614/808/565 578/717/501 579/716/500 615/809/566
f 615/810/566 579/715/500 577/714/499 613/811/567
f 625/777/546 635/748/524 636/747/522 627/776/545
f 627/775/545 636/744/522 634/743/521 626/774/544
f 580/807/564 614/808/565 615/809/566 582/806/563
f 582/805/563 615/810/566 613/811/567 581/802/562
f 628/773/543 638/753/528 639/752/527 630/772/542
f 630/771/542 639/751/527 637/750/526 629/770/541
f 622/787/554 599/794/559 600/795/560 624/788/555
f 624/791/555 600/796/560 598/797/561 623/792/557
f 610/727/509 569/706/493 570/709/496 612/728/510
f 612/731/510 570/710/496 568/713/498 611/732/512
f 605/726/508 532/662/479 517/687/482 610/727/509
f 608/737/516 552/659/478 532/662/479 605/726/508
f 632/742/520 534/672/481 554/671/480 634/743/521
f 638/753/528 520/692/483 534/672/481 632/742/520
f 707/812/568 710/813/569 712/814/570 709/815/571
f 709/815/571 712/814/570 713/816/572 708/817/573
f 708/817/573 713/816/572 711/818/574 706/819/575
f 679/820/576 682/821/577 684/822/578 681/823/579
f 681/823/579 684/822/578 685/824/580 680/825/581
f 680/825/581 685/824/580 683/826/582 678/827/583
f 719/828/584 722/829/585 724/830/586 721/831/587
f 721/831/587 724/830/586 725/832/588 720/833/589
f 720/833/589 725/832/588 723/834/590 718/835/591
f 691/836/592 694/837/593 696/838/594 693/839/595
f 693/839/595 696/838/594 697/840/596 692/841/597
f 692/841/597 697/840/596 695/842/598 690/843/599
f 731/844/600 734/845/601 736/846/602 733/847/603
f 733/847/603 736/846/602 737/848/604 732/849/605
f 732/849/605 737/848/604 735/850/606 730/851/607
f 703/852/608 707/812/568 709/815/571 705/853/609
f 705/853/609 709/815/571 708/817/573 704/854/610
f 704/854/610 708/817/573 706/819/575 702/855/611
f 651/856/612 654/857/613 656/858/614 653/859/615
f 653/859/615 656/858/614 657/860/616 652/861/617
f 652/861/617 657/860/616 655/862/618 650/863/619
f 743/864/620 746/865/621 748/866/622 745/867/623
f 745/867/623 748/866/622 749/868/624 744/869/625
f 744/869/625 749/868/624 747/870/626 742/871/627
f 715/872/628 719/828/584 721/831/587 717/873/629
f 717/873/629 721/831/587 720/833/589 716/874/630
f 716/874/630 720/833/589 718/835/591 714/875/631
f 663/876/632 666/877/633 668/878/634 665/879/635
f 665/879/635 668/878/634 669/880/636 664/881/637
f 664/881/637 669/880/636 667/882/638 662/883/639
f 727/884/640 731/844/600 733/847/603 729/885/641
f 729/885/641 733/847/603 732/849/605 728/886/642
f 728/886/642 732/849/605 730/851/607 726/887/643
f 675/888/644 679/820/576 681/823/579 677/889/645
f 677/889/645 681/823/579 680/825/581 676/890/646
f 676/890/646 680/825/581 678/827/583 674/891/647
f 739/892/648 743/864/620 745/867/623 741/893/649
f 741/893/649 745/867/623 744/869/625 740/894/650
f 740/894/650 744/869/625 742/871/627 738/895/651
f 687/896/652 691/836/592 693/839/595 689/897/653
f 689/897/653 693/839/595 692/841/597 688/898/654
f 688/898/654 692/841/597 690/843/599 686/899/655
f 746/865/621 750/900/656 752/901/657 748/866/622
f 748/866/622 752/901/657 753/902/658 749/868/624
f 749/868/624 753/902/658 751/903/659 747/870/626
f 699/904/660 703/852/608 705/853/609 701/905/661
f 701/905/661 705/853/609 704/854/610 700/906/662
f 700/906/662 704/854/610 702/855/611 698/907/663
f 750/900/656 754/908/664 756/909/665 752/901/657
f 752/901/657 756/909/665 757/910/666 753/902/658
f 753/902/658 757/910/666 755/911/667 751/903/659
f 710/813/569 715/872/628 717/873/629 712/814/570
f 712/814/570 717/873/629 716/874/630 713/816/572
f 713/816/572 716/874/630 714/875/631 711/818/574
f 647/912/668 651/856/612 653/859/615 649/913/669
f 649/913/669 653/859/615 652/861/617 648/914/670
f 648/914/670 652/861/617 650/863/619 646/915/671
f 722/829/585 727/884/640 729/885/641 724/830/586
f 724/830/586 729/885/641 728/886/642 725/832/588
f 725/832/588 728/886/642 726/887/643 723/834/590
f 659/916/672 663/876/632 665/879/635 661/917/673
f 661/917/673 665/879/635 664/881/637 660/918/674
f 660/918/674 664/881/637 662/883/639 658/919/675
f 734/845/601 739/892/648 741/893/649 736/846/602
f 736/846/602 741/893/649 740/894/650 737/848/604
f 737/848/604 740/894/650 738/895/651 735/850/606
f 671/920/676 675/888/644 677/889/645 673/921/677
f 673/921/677 677/889/645 676/890/646 672/922/678
f 672/922/678 676/890/646 674/891/647 670/923/679
f 646/915/671 755/911/667 757/910/666 648/914/670
f 648/914/670 757/910/666 756/909/665 649/913/669
f 649/913/669 756/909/665 754/908/664 647/912/668
f 682/821/577 687/896/652 689/897/653 684/822/578
f 684/822/578 689/897/653 688/898/654 685/824/580
f 685/824/580 688/898/654 686/899/655 683/826/582
f 654/857/613 659/916/672 661/917/673 656/858/614
f 656/858/614 661/917/673 660/918/674 657/860/616
f 657/860/616 660/918/674 658/919/675 655/862/618
f 694/837/593 699/924/660 701/925/661 696/838/594
f 696/838/594 701/925/661 700/926/662 697/840/596
f 697/840/596 700/926/662 698/927/663 695/842/598
f 666/877/633 671/920/676 673/921/677 668/878/634
f 668/878/634 673/921/677 672/922/678 669/880/636
f 669/880/636 672/922/678 670/923/679 667/882/638
f 647/912/668 754/908/664 548/649/254 547/646/253
f 651/856/612 647/912/668 547/646/253 556/645/280
f 654/857/613 651/856/612 556/645/280 550/667/279
f 659/916/672 654/857/613 550/667/279 549/638/278
f 663/876/632 659/916/672 549/638/278 559/637/277
f 666/877/633 663/876/632 559/637/277 551/665/276
f 671/920/676 666/877/633 551/665/276 546/673/275
f 675/888/644 671/920/676 546/673/275 545/660/274
f 679/820/576 675/888/644 545/660/274 552/659/478
f 608/737/516 679/820/576 552/659/478
f 565/702/490 682/821/577 679/820/576 608/737/516
f 575/700/488 687/896/652 682/821/577 562/701/489
f 562/701/489 682/821/577 565/702/490
f 617/754/529 691/836/592 687/896/652 575/700/488
f 584/758/532 694/837/593 691/836/592 617/754/529
f 587/785/552 699/924/660 694/837/593 584/758/532
f 619/778/547 703/852/608 699/904/660 587/801/552
f 595/719/503 707/812/568 703/852/608 619/778/547
f 593/718/502 710/813/569 707/812/568 595/719/503
f 715/872/628 710/813/569 593/718/502 641/741/519
f 626/774/544 715/872/628 641/741/519
f 626/774/544 634/743/521 719/828/584 715/872/628
f 722/829/585 719/828/584 554/671/480 553/642/262
f 634/743/521 554/671/480 719/828/584
f 727/884/640 722/829/585 553/642/262 560/641/261
f 731/844/600 727/884/640 560/641/261 555/663/260
f 734/845/601 731/844/600 555/663/260 544/669/259
f 739/892/648 734/845/601 544/669/259 543/656/258
f 743/864/620 739/892/648 543/656/258 558/655/257
f 746/865/621 743/864/620 558/655/257 557/653/256
f 750/900/656 746/865/621 557/653/256 561/650/255
f 754/908/664 750/900/656 561/650/255 548/649/254
f 769/928/680 798/929/681 799/930/682 768/931/683
f 771/932/684 799/930/682 798/929/681 770/933/685
f 770/933/685 772/934/686 773/935/687 771/932/684
f 772/934/686 800/936/688 801/937/689 773/935/687
f 775/938/690 801/937/689 800/936/688 774/939/691
f 774/940/691 776/941/692 777/942/693 775/943/690
f 776/941/692 802/944/694 803/945/695 777/942/693
f 779/946/696 803/945/695 802/944/694 778/947/697
f 778/947/697 780/948/698 781/949/699 779/946/696
f 780/948/698 804/950/700 805/951/701 781/949/699
f 783/952/702 805/951/701 804/950/700 782/953/703
f 782/953/703 784/954/704 785/955/705 783/952/702
f 784/954/704 806/956/706 807/957/707 785/955/705
f 787/958/708 807/957/707 806/956/706 786/959/709
f 786/959/709 788/960/710 789/961/711 787/958/708
f 788/960/710 808/962/712 809/963/713 789/961/711
f 808/962/712 810/964/714 811/965/715 809/963/713
f 810/964/714 812/966/716 813/967/717 811/965/715
f 791/968/718 813/967/717 812/966/716 790/969/719
f 790/969/719 792/970/720 793/971/721 791/968/718
f 759/972/722 793/971/721 792/970/720 758/973/723
f 758/973/723 760/974/724 761/975/725 759/972/722
f 760/974/724 794/976/726 795/977/727 761/975/725
f 763/978/728 795/977/727 794/976/726 762/979/729
f 762/979/729 764/980/730 765/981/731 763/978/728
f 764/980/730 796/982/732 797/983/733 765/981/731
f 767/984/734 797/983/733 796/982/732 766/985/735
f 766/985/735 769/928/680 768/931/683 767/984/734
f 779/986/736 809/987/736 763/988/736
f 860/989/737 862/990/738 864/991/739 861/992/740
f 861/992/740 864/991/739 863/993/741 859/994/742
f 839/995/743 841/996/744 843/997/745 840/998/746
f 840/998/746 843/997/745 842/999/747 838/1000/748
f 869/1001/749 871/1002/750 873/1003/751 870/1004/752
f 870/1004/752 873/1003/751 872/1005/753 868/1006/754
f 848/1007/755 850/1008/756 852/1009/757 849/1010/758
f 849/1010/758 852/1009/757 851/1011/759 847/1012/760
f 878/1013/761 880/1014/762 882/1015/763 879/1016/764
f 879/1016/764 882/1015/763 881/1017/765 877/1018/766
f 857/1019/767 860/989/737 861/992/740 858/1020/768
f 858/1020/768 861/992/740 859/994/742 856/1021/769
f 818/1022/770 820/1023/771 822/1024/772 819/1025/773
f 819/1025/773 822/1024/772 821/1026/774 817/1027/775
f 887/1028/776 889/1029/777 891/1030/778 888/1031/779
f 888/1031/779 891/1030/778 890/1032/780 886/1033/781
f 866/1034/782 869/1001/749 870/1004/752 867/1035/783
f 867/1035/783 870/1004/752 868/1006/754 865/1036/784
f 827/1037/785 829/1038/786 831/1039/787 828/1040/788
f 828/1040/788 831/1039/787 830/1041/789 826/1042/790
f 875/1043/791 878/1013/761 879/1016/764 876/1044/792
f 876/1044/792 879/1016/764 877/1018/766 874/1045/793
f 836/1046/794 839/995/743 840/998/746 837/1047/795
f 837/1047/795 840/998/746 838/1000/748 835/1048/796
f 884/1049/797 887/1028/776 888/1031/779 885/1050/798
f 885/1050/798 888/1031/779 886/1033/781 883/1051/799
f 845/1052/800 848/1007/755 849/1010/758 846/1053/801
f 846/1053/801 849/1010/758 847/1012/760 844/1054/802
f 889/1029/777 892/1055/803 894/1056/804 891/1030/778
f 891/1030/778 894/1056/804 893/1057/805 890/1032/780
f 854/1058/806 857/1019/767 858/1020/768 855/1059/807
f 855/1059/807 858/1020/768 856/1021/769 853/1060/808
f 892/1055/803 895/1061/809 897/1062/810 894/1056/804
f 894/1056/804 897/1062/810 896/1063/811 893/1057/805
f 862/990/738 866/1034/782 867/1035/783 864/991/739
f 864/991/739 867/1035/783 865/1036/784 863/993/741
f 815/1064/812 818/1022/770 819/1025/773 816/1065/813
f 816/1065/813 819/1025/773 817/1027/775 814/1066/814
f 871/1002/750 875/1043/791 876/1044/792 873/1003/751
f 873/1003/751 876/1044/792 874/1045/793 872/1005/753
f 824/1067/815 827/1037/785 828/1040/788 825/1068/816
f 825/1068/816 828/1040/788 826/1042/790 823/1069/817
f 880/1014/762 884/1049/797 885/1050/798 882/1015/763
f 882/1015/763 885/1050/798 883/1051/799 881/1017/765
f 833/1070/818 836/1046/794 837/1047/795 834/1071/819
f 834/1071/819 837/1047/795 835/1048/796 832/1072/820
f 814/1066/814 896/1063/811 897/1062/810 816/1065/813
f 816/1065/813 897/1062/810 895/1061/809 815/1064/812
f 841/996/744 845/1052/800 846/1053/801 843/997/745
f 843/997/745 846/1053/801 844/1054/802 842/999/747
f 820/1023/771 824/1067/815 825/1068/816 822/1024/772
f 822/1024/772 825/1068/816 823/1069/817 821/1026/774
f 850/1008/756 854/1073/806 855/1074/807 852/1009/757
f 852/1009/757 855/1074/807 853/1075/808 851/1011/759
f 829/1038/786 833/1070/818 834/1071/819 831/1039/787
f 831/1039/787 834/1071/819 832/1072/820 830/1041/789
f 817/1027/775 758/973/723 792/970/720 814/1066/814
f 815/1064/812 895/1061/809 755/1076/667 646/1077/671
f 818/1022/770 815/1064/812 646/1077/671 650/1078/619
f 814/1066/814 792/970/720 790/969/719 896/1063/811
f 821/1026/774 760/974/724 758/973/723 817/1027/775
f 820/1023/771 818/1022/770 650/1078/619 655/1079/618
f 823/1069/817 794/976/726 760/974/724 821/1026/774
f 824/1067/815 820/1023/771 655/1079/618 658/1080/675
f 826/1042/790 762/979/729 794/976/726 823/1069/817
f 827/1037/785 824/1067/815 658/1080/675 662/1081/639
f 830/1041/789 764/980/730 762/979/729 826/1042/790
f 829/1038/786 827/1037/785 662/1081/639 667/1082/638
f 832/1072/820 796/982/732 764/980/730 830/1041/789
f 833/1070/818 829/1038/786 667/1082/638 670/1083/679
f 835/1048/796 766/985/735 796/982/732 832/1072/820
f 836/1046/794 833/1070/818 670/1083/679 674/1084/647
f 838/1000/748 769/928/680 766/985/735 835/1048/796
f 839/995/743 836/1046/794 674/1084/647 678/1085/583
f 842/999/747 798/929/681 769/928/680 838/1000/748
f 841/996/744 839/995/743 678/1085/583 683/1086/582
f 844/1054/802 770/933/685 798/929/681 842/999/747
f 845/1052/800 841/996/744 683/1086/582 686/1087/655
f 847/1012/760 772/934/686 770/933/685 844/1054/802
f 848/1007/755 845/1052/800 686/1087/655 690/1088/599
f 851/1011/759 800/936/688 772/934/686 847/1012/760
f 850/1008/756 848/1007/755 690/1088/599 695/1089/598
f 853/1075/808 774/939/691 800/936/688 851/1011/759
f 854/1073/806 850/1008/756 695/1089/598 698/1090/663
f 856/1021/769 776/941/692 774/940/691 853/1060/808
f 857/1019/767 854/1058/806 698/1091/663 702/1092/611
f 859/994/742 802/944/694 776/941/692 856/1021/769
f 860/989/737 857/1019/767 702/1092/611 706/1093/575
f 863/993/741 778/947/697 802/944/694 859/994/742
f 862/990/738 860/989/737 706/1093/575 711/1094/574
f 865/1036/784 780/948/698 778/947/697 863/993/741
f 866/1034/782 862/990/738 711/1094/574 714/1095/631
f 868/1006/754 804/950/700 780/948/698 865/1036/784
f 869/1001/749 866/1034/782 714/1095/631 718/1096/591
f 872/1005/753 782/953/703 804/950/700 868/1006/754
f 871/1002/750 869/1001/749 718/1096/591 723/1097/590
f 874/1045/793 784/954/704 782/953/703 872/1005/753
f 875/1043/791 871/1002/750 723/1097/590 726/1098/643
f 877/1018/766 806/956/706 784/954/704 874/1045/793
f 878/1013/761 875/1043/791 726/1098/643 730/1099/607
f 881/1017/765 786/959/709 806/956/706 877/1018/766
f 880/1014/762 878/1013/761 730/1099/607 735/1100/606
f 883/1051/799 788/960/710 786/959/709 881/1017/765
f 884/1049/797 880/1014/762 735/1100/606 738/1101/651
f 886/1033/781 808/962/712 788/960/710 883/1051/799
f 887/1028/776 884/1049/797 738/1101/651 742/1102/627
f 890/1032/780 810/964/714 808/962/712 886/1033/781
f 889/1029/777 887/1028/776 742/1102/627 747/1103/626
f 893/1057/805 812/966/716 810/964/714 890/1032/780
f 892/1055/803 889/1029/777 747/1103/626 751/1104/659
f 896/1063/811 790/969/719 812/966/716 893/1057/805
f 895/1061/809 892/1055/803 751/1104/659 755/1076/667
f 942/1105/821 944/1106/822 945/1107/823 943/1108/824
f 910/1109/825 912/1110/826 913/1111/827 911/1112/828
f 899/1113/829 953/1114/830 952/1115/831 898/1116/832
f 917/1117/833 918/1118/834 919/1119/835 916/1120/836
f 902/1121/837 904/1122/838 905/1123/839 903/1124/840
f 923/1125/841 924/1126/842 925/1127/843 922/1128/844
f 908/1129/845 910/1109/825 911/1112/828 909/1130/846
f 929/1131/847 930/1132/848 931/1133/849 928/1134/850
f 915/1135/851 917/1117/833 916/1120/836 914/1136/852
f 934/1137/853 936/1138/854 937/1139/855 935/1140/856
f 921/1141/857 923/1125/841 922/1128/844 920/1142/858
f 940/1143/859 942/1105/821 943/1108/824 941/1144/860
f 927/1145/861 929/1131/847 928/1134/850 926/1146/862
f 900/1147/863 902/1121/837 903/1124/840 901/1148/864
f 946/1149/865 948/1150/866 949/1151/867 947/1152/868
f 933/1153/869 934/1137/853 935/1140/856 932/1154/870
f 906/1155/871 908/1129/845 909/1130/846 907/1156/872
f 938/1157/873 940/1143/859 941/1144/860 939/1158/874
f 912/1110/826 915/1135/851 914/1136/852 913/1111/827
f 944/1106/822 946/1149/865 947/1152/868 945/1107/823
f 918/1118/834 921/1141/857 920/1142/858 919/1119/835
f 948/1150/866 950/1159/875 951/1160/876 949/1151/867
f 924/1161/842 927/1145/861 926/1146/862 925/1162/843
f 950/1159/875 952/1115/831 953/1114/830 951/1160/876
f 930/1132/848 933/1153/869 932/1154/870 931/1133/849
f 898/1116/832 900/1147/863 901/1148/864 899/1113/829
f 936/1138/854 938/1157/873 939/1158/874 937/1139/855
f 904/1122/838 906/1155/871 907/1156/872 905/1123/839
f 516/680/280 513/679/253 899/1113/829 901/1148/864
f 513/679/253 505/682/254 953/1114/830 899/1113/829
f 921/1163/857 912/1164/826 952/1165/831
f 515/690/279 516/680/280 901/1148/864 903/1124/840
f 521/675/278 515/690/279 903/1124/840 905/1123/839
f 518/676/277 521/675/278 905/1123/839 907/1156/872
f 509/689/276 518/676/277 907/1156/872 909/1130/846
f 519/693/275 509/689/276 909/1130/846 911/1112/828
f 511/686/274 519/693/275 911/1112/828 913/1111/827
f 517/687/482 511/686/274 913/1111/827 914/1136/852
f 610/727/509 517/687/482 914/1136/852
f 569/706/493 610/727/509 914/1136/852 916/1120/836
f 569/706/493 916/1120/836 571/707/494
f 916/1120/836 919/1119/835 577/714/499 571/707/494
f 577/714/499 919/1119/835 920/1142/858 613/811/567
f 613/811/567 920/1142/858 922/1128/844 581/802/562
f 581/802/562 922/1128/844 925/1127/843 590/803/553
f 590/786/553 925/1162/843 926/1146/862 622/787/554
f 622/787/554 926/1146/862 928/1134/850 599/794/559
f 599/794/559 928/1134/850 931/1133/849 602/762/535
f 602/762/535 931/1133/849 932/1154/870 643/763/536
f 643/763/536 932/1154/870 628/773/543
f 932/1154/870 935/1140/856 638/753/528 628/773/543
f 935/1140/856 520/692/483 638/753/528
f 510/677/262 520/692/483 935/1140/856 937/1139/855
f 512/678/261 510/677/262 937/1139/855 939/1158/874
f 514/688/260 512/678/261 939/1158/874 941/1144/860
f 508/691/259 514/688/260 941/1144/860 943/1108/824
f 506/684/258 508/691/259 943/1108/824 945/1107/823
f 507/685/257 506/684/258 945/1107/823 947/1152/868
f 522/683/256 507/685/257 947/1152/868 949/1151/867
f 542/681/255 522/683/256 949/1151/867 951/1160/876
f 505/682/254 542/681/255 951/1160/876 953/1114/830
f 1027/1166/877 1028/1167/878 1029/1168/879 1026/1169/880
f 995/1170/881 996/1171/882 997/1172/883 994/1173/884
f 983/1174/885 1036/1175/886 1037/1176/887 982/1177/888
f 1001/1178/889 1002/1179/890 1003/1180/891 1000/1181/892
f 987/1182/893 988/1183/894 989/1184/895 986/1185/896
f 1007/1186/897 1008/1187/898 1009/1188/899 1006/1189/900
f 993/1190/901 995/1170/881 994/1173/884 992/1191/902
f 1013/1192/903 1014/1193/904 1015/1194/905 1012/1195/906
f 999/1196/907 1001/1178/889 1000/1181/892 998/1197/908
f 1019/1198/909 1020/1199/910 1021/1200/911 1018/1201/912
f 1005/1202/913 1007/1186/897 1006/1189/900 1004/1203/914
f 1025/1204/915 1027/1166/877 1026/1169/880 1024/1205/916
f 1011/1206/917 1013/1192/903 1012/1195/906 1010/1207/918
f 985/1208/919 987/1182/893 986/1185/896 984/1209/920
f 1031/1210/921 1032/1211/922 1033/1212/923 1030/1213/924
f 1017/1214/925 1019/1198/909 1018/1201/912 1016/1215/926
f 991/1216/927 993/1190/901 992/1191/902 990/1217/928
f 1023/1218/929 1025/1204/915 1024/1205/916 1022/1219/930
f 996/1171/882 999/1196/907 998/1197/908 997/1172/883
f 1028/1167/878 1031/1210/921 1030/1213/924 1029/1168/879
f 1002/1179/890 1005/1202/913 1004/1203/914 1003/1180/891
f 1032/1211/922 1034/1220/931 1035/1221/932 1033/1212/923
f 1008/1222/898 1011/1206/917 1010/1207/918 1009/1223/899
f 1034/1220/931 1037/1176/887 1036/1175/886 1035/1221/932
f 1014/1193/904 1017/1214/925 1016/1215/926 1015/1194/905
f 982/1177/888 985/1208/919 984/1209/920 983/1174/885
f 1020/1199/910 1023/1218/929 1022/1219/930 1021/1200/911
f 988/1183/894 991/1216/927 990/1217/928 989/1184/895
f 580/807/564 983/1174/885 984/1209/920 614/808/565
f 589/793/558 1036/1175/886 983/1174/885 580/807/564
f 614/808/565 984/1209/920 986/1185/896 578/717/501
f 578/717/501 986/1185/896 989/1184/895 572/712/497
f 572/712/497 989/1184/895 990/1217/928 568/713/498
f 568/713/498 990/1217/928 992/1191/902 611/732/512
f 611/732/512 992/1191/902 994/1173/884 604/733/513
f 994/1173/884 997/1172/883 607/734/514 604/733/513
f 997/1172/883 998/1197/908 566/705/492 607/734/514
f 998/1197/908 1000/1181/892 563/694/484 566/705/492
f 563/694/484 1000/1181/892 1003/1180/891 574/695/485
f 1003/1180/891 1004/1203/914 616/757/531 574/695/485
f 1004/1203/914 1006/1189/900 583/761/534 616/757/531
f 1006/1189/900 1009/1188/899 586/782/550 583/761/534
f 1009/1223/899 1010/1207/918 620/781/549 586/798/550
f 620/781/549 1010/1207/918 1012/1195/906 596/724/506
f 596/724/506 1012/1195/906 1015/1194/905 592/725/507
f 1015/1194/905 1016/1215/926 640/738/517 592/725/507
f 1016/1215/926 1018/1201/912 625/777/546 640/738/517
f 1018/1201/912 1021/1200/911 635/748/524 625/777/546
f 1021/1200/911 1022/1219/930 631/749/525 635/748/524
f 631/749/525 1022/1219/930 1024/1205/916 637/750/526
f 637/750/526 1024/1205/916 1026/1169/880 629/770/541
f 629/770/541 1026/1169/880 1029/1168/879 644/768/539
f 644/768/539 1029/1168/879 1030/1213/924 601/769/540
f 601/769/540 1030/1213/924 1033/1212/923 598/797/561
f 598/797/561 1033/1212/923 1035/1221/932 623/792/557
f 623/792/557 1035/1221/932 1036/1175/886 589/793/558
f 1282/1224/933 1285/1225/934 1287/1226/935
f 1278/1227/936 1281/1228/937 1275/1229/938
f 1273/1230/939 1275/1229/938 1267/1231/940
f 1267/1231/940 1268/1232/941 1270/1233/942
f 1258/1234/943 1261/1235/944 1262/1236/945
f 1253/1237/946 1254/1238/947 1258/1234/943
f 1247/1239/948 1248/1240/949 1250/1241/950
f 1242/1242/951 1245/1243/952 1250/1241/950
f 1258/1234/943 1267/1231/940 1235/1244/953
f 1242/1242/951 1250/1241/950 1258/1234/943
f 1238/1245/954 1242/1242/951 1258/1234/943
f 1235/1244/953 1238/1245/954 1258/1234/943
f 1287/1226/935 1235/1244/953 1275/1229/938
f 1258/1234/943 1262/1236/945 1267/1231/940
f 1238/1245/954 1240/1246/955 1242/1242/951
f 1235/1244/953 1237/1247/956 1238/1245/954
f 1287/1226/935 1288/1248/957 1235/1244/953
f 1281/1228/937 1282/1224/933 1275/1229/938
f 1275/1229/938 1276/1249/958 1278/1227/936
f 1270/1233/942 1273/1230/939 1267/1231/940
f 1262/1236/945 1264/1250/959 1267/1231/940
f 1254/1238/947 1256/1251/960 1258/1234/943
f 1250/1241/950 1253/1237/946 1258/1234/943
f 1245/1243/952 1247/1239/948 1250/1241/950
f 1282/1224/933 1287/1226/935 1275/1229/938
f 1067/1252/961 1068/1253/962 1069/1254/963 1066/1255/964
f 1071/1256/965 1072/1257/966 1073/1258/967 1070/1259/968
f 1075/1260/969 1076/1261/970 1077/1262/971 1074/1263/972
f 1079/1264/973 1080/1265/974 1081/1266/975 1078/1267/976
f 1072/1257/966 1082/1268/977 1083/1269/978 1073/1258/967
f 1085/1270/979 1086/1271/980 1087/1272/981 1084/1273/982
f 1068/1253/962 1088/1274/983 1089/1275/984 1069/1254/963
f 1091/1276/985 1075/1260/969 1074/1263/972 1090/1277/986
f 1093/1278/987 1094/1279/988 1095/1280/989 1092/1281/990
f 1097/1282/991 1067/1252/961 1066/1255/964 1096/1283/992
f 1099/1284/993 1100/1285/994 1101/1286/995 1098/1287/996
f 1086/1271/980 1102/1288/997 1103/1289/998 1087/1272/981
f 1080/1265/974 1104/1290/999 1105/1291/1000 1081/1266/975
f 1104/1292/999 1093/1278/987 1092/1281/990 1105/1293/1000
f 1088/1274/983 1106/1294/1001 1107/1295/1002 1089/1275/984
f 1109/1296/1003 1099/1284/993 1098/1287/996 1108/1297/1004
f 1094/1279/988 1110/1298/1005 1111/1299/1006 1095/1280/989
f 1113/1300/1007 1114/1301/1008 1115/1302/1009 1112/1303/1010
f 1076/1261/970 1116/1304/1011 1117/1305/1012 1077/1262/971
f 1102/1288/997 1091/1276/985 1090/1277/986 1103/1289/998
f 1110/1298/1005 1118/1306/1013 1119/1307/1014 1111/1299/1006
f 1118/1306/1013 1071/1256/965 1070/1259/968 1119/1307/1014
f 1100/1285/994 1085/1270/979 1084/1273/982 1101/1286/995
f 1112/1303/1010 1109/1296/1003 1108/1297/1004 1113/1300/1007
f 1121/1308/1015 1115/1302/1009 1114/1301/1008 1120/1309/1016
f 1106/1294/1001 1121/1308/1015 1120/1309/1016 1107/1295/1002
f 1116/1304/1011 1079/1264/973 1078/1267/976 1117/1305/1012
f 1082/1268/977 1097/1282/991 1096/1283/992 1083/1269/978
f 958/1310/1017 959/1311/1018 1066/1255/964 1069/1254/963
f 959/1311/1018 960/1312/1019 1096/1283/992 1066/1255/964
f 957/1313/1020 958/1310/1017 1069/1254/963 1089/1275/984
f 963/1314/1021 964/1315/1022 1119/1307/1014 1070/1259/968
f 962/1316/1023 963/1314/1021 1070/1259/968 1073/1258/967
f 961/1317/1024 962/1316/1023 1073/1258/967 1083/1269/978
f 972/1318/1025 973/1319/1026 1074/1263/972 1077/1262/971
f 973/1319/1026 974/1320/1027 1090/1277/986 1074/1263/972
f 971/1321/1028 972/1318/1025 1077/1262/971 1117/1305/1012
f 969/1322/1029 970/1323/1030 1078/1267/976 1081/1266/975
f 970/1323/1030 971/1321/1028 1117/1305/1012 1078/1267/976
f 968/1324/1031 969/1322/1029 1081/1266/975 1105/1291/1000
f 960/1312/1019 961/1317/1024 1083/1269/978 1096/1283/992
f 977/1325/1032 978/1326/1033 1101/1286/995 1084/1273/982
f 976/1327/1034 977/1325/1032 1084/1273/982 1087/1272/981
f 975/1328/1035 976/1327/1034 1087/1272/981 1103/1289/998
f 956/1329/1036 957/1313/1020 1089/1275/984 1107/1295/1002
f 974/1320/1027 975/1328/1035 1103/1289/998 1090/1277/986
f 966/1330/1037 967/1331/1038 1092/1281/990 1095/1280/989
f 967/1331/1038 968/1332/1031 1105/1293/1000 1092/1281/990
f 965/1333/1039 966/1330/1037 1095/1280/989 1111/1299/1006
f 978/1326/1033 979/1334/1040 1098/1287/996 1101/1286/995
f 979/1334/1040 980/1335/1041 1108/1297/1004 1098/1287/996
f 955/1336/1042 956/1329/1036 1107/1295/1002 1120/1309/1016
f 980/1335/1041 981/1337/1043 1113/1300/1007 1108/1297/1004
f 964/1315/1022 965/1333/1039 1111/1299/1006 1119/1307/1014
f 981/1337/1043 954/1338/1044 1114/1301/1008 1113/1300/1007
f 954/1338/1044 955/1336/1042 1120/1309/1016 1114/1301/1008
f 1123/1339/1045 1124/1340/1046 1125/1341/1047 1122/1342/1048
f 1127/1343/1049 1128/1344/1050 1129/1345/1051 1126/1346/1052
f 1131/1347/1053 1132/1348/1054 1133/1349/1055 1130/1350/1056
f 1135/1351/1057 1136/1352/1058 1137/1353/1059 1134/1354/1060
f 1128/1344/1050 1138/1355/1061 1139/1356/930 1129/1345/1051
f 1141/1357/1062 1142/1358/1063 1143/1359/1064 1140/1360/1065
f 1124/1340/1046 1144/1361/1066 1145/1362/1067 1125/1341/1047
f 1147/1363/1068 1131/1347/1053 1130/1350/1056 1146/1364/1069
f 1149/1365/1070 1150/1366/1071 1151/1367/1072 1148/1368/1073
f 1153/1369/1074 1123/1339/1045 1122/1342/1048 1152/1370/1075
f 1155/1371/1076 1156/1372/1077 1157/1373/1078 1154/1374/1079
f 1142/1358/1063 1158/1375/1080 1159/1376/884 1143/1359/1064
f 1136/1352/1058 1160/1377/1081 1161/1378/1082 1137/1353/1059
f 1160/1379/1081 1149/1365/1070 1148/1368/1073 1161/1380/1082
f 1144/1361/1066 1162/1381/1083 1163/1382/1084 1145/1362/1067
f 1165/1383/1085 1155/1371/1076 1154/1374/1079 1164/1384/1086
f 1150/1366/1071 1166/1385/1087 1167/1386/1088 1151/1367/1072
f 1169/1387/1089 1170/1388/1090 1171/1389/1091 1168/1390/1092
f 1132/1348/1054 1172/1391/1093 1173/1392/1094 1133/1349/1055
f 1158/1375/1080 1147/1363/1068 1146/1364/1069 1159/1376/884
f 1166/1385/1087 1174/1393/1095 1175/1394/1096 1167/1386/1088
f 1174/1393/1095 1127/1343/1049 1126/1346/1052 1175/1394/1096
f 1156/1372/1077 1141/1357/1062 1140/1360/1065 1157/1373/1078
f 1168/1390/1092 1165/1383/1085 1164/1384/1086 1169/1387/1089
f 1177/1395/1097 1171/1389/1091 1170/1388/1090 1176/1396/1098
f 1162/1381/1083 1177/1395/1097 1176/1396/1098 1163/1382/1084
f 1172/1391/1093 1135/1351/1057 1134/1354/1060 1173/1392/1094
f 1138/1355/1061 1153/1369/1074 1152/1370/1075 1139/1356/930
f 1068/1253/962 1067/1252/961 1122/1342/1048 1125/1341/1047
f 1044/1397/1099 1043/1398/1100 1123/1339/1045 1153/1369/1074
f 1043/1398/1100 1042/1399/1101 1124/1340/1046 1123/1339/1045
f 1067/1252/961 1097/1282/991 1152/1370/1075 1122/1342/1048
f 1088/1274/983 1068/1253/962 1125/1341/1047 1145/1362/1067
f 1042/1399/1101 1041/1400/1102 1144/1361/1066 1124/1340/1046
f 1048/1401/1103 1047/1402/1104 1127/1343/1049 1174/1393/1095
f 1071/1256/965 1118/1306/1013 1175/1394/1096 1126/1346/1052
f 1047/1402/1104 1046/1403/1105 1128/1344/1050 1127/1343/1049
f 1072/1257/966 1071/1256/965 1126/1346/1052 1129/1345/1051
f 1082/1268/977 1072/1257/966 1129/1345/1051 1139/1356/930
f 1046/1403/1105 1045/1404/1106 1138/1355/1061 1128/1344/1050
f 1076/1261/970 1075/1260/969 1130/1350/1056 1133/1349/1055
f 1058/1405/1107 1057/1406/1108 1131/1347/1053 1147/1363/1068
f 1057/1406/1108 1056/1407/1109 1132/1348/1054 1131/1347/1053
f 1075/1260/969 1091/1276/985 1146/1364/1069 1130/1350/1056
f 1056/1407/1109 1055/1408/1110 1172/1391/1093 1132/1348/1054
f 1116/1304/1011 1076/1261/970 1133/1349/1055 1173/1392/1094
f 1080/1265/974 1079/1264/973 1134/1354/1060 1137/1353/1059
f 1055/1408/1110 1054/1409/1111 1135/1351/1057 1172/1391/1093
f 1054/1409/1111 1053/1410/1112 1136/1352/1058 1135/1351/1057
f 1079/1264/973 1116/1304/1011 1173/1392/1094 1134/1354/1060
f 1104/1290/999 1080/1265/974 1137/1353/1059 1161/1378/1082
f 1053/1410/1112 1052/1411/1113 1160/1377/1081 1136/1352/1058
f 1097/1282/991 1082/1268/977 1139/1356/930 1152/1370/1075
f 1045/1404/1106 1044/1397/1099 1153/1369/1074 1138/1355/1061
f 1061/1412/1114 1060/1413/1115 1142/1358/1063 1141/1357/1062
f 1086/1271/980 1085/1270/979 1140/1360/1065 1143/1359/1064
f 1062/1414/1116 1061/1412/1114 1141/1357/1062 1156/1372/1077
f 1085/1270/979 1100/1285/994 1157/1373/1078 1140/1360/1065
f 1102/1288/997 1086/1271/980 1143/1359/1064 1159/1376/884
f 1060/1413/1115 1059/1415/1117 1158/1375/1080 1142/1358/1063
f 1106/1294/1001 1088/1274/983 1145/1362/1067 1163/1382/1084
f 1041/1400/1102 1040/1416/1118 1162/1381/1083 1144/1361/1066
f 1059/1415/1117 1058/1405/1107 1147/1363/1068 1158/1375/1080
f 1091/1276/985 1102/1288/997 1159/1376/884 1146/1364/1069
f 1094/1279/988 1093/1278/987 1148/1368/1073 1151/1367/1072
f 1052/1417/1113 1051/1418/1119 1149/1365/1070 1160/1379/1081
f 1051/1418/1119 1050/1419/1120 1150/1366/1071 1149/1365/1070
f 1093/1278/987 1104/1292/999 1161/1380/1082 1148/1368/1073
f 1110/1298/1005 1094/1279/988 1151/1367/1072 1167/1386/1088
f 1050/1419/1120 1049/1420/1121 1166/1385/1087 1150/1366/1071
f 1100/1285/994 1099/1284/993 1154/1374/1079 1157/1373/1078
f 1064/1421/1122 1063/1422/1123 1155/1371/1076 1165/1383/1085
f 1063/1422/1123 1062/1414/1116 1156/1372/1077 1155/1371/1076
f 1099/1284/993 1109/1296/1003 1164/1384/1086 1154/1374/1079
f 1121/1308/1015 1106/1294/1001 1163/1382/1084 1176/1396/1098
f 1040/1416/1118 1039/1423/1124 1177/1395/1097 1162/1381/1083
f 1065/1424/1125 1064/1421/1122 1165/1383/1085 1168/1390/1092
f 1109/1296/1003 1112/1303/1010 1169/1387/1089 1164/1384/1086
f 1118/1306/1013 1110/1298/1005 1167/1386/1088 1175/1394/1096
f 1049/1420/1121 1048/1401/1103 1174/1393/1095 1166/1385/1087
f 1038/1425/1126 1065/1424/1125 1168/1390/1092 1171/1389/1091
f 1112/1303/1010 1115/1302/1009 1170/1388/1090 1169/1387/1089
f 1039/1423/1124 1038/1425/1126 1171/1389/1091 1177/1395/1097
f 1115/1302/1009 1121/1308/1015 1176/1396/1098 1170/1388/1090
f 1217/1426/1127 1214/1427/1128 1215/1428/1129 1216/1429/1130
f 1211/1430/1131 1208/1431/1132 1209/1432/1133 1210/1433/1134
f 1197/1434/1135 1194/1435/1136 1195/1436/1137 1196/1437/1138
f 1189/1438/1139 1186/1439/1140 1187/1440/1141 1188/1441/1142
f 1194/1435/1136 1192/1442/1143 1193/1443/1144 1195/1436/1137
f 1225/1444/1145 1222/1445/1146 1223/1446/1147 1224/1447/1148
f 1186/1439/1140 1184/1448/1149 1185/1449/1150 1187/1440/1141
f 1219/1450/1151 1217/1426/1127 1216/1429/1130 1218/1451/1152
f 1205/1452/1153 1202/1453/1154 1203/1454/1155 1204/1455/1156
f 1191/1456/1157 1189/1438/1139 1188/1441/1142 1190/1457/1158
f 1229/1458/1159 1226/1459/1160 1227/1460/1161 1228/1461/1162
f 1222/1445/1146 1220/1462/1163 1221/1463/1164 1223/1446/1147
f 1208/1431/1132 1206/1464/1165 1207/1465/1166 1209/1432/1133
f 1206/1466/1165 1205/1452/1153 1204/1455/1156 1207/1467/1166
f 1184/1448/1149 1182/1468/1167 1183/1469/1168 1185/1449/1150
f 1231/1470/1169 1229/1458/1159 1228/1461/1162 1230/1471/1170
f 1202/1453/1154 1200/1472/1171 1201/1473/1172 1203/1454/1155
f 1233/1474/1173 1178/1475/1174 1179/1476/1175 1232/1477/1176
f 1214/1427/1128 1212/1478/1177 1213/1479/1178 1215/1428/1129
f 1220/1462/1163 1219/1450/1151 1218/1451/1152 1221/1463/1164
f 1200/1472/1171 1198/1480/1179 1199/1481/1180 1201/1473/1172
f 1198/1480/1179 1197/1434/1135 1196/1437/1138 1199/1481/1180
f 1226/1459/1160 1225/1444/1145 1224/1447/1148 1227/1460/1161
f 1232/1477/1176 1231/1470/1169 1230/1471/1170 1233/1474/1173
f 1181/1482/1181 1179/1476/1175 1178/1475/1174 1180/1483/1182
f 1182/1468/1167 1181/1482/1181 1180/1483/1182 1183/1469/1168
f 1212/1478/1177 1211/1430/1131 1210/1433/1134 1213/1479/1178
f 1192/1442/1143 1191/1456/1157 1190/1457/1158 1193/1443/1144
f 982/1177/888 1037/1176/887 1178/1475/1174 1233/1474/1173
f 1179/1476/1175 1181/1482/1181 955/1484/1183 954/1485/365
f 1232/1477/1176 1179/1476/1175 954/1485/365 981/1486/1184
f 1037/1176/887 1034/1220/931 1180/1483/1182 1178/1475/1174
f 1181/1482/1181 1182/1468/1167 956/1487/1185 955/1484/1183
f 1034/1220/931 1032/1211/922 1183/1469/1168 1180/1483/1182
f 1032/1211/922 1031/1210/921 1185/1449/1150 1183/1469/1168
f 1182/1468/1167 1184/1448/1149 957/1488/1186 956/1487/1185
f 1031/1210/921 1028/1167/878 1187/1440/1141 1185/1449/1150
f 1184/1448/1149 1186/1439/1140 958/1489/1187 957/1488/1186
f 1028/1167/878 1027/1166/877 1188/1441/1142 1187/1440/1141
f 1186/1439/1140 1189/1438/1139 959/1490/1188 958/1489/1187
f 1189/1438/1139 1191/1456/1157 960/1491/1189 959/1490/1188
f 1027/1166/877 1025/1204/915 1190/1457/1158 1188/1441/1142
f 1191/1456/1157 1192/1442/1143 961/1492/261 960/1491/1189
f 1025/1204/915 1023/1218/929 1193/1443/1144 1190/1457/1158
f 1023/1218/929 1020/1199/910 1195/1436/1137 1193/1443/1144
f 1192/1442/1143 1194/1435/1136 962/1493/1190 961/1492/261
f 1020/1199/910 1019/1198/909 1196/1437/1138 1195/1436/1137
f 1194/1435/1136 1197/1434/1135 963/1494/1191 962/1493/1190
f 1197/1434/1135 1198/1480/1179 964/1495/1192 963/1494/1191
f 1019/1198/909 1017/1214/925 1199/1481/1180 1196/1437/1138
f 1017/1214/925 1014/1193/904 1201/1473/1172 1199/1481/1180
f 1198/1480/1179 1200/1472/1171 965/1496/1193 964/1495/1192
f 1014/1193/904 1013/1192/903 1203/1454/1155 1201/1473/1172
f 1200/1472/1171 1202/1453/1154 966/1497/1194 965/1496/1193
f 1013/1192/903 1011/1206/917 1204/1455/1156 1203/1454/1155
f 1202/1453/1154 1205/1452/1153 967/1498/1195 966/1497/1194
f 1205/1452/1153 1206/1466/1165 968/1499/736 967/1498/1195
f 1011/1206/917 1008/1222/898 1207/1467/1166 1204/1455/1156
f 1008/1187/898 1007/1186/897 1209/1432/1133 1207/1465/1166
f 1206/1464/1165 1208/1431/1132 969/1500/1196 968/1501/736
f 1007/1186/897 1005/1202/913 1210/1433/1134 1209/1432/1133
f 1208/1431/1132 1211/1430/1131 970/1502/1197 969/1500/1196
f 1211/1430/1131 1212/1478/1177 971/1503/1198 970/1502/1197
f 1005/1202/913 1002/1179/890 1213/1479/1178 1210/1433/1134
f 1002/1179/890 1001/1178/889 1215/1428/1129 1213/1479/1178
f 1212/1478/1177 1214/1427/1128 972/1504/1199 971/1503/1198
f 1001/1178/889 999/1196/907 1216/1429/1130 1215/1428/1129
f 1214/1427/1128 1217/1426/1127 973/1505/1200 972/1504/1199
f 1217/1426/1127 1219/1450/1151 974/1506/1201 973/1505/1200
f 999/1196/907 996/1171/882 1218/1451/1152 1216/1429/1130
f 1219/1450/1151 1220/1462/1163 975/1507/275 974/1506/1201
f 996/1171/882 995/1170/881 1221/1463/1164 1218/1451/1152
f 995/1170/881 993/1190/901 1223/1446/1147 1221/1463/1164
f 1220/1462/1163 1222/1445/1146 976/1508/1202 975/1507/275
f 993/1190/901 991/1216/927 1224/1447/1148 1223/1446/1147
f 1222/1445/1146 1225/1444/1145 977/1509/1203 976/1508/1202
f 1225/1444/1145 1226/1459/1160 978/1510/1204 977/1509/1203
f 991/1216/927 988/1183/894 1227/1460/1161 1224/1447/1148
f 988/1183/894 987/1182/893 1228/1461/1162 1227/1460/1161
f 1226/1459/1160 1229/1458/1159 979/1511/1205 978/1510/1204
f 1229/1458/1159 1231/1470/1169 980/1512/1206 979/1511/1205
f 987/1182/893 985/1208/919 1230/1471/1170 1228/1461/1162
f 1231/1470/1169 1232/1477/1176 981/1486/1184 980/1512/1206
f 985/1208/919 982/1177/888 1233/1474/1173 1230/1471/1170
f 944/1513/822 942/1514/821 936/1515/854
f 942/1514/821 940/1516/859 936/1515/854
f 940/1516/859 938/1517/873 936/1515/854
f 936/1515/854 934/1518/853 929/1519/847
f 934/1518/853 933/1520/869 929/1519/847
f 933/1520/869 930/1521/848 929/1519/847
f 929/1519/847 927/1522/861 924/1523/842
f 924/1523/842 923/1524/841 921/1163/857
f 921/1163/857 918/1525/834 917/1526/833
f 917/1526/833 915/1527/851 921/1163/857
f 915/1527/851 912/1164/826 921/1163/857
f 912/1164/826 910/1528/825 908/1529/845
f 908/1529/845 906/1530/871 904/1531/838
f 904/1531/838 902/1532/837 900/1533/863
f 900/1533/863 898/1534/832 952/1165/831
f 952/1165/831 950/1535/875 948/1536/866
f 948/1536/866 946/1537/865 944/1513/822
f 929/1519/847 924/1523/842 921/1163/857
f 912/1164/826 908/1529/845 952/1165/831
f 908/1529/845 904/1531/838 952/1165/831
f 904/1531/838 900/1533/863 952/1165/831
f 952/1165/831 948/1536/866 944/1513/822
f 944/1513/822 936/1515/854 952/1165/831
f 936/1515/854 929/1519/847 952/1165/831
f 929/1519/847 921/1163/857 952/1165/831
f 1245/1538/952 1242/1539/951 1243/1540/879 1244/1541/1048
f 1253/1542/946 1250/1543/950 1251/1544/1051 1252/1545/1052
f 1273/1546/939 1270/1547/942 1271/1548/1207 1272/1549/1056
f 1267/1550/940 1264/1551/959 1265/1552/1059 1266/1553/1060
f 1250/1543/950 1248/1554/949 1249/1555/930 1251/1544/1051
f 1281/1556/937 1278/1557/936 1279/1558/1064 1280/1559/1065
f 1242/1539/951 1240/1560/955 1241/1561/1067 1243/1540/879
f 1275/1562/938 1273/1546/939 1272/1549/1056 1274/1563/1069
f 1261/1564/944 1258/1565/943 1259/1566/1072 1260/1567/1073
f 1247/1568/948 1245/1538/952 1244/1541/1048 1246/1569/1075
f 1285/1570/934 1282/1571/933 1283/1572/895 1284/1573/1079
f 1278/1557/936 1276/1574/958 1277/1575/884 1279/1558/1064
f 1264/1551/959 1262/1576/945 1263/1577/1082 1265/1552/1059
f 1262/1578/945 1261/1564/944 1260/1567/1073 1263/1579/1082
f 1240/1560/955 1238/1580/954 1239/1581/1084 1241/1561/1067
f 1287/1582/935 1285/1570/934 1284/1573/1079 1286/1583/1086
f 1258/1565/943 1256/1584/960 1257/1585/1088 1259/1566/1072
f 1289/1586/1089 1234/1587/1208 1235/1588/953 1288/1589/957
f 1270/1547/942 1268/1590/941 1269/1591/1094 1271/1548/1207
f 1276/1574/958 1275/1562/938 1274/1563/1069 1277/1575/884
f 1256/1584/960 1254/1592/947 1255/1593/926 1257/1585/1088
f 1254/1592/947 1253/1542/946 1252/1545/1052 1255/1593/926
f 1282/1571/933 1281/1556/937 1280/1559/1065 1283/1572/895
f 1288/1589/957 1287/1582/935 1286/1583/1086 1289/1586/1089
f 1237/1594/956 1235/1588/953 1234/1587/1208 1236/1595/1098
f 1238/1580/954 1237/1594/956 1236/1595/1098 1239/1581/1084
f 1268/1590/941 1267/1550/940 1266/1553/1060 1269/1591/1094
f 1248/1554/949 1247/1568/948 1246/1569/1075 1249/1555/930
f 1267/1231/940 1275/1229/938 1235/1244/953
f 1290/1596/365 1357/1597/1183 1236/1595/1098 1234/1587/1208
f 1358/1598/1184 1290/1596/365 1234/1587/1208 1289/1586/1089
f 1357/1597/1183 1425/1599/1185 1239/1581/1084 1236/1595/1098
f 1425/1599/1185 1459/1600/1186 1241/1561/1067 1239/1581/1084
f 1459/1600/1186 1493/1601/1187 1243/1540/879 1241/1561/1067
f 1493/1601/1187 1527/1602/1188 1244/1541/1048 1243/1540/879
f 1527/1602/1188 1561/1603/1189 1246/1569/1075 1244/1541/1048
f 1561/1603/1189 1595/1604/261 1249/1555/930 1246/1569/1075
f 1595/1604/261 1629/1605/1190 1251/1544/1051 1249/1555/930
f 1629/1605/1190 1663/1606/1191 1252/1545/1052 1251/1544/1051
f 1663/1606/1191 1697/1607/1192 1255/1593/926 1252/1545/1052
f 1697/1607/1192 1731/1608/1193 1257/1585/1088 1255/1593/926
f 1731/1608/1193 1765/1609/1194 1259/1566/1072 1257/1585/1088
f 1765/1609/1194 1799/1610/1195 1260/1567/1073 1259/1566/1072
f 1799/1610/1195 1833/1611/736 1263/1579/1082 1260/1567/1073
f 1833/1612/736 1867/1613/1196 1265/1552/1059 1263/1577/1082
f 1867/1613/1196 1901/1614/1197 1266/1553/1060 1265/1552/1059
f 1901/1614/1197 1935/1615/1198 1269/1591/1094 1266/1553/1060
f 1935/1615/1198 1969/1616/1199 1271/1548/1207 1269/1591/1094
f 1969/1616/1199 2003/1617/1200 1272/1549/1056 1271/1548/1207
f 2003/1617/1200 2037/1618/1201 1274/1563/1069 1272/1549/1056
f 2037/1618/1201 2071/1619/275 1277/1575/884 1274/1563/1069
f 2071/1619/275 2105/1620/1202 1279/1558/1064 1277/1575/884
f 2105/1620/1202 2139/1621/1203 1280/1559/1065 1279/1558/1064
f 2139/1621/1203 2173/1622/1204 1283/1572/895 1280/1559/1065
f 2173/1622/1204 2207/1623/1205 1284/1573/1079 1283/1572/895
f 2207/1623/1205 2241/1624/1206 1286/1583/1086 1284/1573/1079
f 2241/1624/1206 1358/1598/1184 1289/1586/1089 1286/1583/1086
f 768/1625/736 799/1626/736 771/1627/736
f 771/1627/736 773/1628/736 768/1625/736
f 773/1628/736 801/1629/736 768/1625/736
f 801/1629/736 775/1630/736 779/986/736
f 775/1630/736 777/1631/736 779/986/736
f 777/1631/736 803/1632/736 779/986/736
f 779/986/736 781/1633/736 805/1634/736
f 805/1634/736 783/1635/1209 785/1636/736
f 785/1636/736 807/1637/1209 787/1638/736
f 787/1638/736 789/1639/736 809/987/736
f 809/987/736 811/1640/736 813/1641/736
f 813/1641/736 791/1642/736 809/987/736
f 791/1642/736 793/1643/736 809/987/736
f 793/1643/736 759/1644/736 763/988/736
f 759/1644/736 761/1645/736 763/988/736
f 761/1645/736 795/1646/736 763/988/736
f 763/988/736 765/1647/1210 797/1648/736
f 797/1648/736 767/1649/1210 768/1625/736
f 779/986/736 805/1634/736 785/1636/736
f 785/1636/736 787/1638/736 779/986/736
f 787/1638/736 809/987/736 779/986/736
f 763/988/736 797/1648/736 779/986/736
f 797/1648/736 768/1625/736 779/986/736
f 768/1625/736 801/1629/736 779/986/736
f 809/987/736 793/1643/736 763/988/736
f 1064/1650/1206 1065/1651/1184 1391/1652/1184 2208/1653/1206
f 2208/1653/1206 1391/1652/1184 1390/1654/1184 2209/1655/1206
f 2209/1655/1206 1390/1654/1184 1389/1656/1184 2210/1657/1206
f 2210/1657/1206 1389/1656/1184 1388/1658/1184 2211/1659/1206
f 2211/1659/1206 1388/1658/1184 1387/1660/1184 2212/1661/1206
f 2212/1661/1206 1387/1660/1184 1386/1662/1184 2213/1663/1206
f 2213/1663/1206 1386/1662/1184 1385/1664/1184 2214/1665/1206
f 2214/1665/1206 1385/1664/1184 1384/1666/1184 2215/1667/1206
f 2215/1667/1206 1384/1666/1184 1383/1668/1184 2216/1669/1206
f 2216/1669/1206 1383/1668/1184 1382/1670/1184 2217/1671/1206
f 2217/1671/1206 1382/1670/1184 1381/1672/1184 2218/1673/1206
f 2218/1673/1206 1381/1672/1184 1380/1674/1184 2219/1675/1206
f 2219/1675/1206 1380/1674/1184 1379/1676/1184 2220/1677/1206
f 2220/1677/1206 1379/1676/1184 1378/1678/1184 2221/1679/1206
f 2221/1679/1206 1378/1678/1184 1377/1680/1184 2222/1681/1206
f 2222/1681/1206 1377/1680/1184 1376/1682/1184 2223/1683/1206
f 2223/1683/1206 1376/1682/1184 1375/1684/1184 2224/1685/1206
f 2224/1685/1206 1375/1684/1184 1374/1686/1184 2225/1687/1206
f 2225/1687/1206 1374/1686/1184 1373/1688/1184 2226/1689/1206
f 2226/1689/1206 1373/1688/1184 1372/1690/1184 2227/1691/1206
f 2227/1691/1206 1372/1690/1184 1371/1692/1184 2228/1693/1206
f 2228/1693/1206 1371/1692/1184 1370/1694/1184 2229/1695/1206
f 2229/1695/1206 1370/1694/1184 1369/1696/1184 2230/1697/1206
f 2230/1697/1206 1369/1696/1184 1368/1698/1184 2231/1699/1206
f 2231/1699/1206 1368/1698/1184 1367/1700/1184 2232/1701/1206
f 2232/1701/1206 1367/1700/1184 1366/1702/1184 2233/1703/1206
f 2233/1703/1206 1366/1702/1184 1365/1704/1184 2234/1705/1206
f 2234/1705/1206 1365/1704/1184 1364/1706/1184 2235/1707/1206
f 2235/1707/1206 1364/1706/1184 1363/1708/1184 2236/1709/1206
f 2236/1709/1206 1363/1708/1184 1362/1710/1184 2237/1711/1206
f 2237/1711/1206 1362/1710/1184 1361/1712/1184 2238/1713/1206
f 2238/1713/1206 1361/1712/1184 1360/1714/1184 2239/1715/1206
f 2239/1715/1206 1360/1714/1184 1359/1716/1184 2240/1717/1206
f 2240/1717/1206 1359/1716/1184 1358/1598/1184 2241/1624/1206
f 1063/1718/1205 1064/1650/1206 2208/1653/1206 2174/1719/1205
f 2174/1719/1205 2208/1653/1206 2209/1655/1206 2175/1720/1205
f 2175/1720/1205 2209/1655/1206 2210/1657/1206 2176/1721/1205
f 2176/1721/1205 2210/1657/1206 2211/1659/1206 2177/1722/1205
f 2177/1722/1205 2211/1659/1206 2212/1661/1206 2178/1723/1205
f 2178/1723/1205 2212/1661/1206 2213/1663/1206 2179/1724/1205
f 2179/1724/1205 2213/1663/1206 2214/1665/1206 2180/1725/1205
f 2180/1725/1205 2214/1665/1206 2215/1667/1206 2181/1726/1205
f 2181/1726/1205 2215/1667/1206 2216/1669/1206 2182/1727/1205
f 2182/1727/1205 2216/1669/1206 2217/1671/1206 2183/1728/1205
f 2183/1728/1205 2217/1671/1206 2218/1673/1206 2184/1729/1205
f 2184/1729/1205 2218/1673/1206 2219/1675/1206 2185/1730/1205
f 2185/1730/1205 2219/1675/1206 2220/1677/1206 2186/1731/1205
f 2186/1731/1205 2220/1677/1206 2221/1679/1206 2187/1732/1205
f 2187/1732/1205 2221/1679/1206 2222/1681/1206 2188/1733/1205
f 2188/1733/1205 2222/1681/1206 2223/1683/1206 2189/1734/1205
f 2189/1734/1205 2223/1683/1206 2224/1685/1206 2190/1735/1205
f 2190/1735/1205 2224/1685/1206 2225/1687/1206 2191/1736/1205
f 2191/1736/1205 2225/1687/1206 2226/1689/1206 2192/1737/1205
f 2192/1737/1205 2226/1689/1206 2227/1691/1206 2193/1738/1205
f 2193/1738/1205 2227/1691/1206 2228/1693/1206 2194/1739/1205
f 2194/1739/1205 2228/1693/1206 2229/1695/1206 2195/1740/1205
f 2195/1740/1205 2229/1695/1206 2230/1697/1206 2196/1741/1205
f 2196/1741/1205 2230/1697/1206 2231/1699/1206 2197/1742/1205
f 2197/1742/1205 2231/1699/1206 2232/1701/1206 2198/1743/1205
f 2198/1743/1205 2232/1701/1206 2233/1703/1206 2199/1744/1205
f 2199/1744/1205 2233/1703/1206 2234/1705/1206 2200/1745/1205
f 2200/1745/1205 2234/1705/1206 2235/1707/1206 2201/1746/1205
f 2201/1746/1205 2235/1707/1206 2236/1709/1206 2202/1747/1205
f 2202/1747/1205 2236/1709/1206 2237/1711/1206 2203/1748/1205
f 2203/1748/1205 2237/1711/1206 2238/1713/1206 2204/1749/1205
f 2204/1749/1205 2238/1713/1206 2239/1715/1206 2205/1750/1205
f 2205/1750/1205 2239/1715/1206 2240/1717/1206 2206/1751/1205
f 2206/1751/1205 2240/1717/1206 2241/1624/1206 2207/1623/1205
f 1062/1752/1204 1063/1718/1205 2174/1719/1205 2140/1753/1204
f 2140/1753/1204 2174/1719/1205 2175/1720/1205 2141/1754/1204
f 2141/1754/1204 2175/1720/1205 2176/1721/1205 2142/1755/1204
f 2142/1755/1204 2176/1721/1205 2177/1722/1205 2143/1756/1204
f 2143/1756/1204 2177/1722/1205 2178/1723/1205 2144/1757/1204
f 2144/1757/1204 2178/1723/1205 2179/1724/1205 2145/1758/1204
f 2145/1758/1204 2179/1724/1205 2180/1725/1205 2146/1759/1204
f 2146/1759/1204 2180/1725/1205 2181/1726/1205 2147/1760/1204
f 2147/1760/1204 2181/1726/1205 2182/1727/1205 2148/1761/1204
f 2148/1761/1204 2182/1727/1205 2183/1728/1205 2149/1762/1204
f 2149/1762/1204 2183/1728/1205 2184/1729/1205 2150/1763/1204
f 2150/1763/1204 2184/1729/1205 2185/1730/1205 2151/1764/1204
f 2151/1764/1204 2185/1730/1205 2186/1731/1205 2152/1765/1204
f 2152/1765/1204 2186/1731/1205 2187/1732/1205 2153/1766/1204
f 2153/1766/1204 2187/1732/1205 2188/1733/1205 2154/1767/1204
f 2154/1767/1204 2188/1733/1205 2189/1734/1205 2155/1768/1204
f 2155/1768/1204 2189/1734/1205 2190/1735/1205 2156/1769/1204
f 2156/1769/1204 2190/1735/1205 2191/1736/1205 2157/1770/1204
f 2157/1770/1204 2191/1736/1205 2192/1737/1205 2158/1771/1204
f 2158/1771/1204 2192/1737/1205 2193/1738/1205 2159/1772/1204
f 2159/1772/1204 2193/1738/1205 2194/1739/1205 2160/1773/1204
f 2160/1773/1204 2194/1739/1205 2195/1740/1205 2161/1774/1204
f 2161/1774/1204 2195/1740/1205 2196/1741/1205 2162/1775/1204
f 2162/1775/1204 2196/1741/1205 2197/1742/1205 2163/1776/1204
f 2163/1776/1204 2197/1742/1205 2198/1743/1205 2164/1777/1204
f 2164/1777/1204 2198/1743/1205 2199/1744/1205 2165/1778/1204
f 2165/1778/1204 2199/1744/1205 2200/1745/1205 2166/1779/1204
f 2166/1779/1204 2200/1745/1205 2201/1746/1205 2167/1780/1204
f 2167/1780/1204 2201/1746/1205 2202/1747/1205 2168/1781/1204
f 2168/1781/1204 2202/1747/1205 2203/1748/1205 2169/1782/1204
f 2169/1782/1204 2203/1748/1205 2204/1749/1205 2170/1783/1204
f 2170/1783/1204 2204/1749/1205 2205/1750/1205 2171/1784/1204
f 2171/1784/1204 2205/1750/1205 2206/1751/1205 2172/1785/1204
f 2172/1785/1204 2206/1751/1205 2207/1623/1205 2173/1622/1204
f 1061/1786/1203 1062/1752/1204 2140/1753/1204 2106/1787/1203
f 2106/1787/1203 2140/1753/1204 2141/1754/1204 2107/1788/1203
f 2107/1788/1203 2141/1754/1204 2142/1755/1204 2108/1789/1203
f 2108/1789/1203 2142/1755/1204 2143/1756/1204 2109/1790/1203
f 2109/1790/1203 2143/1756/1204 2144/1757/1204 2110/1791/1203
f 2110/1791/1203 2144/1757/1204 2145/1758/1204 2111/1792/1203
f 2111/1792/1203 2145/1758/1204 2146/1759/1204 2112/1793/1203
f 2112/1793/1203 2146/1759/1204 2147/1760/1204 2113/1794/1203
f 2113/1794/1203 2147/1760/1204 2148/1761/1204 2114/1795/1203
f 2114/1795/1203 2148/1761/1204 2149/1762/1204 2115/1796/1203
f 2115/1796/1203 2149/1762/1204 2150/1763/1204 2116/1797/1203
f 2116/1797/1203 2150/1763/1204 2151/1764/1204 2117/1798/1203
f 2117/1798/1203 2151/1764/1204 2152/1765/1204 2118/1799/1203
f 2118/1799/1203 2152/1765/1204 2153/1766/1204 2119/1800/1203
f 2119/1800/1203 2153/1766/1204 2154/1767/1204 2120/1801/1203
f 2120/1801/1203 2154/1767/1204 2155/1768/1204 2121/1802/1203
f 2121/1802/1203 2155/1768/1204 2156/1769/1204 2122/1803/1203
f 2122/1803/1203 2156/1769/1204 2157/1770/1204 2123/1804/1203
f 2123/1804/1203 2157/1770/1204 2158/1771/1204 2124/1805/1203
f 2124/1805/1203 2158/1771/1204 2159/1772/1204 2125/1806/1203
f 2125/1806/1203 2159/1772/1204 2160/1773/1204 2126/1807/1203
f 2126/1807/1203 2160/1773/1204 2161/1774/1204 2127/1808/1203
f 2127/1808/1203 2161/1774/1204 2162/1775/1204 2128/1809/1203
f 2128/1809/1203 2162/1775/1204 2163/1776/1204 2129/1810/1203
f 2129/1810/1203 2163/1776/1204 2164/1777/1204 2130/1811/1203
f 2130/1811/1203 2164/1777/1204 2165/1778/1204 2131/1812/1203
f 2131/1812/1203 2165/1778/1204 2166/1779/1204 2132/1813/1203
f 2132/1813/1203 2166/1779/1204 2167/1780/1204 2133/1814/1203
f 2133/1814/1203 2167/1780/1204 2168/1781/1204 2134/1815/1203
f 2134/1815/1203 2168/1781/1204 2169/1782/1204 2135/1816/1203
f 2135/1816/1203 2169/1782/1204 2170/1783/1204 2136/1817/1203
f 2136/1817/1203 2170/1783/1204 2171/1784/1204 2137/1818/1203
f 2137/1818/1203 2171/1784/1204 2172/1785/1204 2138/1819/1203
f 2138/1819/1203 2172/1785/1204 2173/1622/1204 2139/1621/1203
f 1060/1820/1202 1061/1786/1203 2106/1787/1203 2072/1821/1202
f 2072/1821/1202 2106/1787/1203 2107/1788/1203 2073/1822/1202
f 2073/1822/1202 2107/1788/1203 2108/1789/1203 2074/1823/1202
f 2074/1823/1202 2108/1789/1203 2109/1790/1203 2075/1824/1202
f 2075/1824/1202 2109/1790/1203 2110/1791/1203 2076/1825/1202
f 2076/1825/1202 2110/1791/1203 2111/1792/1203 2077/1826/1202
f 2077/1826/1202 2111/1792/1203 2112/1793/1203 2078/1827/1202
f 2078/1827/1202 2112/1793/1203 2113/1794/1203 2079/1828/1202
f 2079/1828/1202 2113/1794/1203 2114/1795/1203 2080/1829/1202
f 2080/1829/1202 2114/1795/1203 2115/1796/1203 2081/1830/1202
f 2081/1830/1202 2115/1796/1203 2116/1797/1203 2082/1831/1202
f 2082/1831/1202 2116/1797/1203 2117/1798/1203 2083/1832/1202
f 2083/1832/1202 2117/1798/1203 2118/1799/1203 2084/1833/1202
f 2084/1833/1202 2118/1799/1203 2119/1800/1203 2085/1834/1202
f 2085/1834/1202 2119/1800/1203 2120/1801/1203 2086/1835/1202
f 2086/1835/1202 2120/1801/1203 2121/1802/1203 2087/1836/1202
f 2087/1836/1202 2121/1802/1203 2122/1803/1203 2088/1837/1202
f 2088/1837/1202 2122/1803/1203 2123/1804/1203 2089/1838/1202
f 2089/1838/1202 2123/1804/1203 2124/1805/1203 2090/1839/1202
f 2090/1839/1202 2124/1805/1203 2125/1806/1203 2091/1840/1202
f 2091/1840/1202 2125/1806/1203 2126/1807/1203 2092/1841/1202
f 2092/1841/1202 2126/1807/1203 2127/1808/1203 2093/1842/1202
f 2093/1842/1202 2127/1808/1203 2128/1809/1203 2094/1843/1202
f 2094/1843/1202 2128/1809/1203 2129/1810/1203 2095/1844/1202
f 2095/1844/1202 2129/1810/1203 2130/1811/1203 2096/1845/1202
f 2096/1845/1202 2130/1811/1203 2131/1812/1203 2097/1846/1202
f 2097/1846/1202 2131/1812/1203 2132/1813/1203 2098/1847/1202
f 2098/1847/1202 2132/1813/1203 2133/1814/1203 2099/1848/1202
f 2099/1848/1202 2133/1814/1203 2134/1815/1203 2100/1849/1202
f 2100/1849/1202 2134/1815/1203 2135/1816/1203 2101/1850/1202
f 2101/1850/1202 2135/1816/1203 2136/1817/1203 2102/1851/1202
f 2102/1851/1202 2136/1817/1203 2137/1818/1203 2103/1852/1202
f 2103/1852/1202 2137/1818/1203 2138/1819/1203 2104/1853/1202
f 2104/1853/1202 2138/1819/1203 2139/1621/1203 2105/1620/1202
f 1059/1854/275 1060/1820/1202 2072/1821/1202 2038/1855/275
f 2038/1855/275 2072/1821/1202 2073/1822/1202 2039/1856/275
f 2039/1856/275 2073/1822/1202 2074/1823/1202 2040/1857/275
f 2040/1857/275 2074/1823/1202 2075/1824/1202 2041/1858/275
f 2041/1858/275 2075/1824/1202 2076/1825/1202 2042/1859/275
f 2042/1859/275 2076/1825/1202 2077/1826/1202 2043/1860/275
f 2043/1860/275 2077/1826/1202 2078/1827/1202 2044/1861/275
f 2044/1861/275 2078/1827/1202 2079/1828/1202 2045/1862/275
f 2045/1862/275 2079/1828/1202 2080/1829/1202 2046/1863/275
f 2046/1863/275 2080/1829/1202 2081/1830/1202 2047/1864/275
f 2047/1864/275 2081/1830/1202 2082/1831/1202 2048/1865/275
f 2048/1865/275 2082/1831/1202 2083/1832/1202 2049/1866/275
f 2049/1866/275 2083/1832/1202 2084/1833/1202 2050/1867/275
f 2050/1867/275 2084/1833/1202 2085/1834/1202 2051/1868/275
f 2051/1868/275 2085/1834/1202 2086/1835/1202 2052/1869/275
f 2052/1869/275 2086/1835/1202 2087/1836/1202 2053/1870/275
f 2053/1870/275 2087/1836/1202 2088/1837/1202 2054/1871/275
f 2054/1871/275 2088/1837/1202 2089/1838/1202 2055/1872/275
f 2055/1872/275 2089/1838/1202 2090/1839/1202 2056/1873/275
f 2056/1873/275 2090/1839/1202 2091/1840/1202 2057/1874/275
f 2057/1874/275 2091/1840/1202 2092/1841/1202 2058/1875/275
f 2058/1875/275 2092/1841/1202 2093/1842/1202 2059/1876/275
f 2059/1876/275 2093/1842/1202 2094/1843/1202 2060/1877/275
f 2060/1877/275 2094/1843/1202 2095/1844/1202 2061/1878/275
f 2061/1878/275 2095/1844/1202 2096/1845/1202 2062/1879/275
f 2062/1879/275 2096/1845/1202 2097/1846/1202 2063/1880/275
f 2063/1880/275 2097/1846/1202 2098/1847/1202 2064/1881/275
f 2064/1881/275 2098/1847/1202 2099/1848/1202 2065/1882/275
f 2065/1882/275 2099/1848/1202 2100/1849/1202 2066/1883/275
f 2066/1883/275 2100/1849/1202 2101/1850/1202 2067/1884/275
f 2067/1884/275 2101/1850/1202 2102/1851/1202 2068/1885/275
f 2068/1885/275 2102/1851/1202 2103/1852/1202 2069/1886/275
f 2069/1886/275 2103/1852/1202 2104/1853/1202 2070/1887/275
f 2070/1887/275 2104/1853/1202 2105/1620/1202 2071/1619/275
f 1058/1888/1201 1059/1854/275 2038/1855/275 2004/1889/1201
f 2004/1889/1201 2038/1855/275 2039/1856/275 2005/1890/1201
f 2005/1890/1201 2039/1856/275 2040/1857/275 2006/1891/1201
f 2006/1891/1201 2040/1857/275 2041/1858/275 2007/1892/1201
f 2007/1892/1201 2041/1858/275 2042/1859/275 2008/1893/1201
f 2008/1893/1201 2042/1859/275 2043/1860/275 2009/1894/1201
f 2009/1894/1201 2043/1860/275 2044/1861/275 2010/1895/1201
f 2010/1895/1201 2044/1861/275 2045/1862/275 2011/1896/1201
f 2011/1896/1201 2045/1862/275 2046/1863/275 2012/1897/1201
f 2012/1897/1201 2046/1863/275 2047/1864/275 2013/1898/1201
f 2013/1898/1201 2047/1864/275 2048/1865/275 2014/1899/1201
f 2014/1899/1201 2048/1865/275 2049/1866/275 2015/1900/1201
f 2015/1900/1201 2049/1866/275 2050/1867/275 2016/1901/1201
f 2016/1901/1201 2050/1867/275 2051/1868/275 2017/1902/1201
f 2017/1902/1201 2051/1868/275 2052/1869/275 2018/1903/1201
f 2018/1903/1201 2052/1869/275 2053/1870/275 2019/1904/1201
f 2019/1904/1201 2053/1870/275 2054/1871/275 2020/1905/1201
f 2020/1905/1201 2054/1871/275 2055/1872/275 2021/1906/1201
f 2021/1906/1201 2055/1872/275 2056/1873/275 2022/1907/1201
f 2022/1907/1201 2056/1873/275 2057/1874/275 2023/1908/1201
f 2023/1908/1201 2057/1874/275 2058/1875/275 2024/1909/1201
f 2024/1909/1201 2058/1875/275 2059/1876/275 2025/1910/1201
f 2025/1910/1201 2059/1876/275 2060/1877/275 2026/1911/1201
f 2026/1911/1201 2060/1877/275 2061/1878/275 2027/1912/1201
f 2027/1912/1201 2061/1878/275 2062/1879/275 2028/1913/1201
f 2028/1913/1201 2062/1879/275 2063/1880/275 2029/1914/1201
f 2029/1914/1201 2063/1880/275 2064/1881/275 2030/1915/1201
f 2030/1915/1201 2064/1881/275 2065/1882/275 2031/1916/1201
f 2031/1916/1201 2065/1882/275 2066/1883/275 2032/1917/1201
f 2032/1917/1201 2066/1883/275 2067/1884/275 2033/1918/1201
f 2033/1918/1201 2067/1884/275 2068/1885/275 2034/1919/1201
f 2034/1919/1201 2068/1885/275 2069/1886/275 2035/1920/1201
f 2035/1920/1201 2069/1886/275 2070/1887/275 2036/1921/1201
f 2036/1921/1201 2070/1887/275 2071/1619/275 2037/1618/1201
f 1057/1922/1200 1058/1888/1201 2004/1889/1201 1970/1923/1200
f 1970/1923/1200 2004/1889/1201 2005/1890/1201 1971/1924/1200
f 1971/1924/1200 2005/1890/1201 2006/1891/1201 1972/1925/1200
f 1972/1925/1200 2006/1891/1201 2007/1892/1201 1973/1926/1200
f 1973/1926/1200 2007/1892/1201 2008/1893/1201 1974/1927/1200
f 1974/1927/1200 2008/1893/1201 2009/1894/1201 1975/1928/1200
f 1975/1928/1200 2009/1894/1201 2010/1895/1201 1976/1929/1200
f 1976/1929/1200 2010/1895/1201 2011/1896/1201 1977/1930/1200
f 1977/1930/1200 2011/1896/1201 2012/1897/1201 1978/1931/1200
f 1978/1931/1200 2012/1897/1201 2013/1898/1201 1979/1932/1200
f 1979/1932/1200 2013/1898/1201 2014/1899/1201 1980/1933/1200
f 1980/1933/1200 2014/1899/1201 2015/1900/1201 1981/1934/1200
f 1981/1934/1200 2015/1900/1201 2016/1901/1201 1982/1935/1200
f 1982/1935/1200 2016/1901/1201 2017/1902/1201 1983/1936/1200
f 1983/1936/1200 2017/1902/1201 2018/1903/1201 1984/1937/1200
f 1984/1937/1200 2018/1903/1201 2019/1904/1201 1985/1938/1200
f 1985/1938/1200 2019/1904/1201 2020/1905/1201 1986/1939/1200
f 1986/1939/1200 2020/1905/1201 2021/1906/1201 1987/1940/1200
f 1987/1940/1200 2021/1906/1201 2022/1907/1201 1988/1941/1200
f 1988/1941/1200 2022/1907/1201 2023/1908/1201 1989/1942/1200
f 1989/1942/1200 2023/1908/1201 2024/1909/1201 1990/1943/1200
f 1990/1943/1200 2024/1909/1201 2025/1910/1201 1991/1944/1200
f 1991/1944/1200 2025/1910/1201 2026/1911/1201 1992/1945/1200
f 1992/1945/1200 2026/1911/1201 2027/1912/1201 1993/1946/1200
f 1993/1946/1200 2027/1912/1201 2028/1913/1201 1994/1947/1200
f 1994/1947/1200 2028/1913/1201 2029/1914/1201 1995/1948/1200
f 1995/1948/1200 2029/1914/1201 2030/1915/1201 1996/1949/1200
f 1996/1949/1200 2030/1915/1201 2031/1916/1201 1997/1950/1200
f 1997/1950/1200 2031/1916/1201 2032/1917/1201 1998/1951/1200
f 1998/1951/1200 2032/1917/1201 2033/1918/1201 1999/1952/1200
f 1999/1952/1200 2033/1918/1201 2034/1919/1201 2000/1953/1200
f 2000/1953/1200 2034/1919/1201 2035/1920/1201 2001/1954/1200
f 2001/1954/1200 2035/1920/1201 2036/1921/1201 2002/1955/1200
f 2002/1955/1200 2036/1921/1201 2037/1618/1201 2003/1617/1200
f 1056/1956/1199 1057/1922/1200 1970/1923/1200 1936/1957/1199
f 1936/1957/1199 1970/1923/1200 1971/1924/1200 1937/1958/1199
f 1937/1958/1199 1971/1924/1200 1972/1925/1200 1938/1959/1199
f 1938/1959/1199 1972/1925/1200 1973/1926/1200 1939/1960/1199
f 1939/1960/1199 1973/1926/1200 1974/1927/1200 1940/1961/1199
f 1940/1961/1199 1974/1927/1200 1975/1928/1200 1941/1962/1199
f 1941/1962/1199 1975/1928/1200 1976/1929/1200 1942/1963/1199
f 1942/1963/1199 1976/1929/1200 1977/1930/1200 1943/1964/1199
f 1943/1964/1199 1977/1930/1200 1978/1931/1200 1944/1965/1199
f 1944/1965/1199 1978/1931/1200 1979/1932/1200 1945/1966/1199
f 1945/1966/1199 1979/1932/1200 1980/1933/1200 1946/1967/1199
f 1946/1967/1199 1980/1933/1200 1981/1934/1200 1947/1968/1199
f 1947/1968/1199 1981/1934/1200 1982/1935/1200 1948/1969/1199
f 1948/1969/1199 1982/1935/1200 1983/1936/1200 1949/1970/1199
f 1949/1970/1199 1983/1936/1200 1984/1937/1200 1950/1971/1199
f 1950/1971/1199 1984/1937/1200 1985/1938/1200 1951/1972/1199
f 1951/1972/1199 1985/1938/1200 1986/1939/1200 1952/1973/1199
f 1952/1973/1199 1986/1939/1200 1987/1940/1200 1953/1974/1199
f 1953/1974/1199 1987/1940/1200 1988/1941/1200 1954/1975/1199
f 1954/1975/1199 1988/1941/1200 1989/1942/1200 1955/1976/1199
f 1955/1976/1199 1989/1942/1200 1990/1943/1200 1956/1977/1199
f 1956/1977/1199 1990/1943/1200 1991/1944/1200 1957/1978/1199
f 1957/1978/1199 1991/1944/1200 1992/1945/1200 1958/1979/1199
f 1958/1979/1199 1992/1945/1200 1993/1946/1200 1959/1980/1199
f 1959/1980/1199 1993/1946/1200 1994/1947/1200 1960/1981/1199
f 1960/1981/1199 1994/1947/1200 1995/1948/1200 1961/1982/1199
f 1961/1982/1199 1995/1948/1200 1996/1949/1200 1962/1983/1199
f 1962/1983/1199 1996/1949/1200 1997/1950/1200 1963/1984/1199
f 1963/1984/1199 1997/1950/1200 1998/1951/1200 1964/1985/1199
f 1964/1985/1199 1998/1951/1200 1999/1952/1200 1965/1986/1199
f 1965/1986/1199 1999/1952/1200 2000/1953/1200 1966/1987/1199
f 1966/1987/1199 2000/1953/1200 2001/1954/1200 1967/1988/1199
f 1967/1988/1199 2001/1954/1200 2002/1955/1200 1968/1989/1199
f 1968/1989/1199 2002/1955/1200 2003/1617/1200 1969/1616/1199
f 1055/1990/1198 1056/1956/1199 1936/1957/1199 1902/1991/1198
f 1902/1991/1198 1936/1957/1199 1937/1958/1199 1903/1992/1198
f 1903/1992/1198 1937/1958/1199 1938/1959/1199 1904/1993/1198
f 1904/1993/1198 1938/1959/1199 1939/1960/1199 1905/1994/1198
f 1905/1994/1198 1939/1960/1199 1940/1961/1199 1906/1995/1198
f 1906/1995/1198 1940/1961/1199 1941/1962/1199 1907/1996/1198
f 1907/1996/1198 1941/1962/1199 1942/1963/1199 1908/1997/1198
f 1908/1997/1198 1942/1963/1199 1943/1964/1199 1909/1998/1198
f 1909/1998/1198 1943/1964/1199 1944/1965/1199 1910/1999/1198
f 1910/1999/1198 1944/1965/1199 1945/1966/1199 1911/2000/1198
f 1911/2000/1198 1945/1966/1199 1946/1967/1199 1912/2001/1198
f 1912/2001/1198 1946/1967/1199 1947/1968/1199 1913/2002/1198
f 1913/2002/1198 1947/1968/1199 1948/1969/1199 1914/2003/1198
f 1914/2003/1198 1948/1969/1199 1949/1970/1199 1915/2004/1198
f 1915/2004/1198 1949/1970/1199 1950/1971/1199 1916/2005/1198
f 1916/2005/1198 1950/1971/1199 1951/1972/1199 1917/2006/1198
f 1917/2006/1198 1951/1972/1199 1952/1973/1199 1918/2007/1198
f 1918/2007/1198 1952/1973/1199 1953/1974/1199 1919/2008/1198
f 1919/2008/1198 1953/1974/1199 1954/1975/1199 1920/2009/1198
f 1920/2009/1198 1954/1975/1199 1955/1976/1199 1921/2010/1198
f 1921/2010/1198 1955/1976/1199 1956/1977/1199 1922/2011/1198
f 1922/2011/1198 1956/1977/1199 1957/1978/1199 1923/2012/1198
f 1923/2012/1198 1957/1978/1199 1958/1979/1199 1924/2013/1198
f 1924/2013/1198 1958/1979/1199 1959/1980/1199 1925/2014/1198
f 1925/2014/1198 1959/1980/1199 1960/1981/1199 1926/2015/1198
f 1926/2015/1198 1960/1981/1199 1961/1982/1199 1927/2016/1198
f 1927/2016/1198 1961/1982/1199 1962/1983/1199 1928/2017/1198
f 1928/2017/1198 1962/1983/1199 1963/1984/1199 1929/2018/1198
f 1929/2018/1198 1963/1984/1199 1964/1985/1199 1930/2019/1198
f 1930/2019/1198 1964/1985/1199 1965/1986/1199 1931/2020/1198
f 1931/2020/1198 1965/1986/1199 1966/1987/1199 1932/2021/1198
f 1932/2021/1198 1966/1987/1199 1967/1988/1199 1933/2022/1198
f 1933/2022/1198 1967/1988/1199 1968/1989/1199 1934/2023/1198
f 1934/2023/1198 1968/1989/1199 1969/1616/1199 1935/1615/1198
f 1054/2024/1197 1055/1990/1198 1902/1991/1198 1868/2025/1197
f 1868/2025/1197 1902/1991/1198 1903/1992/1198 1869/2026/1197
f 1869/2026/1197 1903/1992/1198 1904/1993/1198 1870/2027/1197
f 1870/2027/1197 1904/1993/1198 1905/1994/1198 1871/2028/1197
f 1871/2028/1197 1905/1994/1198 1906/1995/1198 1872/2029/1197
f 1872/2029/1197 1906/1995/1198 1907/1996/1198 1873/2030/1197
f 1873/2030/1197 1907/1996/1198 1908/1997/1198 1874/2031/1197
f 1874/2031/1197 1908/1997/1198 1909/1998/1198 1875/2032/1197
f 1875/2032/1197 1909/1998/1198 1910/1999/1198 1876/2033/1197
f 1876/2033/1197 1910/1999/1198 1911/2000/1198 1877/2034/1197
f 1877/2034/1197 1911/2000/1198 1912/2001/1198 1878/2035/1197
f 1878/2035/1197 1912/2001/1198 1913/2002/1198 1879/2036/1197
f 1879/2036/1197 1913/2002/1198 1914/2003/1198 1880/2037/1197
f 1880/2037/1197 1914/2003/1198 1915/2004/1198 1881/2038/1197
f 1881/2038/1197 1915/2004/1198 1916/2005/1198 1882/2039/1197
f 1882/2039/1197 1916/2005/1198 1917/2006/1198 1883/2040/1197
f 1883/2040/1197 1917/2006/1198 1918/2007/1198 1884/2041/1197
f 1884/2041/1197 1918/2007/1198 1919/2008/1198 1885/2042/1197
f 1885/2042/1197 1919/2008/1198 1920/2009/1198 1886/2043/1197
f 1886/2043/1197 1920/2009/1198 1921/2010/1198 1887/2044/1197
f 1887/2044/1197 1921/2010/1198 1922/2011/1198 1888/2045/1197
f 1888/2045/1197 1922/2011/1198 1923/2012/1198 1889/2046/1197
f 1889/2046/1197 1923/2012/1198 1924/2013/1198 1890/2047/1197
f 1890/2047/1197 1924/2013/1198 1925/2014/1198 1891/2048/1197
f 1891/2048/1197 1925/2014/1198 1926/2015/1198 1892/2049/1197
f 1892/2049/1197 1926/2015/1198 1927/2016/1198 1893/2050/1197
f 1893/2050/1197 1927/2016/1198 1928/2017/1198 1894/2051/1197
f 1894/2051/1197 1928/2017/1198 1929/2018/1198 1895/2052/1197
f 1895/2052/1197 1929/2018/1198 1930/2019/1198 1896/2053/1197
f 1896/2053/1197 1930/2019/1198 1931/2020/1198 1897/2054/1197
f 1897/2054/1197 1931/2020/1198 1932/2021/1198 1898/2055/1197
f 1898/2055/1197 1932/2021/1198 1933/2022/1198 1899/2056/1197
f 1899/2056/1197 1933/2022/1198 1934/2023/1198 1900/2057/1197
f 1900/2057/1197 1934/2023/1198 1935/1615/1198 1901/1614/1197
f 1053/2058/1196 1054/2024/1197 1868/2025/1197 1834/2059/1196
f 1834/2059/1196 1868/2025/1197 1869/2026/1197 1835/2060/1196
f 1835/2060/1196 1869/2026/1197 1870/2027/1197 1836/2061/1196
f 1836/2061/1196 1870/2027/1197 1871/2028/1197 1837/2062/1196
f 1837/2062/1196 1871/2028/1197 1872/2029/1197 1838/2063/1196
f 1838/2063/1196 1872/2029/1197 1873/2030/1197 1839/2064/1196
f 1839/2064/1196 1873/2030/1197 1874/2031/1197 1840/2065/1196
f 1840/2065/1196 1874/2031/1197 1875/2032/1197 1841/2066/1196
f 1841/2066/1196 1875/2032/1197 1876/2033/1197 1842/2067/1196
f 1842/2067/1196 1876/2033/1197 1877/2034/1197 1843/2068/1196
f 1843/2068/1196 1877/2034/1197 1878/2035/1197 1844/2069/1196
f 1844/2069/1196 1878/2035/1197 1879/2036/1197 1845/2070/1196
f 1845/2070/1196 1879/2036/1197 1880/2037/1197 1846/2071/1196
f 1846/2071/1196 1880/2037/1197 1881/2038/1197 1847/2072/1196
f 1847/2072/1196 1881/2038/1197 1882/2039/1197 1848/2073/1196
f 1848/2073/1196 1882/2039/1197 1883/2040/1197 1849/2074/1196
f 1849/2074/1196 1883/2040/1197 1884/2041/1197 1850/2075/1196
f 1850/2075/1196 1884/2041/1197 1885/2042/1197 1851/2076/1196
f 1851/2076/1196 1885/2042/1197 1886/2043/1197 1852/2077/1196
f 1852/2077/1196 1886/2043/1197 1887/2044/1197 1853/2078/1196
f 1853/2078/1196 1887/2044/1197 1888/2045/1197 1854/2079/1196
f 1854/2079/1196 1888/2045/1197 1889/2046/1197 1855/2080/1196
f 1855/2080/1196 1889/2046/1197 1890/2047/1197 1856/2081/1196
f 1856/2081/1196 1890/2047/1197 1891/2048/1197 1857/2082/1196
f 1857/2082/1196 1891/2048/1197 1892/2049/1197 1858/2083/1196
f 1858/2083/1196 1892/2049/1197 1893/2050/1197 1859/2084/1196
f 1859/2084/1196 1893/2050/1197 1894/2051/1197 1860/2085/1196
f 1860/2085/1196 1894/2051/1197 1895/2052/1197 1861/2086/1196
f 1861/2086/1196 1895/2052/1197 1896/2053/1197 1862/2087/1196
f 1862/2087/1196 1896/2053/1197 1897/2054/1197 1863/2088/1196
f 1863/2088/1196 1897/2054/1197 1898/2055/1197 1864/2089/1196
f 1864/2089/1196 1898/2055/1197 1899/2056/1197 1865/2090/1196
f 1865/2090/1196 1899/2056/1197 1900/2057/1197 1866/2091/1196
f 1866/2091/1196 1900/2057/1197 1901/1614/1197 1867/1613/1196
f 1052/2092/736 1053/2058/1196 1834/2059/1196 1800/2093/736
f 1800/2093/736 1834/2059/1196 1835/2060/1196 1801/2094/736
f 1801/2094/736 1835/2060/1196 1836/2061/1196 1802/2095/736
f 1802/2095/736 1836/2061/1196 1837/2062/1196 1803/2096/736
f 1803/2096/736 1837/2062/1196 1838/2063/1196 1804/2097/736
f 1804/2097/736 1838/2063/1196 1839/2064/1196 1805/2098/736
f 1805/2098/736 1839/2064/1196 1840/2065/1196 1806/2099/736
f 1806/2099/736 1840/2065/1196 1841/2066/1196 1807/2100/736
f 1807/2100/736 1841/2066/1196 1842/2067/1196 1808/2101/736
f 1808/2101/736 1842/2067/1196 1843/2068/1196 1809/2102/736
f 1809/2102/736 1843/2068/1196 1844/2069/1196 1810/2103/736
f 1810/2103/736 1844/2069/1196 1845/2070/1196 1811/2104/736
f 1811/2104/736 1845/2070/1196 1846/2071/1196 1812/2105/736
f 1812/2105/736 1846/2071/1196 1847/2072/1196 1813/2106/736
f 1813/2106/736 1847/2072/1196 1848/2073/1196 1814/2107/736
f 1814/2107/736 1848/2073/1196 1849/2074/1196 1815/2108/736
f 1815/2108/736 1849/2074/1196 1850/2075/1196 1816/2109/736
f 1816/2109/736 1850/2075/1196 1851/2076/1196 1817/2110/736
f 1817/2110/736 1851/2076/1196 1852/2077/1196 1818/2111/736
f 1818/2111/736 1852/2077/1196 1853/2078/1196 1819/2112/736
f 1819/2112/736 1853/2078/1196 1854/2079/1196 1820/2113/736
f 1820/2113/736 1854/2079/1196 1855/2080/1196 1821/2114/736
f 1821/2114/736 1855/2080/1196 1856/2081/1196 1822/2115/736
f 1822/2115/736 1856/2081/1196 1857/2082/1196 1823/2116/736
f 1823/2116/736 1857/2082/1196 1858/2083/1196 1824/2117/736
f 1824/2117/736 1858/2083/1196 1859/2084/1196 1825/2118/736
f 1825/2118/736 1859/2084/1196 1860/2085/1196 1826/2119/736
f 1826/2119/736 1860/2085/1196 1861/2086/1196 1827/2120/736
f 1827/2120/736 1861/2086/1196 1862/2087/1196 1828/2121/736
f 1828/2121/736 1862/2087/1196 1863/2088/1196 1829/2122/736
f 1829/2122/736 1863/2088/1196 1864/2089/1196 1830/2123/736
f 1830/2123/736 1864/2089/1196 1865/2090/1196 1831/2124/736
f 1831/2124/736 1865/2090/1196 1866/2091/1196 1832/2125/736
f 1832/2125/736 1866/2091/1196 1867/1613/1196 1833/1612/736
f 1051/2126/1195 1052/2127/736 1800/2128/736 1766/2129/1195
f 1766/2129/1195 1800/2128/736 1801/2130/736 1767/2131/1195
f 1767/2131/1195 1801/2130/736 1802/2132/736 1768/2133/1195
f 1768/2133/1195 1802/2132/736 1803/2134/736 1769/2135/1195
f 1769/2135/1195 1803/2134/736 1804/2136/736 1770/2137/1195
f 1770/2137/1195 1804/2136/736 1805/2138/736 1771/2139/1195
f 1771/2139/1195 1805/2138/736 1806/2140/736 1772/2141/1195
f 1772/2141/1195 1806/2140/736 1807/2142/736 1773/2143/1195
f 1773/2143/1195 1807/2142/736 1808/2144/736 1774/2145/1195
f 1774/2145/1195 1808/2144/736 1809/2146/736 1775/2147/1195
f 1775/2147/1195 1809/2146/736 1810/2148/736 1776/2149/1195
f 1776/2149/1195 1810/2148/736 1811/2150/736 1777/2151/1195
f 1777/2151/1195 1811/2150/736 1812/2152/736 1778/2153/1195
f 1778/2153/1195 1812/2152/736 1813/2154/736 1779/2155/1195
f 1779/2155/1195 1813/2154/736 1814/2156/736 1780/2157/1195
f 1780/2157/1195 1814/2156/736 1815/2158/736 1781/2159/1195
f 1781/2159/1195 1815/2158/736 1816/2160/736 1782/2161/1195
f 1782/2161/1195 1816/2160/736 1817/2162/736 1783/2163/1195
f 1783/2163/1195 1817/2162/736 1818/2164/736 1784/2165/1195
f 1784/2165/1195 1818/2164/736 1819/2166/736 1785/2167/1195
f 1785/2167/1195 1819/2166/736 1820/2168/736 1786/2169/1195
f 1786/2169/1195 1820/2168/736 1821/2170/736 1787/2171/1195
f 1787/2171/1195 1821/2170/736 1822/2172/736 1788/2173/1195
f 1788/2173/1195 1822/2172/736 1823/2174/736 1789/2175/1195
f 1789/2175/1195 1823/2174/736 1824/2176/736 1790/2177/1195
f 1790/2177/1195 1824/2176/736 1825/2178/736 1791/2179/1195
f 1791/2179/1195 1825/2178/736 1826/2180/736 1792/2181/1195
f 1792/2181/1195 1826/2180/736 1827/2182/736 1793/2183/1195
f 1793/2183/1195 1827/2182/736 1828/2184/736 1794/2185/1195
f 1794/2185/1195 1828/2184/736 1829/2186/736 1795/2187/1195
f 1795/2187/1195 1829/2186/736 1830/2188/736 1796/2189/1195
f 1796/2189/1195 1830/2188/736 1831/2190/736 1797/2191/1195
f 1797/2191/1195 1831/2190/736 1832/2192/736 1798/2193/1195
f 1798/2193/1195 1832/2192/736 1833/1611/736 1799/1610/1195
f 1050/2194/1194 1051/2126/1195 1766/2129/1195 1732/2195/1194
f 1732/2195/1194 1766/2129/1195 1767/2131/1195 1733/2196/1194
f 1733/2196/1194 1767/2131/1195 1768/2133/1195 1734/2197/1194
f 1734/2197/1194 1768/2133/1195 1769/2135/1195 1735/2198/1194
f 1735/2198/1194 1769/2135/1195 1770/2137/1195 1736/2199/1194
f 1736/2199/1194 1770/2137/1195 1771/2139/1195 1737/2200/1194
f 1737/2200/1194 1771/2139/1195 1772/2141/1195 1738/2201/1194
f 1738/2201/1194 1772/2141/1195 1773/2143/1195 1739/2202/1194
f 1739/2202/1194 1773/2143/1195 1774/2145/1195 1740/2203/1194
f 1740/2203/1194 1774/2145/1195 1775/2147/1195 1741/2204/1194
f 1741/2204/1194 1775/2147/1195 1776/2149/1195 1742/2205/1194
f 1742/2205/1194 1776/2149/1195 1777/2151/1195 1743/2206/1194
f 1743/2206/1194 1777/2151/1195 1778/2153/1195 1744/2207/1194
f 1744/2207/1194 1778/2153/1195 1779/2155/1195 1745/2208/1194
f 1745/2208/1194 1779/2155/1195 1780/2157/1195 1746/2209/1194
f 1746/2209/1194 1780/2157/1195 1781/2159/1195 1747/2210/1194
f 1747/2210/1194 1781/2159/1195 1782/2161/1195 1748/2211/1194
f 1748/2211/1194 1782/2161/1195 1783/2163/1195 1749/2212/1194
f 1749/2212/1194 1783/2163/1195 1784/2165/1195 1750/2213/1194
f 1750/2213/1194 1784/2165/1195 1785/2167/1195 1751/2214/1194
f 1751/2214/1194 1785/2167/1195 1786/2169/1195 1752/2215/1194
f 1752/2215/1194 1786/2169/1195 1787/2171/1195 1753/2216/1194
f 1753/2216/1194 1787/2171/1195 1788/2173/1195 1754/2217/1194
f 1754/2217/1194 1788/2173/1195 1789/2175/1195 1755/2218/1194
f 1755/2218/1194 1789/2175/1195 1790/2177/1195 1756/2219/1194
f 1756/2219/1194 1790/2177/1195 1791/2179/1195 1757/2220/1194
f 1757/2220/1194 1791/2179/1195 1792/2181/1195 1758/2221/1194
f 1758/2221/1194 1792/2181/1195 1793/2183/1195 1759/2222/1194
f 1759/2222/1194 1793/2183/1195 1794/2185/1195 1760/2223/1194
f 1760/2223/1194 1794/2185/1195 1795/2187/1195 1761/2224/1194
f 1761/2224/1194 1795/2187/1195 1796/2189/1195 1762/2225/1194
f 1762/2225/1194 1796/2189/1195 1797/2191/1195 1763/2226/1194
f 1763/2226/1194 1797/2191/1195 1798/2193/1195 1764/2227/1194
f 1764/2227/1194 1798/2193/1195 1799/1610/1195 1765/1609/1194
f 1049/2228/1193 1050/2194/1194 1732/2195/1194 1698/2229/1193
f 1698/2229/1193 1732/2195/1194 1733/2196/1194 1699/2230/1193
f 1699/2230/1193 1733/2196/1194 1734/2197/1194 1700/2231/1193
f 1700/2231/1193 1734/2197/1194 1735/2198/1194 1701/2232/1193
f 1701/2232/1193 1735/2198/1194 1736/2199/1194 1702/2233/1193
f 1702/2233/1193 1736/2199/1194 1737/2200/1194 1703/2234/1193
f 1703/2234/1193 1737/2200/1194 1738/2201/1194 1704/2235/1193
f 1704/2235/1193 1738/2201/1194 1739/2202/1194 1705/2236/1193
f 1705/2236/1193 1739/2202/1194 1740/2203/1194 1706/2237/1193
f 1706/2237/1193 1740/2203/1194 1741/2204/1194 1707/2238/1193
f 1707/2238/1193 1741/2204/1194 1742/2205/1194 1708/2239/1193
f 1708/2239/1193 1742/2205/1194 1743/2206/1194 1709/2240/1193
f 1709/2240/1193 1743/2206/1194 1744/2207/1194 1710/2241/1193
f 1710/2241/1193 1744/2207/1194 1745/2208/1194 1711/2242/1193
f 1711/2242/1193 1745/2208/1194 1746/2209/1194 1712/2243/1193
f 1712/2243/1193 1746/2209/1194 1747/2210/1194 1713/2244/1193
f 1713/2244/1193 1747/2210/1194 1748/2211/1194 1714/2245/1193
f 1714/2245/1193 1748/2211/1194 1749/2212/1194 1715/2246/1193
f 1715/2246/1193 1749/2212/1194 1750/2213/1194 1716/2247/1193
f 1716/2247/1193 1750/2213/1194 1751/2214/1194 1717/2248/1193
f 1717/2248/1193 1751/2214/1194 1752/2215/1194 1718/2249/1193
f 1718/2249/1193 1752/2215/1194 1753/2216/1194 1719/2250/1193
f 1719/2250/1193 1753/2216/1194 1754/2217/1194 1720/2251/1193
f 1720/2251/1193 1754/2217/1194 1755/2218/1194 1721/2252/1193
f 1721/2252/1193 1755/2218/1194 1756/2219/1194 1722/2253/1193
f 1722/2253/1193 1756/2219/1194 1757/2220/1194 1723/2254/1193
f 1723/2254/1193 1757/2220/1194 1758/2221/1194 1724/2255/1193
f 1724/2255/1193 1758/2221/1194 1759/2222/1194 1725/2256/1193
f 1725/2256/1193 1759/2222/1194 1760/2223/1194 1726/2257/1193
f 1726/2257/1193 1760/2223/1194 1761/2224/1194 1727/2258/1193
f 1727/2258/1193 1761/2224/1194 1762/2225/1194 1728/2259/1193
f 1728/2259/1193 1762/2225/1194 1763/2226/1194 1729/2260/1193
f 1729/2260/1193 1763/2226/1194 1764/2227/1194 1730/2261/1193
f 1730/2261/1193 1764/2227/1194 1765/1609/1194 1731/1608/1193
f 1048/2262/1192 1049/2228/1193 1698/2229/1193 1664/2263/1192
f 1664/2263/1192 1698/2229/1193 1699/2230/1193 1665/2264/1192
f 1665/2264/1192 1699/2230/1193 1700/2231/1193 1666/2265/1192
f 1666/2265/1192 1700/2231/1193 1701/2232/1193 1667/2266/1192
f 1667/2266/1192 1701/2232/1193 1702/2233/1193 1668/2267/1192
f 1668/2267/1192 1702/2233/1193 1703/2234/1193 1669/2268/1192
f 1669/2268/1192 1703/2234/1193 1704/2235/1193 1670/2269/1192
f 1670/2269/1192 1704/2235/1193 1705/2236/1193 1671/2270/1192
f 1671/2270/1192 1705/2236/1193 1706/2237/1193 1672/2271/1192
f 1672/2271/1192 1706/2237/1193 1707/2238/1193 1673/2272/1192
f 1673/2272/1192 1707/2238/1193 1708/2239/1193 1674/2273/1192
f 1674/2273/1192 1708/2239/1193 1709/2240/1193 1675/2274/1192
f 1675/2274/1192 1709/2240/1193 1710/2241/1193 1676/2275/1192
f 1676/2275/1192 1710/2241/1193 1711/2242/1193 1677/2276/1192
f 1677/2276/1192 1711/2242/1193 1712/2243/1193 1678/2277/1192
f 1678/2277/1192 1712/2243/1193 1713/2244/1193 1679/2278/1192
f 1679/2278/1192 1713/2244/1193 1714/2245/1193 1680/2279/1192
f 1680/2279/1192 1714/2245/1193 1715/2246/1193 1681/2280/1192
f 1681/2280/1192 1715/2246/1193 1716/2247/1193 1682/2281/1192
f 1682/2281/1192 1716/2247/1193 1717/2248/1193 1683/2282/1192
f 1683/2282/1192 1717/2248/1193 1718/2249/1193 1684/2283/1192
f 1684/2283/1192 1718/2249/1193 1719/2250/1193 1685/2284/1192
f 1685/2284/1192 1719/2250/1193 1720/2251/1193 1686/2285/1192
f 1686/2285/1192 1720/2251/1193 1721/2252/1193 1687/2286/1192
f 1687/2286/1192 1721/2252/1193 1722/2253/1193 1688/2287/1192
f 1688/2287/1192 1722/2253/1193 1723/2254/1193 1689/2288/1192
f 1689/2288/1192 1723/2254/1193 1724/2255/1193 1690/2289/1192
f 1690/2289/1192 1724/2255/1193 1725/2256/1193 1691/2290/1192
f 1691/2290/1192 1725/2256/1193 1726/2257/1193 1692/2291/1192
f 1692/2291/1192 1726/2257/1193 1727/2258/1193 1693/2292/1192
f 1693/2292/1192 1727/2258/1193 1728/2259/1193 1694/2293/1192
f 1694/2293/1192 1728/2259/1193 1729/2260/1193 1695/2294/1192
f 1695/2294/1192 1729/2260/1193 1730/2261/1193 1696/2295/1192
f 1696/2295/1192 1730/2261/1193 1731/1608/1193 1697/1607/1192
f 1047/2296/1191 1048/2262/1192 1664/2263/1192 1630/2297/1191
f 1630/2297/1191 1664/2263/1192 1665/2264/1192 1631/2298/1191
f 1631/2298/1191 1665/2264/1192 1666/2265/1192 1632/2299/1191
f 1632/2299/1191 1666/2265/1192 1667/2266/1192 1633/2300/1191
f 1633/2300/1191 1667/2266/1192 1668/2267/1192 1634/2301/1191
f 1634/2301/1191 1668/2267/1192 1669/2268/1192 1635/2302/1191
f 1635/2302/1191 1669/2268/1192 1670/2269/1192 1636/2303/1191
f 1636/2303/1191 1670/2269/1192 1671/2270/1192 1637/2304/1191
f 1637/2304/1191 1671/2270/1192 1672/2271/1192 1638/2305/1191
f 1638/2305/1191 1672/2271/1192 1673/2272/1192 1639/2306/1191
f 1639/2306/1191 1673/2272/1192 1674/2273/1192 1640/2307/1191
f 1640/2307/1191 1674/2273/1192 1675/2274/1192 1641/2308/1191
f 1641/2308/1191 1675/2274/1192 1676/2275/1192 1642/2309/1191
f 1642/2309/1191 1676/2275/1192 1677/2276/1192 1643/2310/1191
f 1643/2310/1191 1677/2276/1192 1678/2277/1192 1644/2311/1191
f 1644/2311/1191 1678/2277/1192 1679/2278/1192 1645/2312/1191
f 1645/2312/1191 1679/2278/1192 1680/2279/1192 1646/2313/1191
f 1646/2313/1191 1680/2279/1192 1681/2280/1192 1647/2314/1191
f 1647/2314/1191 1681/2280/1192 1682/2281/1192 1648/2315/1191
f 1648/2315/1191 1682/2281/1192 1683/2282/1192 1649/2316/1191
f 1649/2316/1191 1683/2282/1192 1684/2283/1192 1650/2317/1191
f 1650/2317/1191 1684/2283/1192 1685/2284/1192 1651/2318/1191
f 1651/2318/1191 1685/2284/1192 1686/2285/1192 1652/2319/1191
f 1652/2319/1191 1686/2285/1192 1687/2286/1192 1653/2320/1191
f 1653/2320/1191 1687/2286/1192 1688/2287/1192 1654/2321/1191
f 1654/2321/1191 1688/2287/1192 1689/2288/1192 1655/2322/1191
f 1655/2322/1191 1689/2288/1192 1690/2289/1192 1656/2323/1191
f 1656/2323/1191 1690/2289/1192 1691/2290/1192 1657/2324/1191
f 1657/2324/1191 1691/2290/1192 1692/2291/1192 1658/2325/1191
f 1658/2325/1191 1692/2291/1192 1693/2292/1192 1659/2326/1191
f 1659/2326/1191 1693/2292/1192 1694/2293/1192 1660/2327/1191
f 1660/2327/1191 1694/2293/1192 1695/2294/1192 1661/2328/1191
f 1661/2328/1191 1695/2294/1192 1696/2295/1192 1662/2329/1191
f 1662/2329/1191 1696/2295/1192 1697/1607/1192 1663/1606/1191
f 1046/2330/1190 1047/2296/1191 1630/2297/1191 1596/2331/1190
f 1596/2331/1190 1630/2297/1191 1631/2298/1191 1597/2332/1190
f 1597/2332/1190 1631/2298/1191 1632/2299/1191 1598/2333/1190
f 1598/2333/1190 1632/2299/1191 1633/2300/1191 1599/2334/1190
f 1599/2334/1190 1633/2300/1191 1634/2301/1191 1600/2335/1190
f 1600/2335/1190 1634/2301/1191 1635/2302/1191 1601/2336/1190
f 1601/2336/1190 1635/2302/1191 1636/2303/1191 1602/2337/1190
f 1602/2337/1190 1636/2303/1191 1637/2304/1191 1603/2338/1190
f 1603/2338/1190 1637/2304/1191 1638/2305/1191 1604/2339/1190
f 1604/2339/1190 1638/2305/1191 1639/2306/1191 1605/2340/1190
f 1605/2340/1190 1639/2306/1191 1640/2307/1191 1606/2341/1190
f 1606/2341/1190 1640/2307/1191 1641/2308/1191 1607/2342/1190
f 1607/2342/1190 1641/2308/1191 1642/2309/1191 1608/2343/1190
f 1608/2343/1190 1642/2309/1191 1643/2310/1191 1609/2344/1190
f 1609/2344/1190 1643/2310/1191 1644/2311/1191 1610/2345/1190
f 1610/2345/1190 1644/2311/1191 1645/2312/1191 1611/2346/1190
f 1611/2346/1190 1645/2312/1191 1646/2313/1191 1612/2347/1190
f 1612/2347/1190 1646/2313/1191 1647/2314/1191 1613/2348/1190
f 1613/2348/1190 1647/2314/1191 1648/2315/1191 1614/2349/1190
f 1614/2349/1190 1648/2315/1191 1649/2316/1191 1615/2350/1190
f 1615/2350/1190 1649/2316/1191 1650/2317/1191 1616/2351/1190
f 1616/2351/1190 1650/2317/1191 1651/2318/1191 1617/2352/1190
f 1617/2352/1190 1651/2318/1191 1652/2319/1191 1618/2353/1190
f 1618/2353/1190 1652/2319/1191 1653/2320/1191 1619/2354/1190
f 1619/2354/1190 1653/2320/1191 1654/2321/1191 1620/2355/1190
f 1620/2355/1190 1654/2321/1191 1655/2322/1191 1621/2356/1190
f 1621/2356/1190 1655/2322/1191 1656/2323/1191 1622/2357/1190
f 1622/2357/1190 1656/2323/1191 1657/2324/1191 1623/2358/1190
f 1623/2358/1190 1657/2324/1191 1658/2325/1191 1624/2359/1190
f 1624/2359/1190 1658/2325/1191 1659/2326/1191 1625/2360/1190
f 1625/2360/1190 1659/2326/1191 1660/2327/1191 1626/2361/1190
f 1626/2361/1190 1660/2327/1191 1661/2328/1191 1627/2362/1190
f 1627/2362/1190 1661/2328/1191 1662/2329/1191 1628/2363/1190
f 1628/2363/1190 1662/2329/1191 1663/1606/1191 1629/1605/1190
f 1045/2364/261 1046/2330/1190 1596/2331/1190 1562/2365/261
f 1562/2365/261 1596/2331/1190 1597/2332/1190 1563/2366/261
f 1563/2366/261 1597/2332/1190 1598/2333/1190 1564/2367/261
f 1564/2367/261 1598/2333/1190 1599/2334/1190 1565/2368/261
f 1565/2368/261 1599/2334/1190 1600/2335/1190 1566/2369/261
f 1566/2369/261 1600/2335/1190 1601/2336/1190 1567/2370/261
f 1567/2370/261 1601/2336/1190 1602/2337/1190 1568/2371/261
f 1568/2371/261 1602/2337/1190 1603/2338/1190 1569/2372/261
f 1569/2372/261 1603/2338/1190 1604/2339/1190 1570/2373/261
f 1570/2373/261 1604/2339/1190 1605/2340/1190 1571/2374/261
f 1571/2374/261 1605/2340/1190 1606/2341/1190 1572/2375/261
f 1572/2375/261 1606/2341/1190 1607/2342/1190 1573/2376/261
f 1573/2376/261 1607/2342/1190 1608/2343/1190 1574/2377/261
f 1574/2377/261 1608/2343/1190 1609/2344/1190 1575/2378/261
f 1575/2378/261 1609/2344/1190 1610/2345/1190 1576/2379/261
f 1576/2379/261 1610/2345/1190 1611/2346/1190 1577/2380/261
f 1577/2380/261 1611/2346/1190 1612/2347/1190 1578/2381/261
f 1578/2381/261 1612/2347/1190 1613/2348/1190 1579/2382/261
f 1579/2382/261 1613/2348/1190 1614/2349/1190 1580/2383/261
f 1580/2383/261 1614/2349/1190 1615/2350/1190 1581/2384/261
f 1581/2384/261 1615/2350/1190 1616/2351/1190 1582/2385/261
f 1582/2385/261 1616/2351/1190 1617/2352/1190 1583/2386/261
f 1583/2386/261 1617/2352/1190 1618/2353/1190 1584/2387/261
f 1584/2387/261 1618/2353/1190 1619/2354/1190 1585/2388/261
f 1585/2388/261 1619/2354/1190 1620/2355/1190 1586/2389/261
f 1586/2389/261 1620/2355/1190 1621/2356/1190 1587/2390/261
f 1587/2390/261 1621/2356/1190 1622/2357/1190 1588/2391/261
f 1588/2391/261 1622/2357/1190 1623/2358/1190 1589/2392/261
f 1589/2392/261 1623/2358/1190 1624/2359/1190 1590/2393/261
f 1590/2393/261 1624/2359/1190 1625/2360/1190 1591/2394/261
f 1591/2394/261 1625/2360/1190 1626/2361/1190 1592/2395/261
f 1592/2395/261 1626/2361/1190 1627/2362/1190 1593/2396/261
f 1593/2396/261 1627/2362/1190 1628/2363/1190 1594/2397/261
f 1594/2397/261 1628/2363/1190 1629/1605/1190 1595/1604/261
f 1044/2398/1189 1045/2364/261 1562/2365/261 1528/2399/1189
f 1528/2399/1189 1562/2365/261 1563/2366/261 1529/2400/1189
f 1529/2400/1189 1563/2366/261 1564/2367/261 1530/2401/1189
f 1530/2401/1189 1564/2367/261 1565/2368/261 1531/2402/1189
f 1531/2402/1189 1565/2368/261 1566/2369/261 1532/2403/1189
f 1532/2403/1189 1566/2369/261 1567/2370/261 1533/2404/1189
f 1533/2404/1189 1567/2370/261 1568/2371/261 1534/2405/1189
f 1534/2405/1189 1568/2371/261 1569/2372/261 1535/2406/1189
f 1535/2406/1189 1569/2372/261 1570/2373/261 1536/2407/1189
f 1536/2407/1189 1570/2373/261 1571/2374/261 1537/2408/1189
f 1537/2408/1189 1571/2374/261 1572/2375/261 1538/2409/1189
f 1538/2409/1189 1572/2375/261 1573/2376/261 1539/2410/1189
f 1539/2410/1189 1573/2376/261 1574/2377/261 1540/2411/1189
f 1540/2411/1189 1574/2377/261 1575/2378/261 1541/2412/1189
f 1541/2412/1189 1575/2378/261 1576/2379/261 1542/2413/1189
f 1542/2413/1189 1576/2379/261 1577/2380/261 1543/2414/1189
f 1543/2414/1189 1577/2380/261 1578/2381/261 1544/2415/1189
f 1544/2415/1189 1578/2381/261 1579/2382/261 1545/2416/1189
f 1545/2416/1189 1579/2382/261 1580/2383/261 1546/2417/1189
f 1546/2417/1189 1580/2383/261 1581/2384/261 1547/2418/1189
f 1547/2418/1189 1581/2384/261 1582/2385/261 1548/2419/1189
f 1548/2419/1189 1582/2385/261 1583/2386/261 1549/2420/1189
f 1549/2420/1189 1583/2386/261 1584/2387/261 1550/2421/1189
f 1550/2421/1189 1584/2387/261 1585/2388/261 1551/2422/1189
f 1551/2422/1189 1585/2388/261 1586/2389/261 1552/2423/1189
f 1552/2423/1189 1586/2389/261 1587/2390/261 1553/2424/1189
f 1553/2424/1189 1587/2390/261 1588/2391/261 1554/2425/1189
f 1554/2425/1189 1588/2391/261 1589/2392/261 1555/2426/1189
f 1555/2426/1189 1589/2392/261 1590/2393/261 1556/2427/1189
f 1556/2427/1189 1590/2393/261 1591/2394/261 1557/2428/1189
f 1557/2428/1189 1591/2394/261 1592/2395/261 1558/2429/1189
f 1558/2429/1189 1592/2395/261 1593/2396/261 1559/2430/1189
f 1559/2430/1189 1593/2396/261 1594/2397/261 1560/2431/1189
f 1560/2431/1189 1594/2397/261 1595/1604/261 1561/1603/1189
f 1043/2432/1188 1044/2398/1189 1528/2399/1189 1494/2433/1188
f 1494/2433/1188 1528/2399/1189 1529/2400/1189 1495/2434/1188
f 1495/2434/1188 1529/2400/1189 1530/2401/1189 1496/2435/1188
f 1496/2435/1188 1530/2401/1189 1531/2402/1189 1497/2436/1188
f 1497/2436/1188 1531/2402/1189 1532/2403/1189 1498/2437/1188
f 1498/2437/1188 1532/2403/1189 1533/2404/1189 1499/2438/1188
f 1499/2438/1188 1533/2404/1189 1534/2405/1189 1500/2439/1188
f 1500/2439/1188 1534/2405/1189 1535/2406/1189 1501/2440/1188
f 1501/2440/1188 1535/2406/1189 1536/2407/1189 1502/2441/1188
f 1502/2441/1188 1536/2407/1189 1537/2408/1189 1503/2442/1188
f 1503/2442/1188 1537/2408/1189 1538/2409/1189 1504/2443/1188
f 1504/2443/1188 1538/2409/1189 1539/2410/1189 1505/2444/1188
f 1505/2444/1188 1539/2410/1189 1540/2411/1189 1506/2445/1188
f 1506/2445/1188 1540/2411/1189 1541/2412/1189 1507/2446/1188
f 1507/2446/1188 1541/2412/1189 1542/2413/1189 1508/2447/1188
f 1508/2447/1188 1542/2413/1189 1543/2414/1189 1509/2448/1188
f 1509/2448/1188 1543/2414/1189 1544/2415/1189 1510/2449/1188
f 1510/2449/1188 1544/2415/1189 1545/2416/1189 1511/2450/1188
f 1511/2450/1188 1545/2416/1189 1546/2417/1189 1512/2451/1188
f 1512/2451/1188 1546/2417/1189 1547/2418/1189 1513/2452/1188
f 1513/2452/1188 1547/2418/1189 1548/2419/1189 1514/2453/1188
f 1514/2453/1188 1548/2419/1189 1549/2420/1189 1515/2454/1188
f 1515/2454/1188 1549/2420/1189 1550/2421/1189 1516/2455/1188
f 1516/2455/1188 1550/2421/1189 1551/2422/1189 1517/2456/1188
f 1517/2456/1188 1551/2422/1189 1552/2423/1189 1518/2457/1188
f 1518/2457/1188 1552/2423/1189 1553/2424/1189 1519/2458/1188
f 1519/2458/1188 1553/2424/1189 1554/2425/1189 1520/2459/1188
f 1520/2459/1188 1554/2425/1189 1555/2426/1189 1521/2460/1188
f 1521/2460/1188 1555/2426/1189 1556/2427/1189 1522/2461/1188
f 1522/2461/1188 1556/2427/1189 1557/2428/1189 1523/2462/1188
f 1523/2462/1188 1557/2428/1189 1558/2429/1189 1524/2463/1188
f 1524/2463/1188 1558/2429/1189 1559/2430/1189 1525/2464/1188
f 1525/2464/1188 1559/2430/1189 1560/2431/1189 1526/2465/1188
f 1526/2465/1188 1560/2431/1189 1561/1603/1189 1527/1602/1188
f 1042/2466/1187 1043/2432/1188 1494/2433/1188 1460/2467/1187
f 1460/2467/1187 1494/2433/1188 1495/2434/1188 1461/2468/1187
f 1461/2468/1187 1495/2434/1188 1496/2435/1188 1462/2469/1187
f 1462/2469/1187 1496/2435/1188 1497/2436/1188 1463/2470/1187
f 1463/2470/1187 1497/2436/1188 1498/2437/1188 1464/2471/1187
f 1464/2471/1187 1498/2437/1188 1499/2438/1188 1465/2472/1187
f 1465/2472/1187 1499/2438/1188 1500/2439/1188 1466/2473/1187
f 1466/2473/1187 1500/2439/1188 1501/2440/1188 1467/2474/1187
f 1467/2474/1187 1501/2440/1188 1502/2441/1188 1468/2475/1187
f 1468/2475/1187 1502/2441/1188 1503/2442/1188 1469/2476/1187
f 1469/2476/1187 1503/2442/1188 1504/2443/1188 1470/2477/1187
f 1470/2477/1187 1504/2443/1188 1505/2444/1188 1471/2478/1187
f 1471/2478/1187 1505/2444/1188 1506/2445/1188 1472/2479/1187
f 1472/2479/1187 1506/2445/1188 1507/2446/1188 1473/2480/1187
f 1473/2480/1187 1507/2446/1188 1508/2447/1188 1474/2481/1187
f 1474/2481/1187 1508/2447/1188 1509/2448/1188 1475/2482/1187
f 1475/2482/1187 1509/2448/1188 1510/2449/1188 1476/2483/1187
f 1476/2483/1187 1510/2449/1188 1511/2450/1188 1477/2484/1187
f 1477/2484/1187 1511/2450/1188 1512/2451/1188 1478/2485/1187
f 1478/2485/1187 1512/2451/1188 1513/2452/1188 1479/2486/1187
f 1479/2486/1187 1513/2452/1188 1514/2453/1188 1480/2487/1187
f 1480/2487/1187 1514/2453/1188 1515/2454/1188 1481/2488/1187
f 1481/2488/1187 1515/2454/1188 1516/2455/1188 1482/2489/1187
f 1482/2489/1187 1516/2455/1188 1517/2456/1188 1483/2490/1187
f 1483/2490/1187 1517/2456/1188 1518/2457/1188 1484/2491/1187
f 1484/2491/1187 1518/2457/1188 1519/2458/1188 1485/2492/1187
f 1485/2492/1187 1519/2458/1188 1520/2459/1188 1486/2493/1187
f 1486/2493/1187 1520/2459/1188 1521/2460/1188 1487/2494/1187
f 1487/2494/1187 1521/2460/1188 1522/2461/1188 1488/2495/1187
f 1488/2495/1187 1522/2461/1188 1523/2462/1188 1489/2496/1187
f 1489/2496/1187 1523/2462/1188 1524/2463/1188 1490/2497/1187
f 1490/2497/1187 1524/2463/1188 1525/2464/1188 1491/2498/1187
f 1491/2498/1187 1525/2464/1188 1526/2465/1188 1492/2499/1187
f 1492/2499/1187 1526/2465/1188 1527/1602/1188 1493/1601/1187
f 1041/2500/1186 1042/2466/1187 1460/2467/1187 1426/2501/1186
f 1426/2501/1186 1460/2467/1187 1461/2468/1187 1427/2502/1186
f 1427/2502/1186 1461/2468/1187 1462/2469/1187 1428/2503/1186
f 1428/2503/1186 1462/2469/1187 1463/2470/1187 1429/2504/1186
f 1429/2504/1186 1463/2470/1187 1464/2471/1187 1430/2505/1186
f 1430/2505/1186 1464/2471/1187 1465/2472/1187 1431/2506/1186
f 1431/2506/1186 1465/2472/1187 1466/2473/1187 1432/2507/1186
f 1432/2507/1186 1466/2473/1187 1467/2474/1187 1433/2508/1186
f 1433/2508/1186 1467/2474/1187 1468/2475/1187 1434/2509/1186
f 1434/2509/1186 1468/2475/1187 1469/2476/1187 1435/2510/1186
f 1435/2510/1186 1469/2476/1187 1470/2477/1187 1436/2511/1186
f 1436/2511/1186 1470/2477/1187 1471/2478/1187 1437/2512/1186
f 1437/2512/1186 1471/2478/1187 1472/2479/1187 1438/2513/1186
f 1438/2513/1186 1472/2479/1187 1473/2480/1187 1439/2514/1186
f 1439/2514/1186 1473/2480/1187 1474/2481/1187 1440/2515/1186
f 1440/2515/1186 1474/2481/1187 1475/2482/1187 1441/2516/1186
f 1441/2516/1186 1475/2482/1187 1476/2483/1187 1442/2517/1186
f 1442/2517/1186 1476/2483/1187 1477/2484/1187 1443/2518/1186
f 1443/2518/1186 1477/2484/1187 1478/2485/1187 1444/2519/1186
f 1444/2519/1186 1478/2485/1187 1479/2486/1187 1445/2520/1186
f 1445/2520/1186 1479/2486/1187 1480/2487/1187 1446/2521/1186
f 1446/2521/1186 1480/2487/1187 1481/2488/1187 1447/2522/1186
f 1447/2522/1186 1481/2488/1187 1482/2489/1187 1448/2523/1186
f 1448/2523/1186 1482/2489/1187 1483/2490/1187 1449/2524/1186
f 1449/2524/1186 1483/2490/1187 1484/2491/1187 1450/2525/1186
f 1450/2525/1186 1484/2491/1187 1485/2492/1187 1451/2526/1186
f 1451/2526/1186 1485/2492/1187 1486/2493/1187 1452/2527/1186
f 1452/2527/1186 1486/2493/1187 1487/2494/1187 1453/2528/1186
f 1453/2528/1186 1487/2494/1187 1488/2495/1187 1454/2529/1186
f 1454/2529/1186 1488/2495/1187 1489/2496/1187 1455/2530/1186
f 1455/2530/1186 1489/2496/1187 1490/2497/1187 1456/2531/1186
f 1456/2531/1186 1490/2497/1187 1491/2498/1187 1457/2532/1186
f 1457/2532/1186 1491/2498/1187 1492/2499/1187 1458/2533/1186
f 1458/2533/1186 1492/2499/1187 1493/1601/1187 1459/1600/1186
f 1040/2534/1185 1041/2500/1186 1426/2501/1186 1392/2535/1185
f 1392/2535/1185 1426/2501/1186 1427/2502/1186 1393/2536/1185
f 1393/2536/1185 1427/2502/1186 1428/2503/1186 1394/2537/1185
f 1394/2537/1185 1428/2503/1186 1429/2504/1186 1395/2538/1185
f 1395/2538/1185 1429/2504/1186 1430/2505/1186 1396/2539/1185
f 1396/2539/1185 1430/2505/1186 1431/2506/1186 1397/2540/1185
f 1397/2540/1185 1431/2506/1186 1432/2507/1186 1398/2541/1185
f 1398/2541/1185 1432/2507/1186 1433/2508/1186 1399/2542/1185
f 1399/2542/1185 1433/2508/1186 1434/2509/1186 1400/2543/1185
f 1400/2543/1185 1434/2509/1186 1435/2510/1186 1401/2544/1185
f 1401/2544/1185 1435/2510/1186 1436/2511/1186 1402/2545/1185
f 1402/2545/1185 1436/2511/1186 1437/2512/1186 1403/2546/1185
f 1403/2546/1185 1437/2512/1186 1438/2513/1186 1404/2547/1185
f 1404/2547/1185 1438/2513/1186 1439/2514/1186 1405/2548/1185
f 1405/2548/1185 1439/2514/1186 1440/2515/1186 1406/2549/1185
f 1406/2549/1185 1440/2515/1186 1441/2516/1186 1407/2550/1185
f 1407/2550/1185 1441/2516/1186 1442/2517/1186 1408/2551/1185
f 1408/2551/1185 1442/2517/1186 1443/2518/1186 1409/2552/1185
f 1409/2552/1185 1443/2518/1186 1444/2519/1186 1410/2553/1185
f 1410/2553/1185 1444/2519/1186 1445/2520/1186 1411/2554/1185
f 1411/2554/1185 1445/2520/1186 1446/2521/1186 1412/2555/1185
f 1412/2555/1185 1446/2521/1186 1447/2522/1186 1413/2556/1185
f 1413/2556/1185 1447/2522/1186 1448/2523/1186 1414/2557/1185
f 1414/2557/1185 1448/2523/1186 1449/2524/1186 1415/2558/1185
f 1415/2558/1185 1449/2524/1186 1450/2525/1186 1416/2559/1185
f 1416/2559/1185 1450/2525/1186 1451/2526/1186 1417/2560/1185
f 1417/2560/1185 1451/2526/1186 1452/2527/1186 1418/2561/1185
f 1418/2561/1185 1452/2527/1186 1453/2528/1186 1419/2562/1185
f 1419/2562/1185 1453/2528/1186 1454/2529/1186 1420/2563/1185
f 1420/2563/1185 1454/2529/1186 1455/2530/1186 1421/2564/1185
f 1421/2564/1185 1455/2530/1186 1456/2531/1186 1422/2565/1185
f 1422/2565/1185 1456/2531/1186 1457/2532/1186 1423/2566/1185
f 1423/2566/1185 1457/2532/1186 1458/2533/1186 1424/2567/1185
f 1424/2567/1185 1458/2533/1186 1459/1600/1186 1425/1599/1185
f 1039/2568/1183 1040/2534/1185 1392/2535/1185 1324/2569/1183
f 1324/2569/1183 1392/2535/1185 1393/2536/1185 1325/2570/1183
f 1325/2570/1183 1393/2536/1185 1394/2537/1185 1326/2571/1183
f 1326/2571/1183 1394/2537/1185 1395/2538/1185 1327/2572/1183
f 1327/2572/1183 1395/2538/1185 1396/2539/1185 1328/2573/1183
f 1328/2573/1183 1396/2539/1185 1397/2540/1185 1329/2574/1183
f 1329/2574/1183 1397/2540/1185 1398/2541/1185 1330/2575/1183
f 1330/2575/1183 1398/2541/1185 1399/2542/1185 1331/2576/1183
f 1331/2576/1183 1399/2542/1185 1400/2543/1185 1332/2577/1183
f 1332/2577/1183 1400/2543/1185 1401/2544/1185 1333/2578/1183
f 1333/2578/1183 1401/2544/1185 1402/2545/1185 1334/2579/1183
f 1334/2579/1183 1402/2545/1185 1403/2546/1185 1335/2580/1183
f 1335/2580/1183 1403/2546/1185 1404/2547/1185 1336/2581/1183
f 1336/2581/1183 1404/2547/1185 1405/2548/1185 1337/2582/1183
f 1337/2582/1183 1405/2548/1185 1406/2549/1185 1338/2583/1183
f 1338/2583/1183 1406/2549/1185 1407/2550/1185 1339/2584/1183
f 1339/2584/1183 1407/2550/1185 1408/2551/1185 1340/2585/1183
f 1340/2585/1183 1408/2551/1185 1409/2552/1185 1341/2586/1183
f 1341/2586/1183 1409/2552/1185 1410/2553/1185 1342/2587/1183
f 1342/2587/1183 1410/2553/1185 1411/2554/1185 1343/2588/1183
f 1343/2588/1183 1411/2554/1185 1412/2555/1185 1344/2589/1183
f 1344/2589/1183 1412/2555/1185 1413/2556/1185 1345/2590/1183
f 1345/2590/1183 1413/2556/1185 1414/2557/1185 1346/2591/1183
f 1346/2591/1183 1414/2557/1185 1415/2558/1185 1347/2592/1183
f 1347/2592/1183 1415/2558/1185 1416/2559/1185 1348/2593/1183
f 1348/2593/1183 1416/2559/1185 1417/2560/1185 1349/2594/1183
f 1349/2594/1183 1417/2560/1185 1418/2561/1185 1350/2595/1183
f 1350/2595/1183 1418/2561/1185 1419/2562/1185 1351/2596/1183
f 1351/2596/1183 1419/2562/1185 1420/2563/1185 1352/2597/1183
f 1352/2597/1183 1420/2563/1185 1421/2564/1185 1353/2598/1183
f 1353/2598/1183 1421/2564/1185 1422/2565/1185 1354/2599/1183
f 1354/2599/1183 1422/2565/1185 1423/2566/1185 1355/2600/1183
f 1355/2600/1183 1423/2566/1185 1424/2567/1185 1356/2601/1183
f 1356/2601/1183 1424/2567/1185 1425/1599/1185 1357/1597/1183
f 1065/1651/1184 1038/2602/365 1323/2603/365 1391/1652/1184
f 1391/1652/1184 1323/2603/365 1322/2604/365 1390/1654/1184
f 1390/1654/1184 1322/2604/365 1321/2605/365 1389/1656/1184
f 1389/1656/1184 1321/2605/365 1320/2606/365 1388/1658/1184
f 1388/1658/1184 1320/2606/365 1319/2607/365 1387/1660/1184
f 1387/1660/1184 1319/2607/365 1318/2608/365 1386/1662/1184
f 1386/1662/1184 1318/2608/365 1317/2609/365 1385/1664/1184
f 1385/1664/1184 1317/2609/365 1316/2610/365 1384/1666/1184
f 1384/1666/1184 1316/2610/365 1315/2611/365 1383/1668/1184
f 1383/1668/1184 1315/2611/365 1314/2612/365 1382/1670/1184
f 1382/1670/1184 1314/2612/365 1313/2613/365 1381/1672/1184
f 1381/1672/1184 1313/2613/365 1312/2614/365 1380/1674/1184
f 1380/1674/1184 1312/2614/365 1311/2615/365 1379/1676/1184
f 1379/1676/1184 1311/2615/365 1310/2616/365 1378/1678/1184
f 1378/1678/1184 1310/2616/365 1309/2617/365 1377/1680/1184
f 1377/1680/1184 1309/2617/365 1308/2618/365 1376/1682/1184
f 1376/1682/1184 1308/2618/365 1307/2619/365 1375/1684/1184
f 1375/1684/1184 1307/2619/365 1306/2620/365 1374/1686/1184
f 1374/1686/1184 1306/2620/365 1305/2621/365 1373/1688/1184
f 1373/1688/1184 1305/2621/365 1304/2622/365 1372/1690/1184
f 1372/1690/1184 1304/2622/365 1303/2623/365 1371/1692/1184
f 1371/1692/1184 1303/2623/365 1302/2624/365 1370/1694/1184
f 1370/1694/1184 1302/2624/365 1301/2625/365 1369/1696/1184
f 1369/1696/1184 1301/2625/365 1300/2626/365 1368/1698/1184
f 1368/1698/1184 1300/2626/365 1299/2627/365 1367/1700/1184
f 1367/1700/1184 1299/2627/365 1298/2628/365 1366/1702/1184
f 1366/1702/1184 1298/2628/365 1297/2629/365 1365/1704/1184
f 1365/1704/1184 1297/2629/365 1296/2630/365 1364/1706/1184
f 1364/1706/1184 1296/2630/365 1295/2631/365 1363/1708/1184
f 1363/1708/1184 1295/2631/365 1294/2632/365 1362/1710/1184
f 1362/1710/1184 1294/2632/365 1293/2633/365 1361/1712/1184
f 1361/1712/1184 1293/2633/365 1292/2634/365 1360/1714/1184
f 1360/1714/1184 1292/2634/365 1291/2635/365 1359/1716/1184
f 1359/1716/1184 1291/2635/365 1290/1596/365 1358/1598/1184
f 1038/2602/365 1039/2568/1183 1324/2569/1183 1323/2603/365
f 1323/2603/365 1324/2569/1183 1325/2570/1183 1322/2604/365
f 1322/2604/365 1325/2570/1183 1326/2571/1183 1321/2605/365
f 1321/2605/365 1326/2571/1183 1327/2572/1183 1320/2606/365
f 1320/2606/365 1327/2572/1183 1328/2573/1183 1319/2607/365
f 1319/2607/365 1328/2573/1183 1329/2574/1183 1318/2608/365
f 1318/2608/365 1329/2574/1183 1330/2575/1183 1317/2609/365
f 1317/2609/365 1330/2575/1183 1331/2576/1183 1316/2610/365
f 1316/2610/365 1331/2576/1183 1332/2577/1183 1315/2611/365
f 1315/2611/365 1332/2577/1183 1333/2578/1183 1314/2612/365
f 1314/2612/365 1333/2578/1183 1334/2579/1183 1313/2613/365
f 1313/2613/365 1334/2579/1183 1335/2580/1183 1312/2614/365
f 1312/2614/365 1335/2580/1183 1336/2581/1183 1311/2615/365
f 1311/2615/365 1336/2581/1183 1337/2582/1183 1310/2616/365
f 1310/2616/365 1337/2582/1183 1338/2583/1183 1309/2617/365
f 1309/2617/365 1338/2583/1183 1339/2584/1183 1308/2618/365
f 1308/2618/365 1339/2584/1183 1340/2585/1183 1307/2619/365
f 1307/2619/365 1340/2585/1183 1341/2586/1183 1306/2620/365
f 1306/2620/365 1341/2586/1183 1342/2587/1183 1305/2621/365
f 1305/2621/365 1342/2587/1183 1343/2588/1183 1304/2622/365
f 1304/2622/365 1343/2588/1183 1344/2589/1183 1303/2623/365
f 1303/2623/365 1344/2589/1183 1345/2590/1183 1302/2624/365
f 1302/2624/365 1345/2590/1183 1346/2591/1183 1301/2625/365
f 1301/2625/365 1346/2591/1183 1347/2592/1183 1300/2626/365
f 1300/2626/365 1347/2592/1183 1348/2593/1183 1299/2627/365
f 1299/2627/365 1348/2593/1183 1349/2594/1183 1298/2628/365
f 1298/2628/365 1349/2594/1183 1350/2595/1183 1297/2629/365
f 1297/2629/365 1350/2595/1183 1351/2596/1183 1296/2630/365
f 1296/2630/365 1351/2596/1183 1352/2597/1183 1295/2631/365
f 1295/2631/365 1352/2597/1183 1353/2598/1183 1294/2632/365
f 1294/2632/365 1353/2598/1183 1354/2599/1183 1293/2633/365
f 1293/2633/365 1354/2599/1183 1355/2600/1183 1292/2634/365
f 1292/2634/365 1355/2600/1183 1356/2601/1183 1291/2635/365
f 1291/2635/365 1356/2601/1183 1357/1597/1183 1290/1596/365
f 2260/2636/254 2256/2637/254 2268/2638/254
f 2268/2638/254 2264/2639/254 2260/2636/254
f 2244/2640/254 2268/2638/254 2252/2641/254
f 2248/2642/254 2244/2640/254 2252/2641/254
f 2256/2637/254 2254/2643/254 2252/2641/254
f 2260/2636/254 2258/2644/254 2256/2637/254
f 2244/2640/254 2242/2645/254 2268/2638/254
f 2250/2646/254 2249/2647/254 2248/2642/254
f 2251/2648/254 2250/2646/254 2248/2642/254
f 2252/2641/254 2251/2648/254 2248/2642/254
f 2254/2643/254 2253/2649/1211 2252/2641/254
f 2256/2637/254 2255/2650/1212 2254/2643/254
f 2258/2644/254 2257/2651/254 2256/2637/254
f 2260/2636/254 2259/2652/1211 2258/2644/254
f 2261/2653/254 2260/2636/254 2264/2639/254
f 2262/2654/254 2261/2653/254 2264/2639/254
f 2264/2639/254 2263/2655/254 2262/2654/254
f 2265/2656/254 2264/2639/254 2268/2638/254
f 2266/2657/254 2265/2656/254 2268/2638/254
f 2268/2638/254 2267/2658/1213 2266/2657/254
f 2242/2645/254 2269/2659/254 2268/2638/254
f 2244/2640/254 2243/2660/1214 2242/2645/254
f 2246/2661/254 2245/2662/1213 2244/2640/254
f 2247/2663/254 2246/2661/254 2244/2640/254
f 2248/2642/254 2247/2663/254 2244/2640/254
f 2256/2637/254 2252/2641/254 2268/2638/254
f 2287/2664/1215 2286/2665/1216 2414/2666/1216 2430/2667/1215
f 2404/2668/1217 2405/2669/1218 2440/2670/1218 2449/2671/1217
f 2386/2672/1219 2387/2673/1220 2292/2674/1221 2291/2675/1222
f 2385/2676/1223 2388/2677/1224 2272/2678/1225 2271/2679/1226
f 2389/2680/1227 2390/2681/1228 2285/2682/1229 2284/2683/1230
f 2392/2684/1231 2287/2685/1231 2430/2686/1231 2434/2687/1231
f 2393/2688/1232 2389/2680/1227 2284/2683/1230 2283/2689/1233
f 2271/2690/1234 2270/2691/1235 2426/2692/1235 2429/2693/1234
f 2396/2694/1236 2397/2695/1237 2277/2696/1238 2276/2697/1239
f 2388/2677/1224 2398/2698/1240 2273/2699/1241 2272/2678/1225
f 2390/2700/1242 2391/2701/1243 2445/2702/1243 2433/2703/1242
f 2383/2704/1244 2401/2705/1245 2296/2706/1246 2295/2707/1247
f 2402/2708/1248 2403/2709/1249 2289/2710/1250 2288/2711/1251
f 2382/2712/1252 2383/2713/1253 2431/2714/1253 2442/2715/1252
f 2295/2716/1254 2294/2717/1255 2423/2718/1255 2422/2719/1254
f 2406/2720/1256 2384/2721/1257 2443/2722/1257 2450/2723/1256
f 2285/2724/1258 2390/2725/1258 2433/2726/1258 2415/2727/1258
f 2392/2728/1259 2402/2708/1248 2288/2711/1251 2287/2729/1260
f 2387/2673/1220 2407/2730/1261 2293/2731/1262 2292/2674/1221
f 2384/2721/1257 2385/2732/1263 2432/2733/1263 2443/2722/1257
f 2289/2734/1264 2403/2735/1264 2439/2736/1264 2419/2737/1264
f 2409/2738/1265 2404/2739/1266 2281/2740/1267 2280/2741/1268
f 2294/2717/1255 2293/2742/1269 2428/2743/1269 2423/2718/1255
f 2400/2744/1270 2409/2738/1265 2280/2741/1268 2279/2745/1271
f 2397/2746/1272 2399/2747/1273 2448/2748/1273 2436/2749/1272
f 2283/2750/1274 2282/2751/1275 2421/2752/1275 2420/2753/1274
f 2395/2754/1276 2396/2694/1236 2276/2697/1239 2275/2755/1277
f 2401/2705/1245 2406/2756/1278 2297/2757/1279 2296/2706/1246
f 2279/2745/1271 2280/2741/1268 2308/2758/1192 2307/2759/1191
f 2282/2760/1194 2283/2689/1233 2311/2761/1195 2310/2762/1194
f 2293/2731/1262 2294/2763/1204 2322/2764/1204 2321/2765/1203
f 2275/2755/1277 2276/2697/1239 2304/2766/1189 2303/2767/1188
f 2296/2706/1246 2297/2757/1279 2325/2768/1184 2324/2769/1206
f 2294/2763/1204 2295/2707/1247 2323/2770/1205 2322/2764/1204
f 2270/2771/365 2271/2772/1226 2299/2773/1183 2298/2774/365
f 2291/2675/1222 2292/2674/1221 2320/2775/1202 2319/2776/275
f 2271/2679/1226 2272/2678/1225 2300/2777/1185 2299/2778/1183
f 2284/2683/1230 2285/2682/1229 2313/2779/1196 2312/2780/736
f 2286/2781/1197 2287/2729/1260 2315/2782/1198 2314/2783/1197
f 2283/2689/1233 2284/2683/1230 2312/2780/736 2311/2761/1195
f 2274/2784/1187 2275/2755/1277 2303/2767/1188 2302/2785/1187
f 2276/2697/1239 2277/2696/1238 2305/2786/261 2304/2766/1189
f 2272/2678/1225 2273/2699/1241 2301/2787/1186 2300/2777/1185
f 2278/2788/1190 2279/2745/1271 2307/2759/1191 2306/2789/1190
f 2295/2707/1247 2296/2706/1246 2324/2769/1206 2323/2770/1205
f 2288/2711/1251 2289/2710/1250 2317/2790/1200 2316/2791/1199
f 2281/2740/1267 2282/2760/1194 2310/2762/1194 2309/2792/1193
f 2285/2793/1229 2286/2781/1197 2314/2783/1197 2313/2794/1196
f 2297/2757/1279 2270/2771/365 2298/2774/365 2325/2768/1184
f 2277/2696/1238 2278/2788/1190 2306/2789/1190 2305/2786/261
f 2287/2729/1260 2288/2711/1251 2316/2791/1199 2315/2782/1198
f 2292/2674/1221 2293/2731/1262 2321/2765/1203 2320/2775/1202
f 2290/2795/1201 2291/2675/1222 2319/2776/275 2318/2796/1201
f 2273/2699/1241 2274/2784/1187 2302/2785/1187 2301/2787/1186
f 2280/2741/1268 2281/2740/1267 2309/2792/1193 2308/2758/1192
f 2289/2710/1250 2290/2795/1201 2318/2796/1201 2317/2790/1200
f 2318/2797/1280 2319/2798/1281 2347/2799/1281 2346/2800/1280
f 2301/2801/1282 2302/2802/1283 2330/2803/1283 2329/2804/1282
f 2308/2805/1284 2309/2806/1285 2337/2807/1285 2336/2808/1284
f 2317/2809/1286 2318/2797/1280 2346/2800/1280 2345/2810/1286
f 2307/2811/1287 2308/2805/1284 2336/2808/1284 2335/2812/1287
f 2310/2813/1288 2311/2814/1289 2339/2815/1289 2338/2816/1288
f 2321/2817/1290 2322/2818/1291 2350/2819/1291 2349/2820/1290
f 2303/2821/1292 2304/2822/1293 2332/2823/1293 2331/2824/1292
f 2324/2825/1294 2325/2826/1295 2353/2827/1295 2352/2828/1294
f 2322/2818/1291 2323/2829/1296 2351/2830/1296 2350/2819/1291
f 2298/2831/1297 2299/2832/1298 2327/2833/1298 2326/2834/1297
f 2319/2798/1281 2320/2835/1299 2348/2836/1299 2347/2799/1281
f 2299/2832/1298 2300/2837/1300 2328/2838/1300 2327/2833/1298
f 2312/2839/1301 2313/2840/1302 2341/2841/1302 2340/2842/1301
f 2314/2843/1303 2315/2844/1304 2343/2845/1304 2342/2846/1303
f 2311/2814/1289 2312/2839/1301 2340/2842/1301 2339/2815/1289
f 2302/2802/1283 2303/2821/1292 2331/2824/1292 2330/2803/1283
f 2304/2822/1293 2305/2847/1305 2333/2848/1305 2332/2823/1293
f 2300/2837/1300 2301/2801/1282 2329/2804/1282 2328/2838/1300
f 2306/2849/1306 2307/2811/1287 2335/2812/1287 2334/2850/1306
f 2323/2829/1296 2324/2825/1294 2352/2828/1294 2351/2830/1296
f 2316/2851/1307 2317/2809/1286 2345/2810/1286 2344/2852/1307
f 2309/2806/1285 2310/2813/1288 2338/2816/1288 2337/2807/1285
f 2313/2840/1302 2314/2843/1303 2342/2846/1303 2341/2841/1302
f 2325/2826/1295 2298/2831/1297 2326/2834/1297 2353/2827/1295
f 2305/2847/1305 2306/2849/1306 2334/2850/1306 2333/2848/1305
f 2315/2844/1304 2316/2853/1307 2344/2854/1307 2343/2845/1304
f 2320/2835/1299 2321/2817/1290 2349/2820/1290 2348/2836/1299
f 2341/2855/1183 2342/2856/1185 2370/2857/1185 2369/2858/1183
f 2353/2859/1195 2326/2860/736 2354/2861/736 2381/2862/1195
f 2333/2863/275 2334/2864/1202 2362/2865/1202 2361/2866/275
f 2343/2867/1186 2344/2868/1187 2372/2869/1187 2371/2870/1186
f 2348/2871/1190 2349/2872/1191 2377/2873/1191 2376/2874/1190
f 2346/2875/1189 2347/2876/261 2375/2877/261 2374/2878/1189
f 2329/2879/1198 2330/2880/1199 2358/2881/1199 2357/2882/1198
f 2336/2883/1204 2337/2884/1205 2365/2885/1205 2364/2886/1204
f 2345/2887/1188 2346/2875/1189 2374/2878/1189 2373/2888/1188
f 2335/2889/1203 2336/2883/1204 2364/2886/1204 2363/2890/1203
f 2338/2891/1206 2339/2892/1184 2367/2893/1184 2366/2894/1206
f 2349/2872/1191 2350/2895/1192 2378/2896/1192 2377/2873/1191
f 2331/2897/1200 2332/2898/1201 2360/2899/1201 2359/2900/1200
f 2352/2901/1194 2353/2859/1195 2381/2862/1195 2380/2902/1194
f 2350/2895/1192 2351/2903/1193 2379/2904/1193 2378/2896/1192
f 2326/2860/736 2327/2905/1196 2355/2906/1196 2354/2861/736
f 2347/2876/261 2348/2871/1190 2376/2874/1190 2375/2877/261
f 2327/2905/1196 2328/2907/1197 2356/2908/1197 2355/2906/1196
f 2340/2909/365 2341/2855/1183 2369/2858/1183 2368/2910/365
f 2342/2856/1185 2343/2867/1186 2371/2870/1186 2370/2857/1185
f 2339/2892/1184 2340/2909/365 2368/2910/365 2367/2893/1184
f 2330/2880/1199 2331/2897/1200 2359/2900/1200 2358/2881/1199
f 2332/2898/1201 2333/2863/275 2361/2866/275 2360/2899/1201
f 2328/2907/1197 2329/2911/1198 2357/2912/1198 2356/2908/1197
f 2334/2864/1202 2335/2889/1203 2363/2890/1203 2362/2865/1202
f 2351/2903/1193 2352/2901/1194 2380/2902/1194 2379/2904/1193
f 2344/2868/1187 2345/2887/1188 2373/2888/1188 2372/2869/1187
f 2337/2884/1205 2338/2891/1206 2366/2894/1206 2365/2885/1205
f 2370/2913/268 2374/2914/268 2354/2915/268
f 2268/2916/1245 2269/2917/1308 2406/2756/1278 2401/2705/1245
f 2247/2918/1309 2248/2919/1236 2396/2694/1236 2395/2754/1276
f 2265/2920/1310 2266/2921/1311 2382/2922/1311 2407/2730/1261
f 2254/2923/1312 2255/2924/1313 2393/2688/1232 2405/2925/1312
f 2251/2926/1314 2252/2927/1265 2409/2738/1265 2400/2744/1270
f 2261/2928/1315 2262/2929/1316 2408/2930/1316 2403/2709/1249
f 2252/2927/1265 2253/2931/1317 2404/2739/1266 2409/2738/1265
f 2245/2932/1318 2246/2933/1319 2394/2934/1319 2398/2698/1240
f 2262/2929/1316 2263/2935/1320 2386/2672/1219 2408/2930/1316
f 2264/2936/1220 2265/2920/1310 2407/2730/1261 2387/2673/1220
f 2259/2937/1321 2260/2938/1248 2402/2708/1248 2392/2728/1259
f 2249/2939/1322 2250/2940/1323 2399/2941/1323 2397/2695/1237
f 2269/2917/1308 2242/2942/1324 2384/2943/1324 2406/2756/1278
f 2257/2944/1325 2258/2945/1326 2391/2946/1326 2390/2947/1228
f 2253/2931/1317 2254/2923/1312 2405/2925/1312 2404/2739/1266
f 2260/2938/1248 2261/2928/1315 2403/2709/1249 2402/2708/1248
f 2267/2948/1327 2268/2916/1245 2401/2705/1245 2383/2704/1244
f 2250/2940/1323 2251/2926/1314 2400/2744/1270 2399/2941/1323
f 2244/2949/1224 2245/2932/1318 2398/2698/1240 2388/2677/1224
f 2248/2919/1236 2249/2939/1322 2397/2695/1237 2396/2694/1236
f 2246/2933/1319 2247/2918/1309 2395/2754/1276 2394/2934/1319
f 2255/2924/1313 2256/2950/1227 2389/2680/1227 2393/2688/1232
f 2258/2945/1326 2259/2937/1321 2392/2728/1259 2391/2946/1326
f 2256/2950/1227 2257/2951/1325 2390/2681/1228 2389/2680/1227
f 2243/2952/1328 2244/2949/1224 2388/2677/1224 2385/2676/1223
f 2263/2935/1320 2264/2936/1220 2387/2673/1220 2386/2672/1219
f 2242/2942/1324 2243/2953/1328 2385/2954/1223 2384/2943/1324
f 2266/2921/1311 2267/2948/1327 2383/2704/1244 2382/2922/1311
f 2442/2955/1311 2431/2956/1329 2422/2957/1329 2423/2958/1311
f 2443/2959/1324 2432/2960/1330 2429/2961/1330 2426/2962/1324
f 2445/2963/1331 2434/2964/1332 2430/2965/1332 2414/2966/1331
f 2447/2967/1319 2435/2968/1333 2410/2969/1333 2411/2970/1319
f 2448/2971/1323 2438/2972/1334 2412/2973/1334 2413/2974/1323
f 2449/2975/1335 2440/2976/1336 2421/2977/1336 2424/2978/1335
f 2433/2979/1337 2445/2963/1331 2414/2966/1331 2415/2980/1337
f 2450/2981/1338 2443/2959/1324 2426/2962/1324 2425/2982/1338
f 2436/2983/1339 2448/2971/1323 2413/2974/1323 2416/2984/1339
f 2451/2985/1316 2444/2986/1340 2427/2987/1340 2418/2988/1316
f 2437/2989/1341 2447/2967/1319 2411/2970/1319 2417/2990/1341
f 2439/2991/1342 2451/2985/1316 2418/2988/1316 2419/2992/1342
f 2440/2976/1336 2446/2993/1343 2420/2994/1343 2421/2977/1336
f 2441/2995/1344 2442/2955/1311 2423/2958/1311 2428/2996/1344
f 2407/2997/1345 2382/2712/1252 2442/2715/1252 2441/2998/1345
f 2293/2999/1346 2407/3000/1346 2441/3001/1346 2428/3002/1346
f 2275/3003/1347 2274/3004/1348 2411/3005/1348 2410/3006/1347
f 2386/3007/1349 2291/3008/1349 2427/3009/1349 2444/3010/1349
f 2405/2669/1218 2393/3011/1350 2446/3012/1350 2440/2670/1218
f 2395/3013/1351 2275/3014/1351 2410/3015/1351 2435/3016/1351
f 2399/2747/1273 2400/3017/1352 2438/3018/1352 2448/2748/1273
f 2279/3019/1353 2278/3020/1354 2413/3021/1354 2412/3022/1353
f 2383/3023/1355 2295/3024/1355 2422/3025/1355 2431/3026/1355
f 2403/3027/1356 2408/3028/1357 2451/3029/1357 2439/3030/1356
f 2282/2751/1275 2281/3031/1358 2424/3032/1358 2421/2752/1275
f 2277/3033/1359 2397/3034/1359 2436/3035/1359 2416/3036/1359
f 2286/2665/1216 2285/3037/1360 2415/3038/1360 2414/2666/1216
f 2394/3039/1361 2395/3040/1362 2435/3041/1362 2447/3042/1361
f 2270/2691/1235 2297/3043/1363 2425/3044/1363 2426/2692/1235
f 2273/3045/1364 2398/3046/1364 2437/3047/1364 2417/3048/1364
f 2278/3020/1354 2277/3049/1365 2416/3050/1365 2413/3021/1354
f 2385/3051/1366 2271/3052/1366 2429/3053/1366 2432/3054/1366
f 2398/3055/1367 2394/3039/1361 2447/3042/1361 2437/3056/1367
f 2281/3057/1368 2404/3058/1368 2449/3059/1368 2424/3060/1368
f 2391/2701/1243 2392/3061/1369 2434/3062/1369 2445/2702/1243
f 2408/3028/1357 2386/3063/1370 2444/3064/1370 2451/3029/1357
f 2291/3065/1371 2290/3066/1372 2418/3067/1372 2427/3068/1371
f 2400/3069/1373 2279/3070/1373 2412/3071/1373 2438/3072/1373
f 2274/3004/1348 2273/3073/1374 2417/3074/1374 2411/3005/1348
f 2297/3075/1375 2406/3076/1375 2450/3077/1375 2425/3078/1375
f 2290/3066/1372 2289/3079/1376 2419/3080/1376 2418/3067/1372
f 2393/3081/1377 2283/3082/1377 2420/3083/1377 2446/3084/1377
f 2358/3085/268 2359/3086/268 2362/3087/268
f 2359/3086/268 2360/3088/268 2362/3087/268
f 2360/3088/268 2361/3089/268 2362/3087/268
f 2362/3087/268 2363/3090/268 2366/3091/268
f 2363/3090/268 2364/3092/268 2366/3091/268
f 2364/3092/268 2365/3093/1378 2366/3091/268
f 2366/3091/268 2367/3094/1379 2368/3095/268
f 2368/3095/268 2369/3096/268 2370/2913/268
f 2370/2913/268 2371/3097/1379 2372/3098/268
f 2372/3098/268 2373/3099/268 2370/2913/268
f 2373/3099/268 2374/2914/268 2370/2913/268
f 2374/2914/268 2375/3100/268 2376/3101/268
f 2376/3101/268 2377/3102/268 2374/2914/268
f 2377/3102/268 2378/3103/268 2374/2914/268
f 2378/3103/268 2379/3104/1378 2380/3105/268
f 2380/3105/268 2381/3106/268 2354/2915/268
f 2354/2915/268 2355/3107/1378 2356/3108/268
f 2356/3108/268 2357/3109/1379 2358/3085/268
f 2366/3091/268 2368/3095/268 2370/2913/268
f 2378/3103/268 2380/3105/268 2374/2914/268
f 2380/3105/268 2354/2915/268 2374/2914/268
f 2354/2915/268 2356/3108/268 2366/3091/268
f 2356/3108/268 2358/3085/268 2366/3091/268
f 2358/3085/268 2362/3087/268 2366/3091/268
f 2366/3091/268 2370/2913/268 2354/2915/268
f 2512/3110/1380 2453/3111/275 2508/3112/1381
f 2510/3113/1382 2453/3111/275 2512/3110/1380
f 2462/3114/1383 2453/3111/275 2510/3113/1382
f 2459/3115/1384 2460/3116/1385 2461/3117/1385 2458/3118/1386
f 2467/3119/1387 2462/3114/1383 2463/3120/1388 2466/3121/1389
f 2469/3122/1390 2470/3123/1391 2471/3124/1392 2468/3125/1393
f 2479/3126/1394 2467/3119/1387 2466/3121/1389 2478/3127/1395
f 2491/3128/1396 2480/3129/1397 2481/3130/1398 2490/3131/1399
f 2477/3132/1394 2479/3126/1394 2478/3127/1395 2476/3133/1395
f 2489/3134/1400 2486/3135/1401 2487/3136/1402 2488/3137/1403
f 2485/3138/1404 2482/3139/1405 2483/3140/1406 2484/3141/1407
f 2482/3139/1405 2464/3142/1408 2465/3143/1409 2483/3140/1406
f 2470/3123/1391 2489/3134/1400 2488/3137/1403 2471/3124/1392
f 2473/3144/1410 2485/3138/1404 2484/3141/1407 2472/3145/1411
f 2486/3135/1401 2474/3146/1412 2475/3147/1413 2487/3136/1402
f 2505/3148/1414 2477/3132/1394 2476/3133/1395 2504/3149/1415
f 2507/3150/1416 2491/3128/1396 2490/3131/1399 2506/3151/1417
f 2495/3152/1418 2496/3153/1419 2497/3154/1420 2494/3155/1421
f 2496/3153/1419 2492/3156/1422 2493/3157/1423 2497/3154/1420
f 2502/3158/1424 2498/3159/1425 2499/3160/1426 2503/3161/1427
f 2501/3162/1428 2502/3158/1424 2503/3161/1427 2500/3163/1429
f 2492/3156/1422 2501/3162/1428 2500/3163/1429 2493/3157/1423
f 2494/3155/1421 2473/3144/1410 2472/3145/1411 2495/3152/1418
f 2474/3146/1412 2499/3160/1426 2498/3159/1425 2475/3147/1413
f 2468/3125/1393 2505/3148/1414 2504/3149/1415 2469/3122/1390
f 2464/3142/1408 2507/3150/1416 2506/3151/1417 2465/3143/1409
f 2512/3110/1380 2508/3112/1381 2509/3164/1430 2513/3165/1431
f 2510/3113/1382 2512/3110/1380 2513/3165/1431 2511/3166/1432
f 2462/3114/1383 2510/3113/1382 2511/3166/1432 2463/3120/1388
f 2480/3129/1397 2509/3164/1430 2508/3112/1381 2481/3130/1398
f 2535/3167/1433 2470/3168/1391 2469/3169/1390 2534/3170/1434
f 2517/3171/1435 2452/3172/1435 2455/3173/1436 2520/3174/1437
f 2467/3119/1387 2479/3126/1394 2453/3111/275 2462/3114/1383
f 2453/3111/275 2481/3130/1398 2508/3112/1381
f 2465/3143/1409 2471/3124/1392 2488/3137/1403 2483/3140/1406
f 2554/3175/1438 2489/3176/1400 2470/3168/1391 2535/3167/1433
f 2456/3177/1439 2471/3124/1392 2465/3143/1409 2506/3151/1417
f 2541/3178/1440 2476/3179/1395 2478/3180/1395 2543/3181/1440
f 2543/3181/1440 2478/3180/1395 2466/3182/1389 2531/3183/1441
f 2574/3184/1442 2578/3185/1443 2513/3186/1431 2509/3187/1430
f 2505/3148/1414 2468/3125/1393 2471/3124/1392 2456/3177/1439
f 2550/3188/1444 2485/3189/1404 2473/3190/1410 2538/3191/1445
f 2475/3147/1413 2461/3117/1385 2460/3116/1385 2472/3145/1411
f 2484/3141/1407 2487/3136/1402 2475/3147/1413 2472/3145/1411
f 2539/3192/1446 2474/3193/1412 2486/3194/1401 2551/3195/1447
f 2564/3196/1448 2499/3197/1426 2474/3193/1412 2539/3192/1446
f 2472/3145/1411 2460/3116/1385 2459/3115/1384 2495/3152/1418
f 2497/3198/1420 2562/3199/1449 2559/3200/1450 2494/3201/1421
f 2534/3170/1434 2469/3169/1390 2504/3202/1415 2569/3203/1451
f 2458/3118/1386 2461/3117/1385 2475/3147/1413 2498/3159/1425
f 2551/3195/1447 2486/3194/1401 2489/3176/1400 2554/3175/1438
f 2477/3132/1394 2505/3148/1414 2456/3177/1439 2454/3204/275
f 2531/3205/1441 2466/3206/1389 2463/3207/1388 2528/3208/1452
f 2479/3126/1394 2477/3132/1394 2454/3204/275 2453/3111/275
f 2453/3111/275 2454/3204/275 2490/3131/1399 2481/3130/1398
f 2529/3209/1453 2464/3210/1408 2482/3211/1405 2547/3212/1454
f 2487/3136/1402 2484/3141/1407 2483/3140/1406 2488/3137/1403
f 2547/3212/1454 2482/3211/1405 2485/3189/1404 2550/3188/1444
f 2454/3204/275 2456/3177/1439 2506/3151/1417 2490/3131/1399
f 2495/3152/1418 2459/3115/1384 2492/3156/1422 2496/3153/1419
f 2564/3213/1448 2568/3214/1455 2503/3215/1427 2499/3216/1426
f 2538/3191/1445 2473/3190/1410 2494/3201/1421 2559/3200/1450
f 2492/3156/1422 2459/3115/1384 2458/3118/1386 2501/3162/1428
f 2493/3217/1423 2558/3218/1456 2562/3199/1449 2497/3198/1420
f 2501/3162/1428 2458/3118/1386 2498/3159/1425 2502/3158/1424
f 2568/3214/1455 2565/3219/1457 2500/3220/1429 2503/3215/1427
f 2558/3218/1456 2493/3217/1423 2500/3220/1429 2565/3219/1457
f 2578/3185/1443 2576/3221/1458 2511/3222/1432 2513/3186/1431
f 2528/3208/1452 2463/3207/1388 2511/3222/1432 2576/3221/1458
f 2529/3209/1453 2572/3223/1459 2640/3224/1460 2638/3225/1461
f 2572/3223/1459 2648/3226/1462 2640/3224/1460
f 2529/3209/1453 2638/3225/1461 2636/3227/1463
f 2507/3228/1416 2464/3210/1408 2602/3229/1464 2605/3230/1465
f 2509/3187/1430 2606/3231/1466 2608/3232/1467
f 2516/3233/1468 2514/3234/1469 2455/3173/1436 2452/3172/1435
f 2522/3235/1470 2457/3236/1470 2452/3172/1435 2517/3171/1435
f 2583/3237/1471 2618/3238/1472 2619/3239/1473 2582/3240/1474
f 2515/3241/1475 2516/3233/1468 2452/3172/1435 2457/3236/1470
f 2577/3242/1476 2573/3243/1477 2518/3244/261
f 2575/3245/1478 2577/3242/1476 2518/3244/261
f 2527/3246/1479 2575/3245/1478 2518/3244/261
f 2524/3247/1480 2523/3248/1481 2526/3249/1482 2525/3250/1482
f 2532/3251/1483 2531/3252/1441 2528/3253/1452 2527/3246/1479
f 2534/3254/1434 2533/3255/1484 2536/3256/1485 2535/3257/1433
f 2544/3258/1486 2543/3259/1440 2531/3252/1441 2532/3251/1483
f 2556/3260/1487 2555/3261/1488 2546/3262/1489 2545/3263/1490
f 2542/3264/1486 2541/3265/1440 2543/3259/1440 2544/3258/1486
f 2554/3266/1438 2553/3267/1491 2552/3268/1492 2551/3269/1447
f 2550/3270/1444 2549/3271/1493 2548/3272/1494 2547/3273/1454
f 2547/3273/1454 2548/3272/1494 2530/3274/1495 2529/3275/1453
f 2535/3257/1433 2536/3256/1485 2553/3267/1491 2554/3266/1438
f 2538/3276/1445 2537/3277/1496 2549/3271/1493 2550/3270/1444
f 2551/3269/1447 2552/3268/1492 2540/3278/1497 2539/3279/1446
f 2570/3280/1498 2569/3281/1451 2541/3265/1440 2542/3264/1486
f 2572/3282/1459 2571/3283/1499 2555/3261/1488 2556/3260/1487
f 2560/3284/1500 2559/3285/1450 2562/3286/1449 2561/3287/1501
f 2561/3287/1501 2562/3286/1449 2558/3288/1456 2557/3289/1502
f 2567/3290/1503 2568/3291/1455 2564/3292/1448 2563/3293/1504
f 2566/3294/1505 2565/3295/1457 2568/3291/1455 2567/3290/1503
f 2557/3289/1502 2558/3288/1456 2565/3295/1457 2566/3294/1505
f 2559/3285/1450 2560/3284/1500 2537/3277/1496 2538/3276/1445
f 2539/3279/1446 2540/3278/1497 2563/3293/1504 2564/3292/1448
f 2533/3255/1484 2534/3254/1434 2569/3281/1451 2570/3280/1498
f 2529/3275/1453 2530/3274/1495 2571/3283/1499 2572/3282/1459
f 2577/3242/1476 2578/3296/1443 2574/3297/1442 2573/3243/1477
f 2575/3245/1478 2576/3298/1458 2578/3296/1443 2577/3242/1476
f 2527/3246/1479 2528/3253/1452 2576/3298/1458 2575/3245/1478
f 2545/3263/1490 2546/3262/1489 2573/3243/1477 2574/3297/1442
f 2532/3251/1483 2527/3246/1479 2518/3244/261 2544/3258/1486
f 2518/3244/261 2573/3243/1477 2546/3262/1489
f 2530/3274/1495 2548/3272/1494 2553/3267/1491 2536/3256/1485
f 2521/3299/1506 2571/3283/1499 2530/3274/1495 2536/3256/1485
f 2570/3280/1498 2521/3299/1506 2536/3256/1485 2533/3255/1484
f 2540/3278/1497 2537/3277/1496 2525/3250/1482 2526/3249/1482
f 2549/3271/1493 2537/3277/1496 2540/3278/1497 2552/3268/1492
f 2537/3277/1496 2560/3284/1500 2524/3247/1480 2525/3250/1482
f 2523/3248/1481 2563/3293/1504 2540/3278/1497 2526/3249/1482
f 2542/3264/1486 2519/3300/261 2521/3299/1506 2570/3280/1498
f 2544/3258/1486 2518/3244/261 2519/3300/261 2542/3264/1486
f 2518/3244/261 2546/3262/1489 2555/3261/1488 2519/3300/261
f 2509/3187/1430 2608/3232/1467 2610/3301/1507
f 2642/3302/1508 2574/3184/1442 2644/3303/1509
f 2552/3268/1492 2553/3267/1491 2548/3272/1494 2549/3271/1493
f 2519/3300/261 2555/3261/1488 2571/3283/1499 2521/3299/1506
f 2560/3284/1500 2561/3287/1501 2557/3289/1502 2524/3247/1480
f 2557/3289/1502 2566/3294/1505 2523/3248/1481 2524/3247/1480
f 2566/3294/1505 2567/3290/1503 2563/3293/1504 2523/3248/1481
f 2581/3304/1468 2517/3171/1435 2520/3174/1437 2579/3305/1510
f 2602/3229/1464 2464/3210/1408 2600/3306/1511
f 2613/3307/1512 2507/3228/1416 2605/3230/1465
f 2580/3308/1513 2522/3235/1470 2517/3171/1435 2581/3304/1468
f 2644/3303/1509 2574/3184/1442 2646/3309/1514
f 2545/3310/1490 2574/3184/1442 2642/3302/1508 2652/3311/1515
f 2632/3312/1516 2597/3313/1517 2596/3314/1518 2633/3315/1519
f 2582/3240/1474 2584/3316/1520 2585/3317/1521 2583/3237/1471
f 2584/3316/1520 2587/3318/1522 2586/3319/1523 2585/3317/1521
f 2587/3318/1522 2588/3320/1524 2589/3321/1525 2586/3319/1523
f 2599/3322/1526 2590/3323/1527 2591/3324/1528 2598/3325/1529
f 2588/3320/1524 2599/3322/1526 2598/3325/1529 2589/3321/1525
f 2590/3323/1527 2592/3326/1530 2593/3327/1531 2591/3324/1528
f 2592/3326/1530 2594/3328/1532 2595/3329/1533 2593/3327/1531
f 2594/3328/1532 2596/3314/1518 2597/3313/1517 2595/3329/1533
f 2637/3330/1534 2601/3331/1535 2600/3306/1511 2636/3227/1463
f 2611/3332/1536 2647/3333/1537 2646/3309/1514 2610/3301/1507
f 2602/3229/1464 2600/3306/1511 2601/3331/1535 2603/3334/1538
f 2605/3230/1465 2602/3229/1464 2603/3334/1538 2604/3335/1539
f 2613/3307/1512 2605/3230/1465 2604/3335/1539 2612/3336/1540
f 2617/3337/1541 2614/3338/1542 2615/3339/1543 2616/3340/1544
f 2614/3338/1542 2613/3307/1512 2612/3336/1540 2615/3339/1543
f 2606/3231/1466 2617/3337/1541 2616/3340/1544 2607/3341/1545
f 2608/3232/1467 2606/3231/1466 2607/3341/1545 2609/3342/1546
f 2610/3301/1507 2608/3232/1467 2609/3342/1546 2611/3332/1536
f 2611/3332/1536 2582/3240/1474 2619/3239/1473 2647/3333/1537
f 2618/3238/1472 2620/3343/1547 2621/3344/1548 2619/3239/1473
f 2620/3343/1547 2622/3345/1549 2623/3346/1550 2621/3344/1548
f 2622/3345/1549 2624/3347/1551 2625/3348/1552 2623/3346/1550
f 2635/3349/1553 2626/3350/1554 2627/3351/1555 2634/3352/1556
f 2624/3347/1551 2635/3349/1553 2634/3352/1556 2625/3348/1552
f 2626/3350/1554 2628/3353/1557 2629/3354/1558 2627/3351/1555
f 2628/3353/1557 2630/3355/1559 2631/3356/1560 2629/3354/1558
f 2630/3355/1559 2632/3312/1516 2633/3315/1519 2631/3356/1560
f 2639/3357/1561 2637/3330/1534 2636/3227/1463 2638/3225/1461
f 2641/3358/1562 2639/3357/1561 2638/3225/1461 2640/3224/1460
f 2649/3359/1563 2641/3358/1562 2640/3224/1460 2648/3226/1462
f 2653/3360/1564 2650/3361/1565 2651/3362/1566 2652/3311/1515
f 2650/3361/1565 2649/3359/1563 2648/3226/1462 2651/3362/1566
f 2643/3363/1567 2653/3360/1564 2652/3311/1515 2642/3302/1508
f 2645/3364/1568 2643/3363/1567 2642/3302/1508 2644/3303/1509
f 2647/3333/1537 2645/3364/1568 2644/3303/1509 2646/3309/1514
f 2583/3237/1471 2457/3236/1470 2522/3235/1470 2618/3238/1472
f 2520/3174/1437 2455/3173/1436 2597/3313/1517 2632/3312/1516
f 2583/3237/1471 2585/3317/1521 2515/3241/1475 2457/3236/1470
f 2611/3332/1536 2609/3342/1546 2584/3316/1520 2582/3240/1474
f 2515/3241/1475 2585/3317/1521 2586/3319/1523 2589/3321/1525
f 2609/3342/1546 2607/3341/1545 2587/3318/1522 2584/3316/1520
f 2607/3341/1545 2616/3340/1544 2588/3320/1524 2587/3318/1522
f 2616/3340/1544 2615/3339/1543 2599/3322/1526 2588/3320/1524
f 2589/3321/1525 2598/3325/1529 2516/3233/1468 2515/3241/1475
f 2598/3325/1529 2591/3324/1528 2514/3234/1469 2516/3233/1468
f 2615/3339/1543 2612/3336/1540 2590/3323/1527 2599/3322/1526
f 2591/3324/1528 2593/3327/1531 2595/3329/1533 2514/3234/1469
f 2612/3336/1540 2604/3335/1539 2592/3326/1530 2590/3323/1527
f 2604/3335/1539 2603/3334/1538 2594/3328/1532 2592/3326/1530
f 2603/3334/1538 2601/3331/1535 2596/3314/1518 2594/3328/1532
f 2514/3234/1469 2595/3329/1533 2597/3313/1517 2455/3173/1436
f 2637/3330/1534 2633/3315/1519 2596/3314/1518 2601/3331/1535
f 2529/3209/1453 2636/3227/1463 2600/3306/1511 2464/3210/1408
f 2574/3184/1442 2509/3187/1430 2610/3301/1507 2646/3309/1514
f 2509/3187/1430 2480/3365/1397 2617/3337/1541 2606/3231/1466
f 2491/3366/1396 2507/3228/1416 2613/3307/1512 2614/3338/1542
f 2480/3365/1397 2491/3366/1396 2614/3338/1542 2617/3337/1541
f 2618/3238/1472 2522/3235/1470 2580/3308/1513 2620/3343/1547
f 2647/3333/1537 2619/3239/1473 2621/3344/1548 2645/3364/1568
f 2580/3308/1513 2624/3347/1551 2622/3345/1549 2620/3343/1547
f 2645/3364/1568 2621/3344/1548 2623/3346/1550 2643/3363/1567
f 2643/3363/1567 2623/3346/1550 2625/3348/1552 2653/3360/1564
f 2653/3360/1564 2625/3348/1552 2634/3352/1556 2650/3361/1565
f 2624/3347/1551 2580/3308/1513 2581/3304/1468 2635/3349/1553
f 2635/3349/1553 2581/3304/1468 2579/3305/1510 2626/3350/1554
f 2649/3359/1563 2627/3351/1555 2629/3354/1558 2641/3358/1562
f 2650/3361/1565 2634/3352/1556 2627/3351/1555 2649/3359/1563
f 2626/3350/1554 2579/3305/1510 2630/3355/1559 2628/3353/1557
f 2641/3358/1562 2629/3354/1558 2631/3356/1560 2639/3357/1561
f 2639/3357/1561 2631/3356/1560 2633/3315/1519 2637/3330/1534
f 2579/3305/1510 2520/3174/1437 2632/3312/1516 2630/3355/1559
f 2556/3367/1487 2651/3362/1566 2648/3226/1462 2572/3223/1459
f 2545/3310/1490 2652/3311/1515 2651/3362/1566 2556/3367/1487
f 2569/3203/1451 2504/3202/1415 2476/3179/1395 2541/3178/1440
f 2655/3368/1569 2656/3369/1570 2657/3370/1571 2654/3371/1572
f 2659/3372/1573 2660/3373/1574 2661/3374/1575 2658/3375/1576
f 2673/3376/1577 2659/3372/1573 2658/3375/1576 2672/3377/1578
f 2671/3378/1579 2661/3374/1575 2660/3373/1574 2670/3379/1580
f 2663/3380/1581 2673/3376/1577 2672/3377/1578 2662/3381/1582
f 2665/3382/1583 2671/3378/1579 2670/3379/1580 2664/3383/1584
f 2681/3384/1585 2678/3385/1586 2679/3386/1587 2680/3387/1588
f 2677/3388/1589 2674/3389/1590 2675/3390/1591 2676/3391/1592
f 2674/3389/1590 2665/3382/1583 2664/3383/1584 2675/3390/1591
f 2662/3381/1582 2681/3384/1585 2680/3387/1588 2663/3380/1581
f 2669/3392/1593 2677/3388/1589 2676/3391/1592 2668/3393/1594
f 2678/3385/1586 2666/3394/1595 2667/3395/1596 2679/3386/1587
f 2691/3396/1597 2692/3397/1598 2693/3398/1599 2690/3399/1600
f 2692/3397/1598 2688/3400/1601 2689/3401/1602 2693/3398/1599
f 2686/3402/1603 2682/3403/1604 2683/3404/1605 2687/3405/1606
f 2685/3406/1607 2686/3402/1603 2687/3405/1606 2684/3407/1608
f 2688/3400/1601 2685/3406/1607 2684/3407/1608 2689/3401/1602
f 2690/3399/1600 2669/3392/1593 2668/3393/1594 2691/3396/1597
f 2666/3394/1595 2683/3404/1605 2682/3403/1604 2667/3395/1596
f 2712/3408/1609 2672/3409/1578 2658/3410/1576 2698/3411/1610
f 2659/3372/1573 2673/3376/1577 2670/3379/1580 2660/3373/1574
f 2701/3412/1611 2661/3413/1575 2671/3414/1579 2711/3415/1612
f 2702/3416/1613 2662/3417/1582 2672/3409/1578 2712/3408/1609
f 2664/3383/1584 2663/3380/1581 2680/3387/1588 2675/3390/1591
f 2717/3418/1614 2677/3419/1589 2669/3420/1593 2709/3421/1615
f 2673/3376/1577 2663/3380/1581 2664/3383/1584 2670/3379/1580
f 2711/3415/1612 2671/3414/1579 2665/3422/1583 2705/3423/1616
f 2721/3424/1617 2681/3425/1585 2662/3417/1582 2702/3416/1613
f 2718/3426/1618 2678/3427/1586 2681/3425/1585 2721/3424/1617
f 2667/3395/1596 2657/3370/1571 2656/3369/1570 2668/3393/1594
f 2676/3391/1592 2679/3386/1587 2667/3395/1596 2668/3393/1594
f 2693/3428/1599 2733/3429/1619 2730/3430/1620 2690/3431/1600
f 2709/3421/1615 2669/3420/1593 2690/3431/1600 2730/3430/1620
f 2654/3371/1572 2657/3370/1571 2667/3395/1596 2682/3403/1604
f 2706/3432/1621 2666/3433/1595 2678/3427/1586 2718/3426/1618
f 2668/3393/1594 2656/3369/1570 2655/3368/1569 2691/3396/1597
f 2705/3423/1616 2665/3422/1583 2674/3434/1590 2714/3435/1622
f 2679/3386/1587 2676/3391/1592 2675/3390/1591 2680/3387/1588
f 2714/3435/1622 2674/3434/1590 2677/3419/1589 2717/3418/1614
f 2685/3406/1607 2654/3371/1572 2682/3403/1604 2686/3402/1603
f 2727/3436/1623 2724/3437/1624 2684/3438/1608 2687/3439/1606
f 2729/3440/1625 2689/3441/1602 2684/3438/1608 2724/3437/1624
f 2723/3442/1626 2683/3443/1605 2666/3433/1595 2706/3432/1621
f 2688/3400/1601 2655/3368/1569 2654/3371/1572 2685/3406/1607
f 2691/3396/1597 2655/3368/1569 2688/3400/1601 2692/3397/1598
f 2723/3444/1626 2727/3436/1623 2687/3439/1606 2683/3445/1605
f 2689/3441/1602 2729/3440/1625 2733/3429/1619 2693/3428/1599
f 2695/3446/1627 2694/3447/1628 2697/3448/1629 2696/3449/1630
f 2699/3450/1631 2698/3451/1610 2701/3452/1611 2700/3453/1632
f 2713/3454/1633 2712/3455/1609 2698/3451/1610 2699/3450/1631
f 2711/3456/1612 2710/3457/1634 2700/3453/1632 2701/3452/1611
f 2703/3458/1635 2702/3459/1613 2712/3455/1609 2713/3454/1633
f 2705/3460/1616 2704/3461/1636 2710/3457/1634 2711/3456/1612
f 2721/3462/1617 2720/3463/1637 2719/3464/1638 2718/3465/1618
f 2717/3466/1614 2716/3467/1639 2715/3468/1640 2714/3469/1622
f 2714/3469/1622 2715/3468/1640 2704/3461/1636 2705/3460/1616
f 2702/3459/1613 2703/3458/1635 2720/3463/1637 2721/3462/1617
f 2709/3470/1615 2708/3471/1641 2716/3467/1639 2717/3466/1614
f 2718/3465/1618 2719/3464/1638 2707/3472/1642 2706/3473/1621
f 2731/3474/1643 2730/3475/1620 2733/3476/1619 2732/3477/1644
f 2732/3477/1644 2733/3476/1619 2729/3478/1625 2728/3479/1645
f 2726/3480/1646 2727/3481/1623 2723/3482/1626 2722/3483/1647
f 2725/3484/1648 2724/3485/1624 2727/3481/1623 2726/3480/1646
f 2728/3479/1645 2729/3478/1625 2724/3485/1624 2725/3484/1648
f 2730/3475/1620 2731/3474/1643 2708/3471/1641 2709/3470/1615
f 2706/3473/1621 2707/3472/1642 2722/3483/1647 2723/3482/1626
f 2699/3450/1631 2700/3453/1632 2710/3457/1634 2713/3454/1633
f 2704/3461/1636 2715/3468/1640 2720/3463/1637 2703/3458/1635
f 2713/3454/1633 2710/3457/1634 2704/3461/1636 2703/3458/1635
f 2707/3472/1642 2708/3471/1641 2696/3449/1630 2697/3448/1629
f 2716/3467/1639 2708/3471/1641 2707/3472/1642 2719/3464/1638
f 2694/3447/1628 2722/3483/1647 2707/3472/1642 2697/3448/1629
f 2708/3471/1641 2731/3474/1643 2695/3446/1627 2696/3449/1630
f 2719/3464/1638 2720/3463/1637 2715/3468/1640 2716/3467/1639
f 2725/3484/1648 2726/3480/1646 2722/3483/1647 2694/3447/1628
f 2728/3479/1645 2725/3484/1648 2694/3447/1628 2695/3446/1627
f 2731/3474/1643 2732/3477/1644 2728/3479/1645 2695/3446/1627
f 2698/3486/1610 2658/3487/1576 2661/3413/1575 2701/3412/1611
f 2833/3488/1649 2836/3489/1650 2793/3490/1651
f 2805/3491/1652 2799/3492/1653 2797/3493/1654
f 2850/3494/1655 2818/3495/1656 2809/3496/1657
f 2830/3497/1658 2827/3498/1659 2809/3496/1657
f 2866/3499/1660 2856/3500/1661 2830/3497/1658
f 2862/3501/1662 2860/3502/1663 2821/3503/1664
f 2821/3503/1664 2869/3504/1665 2854/3505/1666
f 2847/3506/1667 2823/3507/1668 2812/3508/1669
f 2803/3509/1670 2845/3510/1671 2812/3508/1669
f 2931/3511/1672 2929/3512/1673 2922/3513/1674
f 2938/3514/1675 2935/3515/1676 2947/3516/1677
f 2947/3516/1677 2943/3517/1678 2941/3518/1679
f 2821/3503/1664 2860/3502/1663 2830/3497/1658
f 2803/3509/1670 2821/3503/1664 2805/3491/1652
f 2830/3497/1658 2805/3491/1652 2821/3503/1664
f 2805/3491/1652 2797/3493/1654 2833/3488/1649
f 2809/3496/1657 2805/3491/1652 2830/3497/1658
f 2803/3509/1670 2812/3508/1669 2821/3503/1664
f 2793/3490/1651 2803/3509/1670 2833/3488/1649
f 2797/3493/1654 2838/3519/1680 2833/3488/1649
f 2809/3496/1657 2841/3520/1681 2805/3491/1652
f 2827/3498/1659 2850/3494/1655 2809/3496/1657
f 2856/3500/1661 2871/3521/1682 2830/3497/1658
f 2860/3502/1663 2866/3499/1660 2830/3497/1658
f 2854/3505/1666 2862/3501/1662 2821/3503/1664
f 2823/3507/1668 2821/3503/1664 2812/3508/1669
f 2812/3508/1669 2815/3522/1683 2847/3506/1667
f 2793/3490/1651 2790/3523/1684 2803/3509/1670
f 2935/3515/1676 2931/3511/1672 2922/3513/1674
f 2941/3518/1679 2938/3514/1675 2947/3516/1677
f 2791/3524/1685 2802/3525/1686 2804/3526/1687 2792/3527/1688
f 2792/3527/1688 2804/3526/1687 2803/3528/1670 2790/3529/1684
f 2794/3530/1689 2791/3524/1685 2792/3527/1688 2795/3531/1690
f 2795/3531/1690 2792/3527/1688 2790/3529/1684 2793/3532/1651
f 2800/3533/1691 2796/3534/1692 2798/3535/1693 2801/3536/1694
f 2801/3536/1694 2798/3535/1693 2797/3537/1654 2799/3538/1653
f 2806/3539/1695 2800/3533/1691 2801/3536/1694 2807/3540/1696
f 2807/3540/1696 2801/3536/1694 2799/3538/1653 2805/3541/1652
f 2824/3542/1697 2820/3543/1698 2822/3544/1699 2825/3545/1700
f 2825/3545/1700 2822/3544/1699 2821/3546/1664 2823/3547/1668
f 2839/3548/1701 2832/3549/1702 2834/3550/1703 2840/3551/1704
f 2840/3551/1704 2834/3550/1703 2833/3552/1649 2838/3553/1680
f 2832/3549/1702 2835/3554/1705 2837/3555/1706 2834/3550/1703
f 2834/3550/1703 2837/3555/1706 2836/3556/1650 2833/3552/1649
f 2820/3543/1698 2868/3557/1707 2870/3558/1708 2822/3544/1699
f 2822/3544/1699 2870/3558/1708 2869/3559/1665 2821/3546/1664
f 2863/3560/1709 2859/3561/1710 2861/3562/1711 2864/3563/1712
f 2864/3563/1712 2861/3562/1711 2860/3564/1663 2862/3565/1662
f 2859/3561/1710 2865/3566/1713 2867/3567/1714 2861/3562/1711
f 2861/3562/1711 2867/3567/1714 2866/3568/1660 2860/3564/1663
f 2802/3525/1686 2844/3569/1715 2846/3570/1716 2804/3526/1687
f 2804/3526/1687 2846/3570/1716 2845/3571/1671 2803/3528/1670
f 2844/3569/1715 2811/3572/1717 2813/3573/1718 2846/3570/1716
f 2846/3570/1716 2813/3573/1718 2812/3574/1669 2845/3571/1671
f 2872/3575/1719 2829/3576/1720 2831/3577/1721 2873/3578/1722
f 2873/3578/1722 2831/3577/1721 2830/3579/1658 2871/3580/1682
f 2857/3581/1723 2872/3582/1719 2873/3583/1722 2858/3584/1724
f 2858/3584/1724 2873/3583/1722 2871/3585/1682 2856/3586/1661
f 2868/3557/1707 2853/3587/1725 2855/3588/1726 2870/3558/1708
f 2870/3558/1708 2855/3588/1726 2854/3589/1666 2869/3559/1665
f 2848/3590/1727 2824/3542/1697 2825/3545/1700 2849/3591/1728
f 2849/3591/1728 2825/3545/1700 2823/3547/1668 2847/3592/1667
f 2811/3572/1717 2814/3593/1729 2816/3594/1730 2813/3573/1718
f 2813/3573/1718 2816/3594/1730 2815/3595/1683 2812/3574/1669
f 2851/3596/1731 2817/3597/1732 2819/3598/1733 2852/3599/1734
f 2852/3599/1734 2819/3598/1733 2818/3600/1656 2850/3601/1655
f 2835/3554/1705 2794/3530/1689 2795/3531/1690 2837/3555/1706
f 2837/3555/1706 2795/3531/1690 2793/3532/1651 2836/3556/1650
f 2829/3576/1720 2826/3602/1735 2828/3603/1736 2831/3577/1721
f 2831/3577/1721 2828/3603/1736 2827/3604/1659 2830/3579/1658
f 2814/3593/1729 2848/3590/1727 2849/3591/1728 2816/3594/1730
f 2816/3594/1730 2849/3591/1728 2847/3592/1667 2815/3595/1683
f 2817/3597/1732 2808/3605/1737 2810/3606/1738 2819/3598/1733
f 2819/3598/1733 2810/3606/1738 2809/3607/1657 2818/3600/1656
f 2842/3608/1739 2806/3539/1695 2807/3540/1696 2843/3609/1740
f 2843/3609/1740 2807/3540/1696 2805/3541/1652 2841/3610/1681
f 2853/3587/1725 2863/3560/1709 2864/3563/1712 2855/3588/1726
f 2855/3588/1726 2864/3563/1712 2862/3565/1662 2854/3589/1666
f 2808/3605/1737 2842/3608/1739 2843/3609/1740 2810/3606/1738
f 2810/3606/1738 2843/3609/1740 2841/3610/1681 2809/3607/1657
f 2865/3566/1713 2857/3581/1723 2858/3584/1724 2867/3567/1714
f 2867/3567/1714 2858/3584/1724 2856/3586/1661 2866/3568/1660
f 2826/3602/1735 2851/3596/1731 2852/3599/1734 2828/3603/1736
f 2828/3603/1736 2852/3599/1734 2850/3601/1655 2827/3604/1659
f 2796/3534/1692 2839/3548/1701 2840/3551/1704 2798/3535/1693
f 2798/3535/1693 2840/3551/1704 2838/3553/1680 2797/3537/1654
f 2944/3611/1741 2940/3612/1742 2942/3613/1743 2945/3614/1744
f 2945/3614/1744 2942/3613/1743 2941/3615/1679 2943/3616/1678
f 2896/3617/1745 2892/3618/1746 2894/3619/1747 2897/3620/1748
f 2897/3620/1748 2894/3619/1747 2893/3621/1749 2895/3622/1750
f 2875/3623/1751 2955/3624/1752 2957/3625/1753 2876/3626/1754
f 2876/3626/1754 2957/3625/1753 2956/3627/1755 2874/3628/1756
f 2905/3629/1757 2901/3630/1758 2903/3631/1759 2906/3632/1760
f 2906/3632/1760 2903/3631/1759 2902/3633/1761 2904/3634/1762
f 2884/3635/1763 2880/3636/1764 2882/3637/1765 2885/3638/1766
f 2885/3638/1766 2882/3637/1765 2881/3639/1767 2883/3640/1768
f 2914/3641/1769 2910/3642/1770 2912/3643/1771 2915/3644/1772
f 2915/3644/1772 2912/3643/1771 2911/3645/1773 2913/3646/1774
f 2892/3618/1746 2889/3647/1775 2891/3648/1776 2894/3619/1747
f 2894/3619/1747 2891/3648/1776 2890/3649/1777 2893/3621/1749
f 2923/3650/1778 2919/3651/1779 2921/3652/1780 2924/3653/1781
f 2924/3653/1781 2921/3652/1780 2920/3654/1782 2922/3655/1674
f 2901/3630/1758 2898/3656/1783 2900/3657/1784 2903/3631/1759
f 2903/3631/1759 2900/3657/1784 2899/3658/1785 2902/3633/1761
f 2932/3659/1786 2928/3660/1787 2930/3661/1788 2933/3662/1789
f 2933/3662/1789 2930/3661/1788 2929/3663/1673 2931/3664/1672
f 2910/3642/1770 2907/3665/1790 2909/3666/1791 2912/3643/1771
f 2912/3643/1771 2909/3666/1791 2908/3667/1792 2911/3645/1773
f 2940/3612/1742 2937/3668/1793 2939/3669/1794 2942/3613/1743
f 2942/3613/1743 2939/3669/1794 2938/3670/1675 2941/3615/1679
f 2919/3651/1779 2916/3671/1795 2918/3672/1796 2921/3652/1780
f 2921/3652/1780 2918/3672/1796 2917/3673/1797 2920/3654/1782
f 2880/3636/1764 2877/3674/1798 2879/3675/1799 2882/3637/1765
f 2882/3637/1765 2879/3675/1799 2878/3676/1800 2881/3639/1767
f 2950/3677/1801 2946/3678/1802 2948/3679/1803 2951/3680/1804
f 2951/3680/1804 2948/3679/1803 2947/3681/1677 2949/3682/1805
f 2928/3660/1787 2925/3683/1806 2927/3684/1807 2930/3661/1788
f 2930/3661/1788 2927/3684/1807 2926/3685/1808 2929/3663/1673
f 2889/3647/1775 2886/3686/1809 2888/3687/1810 2891/3648/1776
f 2891/3648/1776 2888/3687/1810 2887/3688/1811 2890/3649/1777
f 2937/3668/1793 2934/3689/1812 2936/3690/1813 2939/3669/1794
f 2939/3669/1794 2936/3690/1813 2935/3691/1676 2938/3670/1675
f 2898/3656/1783 2896/3617/1745 2897/3620/1748 2900/3657/1784
f 2900/3657/1784 2897/3620/1748 2895/3622/1750 2899/3658/1785
f 2946/3678/1802 2944/3692/1741 2945/3693/1744 2948/3679/1803
f 2948/3679/1803 2945/3693/1744 2943/3694/1678 2947/3681/1677
f 2907/3665/1790 2905/3629/1757 2906/3632/1760 2909/3666/1791
f 2909/3666/1791 2906/3632/1760 2904/3634/1762 2908/3667/1792
f 2953/3695/1814 2950/3677/1801 2951/3680/1804 2954/3696/1815
f 2954/3696/1815 2951/3680/1804 2949/3682/1805 2952/3697/1816
f 2916/3671/1795 2914/3641/1769 2915/3644/1772 2918/3672/1796
f 2918/3672/1796 2915/3644/1772 2913/3646/1774 2917/3673/1797
f 2955/3624/1752 2953/3695/1814 2954/3696/1815 2957/3625/1753
f 2957/3625/1753 2954/3696/1815 2952/3697/1816 2956/3627/1755
f 2925/3683/1806 2923/3650/1778 2924/3653/1781 2927/3684/1807
f 2927/3684/1807 2924/3653/1781 2922/3655/1674 2926/3685/1808
f 2877/3674/1798 2875/3623/1751 2876/3626/1754 2879/3675/1799
f 2879/3675/1799 2876/3626/1754 2874/3628/1756 2878/3676/1800
f 2934/3689/1812 2932/3659/1786 2933/3662/1789 2936/3690/1813
f 2936/3690/1813 2933/3662/1789 2931/3664/1672 2935/3691/1676
f 2886/3686/1809 2884/3635/1763 2885/3638/1766 2888/3687/1810
f 2888/3687/1810 2885/3638/1766 2883/3640/1768 2887/3688/1811
f 2833/3488/1649 2803/3509/1670 2805/3491/1652
f 2898/3656/1783 2901/3630/1758 2791/3524/1685 2794/3530/1689
f 2791/3524/1685 2901/3630/1758 2905/3629/1757 2802/3525/1686
f 2896/3617/1745 2898/3656/1783 2794/3530/1689 2835/3554/1705
f 2796/3534/1692 2886/3686/1809 2889/3647/1775 2839/3548/1701
f 2800/3533/1691 2884/3635/1763 2886/3686/1809 2796/3534/1692
f 2806/3539/1695 2880/3636/1764 2884/3635/1763 2800/3533/1691
f 2905/3629/1757 2907/3665/1790 2844/3569/1715 2802/3525/1686
f 2842/3608/1739 2877/3674/1798 2880/3636/1764 2806/3539/1695
f 2808/3605/1737 2875/3623/1751 2877/3674/1798 2842/3608/1739
f 2817/3597/1732 2955/3624/1752 2875/3623/1751 2808/3605/1737
f 2910/3642/1770 2914/3641/1769 2814/3593/1729 2811/3572/1717
f 2907/3665/1790 2910/3642/1770 2811/3572/1717 2844/3569/1715
f 2914/3641/1769 2916/3671/1795 2848/3590/1727 2814/3593/1729
f 2851/3596/1731 2953/3695/1814 2955/3624/1752 2817/3597/1732
f 2923/3650/1778 2925/3683/1806 2868/3557/1707 2820/3543/1698
f 2824/3542/1697 2919/3651/1779 2923/3650/1778 2820/3543/1698
f 2848/3590/1727 2916/3671/1795 2919/3651/1779 2824/3542/1697
f 2826/3602/1735 2950/3677/1801 2953/3695/1814 2851/3596/1731
f 2829/3576/1720 2946/3678/1802 2950/3677/1801 2826/3602/1735
f 2872/3575/1719 2944/3692/1741 2946/3678/1802 2829/3576/1720
f 2892/3618/1746 2896/3617/1745 2835/3554/1705 2832/3549/1702
f 2839/3548/1701 2889/3647/1775 2892/3618/1746 2832/3549/1702
f 2928/3660/1787 2932/3659/1786 2863/3560/1709 2853/3587/1725
f 2925/3683/1806 2928/3660/1787 2853/3587/1725 2868/3557/1707
f 2865/3566/1713 2937/3668/1793 2940/3612/1742 2857/3581/1723
f 2857/3581/1723 2940/3612/1742 2944/3611/1741 2872/3582/1719
f 2859/3561/1710 2934/3689/1812 2937/3668/1793 2865/3566/1713
f 2932/3659/1786 2934/3689/1812 2859/3561/1710 2863/3560/1709
f 2947/3516/1677 2922/3513/1674 2899/3698/1785
f 2929/3512/1673 2926/3699/1808 2922/3513/1674
f 2922/3513/1674 2920/3700/1782 2911/3701/1773
f 2920/3700/1782 2917/3702/1797 2911/3701/1773
f 2917/3702/1797 2913/3703/1774 2911/3701/1773
f 2911/3701/1773 2908/3704/1792 2904/3705/1762
f 2904/3705/1762 2902/3706/1761 2899/3698/1785
f 2899/3698/1785 2895/3707/1750 2893/3708/1749
f 2893/3708/1749 2890/3709/1777 2887/3710/1811
f 2887/3710/1811 2883/3711/1768 2881/3712/1767
f 2881/3712/1767 2878/3713/1800 2874/3714/1756
f 2874/3714/1756 2956/3715/1755 2952/3716/1816
f 2952/3716/1816 2949/3717/1805 2874/3714/1756
f 2949/3717/1805 2947/3516/1677 2874/3714/1756
f 2911/3701/1773 2904/3705/1762 2922/3513/1674
f 2904/3705/1762 2899/3698/1785 2922/3513/1674
f 2899/3698/1785 2893/3708/1749 2887/3710/1811
f 2887/3710/1811 2881/3712/1767 2899/3698/1785
f 2881/3712/1767 2874/3714/1756 2899/3698/1785
f 2947/3516/1677 2935/3515/1676 2922/3513/1674
f 2874/3714/1756 2947/3516/1677 2899/3698/1785
f 2746/3718/1649 2743/3719/1650 2786/3720/1651
f 2774/3721/1817 2780/3722/1653 2782/3723/1654
f 2962/3724/1655 2761/3725/1818 2770/3726/1657
f 2749/3727/1819 2752/3728/1820 2770/3726/1657
f 2978/3729/1660 2968/3730/1661 2749/3727/1819
f 2974/3731/1821 2972/3732/1663 2758/3733/1664
f 2758/3733/1664 2981/3734/1665 2966/3735/1666
f 2959/3736/1667 2756/3737/1668 2767/3738/1669
f 2776/3739/1822 2734/3740/1671 2767/3738/1669
f 3043/3741/1672 3041/3742/1673 3034/3743/1674
f 3050/3744/1675 3047/3745/1676 3059/3746/1677
f 3059/3746/1677 3055/3747/1678 3053/3748/1679
f 2758/3733/1664 2972/3732/1663 2749/3727/1819
f 2776/3739/1822 2758/3733/1664 2774/3721/1817
f 2749/3727/1819 2774/3721/1817 2758/3733/1664
f 2774/3721/1817 2782/3723/1654 2746/3718/1649
f 2770/3726/1657 2774/3721/1817 2749/3727/1819
f 2776/3739/1822 2767/3738/1669 2758/3733/1664
f 2786/3720/1651 2776/3739/1822 2746/3718/1649
f 2782/3723/1654 2741/3749/1680 2746/3718/1649
f 2770/3726/1657 2738/3750/1823 2774/3721/1817
f 2752/3728/1820 2962/3724/1655 2770/3726/1657
f 2968/3730/1661 2983/3751/1682 2749/3727/1819
f 2972/3732/1663 2978/3729/1660 2749/3727/1819
f 2966/3735/1666 2974/3731/1821 2758/3733/1664
f 2756/3737/1668 2758/3733/1664 2767/3738/1669
f 2767/3738/1669 2764/3752/1824 2959/3736/1667
f 2786/3720/1651 2789/3753/1684 2776/3739/1822
f 3047/3745/1676 3043/3741/1672 3034/3743/1674
f 3053/3748/1679 3050/3744/1675 3059/3746/1677
f 2788/3754/1825 2777/3755/1826 2775/3756/1827 2787/3757/1688
f 2787/3757/1688 2775/3756/1827 2776/3758/1822 2789/3759/1684
f 2785/3760/1828 2788/3754/1825 2787/3757/1688 2784/3761/1829
f 2784/3761/1829 2787/3757/1688 2789/3759/1684 2786/3762/1651
f 2779/3763/1830 2783/3764/1831 2781/3765/1832 2778/3766/1694
f 2778/3766/1694 2781/3765/1832 2782/3767/1654 2780/3768/1653
f 2773/3769/1833 2779/3763/1830 2778/3766/1694 2772/3770/1834
f 2772/3770/1834 2778/3766/1694 2780/3768/1653 2774/3771/1817
f 2755/3772/1697 2759/3773/1698 2757/3774/1835 2754/3775/1836
f 2754/3775/1836 2757/3774/1835 2758/3776/1664 2756/3777/1668
f 2740/3778/1701 2747/3779/1702 2745/3780/1703 2739/3781/1704
f 2739/3781/1704 2745/3780/1703 2746/3782/1649 2741/3783/1680
f 2747/3779/1702 2744/3784/1705 2742/3785/1706 2745/3780/1703
f 2745/3780/1703 2742/3785/1706 2743/3786/1650 2746/3782/1649
f 2759/3773/1698 2980/3787/1707 2982/3788/1708 2757/3774/1835
f 2757/3774/1835 2982/3788/1708 2981/3789/1665 2758/3776/1664
f 2975/3790/1709 2971/3791/1710 2973/3792/1711 2976/3793/1837
f 2976/3793/1837 2973/3792/1711 2972/3794/1663 2974/3795/1821
f 2971/3791/1710 2977/3796/1713 2979/3797/1838 2973/3792/1711
f 2973/3792/1711 2979/3797/1838 2978/3798/1660 2972/3794/1663
f 2777/3755/1826 2735/3799/1715 2958/3800/1839 2775/3756/1827
f 2775/3756/1827 2958/3800/1839 2734/3801/1671 2776/3758/1822
f 2735/3799/1715 2768/3802/1840 2766/3803/1841 2958/3800/1839
f 2958/3800/1839 2766/3803/1841 2767/3804/1669 2734/3801/1671
f 2984/3805/1842 2750/3806/1720 2748/3807/1721 2985/3808/1722
f 2985/3808/1722 2748/3807/1721 2749/3809/1819 2983/3810/1682
f 2969/3811/1843 2984/3805/1842 2985/3808/1722 2970/3812/1844
f 2970/3812/1844 2985/3808/1722 2983/3810/1682 2968/3813/1661
f 2980/3787/1707 2965/3814/1725 2967/3815/1726 2982/3788/1708
f 2982/3788/1708 2967/3815/1726 2966/3816/1666 2981/3789/1665
f 2960/3817/1845 2755/3772/1697 2754/3775/1836 2961/3818/1846
f 2961/3818/1846 2754/3775/1836 2756/3777/1668 2959/3819/1667
f 2768/3802/1840 2765/3820/1729 2763/3821/1730 2766/3803/1841
f 2766/3803/1841 2763/3821/1730 2764/3822/1824 2767/3804/1669
f 2963/3823/1847 2762/3824/1848 2760/3825/1849 2964/3826/1850
f 2964/3826/1850 2760/3825/1849 2761/3827/1818 2962/3828/1655
f 2744/3784/1705 2785/3760/1828 2784/3761/1829 2742/3785/1706
f 2742/3785/1706 2784/3761/1829 2786/3762/1651 2743/3786/1650
f 2750/3806/1720 2753/3829/1735 2751/3830/1736 2748/3807/1721
f 2748/3807/1721 2751/3830/1736 2752/3831/1820 2749/3809/1819
f 2765/3820/1729 2960/3817/1845 2961/3818/1846 2763/3821/1730
f 2763/3821/1730 2961/3818/1846 2959/3819/1667 2764/3822/1824
f 2762/3824/1848 2771/3832/1737 2769/3833/1738 2760/3825/1849
f 2760/3825/1849 2769/3833/1738 2770/3834/1657 2761/3827/1818
f 2737/3835/1739 2773/3836/1833 2772/3837/1834 2736/3838/1740
f 2736/3838/1740 2772/3837/1834 2774/3839/1817 2738/3840/1823
f 2965/3814/1725 2975/3790/1709 2976/3793/1837 2967/3815/1726
f 2967/3815/1726 2976/3793/1837 2974/3795/1821 2966/3816/1666
f 2771/3832/1737 2737/3835/1739 2736/3838/1740 2769/3833/1738
f 2769/3833/1738 2736/3838/1740 2738/3840/1823 2770/3834/1657
f 2977/3796/1713 2969/3811/1843 2970/3812/1844 2979/3797/1838
f 2979/3797/1838 2970/3812/1844 2968/3813/1661 2978/3798/1660
f 2753/3829/1735 2963/3823/1847 2964/3826/1850 2751/3830/1736
f 2751/3830/1736 2964/3826/1850 2962/3828/1655 2752/3831/1820
f 2783/3764/1831 2740/3778/1701 2739/3781/1704 2781/3765/1832
f 2781/3765/1832 2739/3781/1704 2741/3783/1680 2782/3767/1654
f 3056/3841/1851 3052/3842/1852 3054/3843/1743 3057/3844/1744
f 3057/3844/1744 3054/3843/1743 3053/3845/1679 3055/3846/1678
f 3008/3847/1745 3004/3848/1853 3006/3849/1747 3009/3850/1748
f 3009/3850/1748 3006/3849/1747 3005/3851/1749 3007/3852/1750
f 2987/3853/1854 3067/3854/1855 3069/3855/1753 2988/3856/1856
f 2988/3856/1856 3069/3855/1753 3068/3857/1755 2986/3858/1756
f 3017/3859/1857 3013/3860/1858 3015/3861/1759 3018/3862/1859
f 3018/3862/1859 3015/3861/1759 3014/3863/1761 3016/3864/1860
f 2996/3865/1861 2992/3866/1764 2994/3867/1765 2997/3868/1766
f 2997/3868/1766 2994/3867/1765 2993/3869/1767 2995/3870/1768
f 3026/3871/1862 3022/3872/1863 3024/3873/1864 3027/3874/1865
f 3027/3874/1865 3024/3873/1864 3023/3875/1866 3025/3876/1867
f 3004/3848/1853 3001/3877/1775 3003/3878/1868 3006/3849/1747
f 3006/3849/1747 3003/3878/1868 3002/3879/1777 3005/3851/1749
f 3035/3880/1869 3031/3881/1870 3033/3882/1871 3036/3883/1872
f 3036/3883/1872 3033/3882/1871 3032/3884/1873 3034/3885/1674
f 3013/3860/1858 3010/3886/1783 3012/3887/1784 3015/3861/1759
f 3015/3861/1759 3012/3887/1784 3011/3888/1785 3014/3863/1761
f 3044/3889/1786 3040/3890/1787 3042/3891/1788 3045/3892/1874
f 3045/3892/1874 3042/3891/1788 3041/3893/1673 3043/3894/1672
f 3022/3872/1863 3019/3895/1875 3021/3896/1876 3024/3873/1864
f 3024/3873/1864 3021/3896/1876 3020/3897/1792 3023/3875/1866
f 3052/3842/1852 3049/3898/1793 3051/3899/1877 3054/3843/1743
f 3054/3843/1743 3051/3899/1877 3050/3900/1675 3053/3845/1679
f 3031/3881/1870 3028/3901/1878 3030/3902/1879 3033/3882/1871
f 3033/3882/1871 3030/3902/1879 3029/3903/1880 3032/3884/1873
f 2992/3904/1764 2989/3905/1881 2991/3906/1882 2994/3907/1765
f 2994/3907/1765 2991/3906/1882 2990/3908/1800 2993/3909/1767
f 3062/3910/1801 3058/3911/1802 3060/3912/1803 3063/3913/1883
f 3063/3913/1883 3060/3912/1803 3059/3914/1677 3061/3915/1884
f 3040/3890/1787 3037/3916/1806 3039/3917/1807 3042/3891/1788
f 3042/3891/1788 3039/3917/1807 3038/3918/1808 3041/3893/1673
f 3001/3877/1775 2998/3919/1809 3000/3920/1810 3003/3878/1868
f 3003/3878/1868 3000/3920/1810 2999/3921/1811 3002/3879/1777
f 3049/3898/1793 3046/3922/1812 3048/3923/1813 3051/3899/1877
f 3051/3899/1877 3048/3923/1813 3047/3924/1676 3050/3900/1675
f 3010/3886/1783 3008/3847/1745 3009/3850/1748 3012/3887/1784
f 3012/3887/1784 3009/3850/1748 3007/3852/1750 3011/3888/1785
f 3058/3911/1802 3056/3841/1851 3057/3844/1744 3060/3912/1803
f 3060/3912/1803 3057/3844/1744 3055/3846/1678 3059/3914/1677
f 3019/3895/1875 3017/3859/1857 3018/3862/1859 3021/3896/1876
f 3021/3896/1876 3018/3862/1859 3016/3864/1860 3020/3897/1792
f 3065/3925/1814 3062/3910/1801 3063/3913/1883 3066/3926/1815
f 3066/3926/1815 3063/3913/1883 3061/3915/1884 3064/3927/1885
f 3028/3901/1878 3026/3871/1862 3027/3874/1865 3030/3902/1879
f 3030/3902/1879 3027/3874/1865 3025/3876/1867 3029/3903/1880
f 3067/3854/1855 3065/3925/1814 3066/3926/1815 3069/3855/1753
f 3069/3855/1753 3066/3926/1815 3064/3927/1885 3068/3857/1755
f 3037/3916/1806 3035/3880/1869 3036/3883/1872 3039/3917/1807
f 3039/3917/1807 3036/3883/1872 3034/3885/1674 3038/3918/1808
f 2989/3905/1881 2987/3853/1854 2988/3856/1856 2991/3906/1882
f 2991/3906/1882 2988/3856/1856 2986/3858/1756 2990/3908/1800
f 3046/3922/1812 3044/3889/1786 3045/3892/1874 3048/3923/1813
f 3048/3923/1813 3045/3892/1874 3043/3894/1672 3047/3924/1676
f 2998/3919/1809 2996/3865/1861 2997/3868/1766 3000/3920/1810
f 3000/3920/1810 2997/3868/1766 2995/3870/1768 2999/3921/1811
f 2746/3718/1649 2776/3739/1822 2774/3721/1817
f 3010/3886/1783 3013/3860/1858 2788/3754/1825 2785/3760/1828
f 2788/3754/1825 3013/3860/1858 3017/3859/1857 2777/3755/1826
f 3008/3847/1745 3010/3886/1783 2785/3760/1828 2744/3784/1705
f 2783/3764/1831 2998/3919/1809 3001/3877/1775 2740/3778/1701
f 2779/3763/1830 2996/3865/1861 2998/3919/1809 2783/3764/1831
f 2773/3769/1833 2992/3866/1764 2996/3865/1861 2779/3763/1830
f 3017/3859/1857 3019/3895/1875 2735/3799/1715 2777/3755/1826
f 2737/3835/1739 2989/3905/1881 2992/3904/1764 2773/3836/1833
f 2771/3832/1737 2987/3853/1854 2989/3905/1881 2737/3835/1739
f 2762/3824/1848 3067/3854/1855 2987/3853/1854 2771/3832/1737
f 3022/3872/1863 3026/3871/1862 2765/3820/1729 2768/3802/1840
f 3019/3895/1875 3022/3872/1863 2768/3802/1840 2735/3799/1715
f 3026/3871/1862 3028/3901/1878 2960/3817/1845 2765/3820/1729
f 2963/3823/1847 3065/3925/1814 3067/3854/1855 2762/3824/1848
f 3035/3880/1869 3037/3916/1806 2980/3787/1707 2759/3773/1698
f 2755/3772/1697 3031/3881/1870 3035/3880/1869 2759/3773/1698
f 2960/3817/1845 3028/3901/1878 3031/3881/1870 2755/3772/1697
f 2753/3829/1735 3062/3910/1801 3065/3925/1814 2963/3823/1847
f 2750/3806/1720 3058/3911/1802 3062/3910/1801 2753/3829/1735
f 2984/3805/1842 3056/3841/1851 3058/3911/1802 2750/3806/1720
f 3004/3848/1853 3008/3847/1745 2744/3784/1705 2747/3779/1702
f 2740/3778/1701 3001/3877/1775 3004/3848/1853 2747/3779/1702
f 3040/3890/1787 3044/3889/1786 2975/3790/1709 2965/3814/1725
f 3037/3916/1806 3040/3890/1787 2965/3814/1725 2980/3787/1707
f 2977/3796/1713 3049/3898/1793 3052/3842/1852 2969/3811/1843
f 2969/3811/1843 3052/3842/1852 3056/3841/1851 2984/3805/1842
f 2971/3791/1710 3046/3922/1812 3049/3898/1793 2977/3796/1713
f 3044/3889/1786 3046/3922/1812 2971/3791/1710 2975/3790/1709
f 3059/3746/1677 3034/3743/1674 3011/3928/1785
f 3041/3742/1673 3038/3929/1808 3034/3743/1674
f 3034/3743/1674 3032/3930/1873 3023/3931/1866
f 3032/3930/1873 3029/3932/1880 3023/3931/1866
f 3029/3932/1880 3025/3933/1867 3023/3931/1866
f 3023/3931/1866 3020/3934/1792 3016/3935/1860
f 3016/3935/1860 3014/3936/1761 3011/3928/1785
f 3011/3928/1785 3007/3937/1750 3005/3938/1749
f 3005/3938/1749 3002/3939/1777 2999/3940/1811
f 2999/3940/1811 2995/3941/1768 2993/3942/1767
f 2993/3942/1767 2990/3943/1800 2986/3944/1756
f 2986/3944/1756 3068/3945/1755 3064/3946/1885
f 3064/3946/1885 3061/3947/1884 2986/3944/1756
f 3061/3947/1884 3059/3746/1677 2986/3944/1756
f 3023/3931/1866 3016/3935/1860 3034/3743/1674
f 3016/3935/1860 3011/3928/1785 3034/3743/1674
f 3011/3928/1785 3005/3938/1749 2999/3940/1811
f 2999/3940/1811 2993/3942/1767 3011/3928/1785
f 2993/3942/1767 2986/3944/1756 3011/3928/1785
f 3059/3746/1677 3047/3745/1676 3034/3743/1674
f 2986/3944/1756 3059/3746/1677 3011/3928/1785
f 3169/3488/1886 3129/3490/1887 3172/3489/1888
f 3141/3491/1889 3133/3493/1890 3135/3492/1768
f 3186/3494/1891 3145/3496/1892 3154/3495/1893
f 3166/3497/1894 3145/3496/1892 3163/3498/1895
f 3202/3499/1896 3166/3497/1894 3192/3500/1897
f 3198/3501/1898 3157/3503/1899 3196/3502/1676
f 3157/3503/1899 3190/3505/1900 3205/3504/1808
f 3183/3506/1901 3148/3508/1902 3159/3507/1903
f 3139/3509/1904 3148/3508/1902 3181/3510/1905
f 3267/3511/1906 3258/3513/1907 3265/3512/1908
f 3274/3514/1909 3283/3516/1910 3271/3515/1663
f 3283/3516/1910 3277/3518/1911 3279/3517/1682
f 3157/3503/1899 3166/3497/1894 3196/3502/1676
f 3139/3509/1904 3141/3491/1889 3157/3503/1899
f 3166/3497/1894 3157/3503/1899 3141/3491/1889
f 3141/3491/1889 3169/3488/1886 3133/3493/1890
f 3145/3496/1892 3166/3497/1894 3141/3491/1889
f 3139/3509/1904 3157/3503/1899 3148/3508/1902
f 3129/3490/1887 3169/3488/1886 3139/3509/1904
f 3133/3493/1890 3169/3488/1886 3174/3519/1912
f 3145/3496/1892 3141/3491/1889 3177/3520/1913
f 3163/3498/1895 3145/3496/1892 3186/3494/1891
f 3192/3500/1897 3166/3497/1894 3207/3521/1678
f 3196/3502/1676 3166/3497/1894 3202/3499/1896
f 3190/3505/1900 3157/3503/1899 3198/3501/1898
f 3159/3507/1903 3148/3508/1902 3157/3503/1899
f 3148/3508/1902 3183/3506/1901 3151/3522/1914
f 3129/3490/1887 3139/3509/1904 3126/3523/1761
f 3271/3515/1663 3258/3513/1907 3267/3511/1906
f 3277/3518/1911 3283/3516/1910 3274/3514/1909
f 3127/3524/1915 3128/3527/1759 3140/3526/1916 3138/3525/1917
f 3128/3527/1759 3126/3529/1761 3139/3528/1904 3140/3526/1916
f 3130/3530/1918 3131/3531/1919 3128/3527/1759 3127/3524/1915
f 3131/3531/1919 3129/3532/1887 3126/3529/1761 3128/3527/1759
f 3136/3533/1861 3137/3536/1766 3134/3535/1920 3132/3534/1921
f 3137/3536/1766 3135/3538/1768 3133/3537/1890 3134/3535/1920
f 3142/3539/1922 3143/3540/1923 3137/3536/1766 3136/3533/1861
f 3143/3540/1923 3141/3541/1889 3135/3538/1768 3137/3536/1766
f 3160/3542/1924 3161/3545/1925 3158/3544/1926 3156/3543/1927
f 3161/3545/1925 3159/3547/1903 3157/3546/1899 3158/3544/1926
f 3175/3548/1928 3176/3551/1929 3170/3550/1747 3168/3549/1746
f 3176/3551/1929 3174/3553/1912 3169/3552/1886 3170/3550/1747
f 3168/3549/1746 3170/3550/1747 3173/3555/1930 3171/3554/1931
f 3170/3550/1747 3169/3552/1886 3172/3556/1888 3173/3555/1930
f 3156/3543/1927 3158/3544/1926 3206/3558/1932 3204/3557/1933
f 3158/3544/1926 3157/3546/1899 3205/3559/1808 3206/3558/1932
f 3199/3560/1934 3200/3563/1935 3197/3562/1813 3195/3561/1936
f 3200/3563/1935 3198/3565/1898 3196/3564/1676 3197/3562/1813
f 3195/3561/1936 3197/3562/1813 3203/3567/1937 3201/3566/1938
f 3197/3562/1813 3196/3564/1676 3202/3568/1896 3203/3567/1937
f 3138/3525/1917 3140/3526/1916 3182/3570/1939 3180/3569/1940
f 3140/3526/1916 3139/3528/1904 3181/3571/1905 3182/3570/1939
f 3180/3569/1940 3182/3570/1939 3149/3573/1941 3147/3572/1942
f 3182/3570/1939 3181/3571/1905 3148/3574/1902 3149/3573/1941
f 3208/3575/1741 3209/3578/1744 3167/3577/1943 3165/3576/1944
f 3209/3578/1744 3207/3580/1678 3166/3579/1894 3167/3577/1943
f 3193/3581/1945 3194/3584/1946 3209/3583/1744 3208/3582/1741
f 3194/3584/1946 3192/3586/1897 3207/3585/1678 3209/3583/1744
f 3204/3557/1933 3206/3558/1932 3191/3588/1947 3189/3587/1948
f 3206/3558/1932 3205/3559/1808 3190/3589/1900 3191/3588/1947
f 3184/3590/1949 3185/3591/1950 3161/3545/1925 3160/3542/1924
f 3185/3591/1950 3183/3592/1901 3159/3547/1903 3161/3545/1925
f 3147/3572/1942 3149/3573/1941 3152/3594/1951 3150/3593/1952
f 3149/3573/1941 3148/3574/1902 3151/3595/1914 3152/3594/1951
f 3187/3596/1953 3188/3599/1954 3155/3598/1955 3153/3597/1956
f 3188/3599/1954 3186/3601/1891 3154/3600/1893 3155/3598/1955
f 3171/3554/1931 3173/3555/1930 3131/3531/1919 3130/3530/1918
f 3173/3555/1930 3172/3556/1888 3129/3532/1887 3131/3531/1919
f 3165/3576/1944 3167/3577/1943 3164/3603/1957 3162/3602/1958
f 3167/3577/1943 3166/3579/1894 3163/3604/1895 3164/3603/1957
f 3150/3593/1952 3152/3594/1951 3185/3591/1950 3184/3590/1949
f 3152/3594/1951 3151/3595/1914 3183/3592/1901 3185/3591/1950
f 3153/3597/1956 3155/3598/1955 3146/3606/1959 3144/3605/1960
f 3155/3598/1955 3154/3600/1893 3145/3607/1892 3146/3606/1959
f 3178/3608/1961 3179/3609/1962 3143/3540/1923 3142/3539/1922
f 3179/3609/1962 3177/3610/1913 3141/3541/1889 3143/3540/1923
f 3189/3587/1948 3191/3588/1947 3200/3563/1935 3199/3560/1934
f 3191/3588/1947 3190/3589/1900 3198/3565/1898 3200/3563/1935
f 3144/3605/1960 3146/3606/1959 3179/3609/1962 3178/3608/1961
f 3146/3606/1959 3145/3607/1892 3177/3610/1913 3179/3609/1962
f 3201/3566/1938 3203/3567/1937 3194/3584/1946 3193/3581/1945
f 3203/3567/1937 3202/3568/1896 3192/3586/1897 3194/3584/1946
f 3162/3602/1958 3164/3603/1957 3188/3599/1954 3187/3596/1953
f 3164/3603/1957 3163/3604/1895 3186/3601/1891 3188/3599/1954
f 3132/3534/1921 3134/3535/1920 3176/3551/1929 3175/3548/1928
f 3134/3535/1920 3133/3537/1890 3174/3553/1912 3176/3551/1929
f 3280/3611/1719 3281/3614/1722 3278/3613/1963 3276/3612/1964
f 3281/3614/1722 3279/3616/1682 3277/3615/1911 3278/3613/1963
f 3232/3617/1965 3233/3620/1966 3230/3619/1703 3228/3618/1702
f 3233/3620/1966 3231/3622/1967 3229/3621/1968 3230/3619/1703
f 3211/3623/1969 3212/3626/1970 3293/3625/1971 3291/3624/1972
f 3212/3626/1970 3210/3628/1973 3292/3627/1974 3293/3625/1971
f 3241/3629/1975 3242/3632/1976 3239/3631/1688 3237/3630/1977
f 3242/3632/1976 3240/3634/1978 3238/3633/1684 3239/3631/1688
f 3220/3635/1979 3221/3638/1694 3218/3637/1980 3216/3636/1981
f 3221/3638/1694 3219/3640/1653 3217/3639/1982 3218/3637/1980
f 3250/3641/1983 3251/3644/1984 3248/3643/1985 3246/3642/1986
f 3251/3644/1984 3249/3646/1987 3247/3645/1988 3248/3643/1985
f 3228/3618/1702 3230/3619/1703 3227/3648/1989 3225/3647/1990
f 3230/3619/1703 3229/3621/1968 3226/3649/1991 3227/3648/1989
f 3259/3650/1992 3260/3653/1993 3257/3652/1994 3255/3651/1995
f 3260/3653/1993 3258/3655/1907 3256/3654/1996 3257/3652/1994
f 3237/3630/1977 3239/3631/1688 3236/3657/1997 3234/3656/1998
f 3239/3631/1688 3238/3633/1684 3235/3658/1999 3236/3657/1997
f 3268/3659/2000 3269/3662/2001 3266/3661/2002 3264/3660/2003
f 3269/3662/2001 3267/3664/1906 3265/3663/1908 3266/3661/2002
f 3246/3642/1986 3248/3643/1985 3245/3666/2004 3243/3665/2005
f 3248/3643/1985 3247/3645/1988 3244/3667/2006 3245/3666/2004
f 3276/3612/1964 3278/3613/1963 3275/3669/2007 3273/3668/2008
f 3278/3613/1963 3277/3615/1911 3274/3670/1909 3275/3669/2007
f 3255/3651/1995 3257/3652/1994 3254/3672/2009 3252/3671/2010
f 3257/3652/1994 3256/3654/1996 3253/3673/2011 3254/3672/2009
f 3216/3636/1981 3218/3637/1980 3215/3675/2012 3213/3674/2013
f 3218/3637/1980 3217/3639/1982 3214/3676/2014 3215/3675/2012
f 3286/3677/2015 3287/3680/2016 3284/3679/2017 3282/3678/2018
f 3287/3680/2016 3285/3682/2019 3283/3681/1910 3284/3679/2017
f 3264/3660/2003 3266/3661/2002 3263/3684/1708 3261/3683/2020
f 3266/3661/2002 3265/3663/1908 3262/3685/1665 3263/3684/1708
f 3225/3647/1990 3227/3648/1989 3224/3687/2021 3222/3686/2022
f 3227/3648/1989 3226/3649/1991 3223/3688/2023 3224/3687/2021
f 3273/3668/2008 3275/3669/2007 3272/3690/1711 3270/3689/2024
f 3275/3669/2007 3274/3670/1909 3271/3691/1663 3272/3690/1711
f 3234/3656/1998 3236/3657/1997 3233/3620/1966 3232/3617/1965
f 3236/3657/1997 3235/3658/1999 3231/3622/1967 3233/3620/1966
f 3282/3678/2018 3284/3679/2017 3281/3693/1722 3280/3692/1719
f 3284/3679/2017 3283/3681/1910 3279/3694/1682 3281/3693/1722
f 3243/3665/2005 3245/3666/2004 3242/3632/1976 3241/3629/1975
f 3245/3666/2004 3244/3667/2006 3240/3634/1978 3242/3632/1976
f 3289/3695/2025 3290/3696/2026 3287/3680/2016 3286/3677/2015
f 3290/3696/2026 3288/3697/2027 3285/3682/2019 3287/3680/2016
f 3252/3671/2010 3254/3672/2009 3251/3644/1984 3250/3641/1983
f 3254/3672/2009 3253/3673/2011 3249/3646/1987 3251/3644/1984
f 3291/3624/1972 3293/3625/1971 3290/3696/2026 3289/3695/2025
f 3293/3625/1971 3292/3627/1974 3288/3697/2027 3290/3696/2026
f 3261/3683/2020 3263/3684/1708 3260/3653/1993 3259/3650/1992
f 3263/3684/1708 3262/3685/1665 3258/3655/1907 3260/3653/1993
f 3213/3674/2013 3215/3675/2012 3212/3626/1970 3211/3623/1969
f 3215/3675/2012 3214/3676/2014 3210/3628/1973 3212/3626/1970
f 3270/3689/2024 3272/3690/1711 3269/3662/2001 3268/3659/2000
f 3272/3690/1711 3271/3691/1663 3267/3664/1906 3269/3662/2001
f 3222/3686/2022 3224/3687/2021 3221/3638/1694 3220/3635/1979
f 3224/3687/2021 3223/3688/2023 3219/3640/1653 3221/3638/1694
f 3169/3488/1886 3141/3491/1889 3139/3509/1904
f 3234/3656/1998 3130/3530/1918 3127/3524/1915 3237/3630/1977
f 3127/3524/1915 3138/3525/1917 3241/3629/1975 3237/3630/1977
f 3232/3617/1965 3171/3554/1931 3130/3530/1918 3234/3656/1998
f 3132/3534/1921 3175/3548/1928 3225/3647/1990 3222/3686/2022
f 3136/3533/1861 3132/3534/1921 3222/3686/2022 3220/3635/1979
f 3142/3539/1922 3136/3533/1861 3220/3635/1979 3216/3636/1981
f 3241/3629/1975 3138/3525/1917 3180/3569/1940 3243/3665/2005
f 3178/3608/1961 3142/3539/1922 3216/3636/1981 3213/3674/2013
f 3144/3605/1960 3178/3608/1961 3213/3674/2013 3211/3623/1969
f 3153/3597/1956 3144/3605/1960 3211/3623/1969 3291/3624/1972
f 3246/3642/1986 3147/3572/1942 3150/3593/1952 3250/3641/1983
f 3243/3665/2005 3180/3569/1940 3147/3572/1942 3246/3642/1986
f 3250/3641/1983 3150/3593/1952 3184/3590/1949 3252/3671/2010
f 3187/3596/1953 3153/3597/1956 3291/3624/1972 3289/3695/2025
f 3259/3650/1992 3156/3543/1927 3204/3557/1933 3261/3683/2020
f 3160/3542/1924 3156/3543/1927 3259/3650/1992 3255/3651/1995
f 3184/3590/1949 3160/3542/1924 3255/3651/1995 3252/3671/2010
f 3162/3602/1958 3187/3596/1953 3289/3695/2025 3286/3677/2015
f 3165/3576/1944 3162/3602/1958 3286/3677/2015 3282/3678/2018
f 3208/3575/1741 3165/3576/1944 3282/3678/2018 3280/3692/1719
f 3228/3618/1702 3168/3549/1746 3171/3554/1931 3232/3617/1965
f 3175/3548/1928 3168/3549/1746 3228/3618/1702 3225/3647/1990
f 3264/3660/2003 3189/3587/1948 3199/3560/1934 3268/3659/2000
f 3261/3683/2020 3204/3557/1933 3189/3587/1948 3264/3660/2003
f 3201/3566/1938 3193/3581/1945 3276/3612/1964 3273/3668/2008
f 3193/3581/1945 3208/3582/1741 3280/3611/1719 3276/3612/1964
f 3195/3561/1936 3201/3566/1938 3273/3668/2008 3270/3689/2024
f 3268/3659/2000 3199/3560/1934 3195/3561/1936 3270/3689/2024
f 3283/3516/1910 3235/3698/1999 3258/3513/1907
f 3265/3512/1908 3258/3513/1907 3262/3699/1665
f 3258/3513/1907 3247/3701/1988 3256/3700/1996
f 3256/3700/1996 3247/3701/1988 3253/3702/2011
f 3253/3702/2011 3247/3701/1988 3249/3703/1987
f 3247/3701/1988 3240/3705/1978 3244/3704/2006
f 3240/3705/1978 3235/3698/1999 3238/3706/1684
f 3235/3698/1999 3229/3708/1968 3231/3707/1967
f 3229/3708/1968 3223/3710/2023 3226/3709/1991
f 3223/3710/2023 3217/3712/1982 3219/3711/1653
f 3217/3712/1982 3210/3714/1973 3214/3713/2014
f 3210/3714/1973 3288/3716/2027 3292/3715/1974
f 3288/3716/2027 3210/3714/1973 3285/3717/2019
f 3285/3717/2019 3210/3714/1973 3283/3516/1910
f 3247/3701/1988 3258/3513/1907 3240/3705/1978
f 3240/3705/1978 3258/3513/1907 3235/3698/1999
f 3235/3698/1999 3223/3710/2023 3229/3708/1968
f 3223/3710/2023 3235/3698/1999 3217/3712/1982
f 3217/3712/1982 3235/3698/1999 3210/3714/1973
f 3283/3516/1910 3258/3513/1907 3271/3515/1663
f 3210/3714/1973 3235/3698/1999 3283/3516/1910
f 3082/3718/1886 3122/3720/1887 3079/3719/1888
f 3110/3721/1889 3118/3723/1890 3116/3722/1768
f 3298/3724/1891 3106/3726/1892 3097/3725/2028
f 3085/3727/2029 3106/3726/1892 3088/3728/2030
f 3314/3729/1896 3085/3727/2029 3304/3730/1897
f 3310/3731/2031 3094/3733/1899 3308/3732/2032
f 3094/3733/1899 3302/3735/1900 3317/3734/1808
f 3295/3736/2033 3103/3738/1902 3092/3737/1903
f 3112/3739/2034 3103/3738/1902 3070/3740/1905
f 3379/3741/1906 3370/3743/2035 3377/3742/1908
f 3386/3744/1909 3395/3746/1910 3383/3745/1663
f 3395/3746/1910 3389/3748/1911 3391/3747/1682
f 3094/3733/1899 3085/3727/2029 3308/3732/2032
f 3112/3739/2034 3110/3721/1889 3094/3733/1899
f 3085/3727/2029 3094/3733/1899 3110/3721/1889
f 3110/3721/1889 3082/3718/1886 3118/3723/1890
f 3106/3726/1892 3085/3727/2029 3110/3721/1889
f 3112/3739/2034 3094/3733/1899 3103/3738/1902
f 3122/3720/1887 3082/3718/1886 3112/3739/2034
f 3118/3723/1890 3082/3718/1886 3077/3749/1912
f 3106/3726/1892 3110/3721/1889 3074/3750/2036
f 3088/3728/2030 3106/3726/1892 3298/3724/1891
f 3304/3730/1897 3085/3727/2029 3319/3751/1678
f 3308/3732/2032 3085/3727/2029 3314/3729/1896
f 3302/3735/1900 3094/3733/1899 3310/3731/2031
f 3092/3737/1903 3103/3738/1902 3094/3733/1899
f 3103/3738/1902 3295/3736/2033 3100/3752/2037
f 3122/3720/1887 3112/3739/2034 3125/3753/1761
f 3383/3745/1663 3370/3743/2035 3379/3741/1906
f 3389/3748/1911 3395/3746/1910 3386/3744/1909
f 3124/3754/1758 3123/3757/1759 3111/3756/2038 3113/3755/2039
f 3123/3757/1759 3125/3759/1761 3112/3758/2034 3111/3756/2038
f 3121/3760/2040 3120/3761/2041 3123/3757/1759 3124/3754/1758
f 3120/3761/2041 3122/3762/1887 3125/3759/1761 3123/3757/1759
f 3115/3763/2042 3114/3766/1766 3117/3765/2043 3119/3764/2044
f 3114/3766/1766 3116/3768/1768 3118/3767/1890 3117/3765/2043
f 3109/3769/2045 3108/3770/2046 3114/3766/1766 3115/3763/2042
f 3108/3770/2046 3110/3771/1889 3116/3768/1768 3114/3766/1766
f 3091/3772/1924 3090/3775/2047 3093/3774/2048 3095/3773/1927
f 3090/3775/2047 3092/3777/1903 3094/3776/1899 3093/3774/2048
f 3076/3778/1928 3075/3781/2049 3081/3780/1747 3083/3779/1746
f 3075/3781/2049 3077/3783/1912 3082/3782/1886 3081/3780/1747
f 3083/3779/1746 3081/3780/1747 3078/3785/1930 3080/3784/1931
f 3081/3780/1747 3082/3782/1886 3079/3786/1888 3078/3785/1930
f 3095/3773/1927 3093/3774/2048 3318/3788/1807 3316/3787/1933
f 3093/3774/2048 3094/3776/1899 3317/3789/1808 3318/3788/1807
f 3311/3790/1934 3312/3793/2050 3309/3792/1813 3307/3791/1936
f 3312/3793/2050 3310/3795/2031 3308/3794/2032 3309/3792/1813
f 3307/3791/1936 3309/3792/1813 3315/3797/1937 3313/3796/1938
f 3309/3792/1813 3308/3794/2032 3314/3798/1896 3315/3797/1937
f 3113/3755/2039 3111/3756/2038 3294/3800/2051 3071/3799/1940
f 3111/3756/2038 3112/3758/2034 3070/3801/1905 3294/3800/2051
f 3071/3799/1940 3294/3800/2051 3102/3803/1941 3104/3802/2052
f 3294/3800/2051 3070/3801/1905 3103/3804/1902 3102/3803/1941
f 3320/3805/1851 3321/3808/1744 3084/3807/2053 3086/3806/1944
f 3321/3808/1744 3319/3810/1678 3085/3809/2029 3084/3807/2053
f 3305/3811/2054 3306/3812/2055 3321/3808/1744 3320/3805/1851
f 3306/3812/2055 3304/3813/1897 3319/3810/1678 3321/3808/1744
f 3316/3787/1933 3318/3788/1807 3303/3815/1947 3301/3814/1948
f 3318/3788/1807 3317/3789/1808 3302/3816/1900 3303/3815/1947
f 3296/3817/2056 3297/3818/1950 3090/3775/2047 3091/3772/1924
f 3297/3818/1950 3295/3819/2033 3092/3777/1903 3090/3775/2047
f 3104/3802/2052 3102/3803/1941 3099/3821/2057 3101/3820/1952
f 3102/3803/1941 3103/3804/1902 3100/3822/2037 3099/3821/2057
f 3299/3823/2058 3300/3826/2059 3096/3825/2060 3098/3824/2061
f 3300/3826/2059 3298/3828/1891 3097/3827/2028 3096/3825/2060
f 3080/3784/1931 3078/3785/1930 3120/3761/2041 3121/3760/2040
f 3078/3785/1930 3079/3786/1888 3122/3762/1887 3120/3761/2041
f 3086/3806/1944 3084/3807/2053 3087/3830/2062 3089/3829/1958
f 3084/3807/2053 3085/3809/2029 3088/3831/2030 3087/3830/2062
f 3101/3820/1952 3099/3821/2057 3297/3818/1950 3296/3817/2056
f 3099/3821/2057 3100/3822/2037 3295/3819/2033 3297/3818/1950
f 3098/3824/2061 3096/3825/2060 3105/3833/1959 3107/3832/2063
f 3096/3825/2060 3097/3827/2028 3106/3834/1892 3105/3833/1959
f 3073/3835/2064 3072/3838/2065 3108/3837/2046 3109/3836/2045
f 3072/3838/2065 3074/3840/2036 3110/3839/1889 3108/3837/2046
f 3301/3814/1948 3303/3815/1947 3312/3793/2050 3311/3790/1934
f 3303/3815/1947 3302/3816/1900 3310/3795/2031 3312/3793/2050
f 3107/3832/2063 3105/3833/1959 3072/3838/2065 3073/3835/2064
f 3105/3833/1959 3106/3834/1892 3074/3840/2036 3072/3838/2065
f 3313/3796/1938 3315/3797/1937 3306/3812/2055 3305/3811/2054
f 3315/3797/1937 3314/3798/1896 3304/3813/1897 3306/3812/2055
f 3089/3829/1958 3087/3830/2062 3300/3826/2059 3299/3823/2058
f 3087/3830/2062 3088/3831/2030 3298/3828/1891 3300/3826/2059
f 3119/3764/2044 3117/3765/2043 3075/3781/2049 3076/3778/1928
f 3117/3765/2043 3118/3767/1890 3077/3783/1912 3075/3781/2049
f 3392/3841/1842 3393/3844/1722 3390/3843/1963 3388/3842/2066
f 3393/3844/1722 3391/3846/1682 3389/3845/1911 3390/3843/1963
f 3344/3847/1965 3345/3850/1966 3342/3849/1703 3340/3848/2067
f 3345/3850/1966 3343/3852/1967 3341/3851/1968 3342/3849/1703
f 3323/3853/2068 3324/3856/2069 3405/3855/1971 3403/3854/1972
f 3324/3856/2069 3322/3858/2070 3404/3857/1974 3405/3855/1971
f 3353/3859/2071 3354/3862/2072 3351/3861/1688 3349/3860/1977
f 3354/3862/2072 3352/3864/1978 3350/3863/1684 3351/3861/1688
f 3332/3865/1979 3333/3868/1694 3330/3867/1980 3328/3866/1981
f 3333/3868/1694 3331/3870/1653 3329/3869/1982 3330/3867/1980
f 3362/3871/2073 3363/3874/2074 3360/3873/2075 3358/3872/2076
f 3363/3874/2074 3361/3876/2077 3359/3875/1988 3360/3873/2075
f 3340/3848/2067 3342/3849/1703 3339/3878/2078 3337/3877/1990
f 3342/3849/1703 3341/3851/1968 3338/3879/1991 3339/3878/2078
f 3371/3880/2079 3372/3883/2080 3369/3882/2081 3367/3881/2082
f 3372/3883/2080 3370/3885/2035 3368/3884/1996 3369/3882/2081
f 3349/3860/1977 3351/3861/1688 3348/3887/1997 3346/3886/1998
f 3351/3861/1688 3350/3863/1684 3347/3888/1999 3348/3887/1997
f 3380/3889/2000 3381/3892/2083 3378/3891/2002 3376/3890/2003
f 3381/3892/2083 3379/3894/1906 3377/3893/1908 3378/3891/2002
f 3358/3872/2076 3360/3873/2075 3357/3896/2084 3355/3895/2085
f 3360/3873/2075 3359/3875/1988 3356/3897/2006 3357/3896/2084
f 3388/3842/2066 3390/3843/1963 3387/3899/2086 3385/3898/2008
f 3390/3843/1963 3389/3845/1911 3386/3900/1909 3387/3899/2086
f 3367/3881/2082 3369/3882/2081 3366/3902/2087 3364/3901/2088
f 3369/3882/2081 3368/3884/1996 3365/3903/2089 3366/3902/2087
f 3328/3904/1981 3330/3907/1980 3327/3906/2090 3325/3905/2091
f 3330/3907/1980 3329/3909/1982 3326/3908/2014 3327/3906/2090
f 3398/3910/2092 3399/3913/2016 3396/3912/2017 3394/3911/2018
f 3399/3913/2016 3397/3915/2019 3395/3914/1910 3396/3912/2017
f 3376/3890/2003 3378/3891/2002 3375/3917/1708 3373/3916/2020
f 3378/3891/2002 3377/3893/1908 3374/3918/1665 3375/3917/1708
f 3337/3877/1990 3339/3878/2078 3336/3920/2021 3334/3919/2022
f 3339/3878/2078 3338/3879/1991 3335/3921/2023 3336/3920/2021
f 3385/3898/2008 3387/3899/2086 3384/3923/1711 3382/3922/2024
f 3387/3899/2086 3386/3900/1909 3383/3924/1663 3384/3923/1711
f 3346/3886/1998 3348/3887/1997 3345/3850/1966 3344/3847/1965
f 3348/3887/1997 3347/3888/1999 3343/3852/1967 3345/3850/1966
f 3394/3911/2018 3396/3912/2017 3393/3844/1722 3392/3841/1842
f 3396/3912/2017 3395/3914/1910 3391/3846/1682 3393/3844/1722
f 3355/3895/2085 3357/3896/2084 3354/3862/2072 3353/3859/2071
f 3357/3896/2084 3356/3897/2006 3352/3864/1978 3354/3862/2072
f 3401/3925/2093 3402/3926/2094 3399/3913/2016 3398/3910/2092
f 3402/3926/2094 3400/3927/2095 3397/3915/2019 3399/3913/2016
f 3364/3901/2088 3366/3902/2087 3363/3874/2074 3362/3871/2073
f 3366/3902/2087 3365/3903/2089 3361/3876/2077 3363/3874/2074
f 3403/3854/1972 3405/3855/1971 3402/3926/2094 3401/3925/2093
f 3405/3855/1971 3404/3857/1974 3400/3927/2095 3402/3926/2094
f 3373/3916/2020 3375/3917/1708 3372/3883/2080 3371/3880/2079
f 3375/3917/1708 3374/3918/1665 3370/3885/2035 3372/3883/2080
f 3325/3905/2091 3327/3906/2090 3324/3856/2069 3323/3853/2068
f 3327/3906/2090 3326/3908/2014 3322/3858/2070 3324/3856/2069
f 3382/3922/2024 3384/3923/1711 3381/3892/2083 3380/3889/2000
f 3384/3923/1711 3383/3924/1663 3379/3894/1906 3381/3892/2083
f 3334/3919/2022 3336/3920/2021 3333/3868/1694 3332/3865/1979
f 3336/3920/2021 3335/3921/2023 3331/3870/1653 3333/3868/1694
f 3082/3718/1886 3110/3721/1889 3112/3739/2034
f 3346/3886/1998 3121/3760/2040 3124/3754/1758 3349/3860/1977
f 3124/3754/1758 3113/3755/2039 3353/3859/2071 3349/3860/1977
f 3344/3847/1965 3080/3784/1931 3121/3760/2040 3346/3886/1998
f 3119/3764/2044 3076/3778/1928 3337/3877/1990 3334/3919/2022
f 3115/3763/2042 3119/3764/2044 3334/3919/2022 3332/3865/1979
f 3109/3769/2045 3115/3763/2042 3332/3865/1979 3328/3866/1981
f 3353/3859/2071 3113/3755/2039 3071/3799/1940 3355/3895/2085
f 3073/3835/2064 3109/3836/2045 3328/3904/1981 3325/3905/2091
f 3107/3832/2063 3073/3835/2064 3325/3905/2091 3323/3853/2068
f 3098/3824/2061 3107/3832/2063 3323/3853/2068 3403/3854/1972
f 3358/3872/2076 3104/3802/2052 3101/3820/1952 3362/3871/2073
f 3355/3895/2085 3071/3799/1940 3104/3802/2052 3358/3872/2076
f 3362/3871/2073 3101/3820/1952 3296/3817/2056 3364/3901/2088
f 3299/3823/2058 3098/3824/2061 3403/3854/1972 3401/3925/2093
f 3371/3880/2079 3095/3773/1927 3316/3787/1933 3373/3916/2020
f 3091/3772/1924 3095/3773/1927 3371/3880/2079 3367/3881/2082
f 3296/3817/2056 3091/3772/1924 3367/3881/2082 3364/3901/2088
f 3089/3829/1958 3299/3823/2058 3401/3925/2093 3398/3910/2092
f 3086/3806/1944 3089/3829/1958 3398/3910/2092 3394/3911/2018
f 3320/3805/1851 3086/3806/1944 3394/3911/2018 3392/3841/1842
f 3340/3848/2067 3083/3779/1746 3080/3784/1931 3344/3847/1965
f 3076/3778/1928 3083/3779/1746 3340/3848/2067 3337/3877/1990
f 3376/3890/2003 3301/3814/1948 3311/3790/1934 3380/3889/2000
f 3373/3916/2020 3316/3787/1933 3301/3814/1948 3376/3890/2003
f 3313/3796/1938 3305/3811/2054 3388/3842/2066 3385/3898/2008
f 3305/3811/2054 3320/3805/1851 3392/3841/1842 3388/3842/2066
f 3307/3791/1936 3313/3796/1938 3385/3898/2008 3382/3922/2024
f 3380/3889/2000 3311/3790/1934 3307/3791/1936 3382/3922/2024
f 3395/3746/1910 3347/3928/1999 3370/3743/2035
f 3377/3742/1908 3370/3743/2035 3374/3929/1665
f 3370/3743/2035 3359/3931/1988 3368/3930/1996
f 3368/3930/1996 3359/3931/1988 3365/3932/2089
f 3365/3932/2089 3359/3931/1988 3361/3933/2077
f 3359/3931/1988 3352/3935/1978 3356/3934/2006
f 3352/3935/1978 3347/3928/1999 3350/3936/1684
f 3347/3928/1999 3341/3938/1968 3343/3937/1967
f 3341/3938/1968 3335/3940/2023 3338/3939/1991
f 3335/3940/2023 3329/3942/1982 3331/3941/1653
f 3329/3942/1982 3322/3944/2070 3326/3943/2014
f 3322/3944/2070 3400/3946/2095 3404/3945/1974
f 3400/3946/2095 3322/3944/2070 3397/3947/2019
f 3397/3947/2019 3322/3944/2070 3395/3746/1910
f 3359/3931/1988 3370/3743/2035 3352/3935/1978
f 3352/3935/1978 3370/3743/2035 3347/3928/1999
f 3347/3928/1999 3335/3940/2023 3341/3938/1968
f 3335/3940/2023 3347/3928/1999 3329/3942/1982
f 3329/3942/1982 3347/3928/1999 3322/3944/2070
f 3395/3746/1910 3370/3743/2035 3383/3745/1663
f 3322/3944/2070 3347/3928/1999 3395/3746/1910
