# Blender 5.0.1
# www.blender.org
mtllib RakPisau.mtl
o RakPisau
v 0.034552 0.114558 -0.042932
v -0.034552 0.114558 -0.042932
v 0.035768 0.109995 -0.033539
v 0.033307 0.109699 -0.032773
v 0.034570 0.104098 -0.033739
v 0.035762 0.104304 -0.034273
v 0.033304 0.104013 -0.033518
v 0.034574 0.111191 -0.034239
v 0.035774 0.111401 -0.034782
v 0.033308 0.111104 -0.034014
v -0.034570 0.129545 -0.090543
v -0.035762 0.129337 -0.090007
v -0.033306 0.129631 -0.090765
v -0.034573 0.131341 -0.088659
v -0.035768 0.131131 -0.088118
v -0.033307 0.131428 -0.088883
v -0.034570 0.126636 -0.091941
v -0.035762 0.126429 -0.091408
v -0.033304 0.126722 -0.092162
v -0.034574 0.131543 -0.086795
v -0.035774 0.131333 -0.086251
v -0.033308 0.131630 -0.087020
v -0.034570 0.107189 -0.032814
v -0.033306 0.107103 -0.032592
v -0.035762 0.107397 -0.033350
v -0.034573 0.109786 -0.032997
v -0.033307 0.109699 -0.032773
v -0.035768 0.109995 -0.033539
v -0.034570 0.104098 -0.033739
v -0.033304 0.104013 -0.033518
v -0.035762 0.104304 -0.034273
v -0.034574 0.111191 -0.034239
v -0.033308 0.111104 -0.034014
v -0.035774 0.111401 -0.034782
v -0.047822 0.127782 -0.077083
v -0.046504 0.128558 -0.079085
v -0.047436 0.128190 -0.078135
v -0.051305 0.122431 -0.081130
v -0.052556 0.121674 -0.079181
v -0.052189 0.122076 -0.080217
v -0.050189 0.126964 -0.077364
v -0.048899 0.127733 -0.079348
v -0.049811 0.127369 -0.078410
v -0.051921 0.124728 -0.078132
v -0.050659 0.125489 -0.080094
v -0.051552 0.125131 -0.079172
v -0.052556 0.109024 -0.046513
v -0.051305 0.108270 -0.044563
v -0.052189 0.108623 -0.045477
v -0.046504 0.114176 -0.041948
v -0.047822 0.114952 -0.043950
v -0.047436 0.114545 -0.042899
v -0.050659 0.111228 -0.043269
v -0.051921 0.111988 -0.045232
v -0.051552 0.111585 -0.044192
v -0.048899 0.113389 -0.042310
v -0.050189 0.114157 -0.044293
v -0.049811 0.113753 -0.043248
v 0.047822 0.114952 -0.043950
v 0.046504 0.114176 -0.041948
v 0.047436 0.114545 -0.042899
v 0.051305 0.108270 -0.044563
v 0.052556 0.109024 -0.046513
v 0.052189 0.108623 -0.045477
v 0.050189 0.114157 -0.044293
v 0.048899 0.113389 -0.042310
v 0.049811 0.113753 -0.043248
v 0.051921 0.111988 -0.045232
v 0.050659 0.111228 -0.043269
v 0.051552 0.111585 -0.044192
v 0.052556 0.121674 -0.079181
v 0.051305 0.122431 -0.081130
v 0.052189 0.122076 -0.080217
v 0.046504 0.128558 -0.079085
v 0.047822 0.127782 -0.077083
v 0.047436 0.128190 -0.078135
v 0.050659 0.125489 -0.080094
v 0.051921 0.124728 -0.078132
v 0.051552 0.125131 -0.079172
v 0.048899 0.127733 -0.079348
v 0.050189 0.126964 -0.077364
v 0.049811 0.127369 -0.078410
v -0.047917 0.004947 -0.091512
v -0.046433 0.004224 -0.089643
v -0.047482 0.004555 -0.090500
v -0.051200 0.009791 -0.087293
v -0.052556 0.010497 -0.089112
v -0.052159 0.010111 -0.088115
v -0.050236 0.005691 -0.091190
v -0.048810 0.004976 -0.089346
v -0.049818 0.005302 -0.090185
v -0.051934 0.007722 -0.090312
v -0.050556 0.007014 -0.088486
v -0.051530 0.007335 -0.089312
v -0.052556 0.020154 -0.114050
v -0.051200 0.020858 -0.115871
v -0.052159 0.020540 -0.115048
v -0.046433 0.015160 -0.117883
v -0.047917 0.014436 -0.116014
v -0.047482 0.014828 -0.117026
v -0.050556 0.018002 -0.116859
v -0.051934 0.017295 -0.115032
v -0.051530 0.017682 -0.116032
v -0.048810 0.015916 -0.117596
v -0.050236 0.015202 -0.115751
v -0.049818 0.015591 -0.116756
v 0.047917 0.014436 -0.116014
v 0.046433 0.015160 -0.117883
v 0.047482 0.014828 -0.117026
v 0.051200 0.020858 -0.115871
v 0.052556 0.020154 -0.114050
v 0.052159 0.020540 -0.115048
v 0.050236 0.015202 -0.115751
v 0.048810 0.015916 -0.117596
v 0.049818 0.015591 -0.116756
v 0.051934 0.017295 -0.115032
v 0.050556 0.018002 -0.116859
v 0.051530 0.017682 -0.116032
v 0.052556 0.010497 -0.089112
v 0.051200 0.009791 -0.087293
v 0.052159 0.010111 -0.088115
v 0.046433 0.004224 -0.089643
v 0.047917 0.004947 -0.091512
v 0.047482 0.004555 -0.090500
v 0.050556 0.007014 -0.088486
v 0.051934 0.007722 -0.090312
v 0.051530 0.007335 -0.089312
v 0.048810 0.004976 -0.089346
v 0.050236 0.005691 -0.091190
v 0.049818 0.005302 -0.090185
v 0.034573 0.109786 -0.032997
v 0.033306 0.107103 -0.032592
v 0.035762 0.107397 -0.033350
v 0.034570 0.107189 -0.032814
v 0.035774 0.131333 -0.086251
v 0.033308 0.131630 -0.087020
v 0.034574 0.131543 -0.086795
v 0.035762 0.126429 -0.091408
v 0.033304 0.126722 -0.092162
v 0.034570 0.126636 -0.091941
v 0.035768 0.131131 -0.088118
v 0.033307 0.131428 -0.088883
v 0.034573 0.131341 -0.088659
v 0.035762 0.129337 -0.090007
v 0.033306 0.129631 -0.090765
v 0.034570 0.129545 -0.090543
v -0.033302 0.006466 -0.078762
v -0.035863 0.006715 -0.079400
v -0.034599 0.006539 -0.078949
v -0.034494 0.002156 -0.084304
v -0.037119 0.002408 -0.084956
v -0.035813 0.002230 -0.084495
v -0.033459 0.003885 -0.080434
v -0.036042 0.004135 -0.081076
v -0.034764 0.003958 -0.080622
v -0.033895 0.002308 -0.082462
v -0.036505 0.002560 -0.083112
v -0.035209 0.002382 -0.082652
v -0.037119 0.016975 -0.122570
v -0.034494 0.017227 -0.123222
v -0.035813 0.017153 -0.123031
v -0.035863 0.023899 -0.123777
v -0.033302 0.024145 -0.124416
v -0.034599 0.024073 -0.124229
v -0.036505 0.018328 -0.123831
v -0.033895 0.018580 -0.124481
v -0.035209 0.018506 -0.124291
v -0.036042 0.020864 -0.124275
v -0.033459 0.021112 -0.124918
v -0.034764 0.021039 -0.124730
v 0.037119 0.002408 -0.084956
v 0.034494 0.002156 -0.084304
v 0.035813 0.002230 -0.084495
v 0.035863 0.006715 -0.079400
v 0.033302 0.006466 -0.078762
v 0.034599 0.006539 -0.078949
v 0.036505 0.002560 -0.083112
v 0.033895 0.002308 -0.082462
v 0.035209 0.002382 -0.082652
v 0.036042 0.004135 -0.081076
v 0.033459 0.003885 -0.080434
v 0.034764 0.003958 -0.080622
v 0.033302 0.024145 -0.124416
v 0.035863 0.023899 -0.123777
v 0.034599 0.024073 -0.124229
v 0.034494 0.017227 -0.123222
v 0.037119 0.016975 -0.122570
v 0.035813 0.017153 -0.123031
v 0.033459 0.021112 -0.124918
v 0.036042 0.020864 -0.124275
v 0.034764 0.021039 -0.124730
v 0.033895 0.018580 -0.124481
v 0.036505 0.018328 -0.123831
v 0.035209 0.018506 -0.124291
v 0.035809 0.004573 -0.090545
v -0.035809 0.004573 -0.090545
v 0.045430 0.127782 -0.077083
v 0.045430 0.128190 -0.078135
v -0.045318 0.128558 -0.079085
v -0.045318 0.128864 -0.079877
v -0.039216 0.130442 -0.083952
v -0.045318 0.127782 -0.077083
v -0.045318 0.128190 -0.078135
v -0.045318 0.014436 -0.116014
v -0.045318 0.014828 -0.117026
v -0.045318 0.015160 -0.117883
v -0.039216 0.118593 -0.053352
v -0.045318 0.118593 -0.053352
v 0.045430 0.014436 -0.116014
v 0.045430 0.014828 -0.117026
v -0.028523 0.131630 -0.087020
v -0.005514 0.131630 -0.087020
v -0.011840 0.131630 -0.087020
v -0.022421 0.131630 -0.087020
v 0.011840 0.131630 -0.087020
v 0.005514 0.131630 -0.087020
v 0.028635 0.131630 -0.087020
v 0.022309 0.131630 -0.087020
v 0.034555 0.118593 -0.053352
v -0.045318 0.011088 -0.107369
v -0.039216 0.011088 -0.107369
v 0.039104 0.118593 -0.053352
v 0.045430 0.118593 -0.053352
v -0.028523 0.118593 -0.053352
v -0.011840 0.118593 -0.053352
v -0.022421 0.118593 -0.053352
v -0.005514 0.118593 -0.053352
v 0.011840 0.118593 -0.053352
v 0.005514 0.118593 -0.053352
v 0.022309 0.118593 -0.053352
v 0.028635 0.118593 -0.053352
v 0.039104 0.011088 -0.107369
v 0.045430 0.011088 -0.107369
v -0.034558 0.118593 -0.053352
v 0.045430 0.128558 -0.079085
v -0.039216 0.130239 -0.085815
v -0.045318 0.128659 -0.081739
v -0.028523 0.131428 -0.088883
v -0.011840 0.131428 -0.088883
v -0.022421 0.131428 -0.088883
v 0.005514 0.131428 -0.088883
v 0.011840 0.131428 -0.088883
v -0.005514 0.131428 -0.088883
v 0.028635 0.131428 -0.088883
v 0.022309 0.131428 -0.088883
v 0.045430 0.128836 -0.079803
v 0.039104 0.130471 -0.084027
v -0.045318 0.125826 -0.084151
v -0.045318 0.126869 -0.083648
v -0.039216 0.126211 -0.088785
v -0.039216 0.128445 -0.087708
v -0.045318 0.123971 -0.085089
v -0.039216 0.125541 -0.089124
v -0.028523 0.129631 -0.090765
v -0.005514 0.129631 -0.090765
v -0.011840 0.129631 -0.090765
v -0.022421 0.129631 -0.090765
v 0.011840 0.129631 -0.090765
v 0.005514 0.129631 -0.090765
v 0.028635 0.129631 -0.090765
v 0.022309 0.129631 -0.090765
v -0.028523 0.126722 -0.092162
v -0.011840 0.126722 -0.092162
v -0.022421 0.126722 -0.092162
v 0.011840 0.126722 -0.092162
v 0.005514 0.126722 -0.092162
v 0.028635 0.126722 -0.092162
v 0.022309 0.126722 -0.092162
v -0.005514 0.126722 -0.092162
v -0.028523 0.024145 -0.124416
v -0.022421 0.024145 -0.124416
v -0.011840 0.024145 -0.124416
v -0.005514 0.024145 -0.124416
v 0.005514 0.024145 -0.124416
v 0.022309 0.024145 -0.124416
v 0.028635 0.024145 -0.124416
v 0.011840 0.024145 -0.124416
v -0.045318 0.061082 -0.106550
v -0.039216 0.102811 -0.096881
v -0.045318 0.022024 -0.118903
v -0.039216 0.023234 -0.122048
v 0.045430 0.128630 -0.081665
v 0.039104 0.130268 -0.085889
v 0.045430 0.125041 -0.084486
v 0.045430 0.123942 -0.085015
v 0.039104 0.125569 -0.089198
v 0.039104 0.127852 -0.088098
v 0.039104 0.128473 -0.087783
v 0.045430 0.126840 -0.083574
v 0.039104 0.044585 -0.114824
v 0.045430 0.084945 -0.097355
v 0.039104 0.023257 -0.122106
v 0.045430 0.022002 -0.118845
v 0.045430 0.127470 -0.082912
v 0.039104 0.129867 -0.086320
v 0.045430 0.015355 -0.118388
v 0.045430 0.015160 -0.117883
v 0.039104 0.016588 -0.121571
v -0.028523 0.017227 -0.123222
v -0.011840 0.017227 -0.123222
v -0.022421 0.017227 -0.123222
v 0.011840 0.017227 -0.123222
v 0.005514 0.017227 -0.123222
v 0.028635 0.017227 -0.123222
v 0.022309 0.017227 -0.123222
v -0.005514 0.017227 -0.123222
v -0.028523 0.018580 -0.124481
v -0.005514 0.018580 -0.124481
v -0.011840 0.018580 -0.124481
v -0.022421 0.018580 -0.124481
v 0.011840 0.018580 -0.124481
v 0.005514 0.018580 -0.124481
v 0.028635 0.018580 -0.124481
v 0.022309 0.018580 -0.124481
v -0.045318 0.016601 -0.119365
v -0.039216 0.017797 -0.122458
v -0.039216 0.016566 -0.121515
v -0.045318 0.015377 -0.118444
v -0.045318 0.020860 -0.119132
v -0.039216 0.020863 -0.122515
v -0.039216 0.020238 -0.122653
v -0.045318 0.019034 -0.119535
v -0.028523 0.021112 -0.124918
v -0.005514 0.021112 -0.124918
v -0.011840 0.021112 -0.124918
v -0.022421 0.021112 -0.124918
v 0.011840 0.021112 -0.124918
v 0.005514 0.021112 -0.124918
v 0.028635 0.021112 -0.124918
v 0.022309 0.021112 -0.124918
v -0.045318 0.018123 -0.119458
v -0.039216 0.018265 -0.122486
v 0.039104 0.022598 -0.122250
v 0.045430 0.020059 -0.119272
v 0.045430 0.019012 -0.119478
v 0.039104 0.020260 -0.122710
v 0.039104 0.017819 -0.122514
v 0.045430 0.016579 -0.119309
v 0.039104 0.019677 -0.122673
v 0.045430 0.017226 -0.119364
v -0.028523 0.011088 -0.107369
v -0.022421 0.011088 -0.107369
v -0.011840 0.011088 -0.107369
v -0.005514 0.011088 -0.107369
v 0.005514 0.011088 -0.107369
v 0.011840 0.011088 -0.107369
v 0.028635 0.011088 -0.107369
v 0.022309 0.011088 -0.107369
v -0.035810 0.011088 -0.107369
v 0.035810 0.011088 -0.107369
v -0.000243 0.102208 -0.031206
v -0.000243 0.103710 -0.034222
v -0.000693 0.102374 -0.031123
v -0.000693 0.103877 -0.034139
v -0.001037 0.102683 -0.030969
v -0.001037 0.104185 -0.033985
v -0.001224 0.103085 -0.030769
v -0.001224 0.104587 -0.033785
v -0.001224 0.103521 -0.030552
v -0.001224 0.105023 -0.033568
v -0.001037 0.103923 -0.030351
v -0.001037 0.105426 -0.033367
v -0.000693 0.104231 -0.030198
v -0.000693 0.105734 -0.033214
v -0.000243 0.104398 -0.030115
v -0.000243 0.105901 -0.033131
v 0.000243 0.101794 -0.030760
v 0.000693 0.101929 -0.030632
v 0.000243 0.104398 -0.030115
v 0.000243 0.105901 -0.033131
v 0.001037 0.102179 -0.030396
v 0.001224 0.102506 -0.030087
v 0.000693 0.104231 -0.030198
v 0.000693 0.105734 -0.033214
v 0.001224 0.102860 -0.029752
v 0.001037 0.103186 -0.029443
v 0.001037 0.103923 -0.030351
v 0.001037 0.105426 -0.033367
v 0.000693 0.103436 -0.029207
v 0.000243 0.103572 -0.029079
v 0.001224 0.103521 -0.030552
v 0.001224 0.105023 -0.033568
v -0.000243 0.103572 -0.029079
v -0.000693 0.103436 -0.029207
v 0.001224 0.103085 -0.030769
v 0.001224 0.104587 -0.033785
v -0.001037 0.103186 -0.029443
v -0.001224 0.102860 -0.029752
v 0.001037 0.102683 -0.030969
v 0.001037 0.104185 -0.033985
v -0.001224 0.102506 -0.030087
v -0.001037 0.102179 -0.030396
v 0.000693 0.102374 -0.031123
v 0.000693 0.103877 -0.034139
v -0.000693 0.101929 -0.030632
v -0.000243 0.101794 -0.030760
v 0.000243 0.102208 -0.031206
v 0.000243 0.103710 -0.034222
v 0.000243 0.100876 -0.030305
v 0.000693 0.100999 -0.030165
v 0.001037 0.101226 -0.029906
v 0.001224 0.101523 -0.029568
v 0.001224 0.101845 -0.029203
v 0.001037 0.102142 -0.028865
v 0.000693 0.102369 -0.028606
v 0.000243 0.102492 -0.028466
v -0.000243 0.102492 -0.028466
v -0.000693 0.102369 -0.028606
v -0.001037 0.102142 -0.028865
v -0.001224 0.101845 -0.029203
v -0.001224 0.101523 -0.029568
v -0.001037 0.101226 -0.029906
v -0.000693 0.100999 -0.030165
v -0.000243 0.100876 -0.030305
v 0.000243 0.099819 -0.029564
v 0.000693 0.099953 -0.029434
v 0.001037 0.100200 -0.029194
v 0.001224 0.100522 -0.028880
v 0.001224 0.100871 -0.028541
v 0.001037 0.101193 -0.028227
v 0.000693 0.101440 -0.027987
v 0.000243 0.101574 -0.027857
v -0.000243 0.101574 -0.027857
v -0.000693 0.101440 -0.027987
v -0.001037 0.101193 -0.028227
v -0.001224 0.100871 -0.028541
v -0.001224 0.100522 -0.028880
v -0.001037 0.100200 -0.029194
v -0.000693 0.099953 -0.029434
v -0.000243 0.099819 -0.029564
v 0.000243 0.098891 -0.028156
v 0.000693 0.099060 -0.028078
v 0.001037 0.099373 -0.027934
v 0.001224 0.099782 -0.027746
v 0.001224 0.100224 -0.027543
v 0.001037 0.100633 -0.027356
v 0.000693 0.100946 -0.027212
v 0.000243 0.101115 -0.027134
v -0.000243 0.101115 -0.027134
v -0.000693 0.100946 -0.027212
v -0.001037 0.100633 -0.027356
v -0.001224 0.100224 -0.027543
v -0.001224 0.099782 -0.027746
v -0.001037 0.099373 -0.027934
v -0.000693 0.099060 -0.028078
v -0.000243 0.098891 -0.028156
v 0.000243 0.098391 -0.026681
v 0.000693 0.098575 -0.026656
v 0.001037 0.098916 -0.026609
v 0.001224 0.099362 -0.026548
v 0.001224 0.099844 -0.026481
v 0.001037 0.100289 -0.026420
v 0.000693 0.100630 -0.026373
v 0.000243 0.100815 -0.026348
v -0.000243 0.100815 -0.026348
v -0.000693 0.100630 -0.026373
v -0.001037 0.100289 -0.026420
v -0.001224 0.099844 -0.026481
v -0.001224 0.099362 -0.026548
v -0.001037 0.098916 -0.026609
v -0.000693 0.098575 -0.026656
v -0.000243 0.098391 -0.026681
v 0.000243 0.098522 -0.024860
v 0.000693 0.098699 -0.024920
v 0.001037 0.099025 -0.025031
v 0.001224 0.099450 -0.025176
v 0.001224 0.099911 -0.025333
v 0.001037 0.100337 -0.025478
v 0.000693 0.100663 -0.025589
v 0.000243 0.100839 -0.025649
v -0.000243 0.100839 -0.025649
v -0.000693 0.100663 -0.025589
v -0.001037 0.100337 -0.025478
v -0.001224 0.099911 -0.025333
v -0.001224 0.099450 -0.025176
v -0.001037 0.099025 -0.025031
v -0.000693 0.098699 -0.024920
v -0.000243 0.098522 -0.024860
v 0.000243 0.099195 -0.023399
v 0.000693 0.099337 -0.023519
v 0.001037 0.099599 -0.023742
v 0.001224 0.099942 -0.024033
v 0.001224 0.100313 -0.024348
v 0.001037 0.100656 -0.024639
v 0.000693 0.100919 -0.024862
v 0.000243 0.101061 -0.024982
v -0.000243 0.101061 -0.024982
v -0.000693 0.100919 -0.024862
v -0.001037 0.100656 -0.024639
v -0.001224 0.100313 -0.024348
v -0.001224 0.099942 -0.024033
v -0.001037 0.099599 -0.023742
v -0.000693 0.099337 -0.023519
v -0.000243 0.099195 -0.023399
v 0.000243 0.100191 -0.022368
v 0.000693 0.100294 -0.022523
v 0.001037 0.100485 -0.022810
v 0.001224 0.100733 -0.023185
v 0.001224 0.101002 -0.023591
v 0.001037 0.101251 -0.023965
v 0.000693 0.101441 -0.024252
v 0.000243 0.101544 -0.024408
v -0.000243 0.101544 -0.024408
v -0.000693 0.101441 -0.024252
v -0.001037 0.101251 -0.023965
v -0.001224 0.101002 -0.023591
v -0.001224 0.100733 -0.023185
v -0.001037 0.100485 -0.022810
v -0.000693 0.100294 -0.022523
v -0.000243 0.100191 -0.022368
v 0.000243 0.101587 -0.021713
v 0.000693 0.101638 -0.021892
v 0.001037 0.101732 -0.022223
v 0.001224 0.101855 -0.022656
v 0.001224 0.101989 -0.023124
v 0.001037 0.102112 -0.023556
v 0.000693 0.102206 -0.023887
v 0.000243 0.102257 -0.024067
v -0.000243 0.102257 -0.024067
v -0.000693 0.102206 -0.023887
v -0.001037 0.102112 -0.023556
v -0.001224 0.101989 -0.023124
v -0.001224 0.101855 -0.022656
v -0.001037 0.101732 -0.022223
v -0.000693 0.101638 -0.021892
v -0.000243 0.101587 -0.021713
v 0.000243 0.102872 -0.021530
v 0.000693 0.102886 -0.021716
v 0.001037 0.102912 -0.022059
v 0.001224 0.102946 -0.022507
v 0.001224 0.102984 -0.022993
v 0.001037 0.103018 -0.023441
v 0.000693 0.103044 -0.023784
v 0.000243 0.103059 -0.023970
v -0.000243 0.103059 -0.023970
v -0.000693 0.103044 -0.023784
v -0.001037 0.103018 -0.023441
v -0.001224 0.102984 -0.022993
v -0.001224 0.102946 -0.022507
v -0.001037 0.102912 -0.022059
v -0.000693 0.102886 -0.021716
v -0.000243 0.102872 -0.021530
v 0.000243 0.104324 -0.021745
v 0.000693 0.104279 -0.021926
v 0.001037 0.104198 -0.022261
v 0.001224 0.104091 -0.022698
v 0.001224 0.103976 -0.023171
v 0.001037 0.103870 -0.023607
v 0.000693 0.103788 -0.023942
v 0.000243 0.103744 -0.024123
v -0.000243 0.103744 -0.024123
v -0.000693 0.103788 -0.023942
v -0.001037 0.103870 -0.023607
v -0.001224 0.103976 -0.023171
v -0.001224 0.104091 -0.022698
v -0.001037 0.104198 -0.022261
v -0.000693 0.104279 -0.021926
v -0.000243 0.104324 -0.021745
v 0.000243 0.105642 -0.022307
v 0.000693 0.105556 -0.022473
v 0.001037 0.105397 -0.022778
v 0.001224 0.105189 -0.023176
v 0.001224 0.104963 -0.023608
v 0.001037 0.104755 -0.024006
v 0.000693 0.104596 -0.024311
v 0.000243 0.104509 -0.024476
v -0.000243 0.104509 -0.024476
v -0.000693 0.104596 -0.024311
v -0.001037 0.104755 -0.024006
v -0.001224 0.104963 -0.023608
v -0.001224 0.105189 -0.023176
v -0.001037 0.105397 -0.022778
v -0.000693 0.105556 -0.022473
v -0.000243 0.105642 -0.022307
v 0.000243 0.106895 -0.023223
v 0.000693 0.106767 -0.023358
v 0.001037 0.106530 -0.023608
v 0.001224 0.106220 -0.023934
v 0.001224 0.105885 -0.024287
v 0.001037 0.105575 -0.024613
v 0.000693 0.105338 -0.024862
v 0.000243 0.105210 -0.024997
v -0.000243 0.105210 -0.024997
v -0.000693 0.105338 -0.024862
v -0.001037 0.105575 -0.024613
v -0.001224 0.105885 -0.024287
v -0.001224 0.106220 -0.023934
v -0.001037 0.106530 -0.023608
v -0.000693 0.106767 -0.023358
v -0.000243 0.106895 -0.023223
v -0.028641 0.102208 -0.031206
v -0.028641 0.103710 -0.034222
v -0.029091 0.102374 -0.031123
v -0.029091 0.103877 -0.034139
v -0.029435 0.102683 -0.030969
v -0.029435 0.104185 -0.033985
v -0.029621 0.103085 -0.030769
v -0.029621 0.104587 -0.033785
v -0.029621 0.103521 -0.030552
v -0.029621 0.105023 -0.033568
v -0.029435 0.103923 -0.030351
v -0.029435 0.105426 -0.033367
v -0.029091 0.104231 -0.030198
v -0.029091 0.105734 -0.033214
v -0.028641 0.104398 -0.030115
v -0.028641 0.105901 -0.033131
v -0.028154 0.101794 -0.030760
v -0.027705 0.101929 -0.030632
v -0.028154 0.104398 -0.030115
v -0.028154 0.105901 -0.033131
v -0.027360 0.102179 -0.030396
v -0.027174 0.102506 -0.030087
v -0.027705 0.104231 -0.030198
v -0.027705 0.105734 -0.033214
v -0.027174 0.102860 -0.029752
v -0.027360 0.103186 -0.029443
v -0.027360 0.103923 -0.030351
v -0.027360 0.105426 -0.033367
v -0.027705 0.103436 -0.029207
v -0.028154 0.103572 -0.029079
v -0.027174 0.103521 -0.030552
v -0.027174 0.105023 -0.033568
v -0.028641 0.103572 -0.029079
v -0.029091 0.103436 -0.029207
v -0.027174 0.103085 -0.030769
v -0.027174 0.104587 -0.033785
v -0.029435 0.103186 -0.029443
v -0.029621 0.102860 -0.029752
v -0.027360 0.102683 -0.030969
v -0.027360 0.104185 -0.033985
v -0.029621 0.102506 -0.030087
v -0.029435 0.102179 -0.030396
v -0.027705 0.102374 -0.031123
v -0.027705 0.103877 -0.034139
v -0.029091 0.101929 -0.030632
v -0.028641 0.101794 -0.030760
v -0.028154 0.102208 -0.031206
v -0.028154 0.103710 -0.034222
v -0.028154 0.100876 -0.030305
v -0.027705 0.100999 -0.030165
v -0.027360 0.101226 -0.029906
v -0.027174 0.101523 -0.029568
v -0.027174 0.101845 -0.029203
v -0.027360 0.102142 -0.028865
v -0.027705 0.102369 -0.028606
v -0.028154 0.102492 -0.028466
v -0.028641 0.102492 -0.028466
v -0.029091 0.102369 -0.028606
v -0.029435 0.102142 -0.028865
v -0.029621 0.101845 -0.029203
v -0.029621 0.101523 -0.029568
v -0.029435 0.101226 -0.029906
v -0.029091 0.100999 -0.030165
v -0.028641 0.100876 -0.030305
v -0.028154 0.099819 -0.029564
v -0.027705 0.099953 -0.029434
v -0.027360 0.100200 -0.029194
v -0.027174 0.100522 -0.028880
v -0.027174 0.100871 -0.028541
v -0.027360 0.101193 -0.028227
v -0.027705 0.101440 -0.027987
v -0.028154 0.101574 -0.027857
v -0.028641 0.101574 -0.027857
v -0.029091 0.101440 -0.027987
v -0.029435 0.101193 -0.028227
v -0.029621 0.100871 -0.028541
v -0.029621 0.100522 -0.028880
v -0.029435 0.100200 -0.029194
v -0.029091 0.099953 -0.029434
v -0.028641 0.099819 -0.029564
v -0.028154 0.098891 -0.028156
v -0.027705 0.099060 -0.028078
v -0.027360 0.099373 -0.027934
v -0.027174 0.099782 -0.027746
v -0.027174 0.100224 -0.027543
v -0.027360 0.100633 -0.027356
v -0.027705 0.100946 -0.027212
v -0.028154 0.101115 -0.027134
v -0.028641 0.101115 -0.027134
v -0.029091 0.100946 -0.027212
v -0.029435 0.100633 -0.027356
v -0.029621 0.100224 -0.027543
v -0.029621 0.099782 -0.027746
v -0.029435 0.099373 -0.027934
v -0.029091 0.099060 -0.028078
v -0.028641 0.098891 -0.028156
v -0.028154 0.098391 -0.026681
v -0.027705 0.098575 -0.026656
v -0.027360 0.098916 -0.026609
v -0.027174 0.099362 -0.026548
v -0.027174 0.099844 -0.026481
v -0.027360 0.100289 -0.026420
v -0.027705 0.100630 -0.026373
v -0.028154 0.100815 -0.026348
v -0.028641 0.100815 -0.026348
v -0.029091 0.100630 -0.026373
v -0.029435 0.100289 -0.026420
v -0.029621 0.099844 -0.026481
v -0.029621 0.099362 -0.026548
v -0.029435 0.098916 -0.026609
v -0.029091 0.098575 -0.026656
v -0.028641 0.098391 -0.026681
v -0.028154 0.098522 -0.024860
v -0.027705 0.098699 -0.024920
v -0.027360 0.099025 -0.025031
v -0.027174 0.099450 -0.025176
v -0.027174 0.099911 -0.025333
v -0.027360 0.100337 -0.025478
v -0.027705 0.100663 -0.025589
v -0.028154 0.100839 -0.025649
v -0.028641 0.100839 -0.025649
v -0.029091 0.100663 -0.025589
v -0.029435 0.100337 -0.025478
v -0.029621 0.099911 -0.025333
v -0.029621 0.099450 -0.025176
v -0.029435 0.099025 -0.025031
v -0.029091 0.098699 -0.024920
v -0.028641 0.098522 -0.024860
v -0.028154 0.099195 -0.023399
v -0.027705 0.099337 -0.023519
v -0.027360 0.099599 -0.023742
v -0.027174 0.099942 -0.024033
v -0.027174 0.100313 -0.024348
v -0.027360 0.100656 -0.024639
v -0.027705 0.100919 -0.024862
v -0.028154 0.101061 -0.024982
v -0.028641 0.101061 -0.024982
v -0.029091 0.100919 -0.024862
v -0.029435 0.100656 -0.024639
v -0.029621 0.100313 -0.024348
v -0.029621 0.099942 -0.024033
v -0.029435 0.099599 -0.023742
v -0.029091 0.099337 -0.023519
v -0.028641 0.099195 -0.023399
v -0.028154 0.100191 -0.022368
v -0.027705 0.100294 -0.022523
v -0.027360 0.100485 -0.022810
v -0.027174 0.100733 -0.023185
v -0.027174 0.101002 -0.023591
v -0.027360 0.101251 -0.023965
v -0.027705 0.101441 -0.024252
v -0.028154 0.101544 -0.024408
v -0.028641 0.101544 -0.024408
v -0.029091 0.101441 -0.024252
v -0.029435 0.101251 -0.023965
v -0.029621 0.101002 -0.023591
v -0.029621 0.100733 -0.023185
v -0.029435 0.100485 -0.022810
v -0.029091 0.100294 -0.022523
v -0.028641 0.100191 -0.022368
v -0.028154 0.101587 -0.021713
v -0.027705 0.101638 -0.021892
v -0.027360 0.101732 -0.022223
v -0.027174 0.101855 -0.022656
v -0.027174 0.101989 -0.023124
v -0.027360 0.102112 -0.023556
v -0.027705 0.102206 -0.023887
v -0.028154 0.102257 -0.024067
v -0.028641 0.102257 -0.024067
v -0.029091 0.102206 -0.023887
v -0.029435 0.102112 -0.023556
v -0.029621 0.101989 -0.023124
v -0.029621 0.101855 -0.022656
v -0.029435 0.101732 -0.022223
v -0.029091 0.101638 -0.021892
v -0.028641 0.101587 -0.021713
v -0.028154 0.102872 -0.021530
v -0.027705 0.102886 -0.021716
v -0.027360 0.102912 -0.022059
v -0.027174 0.102946 -0.022507
v -0.027174 0.102984 -0.022993
v -0.027360 0.103018 -0.023441
v -0.027705 0.103044 -0.023784
v -0.028154 0.103059 -0.023970
v -0.028641 0.103059 -0.023970
v -0.029091 0.103044 -0.023784
v -0.029435 0.103018 -0.023441
v -0.029621 0.102984 -0.022993
v -0.029621 0.102946 -0.022507
v -0.029435 0.102912 -0.022059
v -0.029091 0.102886 -0.021716
v -0.028641 0.102872 -0.021530
v -0.028154 0.104324 -0.021745
v -0.027705 0.104279 -0.021926
v -0.027360 0.104198 -0.022261
v -0.027174 0.104091 -0.022698
v -0.027174 0.103976 -0.023171
v -0.027360 0.103870 -0.023607
v -0.027705 0.103788 -0.023942
v -0.028154 0.103744 -0.024123
v -0.028641 0.103744 -0.024123
v -0.029091 0.103788 -0.023942
v -0.029435 0.103870 -0.023607
v -0.029621 0.103976 -0.023171
v -0.029621 0.104091 -0.022698
v -0.029435 0.104198 -0.022261
v -0.029091 0.104279 -0.021926
v -0.028641 0.104324 -0.021745
v -0.028154 0.105642 -0.022307
v -0.027705 0.105556 -0.022473
v -0.027360 0.105397 -0.022778
v -0.027174 0.105189 -0.023176
v -0.027174 0.104963 -0.023608
v -0.027360 0.104755 -0.024006
v -0.027705 0.104596 -0.024311
v -0.028154 0.104509 -0.024476
v -0.028641 0.104509 -0.024476
v -0.029091 0.104596 -0.024311
v -0.029435 0.104755 -0.024006
v -0.029621 0.104963 -0.023608
v -0.029621 0.105189 -0.023176
v -0.029435 0.105397 -0.022778
v -0.029091 0.105556 -0.022473
v -0.028641 0.105642 -0.022307
v -0.028154 0.106895 -0.023223
v -0.027705 0.106767 -0.023358
v -0.027360 0.106530 -0.023608
v -0.027174 0.106220 -0.023934
v -0.027174 0.105885 -0.024287
v -0.027360 0.105575 -0.024613
v -0.027705 0.105338 -0.024862
v -0.028154 0.105210 -0.024997
v -0.028641 0.105210 -0.024997
v -0.029091 0.105338 -0.024862
v -0.029435 0.105575 -0.024613
v -0.029621 0.105885 -0.024287
v -0.029621 0.106220 -0.023934
v -0.029435 0.106530 -0.023608
v -0.029091 0.106767 -0.023358
v -0.028641 0.106895 -0.023223
v 0.028997 0.102208 -0.031206
v 0.028997 0.103710 -0.034222
v 0.028547 0.102374 -0.031123
v 0.028547 0.103877 -0.034139
v 0.028203 0.102683 -0.030969
v 0.028203 0.104185 -0.033985
v 0.028017 0.103085 -0.030769
v 0.028017 0.104587 -0.033785
v 0.028017 0.103521 -0.030552
v 0.028017 0.105023 -0.033568
v 0.028203 0.103923 -0.030351
v 0.028203 0.105426 -0.033367
v 0.028547 0.104231 -0.030198
v 0.028547 0.105734 -0.033214
v 0.028997 0.104398 -0.030115
v 0.028997 0.105901 -0.033131
v 0.029484 0.101794 -0.030760
v 0.029934 0.101929 -0.030632
v 0.029484 0.104398 -0.030115
v 0.029484 0.105901 -0.033131
v 0.030278 0.102179 -0.030396
v 0.030464 0.102506 -0.030087
v 0.029934 0.104231 -0.030198
v 0.029934 0.105734 -0.033214
v 0.030464 0.102860 -0.029752
v 0.030278 0.103186 -0.029443
v 0.030278 0.103923 -0.030351
v 0.030278 0.105426 -0.033367
v 0.029934 0.103436 -0.029207
v 0.029484 0.103572 -0.029079
v 0.030464 0.103521 -0.030552
v 0.030464 0.105023 -0.033568
v 0.028997 0.103572 -0.029079
v 0.028547 0.103436 -0.029207
v 0.030464 0.103085 -0.030769
v 0.030464 0.104587 -0.033785
v 0.028203 0.103186 -0.029443
v 0.028017 0.102860 -0.029752
v 0.030278 0.102683 -0.030969
v 0.030278 0.104185 -0.033985
v 0.028017 0.102506 -0.030087
v 0.028203 0.102179 -0.030396
v 0.029934 0.102374 -0.031123
v 0.029934 0.103877 -0.034139
v 0.028547 0.101929 -0.030632
v 0.028997 0.101794 -0.030760
v 0.029484 0.102208 -0.031206
v 0.029484 0.103710 -0.034222
v 0.029484 0.100876 -0.030305
v 0.029934 0.100999 -0.030165
v 0.030278 0.101226 -0.029906
v 0.030464 0.101523 -0.029568
v 0.030464 0.101845 -0.029203
v 0.030278 0.102142 -0.028865
v 0.029934 0.102369 -0.028606
v 0.029484 0.102492 -0.028466
v 0.028997 0.102492 -0.028466
v 0.028547 0.102369 -0.028606
v 0.028203 0.102142 -0.028865
v 0.028017 0.101845 -0.029203
v 0.028017 0.101523 -0.029568
v 0.028203 0.101226 -0.029906
v 0.028547 0.100999 -0.030165
v 0.028997 0.100876 -0.030305
v 0.029484 0.099819 -0.029564
v 0.029934 0.099953 -0.029434
v 0.030278 0.100200 -0.029194
v 0.030464 0.100522 -0.028880
v 0.030464 0.100871 -0.028541
v 0.030278 0.101193 -0.028227
v 0.029934 0.101440 -0.027987
v 0.029484 0.101574 -0.027857
v 0.028997 0.101574 -0.027857
v 0.028547 0.101440 -0.027987
v 0.028203 0.101193 -0.028227
v 0.028017 0.100871 -0.028541
v 0.028017 0.100522 -0.028880
v 0.028203 0.100200 -0.029194
v 0.028547 0.099953 -0.029434
v 0.028997 0.099819 -0.029564
v 0.029484 0.098891 -0.028156
v 0.029934 0.099060 -0.028078
v 0.030278 0.099373 -0.027934
v 0.030464 0.099782 -0.027746
v 0.030464 0.100224 -0.027543
v 0.030278 0.100633 -0.027356
v 0.029934 0.100946 -0.027212
v 0.029484 0.101115 -0.027134
v 0.028997 0.101115 -0.027134
v 0.028547 0.100946 -0.027212
v 0.028203 0.100633 -0.027356
v 0.028017 0.100224 -0.027543
v 0.028017 0.099782 -0.027746
v 0.028203 0.099373 -0.027934
v 0.028547 0.099060 -0.028078
v 0.028997 0.098891 -0.028156
v 0.029484 0.098391 -0.026681
v 0.029934 0.098575 -0.026656
v 0.030278 0.098916 -0.026609
v 0.030464 0.099362 -0.026548
v 0.030464 0.099844 -0.026481
v 0.030278 0.100289 -0.026420
v 0.029934 0.100630 -0.026373
v 0.029484 0.100815 -0.026348
v 0.028997 0.100815 -0.026348
v 0.028547 0.100630 -0.026373
v 0.028203 0.100289 -0.026420
v 0.028017 0.099844 -0.026481
v 0.028017 0.099362 -0.026548
v 0.028203 0.098916 -0.026609
v 0.028547 0.098575 -0.026656
v 0.028997 0.098391 -0.026681
v 0.029484 0.098522 -0.024860
v 0.029934 0.098699 -0.024920
v 0.030278 0.099025 -0.025031
v 0.030464 0.099450 -0.025176
v 0.030464 0.099911 -0.025333
v 0.030278 0.100337 -0.025478
v 0.029934 0.100663 -0.025589
v 0.029484 0.100839 -0.025649
v 0.028997 0.100839 -0.025649
v 0.028547 0.100663 -0.025589
v 0.028203 0.100337 -0.025478
v 0.028017 0.099911 -0.025333
v 0.028017 0.099450 -0.025176
v 0.028203 0.099025 -0.025031
v 0.028547 0.098699 -0.024920
v 0.028997 0.098522 -0.024860
v 0.029484 0.099195 -0.023399
v 0.029934 0.099337 -0.023519
v 0.030278 0.099599 -0.023742
v 0.030464 0.099942 -0.024033
v 0.030464 0.100313 -0.024348
v 0.030278 0.100656 -0.024639
v 0.029934 0.100919 -0.024862
v 0.029484 0.101061 -0.024982
v 0.028997 0.101061 -0.024982
v 0.028547 0.100919 -0.024862
v 0.028203 0.100656 -0.024639
v 0.028017 0.100313 -0.024348
v 0.028017 0.099942 -0.024033
v 0.028203 0.099599 -0.023742
v 0.028547 0.099337 -0.023519
v 0.028997 0.099195 -0.023399
v 0.029484 0.100191 -0.022368
v 0.029934 0.100294 -0.022523
v 0.030278 0.100485 -0.022810
v 0.030464 0.100733 -0.023185
v 0.030464 0.101002 -0.023591
v 0.030278 0.101251 -0.023965
v 0.029934 0.101441 -0.024252
v 0.029484 0.101544 -0.024408
v 0.028997 0.101544 -0.024408
v 0.028547 0.101441 -0.024252
v 0.028203 0.101251 -0.023965
v 0.028017 0.101002 -0.023591
v 0.028017 0.100733 -0.023185
v 0.028203 0.100485 -0.022810
v 0.028547 0.100294 -0.022523
v 0.028997 0.100191 -0.022368
v 0.029484 0.101587 -0.021713
v 0.029934 0.101638 -0.021892
v 0.030278 0.101732 -0.022223
v 0.030464 0.101855 -0.022656
v 0.030464 0.101989 -0.023124
v 0.030278 0.102112 -0.023556
v 0.029934 0.102206 -0.023887
v 0.029484 0.102257 -0.024067
v 0.028997 0.102257 -0.024067
v 0.028547 0.102206 -0.023887
v 0.028203 0.102112 -0.023556
v 0.028017 0.101989 -0.023124
v 0.028017 0.101855 -0.022656
v 0.028203 0.101732 -0.022223
v 0.028547 0.101638 -0.021892
v 0.028997 0.101587 -0.021713
v 0.029484 0.102872 -0.021530
v 0.029934 0.102886 -0.021716
v 0.030278 0.102912 -0.022059
v 0.030464 0.102946 -0.022507
v 0.030464 0.102984 -0.022993
v 0.030278 0.103018 -0.023441
v 0.029934 0.103044 -0.023784
v 0.029484 0.103059 -0.023970
v 0.028997 0.103059 -0.023970
v 0.028547 0.103044 -0.023784
v 0.028203 0.103018 -0.023441
v 0.028017 0.102984 -0.022993
v 0.028017 0.102946 -0.022507
v 0.028203 0.102912 -0.022059
v 0.028547 0.102886 -0.021716
v 0.028997 0.102872 -0.021530
v 0.029484 0.104324 -0.021745
v 0.029934 0.104279 -0.021926
v 0.030278 0.104198 -0.022261
v 0.030464 0.104091 -0.022698
v 0.030464 0.103976 -0.023171
v 0.030278 0.103870 -0.023607
v 0.029934 0.103788 -0.023942
v 0.029484 0.103744 -0.024123
v 0.028997 0.103744 -0.024123
v 0.028547 0.103788 -0.023942
v 0.028203 0.103870 -0.023607
v 0.028017 0.103976 -0.023171
v 0.028017 0.104091 -0.022698
v 0.028203 0.104198 -0.022261
v 0.028547 0.104279 -0.021926
v 0.028997 0.104324 -0.021745
v 0.029484 0.105642 -0.022307
v 0.029934 0.105556 -0.022473
v 0.030278 0.105397 -0.022778
v 0.030464 0.105189 -0.023176
v 0.030464 0.104963 -0.023608
v 0.030278 0.104755 -0.024006
v 0.029934 0.104596 -0.024311
v 0.029484 0.104509 -0.024476
v 0.028997 0.104509 -0.024476
v 0.028547 0.104596 -0.024311
v 0.028203 0.104755 -0.024006
v 0.028017 0.104963 -0.023608
v 0.028017 0.105189 -0.023176
v 0.028203 0.105397 -0.022778
v 0.028547 0.105556 -0.022473
v 0.028997 0.105642 -0.022307
v 0.029484 0.106895 -0.023223
v 0.029934 0.106767 -0.023358
v 0.030278 0.106530 -0.023608
v 0.030464 0.106220 -0.023934
v 0.030464 0.105885 -0.024287
v 0.030278 0.105575 -0.024613
v 0.029934 0.105338 -0.024862
v 0.029484 0.105210 -0.024997
v 0.028997 0.105210 -0.024997
v 0.028547 0.105338 -0.024862
v 0.028203 0.105575 -0.024613
v 0.028017 0.105885 -0.024287
v 0.028017 0.106220 -0.023934
v 0.028203 0.106530 -0.023608
v 0.028547 0.106767 -0.023358
v 0.028997 0.106895 -0.023223
v 0.033302 0.006496 -0.072725
v 0.032290 0.007037 -0.071529
v 0.033005 0.006879 -0.071880
v -0.032290 0.005140 -0.070962
v -0.033302 0.004323 -0.072121
v -0.033005 0.004574 -0.071190
v -0.032290 0.012093 -0.104178
v -0.033302 0.011959 -0.102987
v -0.033005 0.012054 -0.103829
v 0.033302 0.011959 -0.102987
v 0.032290 0.012093 -0.104178
v 0.033005 0.012054 -0.103829
v -0.033302 0.019698 -0.089660
v -0.032290 0.021164 -0.088610
v -0.033005 0.020735 -0.088917
v 0.033302 0.019698 -0.089660
v 0.032290 0.021164 -0.088610
v 0.033005 0.020735 -0.088917
v -0.033302 0.014200 -0.075791
v -0.032290 0.015771 -0.075003
v -0.033005 0.015311 -0.075234
v 0.033302 0.014200 -0.075791
v 0.032290 0.015771 -0.075003
v 0.033005 0.015311 -0.075234
v -0.033302 0.011326 -0.074063
v -0.032290 0.012706 -0.072919
v -0.033005 0.012170 -0.073098
v 0.033302 0.011326 -0.074063
v 0.032290 0.012706 -0.072919
v 0.033005 0.012170 -0.073098
v -0.033302 0.008554 -0.072792
v -0.032290 0.008416 -0.071571
v -0.033005 0.008456 -0.071929
v 0.032290 0.008416 -0.071571
v 0.033302 0.008554 -0.072792
v 0.033005 0.008456 -0.071929
v -0.033302 0.006496 -0.072725
v -0.032290 0.007037 -0.071529
v -0.033005 0.006879 -0.071880
v -0.033302 0.003277 -0.071107
v -0.032290 0.004332 -0.069705
v -0.033005 0.004169 -0.070568
v -0.033302 0.000569 -0.108429
v -0.032290 0.001356 -0.109328
v -0.033005 0.000892 -0.109186
v -0.032290 -0.003025 -0.108710
v -0.033302 -0.002425 -0.105530
v -0.033005 -0.002850 -0.107779
v -0.033302 -0.000357 -0.108882
v -0.032290 -0.000819 -0.110007
v -0.033005 -0.000684 -0.109678
v -0.033302 -0.001219 -0.108480
v -0.032290 -0.002423 -0.109781
v -0.033005 -0.001881 -0.109509
v 0.033302 -0.002425 -0.105530
v 0.032290 -0.003025 -0.108710
v 0.033005 -0.002850 -0.107779
v 0.033302 0.000569 -0.108429
v 0.032290 0.001356 -0.109328
v 0.033005 0.000892 -0.109186
v 0.033302 -0.001219 -0.108480
v 0.032290 -0.002423 -0.109781
v 0.033005 -0.001881 -0.109509
v 0.033302 -0.000357 -0.108882
v 0.032290 -0.000819 -0.110007
v 0.033005 -0.000684 -0.109678
v 0.033303 -0.001464 -0.039523
v 0.032291 -0.001389 -0.038447
v 0.033007 -0.001498 -0.038762
v 0.033304 -0.003366 -0.041465
v 0.032292 -0.004074 -0.040179
v 0.033008 -0.003866 -0.040556
v 0.033304 -0.002476 -0.040019
v 0.032292 -0.003298 -0.038948
v 0.033008 -0.002982 -0.039152
v -0.033304 -0.003366 -0.041465
v -0.032292 -0.004074 -0.040179
v -0.033008 -0.003866 -0.040556
v -0.033303 -0.001464 -0.039523
v -0.032291 -0.001389 -0.038447
v -0.033007 -0.001498 -0.038762
v -0.033304 -0.002476 -0.040019
v -0.032292 -0.003298 -0.038948
v -0.033008 -0.002982 -0.039152
v -0.033303 0.000307 -0.039631
v -0.032291 0.000924 -0.038460
v -0.033006 0.000651 -0.038774
v -0.033302 0.003061 -0.042405
v -0.032290 0.003674 -0.040217
v -0.033005 0.003495 -0.040858
v -0.033302 0.001942 -0.040351
v -0.032290 0.002853 -0.038980
v -0.033006 0.002429 -0.039254
v 0.032290 0.003674 -0.040217
v 0.033302 0.003061 -0.042405
v 0.033005 0.003495 -0.040858
v 0.033303 0.000307 -0.039631
v 0.032291 0.000924 -0.038460
v 0.033006 0.000650 -0.038774
v 0.033302 0.001942 -0.040351
v 0.032290 0.002853 -0.038980
v 0.033006 0.002429 -0.039254
v 0.033302 0.003277 -0.071107
v 0.032290 0.004332 -0.069705
v 0.033005 0.004169 -0.070568
v 0.033302 0.004323 -0.072121
v 0.032290 0.005140 -0.070962
v 0.033005 0.004574 -0.071190
vn 1.0000 -0.0000 -0.0000
vn -0.0971 0.7989 0.5935
vn -0.0000 0.9325 0.3611
vn -0.1624 0.7974 0.5812
vn -0.0263 0.8055 0.5920
vn 0.0971 0.7989 0.5935
vn 0.0263 0.8055 0.5920
vn -0.1978 0.8543 0.4806
vn -0.1841 0.8059 0.5626
vn 0.3986 0.0513 -0.9157
vn 0.3376 -0.3101 -0.8887
vn 0.2041 -0.3437 -0.9166
vn 0.2399 0.0391 -0.9700
vn -0.1429 -0.7805 -0.6086
vn -0.3386 -0.3100 -0.8884
vn -0.2041 -0.3437 -0.9166
vn -0.0850 -0.7943 -0.6016
vn 0.1429 -0.7805 -0.6086
vn 0.0850 -0.7943 -0.6016
vn -0.4920 -0.1038 0.8644
vn -0.4836 -0.3067 0.8198
vn -0.2937 -0.3393 0.8937
vn -0.2991 -0.1239 0.9461
vn 0.4836 -0.3067 0.8198
vn 0.4920 -0.1038 0.8644
vn 0.2991 -0.1239 0.9461
vn 0.2937 -0.3393 0.8937
vn -0.4166 0.3046 0.8566
vn -0.2541 0.3040 0.9181
vn 0.4166 0.3046 0.8566
vn 0.2541 0.3040 0.9181
vn 0.1624 0.7974 0.5812
vn 0.2991 0.5457 -0.7828
vn 0.2937 0.3511 -0.8891
vn 0.0877 0.3658 -0.9265
vn 0.0892 0.5685 -0.8178
vn -0.2937 0.3511 -0.8891
vn -0.2991 0.5457 -0.7828
vn -0.0892 0.5685 -0.8178
vn -0.0877 0.3658 -0.9265
vn 0.2541 0.8431 -0.4739
vn 0.0737 0.8695 -0.4884
vn 0.4169 0.8012 -0.4293
vn 0.4920 0.5035 -0.7102
vn -0.4926 0.5034 -0.7099
vn -0.4171 0.8011 -0.4292
vn -0.2541 0.8431 -0.4739
vn 0.1623 0.9809 0.1076
vn 0.0971 0.9903 0.0994
vn -0.1623 0.9809 0.1076
vn -0.0971 0.9903 0.0994
vn 0.3998 -0.5757 0.7133
vn 0.4379 -0.4203 0.7947
vn 0.2639 -0.4591 0.8483
vn 0.2399 -0.6244 0.7434
vn -0.4379 -0.4203 0.7947
vn -0.3998 -0.5757 0.7133
vn -0.2399 -0.6244 0.7434
vn -0.2639 -0.4591 0.8483
vn 0.3395 -0.8252 0.4514
vn 0.2041 -0.8714 0.4461
vn -0.3395 -0.8252 0.4514
vn -0.2041 -0.8714 0.4461
vn 0.0850 -0.9923 -0.0903
vn 0.0604 -0.9027 0.4261
vn 0.0246 -0.9931 -0.1147
vn 0.1946 0.9271 0.3202
vn 0.1978 0.9552 0.2201
vn -0.0000 0.9927 0.1202
vn 0.0263 0.9941 0.1049
vn -0.1843 0.9747 0.1267
vn -0.2367 0.9713 0.0218
vn 0.1442 -0.9868 -0.0733
vn -0.0850 -0.9923 -0.0903
vn -0.0246 -0.9931 -0.1147
vn -0.0604 -0.9027 0.4261
vn -0.1442 -0.9868 -0.0733
vn -0.2399 0.0391 -0.9700
vn -0.2639 0.2320 -0.9362
vn -0.0777 0.2355 -0.9688
vn -0.0704 0.0245 -0.9972
vn -0.3998 0.0513 -0.9152
vn -0.4274 0.2228 -0.8762
vn 0.2639 0.2320 -0.9362
vn 0.0704 0.0245 -0.9972
vn 0.0777 0.2355 -0.9688
vn 0.4474 0.2195 -0.8670
vn -0.0604 -0.3803 -0.9229
vn 0.0604 -0.3803 -0.9229
vn -0.0246 -0.8113 -0.5841
vn 0.0246 -0.8113 -0.5841
vn -0.0877 -0.3536 0.9313
vn -0.0892 -0.1306 0.9874
vn 0.0892 -0.1306 0.9874
vn 0.0877 -0.3536 0.9313
vn -0.0737 0.3138 0.9466
vn 0.0737 0.3138 0.9466
vn -0.0263 0.9941 0.1049
vn 0.4923 0.3210 -0.8090
vn -0.4744 0.3239 -0.8186
vn -0.0737 0.8695 -0.4884
vn 0.0777 -0.4784 0.8747
vn 0.0704 -0.6535 0.7536
vn -0.0704 -0.6535 0.7536
vn -0.0777 -0.4784 0.8747
vn -0.6473 0.4928 -0.5815
vn -0.6572 0.3037 -0.6898
vn -0.8572 0.2436 -0.4538
vn -0.8191 0.4662 -0.3343
vn -0.9830 0.1395 -0.1198
vn -0.9205 0.3905 -0.0111
vn -0.6506 -0.2448 0.7189
vn -0.6479 -0.0294 0.7612
vn -0.8191 0.1195 0.5611
vn -0.8572 -0.1256 0.4995
vn -0.9205 0.2812 0.2712
vn -0.9830 0.0224 0.1825
vn -0.5089 0.7921 -0.3370
vn -0.6030 0.7901 -0.1099
vn -0.6456 0.7451 0.1671
vn -0.5095 0.3570 0.7829
vn -0.6030 0.5100 0.6134
vn -0.6456 0.6634 0.3783
vn -0.1978 0.9552 0.2201
vn -0.1946 0.9271 0.3202
vn -0.1946 0.9010 0.3877
vn 0.6479 -0.0294 0.7612
vn 0.6506 -0.2448 0.7189
vn 0.8572 -0.1256 0.4995
vn 0.8191 0.1195 0.5611
vn 0.9830 0.0224 0.1825
vn 0.9205 0.2812 0.2712
vn 0.6434 0.3076 -0.7010
vn 0.6479 0.4926 -0.5811
vn 0.8191 0.4662 -0.3343
vn 0.8572 0.2436 -0.4538
vn 0.9205 0.3905 -0.0111
vn 0.9830 0.1395 -0.1198
vn 0.5095 0.3570 0.7829
vn 0.6030 0.5100 0.6134
vn 0.6456 0.6634 0.3783
vn 0.5091 0.7920 -0.3369
vn 0.6030 0.7901 -0.1099
vn 0.6456 0.7451 0.1671
vn 0.1841 0.8059 0.5626
vn 0.1978 0.8543 0.4806
vn 0.1946 0.9010 0.3877
vn 0.1843 0.9747 0.1267
vn -0.1037 0.9699 0.2203
vn 0.5626 0.0121 -0.8266
vn 0.6029 0.1992 -0.7726
vn 0.8395 0.0970 -0.5347
vn 0.7774 -0.1343 -0.6146
vn 0.9803 -0.0345 -0.1946
vn 0.9105 -0.2959 -0.2889
vn 0.6098 -0.3734 0.6991
vn 0.5619 -0.5504 0.6176
vn 0.7774 -0.5132 0.3638
vn 0.8395 -0.2884 0.4605
vn 0.9105 -0.4133 0.0143
vn 0.9803 -0.1566 0.1206
vn 0.4365 -0.3422 -0.8321
vn 0.5604 -0.5085 -0.6537
vn 0.6267 -0.6742 -0.3907
vn 0.4348 -0.8158 0.3814
vn 0.5604 -0.8162 0.1407
vn 0.6267 -0.7615 -0.1653
vn 0.1668 -0.7813 -0.6015
vn 0.1872 -0.8444 -0.5020
vn 0.1877 -0.9007 -0.3918
vn 0.1653 -0.9827 -0.0842
vn 0.1872 -0.9622 -0.1976
vn 0.1877 -0.9297 -0.3170
vn -0.5619 -0.5504 0.6176
vn -0.6098 -0.3734 0.6991
vn -0.8395 -0.2884 0.4605
vn -0.7774 -0.5132 0.3638
vn -0.9803 -0.1566 0.1206
vn -0.9105 -0.4133 0.0143
vn -0.6165 0.1958 -0.7626
vn -0.5618 0.0121 -0.8272
vn -0.7774 -0.1343 -0.6146
vn -0.8395 0.0970 -0.5347
vn -0.9105 -0.2959 -0.2889
vn -0.9803 -0.0345 -0.1946
vn -0.4348 -0.8158 0.3814
vn -0.5604 -0.8162 0.1407
vn -0.6267 -0.7615 -0.1653
vn -0.4355 -0.3423 -0.8326
vn -0.5604 -0.5085 -0.6537
vn -0.6267 -0.6742 -0.3907
vn -0.1653 -0.9827 -0.0842
vn -0.1872 -0.9622 -0.1976
vn -0.1877 -0.9297 -0.3170
vn -0.1667 -0.7813 -0.6015
vn -0.1872 -0.8444 -0.5020
vn -0.1877 -0.9007 -0.3918
vn -0.0000 -0.9325 -0.3611
vn 0.1037 0.9699 0.2203
vn -0.1037 -0.8411 -0.5309
vn -0.4325 0.8422 -0.3219
vn -0.5031 0.7222 -0.4747
vn -0.0000 0.8797 -0.4756
vn 0.2367 0.9713 0.0218
vn -0.5660 0.4985 -0.6567
vn -0.5393 0.3115 -0.7824
vn -0.5794 0.3555 -0.7334
vn -0.5696 0.4647 -0.6780
vn -0.5773 0.3662 -0.7298
vn -0.5704 0.3143 -0.7589
vn -0.0000 0.5743 -0.8187
vn -0.0000 0.3673 -0.9301
vn -0.0000 0.2338 -0.9723
vn -0.4863 0.2156 -0.8468
vn -0.4946 0.2642 -0.8280
vn -0.5618 0.2638 -0.7841
vn -0.5238 0.2283 -0.8207
vn 0.4320 0.8427 -0.3214
vn 0.5035 0.7219 -0.4747
vn 0.5648 0.4997 -0.6568
vn 0.5777 0.3560 -0.7345
vn 0.5743 0.3037 -0.7602
vn 0.5707 0.4638 -0.6776
vn 0.5419 0.3211 -0.7767
vn 0.5788 0.3658 -0.7288
vn 0.4922 0.2339 -0.8385
vn 0.5030 0.2757 -0.8192
vn 0.5690 0.2499 -0.7834
vn 0.5213 0.2096 -0.8272
vn 0.5425 0.6090 -0.5786
vn 0.5419 0.6139 -0.5740
vn 0.1997 -0.7140 -0.6710
vn -0.0000 -0.4040 -0.9148
vn -0.0000 -0.8232 -0.5677
vn -0.3622 -0.3697 -0.8556
vn -0.4081 -0.2147 -0.8874
vn -0.1996 -0.7141 -0.6710
vn -0.4620 0.0390 -0.8860
vn -0.4777 0.1718 -0.8615
vn -0.4765 0.1855 -0.8594
vn -0.4669 0.0918 -0.8795
vn -0.0000 0.0140 -0.9999
vn -0.4420 -0.0738 -0.8940
vn -0.4427 -0.0591 -0.8947
vn 0.4689 0.0919 -0.8784
vn 0.4785 0.1853 -0.8583
vn 0.4753 0.1720 -0.8629
vn 0.4595 0.0385 -0.8874
vn 0.4098 -0.2138 -0.8868
vn 0.3606 -0.3712 -0.8557
vn 0.1037 -0.8411 -0.5309
vn 0.4447 -0.0590 -0.8937
vn 0.4396 -0.0740 -0.8951
vn -1.0000 -0.0000 -0.0000
vn -0.0000 0.4490 -0.8935
vn -0.1983 -0.8773 -0.4370
vn -0.2011 -0.8047 -0.5586
vn -0.5704 -0.6772 -0.4647
vn -0.5631 -0.7397 -0.3684
vn -0.8459 -0.4420 -0.2984
vn -0.8376 -0.4890 -0.2436
vn 0.2011 -0.8047 -0.5586
vn 0.1976 -0.5818 -0.7889
vn -0.1976 -0.5818 -0.7889
vn -0.9844 -0.1458 -0.0981
vn -0.9805 -0.1761 -0.0877
vn 0.9844 -0.1458 -0.0981
vn 0.9847 -0.1019 -0.1410
vn 0.8432 -0.3268 -0.4268
vn 0.8459 -0.4420 -0.2984
vn -0.9817 0.1600 0.1030
vn -0.9856 0.1512 0.0753
vn -0.1990 0.8250 0.5290
vn -0.1969 0.6219 0.7579
vn 0.1969 0.6219 0.7579
vn 0.1990 0.8250 0.5290
vn -0.8401 0.4557 0.2943
vn -0.8485 0.4737 0.2359
vn -0.8432 -0.3268 -0.4268
vn -0.9847 -0.1019 -0.1410
vn -0.5652 0.6939 0.4462
vn -0.5726 0.7339 0.3655
vn 0.5644 -0.4955 -0.6603
vn 0.5704 -0.6772 -0.4647
vn -0.2019 0.8767 0.4367
vn 0.5599 0.5250 0.6411
vn 0.5652 0.6939 0.4462
vn 0.2019 0.8767 0.4367
vn -0.9798 0.1323 0.1502
vn 0.5726 0.7339 0.3655
vn 0.8401 0.4557 0.2943
vn 0.8485 0.4737 0.2359
vn 0.8344 0.3503 0.4254
vn 0.9817 0.1600 0.1030
vn 0.9856 0.1512 0.0753
vn -0.8344 0.3503 0.4254
vn 0.9805 -0.1761 -0.0877
vn 0.9798 0.1323 0.1502
vn 0.8376 -0.4890 -0.2436
vn -0.5599 0.5250 0.6411
vn 0.5631 -0.7397 -0.3684
vn -0.5644 -0.4955 -0.6603
vn 0.1983 -0.8773 -0.4370
vn 0.8358 0.2863 0.4686
vn 0.9823 0.0958 0.1609
vn -0.9823 0.0958 0.1609
vn -0.8358 0.2863 0.4686
vn 0.8315 -0.2854 -0.4766
vn 0.5529 -0.4241 -0.7172
vn -0.1952 0.5136 0.8355
vn 0.1952 0.5136 0.8355
vn -0.5529 -0.4241 -0.7172
vn -0.8315 -0.2854 -0.4766
vn 0.9807 -0.1029 -0.1664
vn -0.5576 0.4344 0.7074
vn -0.1931 -0.4973 -0.8458
vn 0.1931 -0.4973 -0.8458
vn 0.5576 0.4344 0.7074
vn -0.9807 -0.1029 -0.1664
vn -0.8383 -0.3880 -0.3831
vn -0.9804 -0.1463 -0.1316
vn 0.5734 0.5828 0.5758
vn 0.8482 0.3757 0.3733
vn -0.5649 -0.5825 -0.5844
vn 0.2025 0.6960 0.6889
vn 0.1992 -0.6909 -0.6950
vn -0.1992 -0.6909 -0.6950
vn -0.2025 0.6960 0.6889
vn 0.5649 -0.5825 -0.5844
vn -0.5734 0.5828 0.5758
vn 0.8383 -0.3880 -0.3831
vn -0.8482 0.3757 0.3733
vn 0.9804 -0.1463 -0.1316
vn -0.9853 0.1151 0.1259
vn 0.9853 0.1151 0.1259
vn 0.9816 -0.1716 -0.0836
vn 0.8390 -0.4883 -0.2402
vn -0.9843 0.1580 0.0793
vn -0.8440 0.4801 0.2391
vn 0.9843 0.1580 0.0793
vn -0.9816 -0.1716 -0.0836
vn 0.8440 0.4801 0.2391
vn -0.8390 -0.4883 -0.2402
vn 0.5668 0.7369 0.3684
vn -0.5634 -0.7414 -0.3646
vn 0.1991 0.8760 0.4393
vn 0.1981 -0.8797 -0.4324
vn -0.1981 -0.8797 -0.4324
vn -0.1991 0.8760 0.4393
vn 0.5634 -0.7414 -0.3646
vn -0.5668 0.7369 0.3684
vn -0.2013 0.9667 0.1583
vn 0.2013 0.9667 0.1583
vn 0.5635 -0.8203 -0.0978
vn 0.1984 -0.9735 -0.1140
vn -0.5715 0.8104 0.1287
vn 0.8380 -0.5414 -0.0686
vn -0.8476 0.5248 0.0781
vn 0.9807 -0.1930 -0.0311
vn -0.9853 0.1699 0.0188
vn 0.9853 0.1699 0.0188
vn -0.9807 -0.1930 -0.0311
vn 0.8476 0.5248 0.0781
vn -0.8380 -0.5414 -0.0686
vn 0.5715 0.8104 0.1287
vn -0.5635 -0.8203 -0.0978
vn -0.1984 -0.9735 -0.1140
vn -0.8331 -0.5360 0.1364
vn -0.9795 -0.1982 0.0369
vn 0.5618 0.8123 -0.1564
vn 0.8410 0.5290 -0.1137
vn -0.5586 -0.7996 0.2204
vn 0.1966 0.9647 -0.1751
vn 0.1964 -0.9434 0.2671
vn -0.1964 -0.9434 0.2671
vn -0.1966 0.9647 -0.1751
vn 0.5586 -0.7996 0.2204
vn -0.5618 0.8123 -0.1564
vn 0.8331 -0.5360 0.1364
vn -0.8410 0.5290 -0.1137
vn 0.9795 -0.1982 0.0369
vn -0.9843 0.1695 -0.0490
vn 0.9843 0.1695 -0.0490
vn -0.9851 0.1389 -0.1015
vn -0.8426 0.4569 -0.2850
vn 0.9851 0.1389 -0.1015
vn 0.9773 -0.1830 0.1072
vn -0.9773 -0.1830 0.1072
vn 0.8426 0.4569 -0.2850
vn -0.8272 -0.4659 0.3141
vn 0.5648 0.7109 -0.4190
vn -0.5538 -0.6788 0.4822
vn 0.1982 0.8506 -0.4870
vn 0.1948 -0.7937 0.5763
vn -0.1948 -0.7937 0.5763
vn -0.1982 0.8506 -0.4870
vn 0.5538 -0.6788 0.4822
vn -0.5648 0.7109 -0.4190
vn 0.8272 -0.4659 0.3141
vn 0.5411 -0.4795 0.6908
vn 0.1893 -0.5534 0.8111
vn -0.5756 0.4891 -0.6554
vn -0.2036 0.5878 -0.7830
vn 0.8159 -0.3371 0.4697
vn -0.8504 0.3109 -0.4245
vn 0.9733 -0.1400 0.1821
vn -0.9876 0.0877 -0.1306
vn 0.9876 0.0877 -0.1306
vn -0.9733 -0.1400 0.1821
vn 0.8504 0.3109 -0.4245
vn -0.8159 -0.3371 0.4697
vn 0.5756 0.4891 -0.6554
vn -0.5411 -0.4795 0.6908
vn 0.2036 0.5878 -0.7830
vn -0.1893 -0.5534 0.8111
vn 0.5727 0.2317 -0.7863
vn 0.8477 0.1509 -0.5085
vn -0.5385 -0.2438 0.8066
vn -0.8147 -0.1657 0.5557
vn 0.2024 0.2764 -0.9395
vn 0.1879 -0.2861 0.9396
vn -0.1879 -0.2861 0.9396
vn -0.2024 0.2764 -0.9395
vn 0.5385 -0.2438 0.8066
vn -0.5727 0.2317 -0.7863
vn 0.8147 -0.1657 0.5557
vn -0.8477 0.1509 -0.5085
vn 0.9736 -0.0636 0.2193
vn -0.9869 0.0473 -0.1543
vn 0.9869 0.0473 -0.1543
vn -0.9736 -0.0636 0.2193
vn -0.9856 0.0042 -0.1688
vn -0.8443 -0.0114 -0.5357
vn 0.9856 0.0042 -0.1688
vn 0.9759 0.0102 0.2182
vn -0.9759 0.0102 0.2182
vn 0.8443 -0.0114 -0.5357
vn -0.8221 0.0045 0.5694
vn 0.5683 -0.0287 -0.8223
vn -0.5478 -0.0073 0.8366
vn 0.2002 -0.0400 -0.9789
vn 0.1922 -0.0164 0.9812
vn -0.1922 -0.0164 0.9812
vn -0.2002 -0.0400 -0.9789
vn 0.5478 -0.0073 0.8366
vn -0.5683 -0.0287 -0.8223
vn 0.8221 0.0045 0.5694
vn -0.8400 -0.1615 -0.5181
vn -0.5630 -0.2582 -0.7851
vn 0.9788 0.0650 0.1942
vn 0.8300 0.1541 0.5360
vn -0.9839 -0.0453 -0.1732
vn 0.9839 -0.0453 -0.1732
vn -0.9788 0.0650 0.1942
vn 0.8400 -0.1615 -0.5181
vn -0.8300 0.1541 0.5360
vn 0.5630 -0.2582 -0.7851
vn -0.5559 0.2170 0.8024
vn 0.1977 -0.3129 -0.9290
vn 0.1955 0.2498 0.9483
vn -0.1955 0.2498 0.9483
vn -0.1977 -0.3129 -0.9290
vn 0.5559 0.2170 0.8024
vn 0.1977 0.4737 0.8582
vn -0.1977 0.4737 0.8582
vn -0.5614 0.4023 0.7231
vn -0.1990 -0.5012 -0.8421
vn 0.1990 -0.5012 -0.8421
vn 0.5614 0.4023 0.7231
vn -0.5658 -0.4199 -0.7096
vn 0.8355 0.2721 0.4773
vn -0.8419 -0.2710 -0.4666
vn 0.9804 0.1042 0.1674
vn -0.9838 -0.0839 -0.1584
vn 0.9838 -0.0839 -0.1584
vn -0.9804 0.1042 0.1674
vn 0.8419 -0.2710 -0.4666
vn -0.8355 0.2721 0.4773
vn 0.5658 -0.4199 -0.7096
vn 0.8173 -0.3428 -0.4632
vn 0.9719 -0.1397 -0.1893
vn -0.8564 0.3052 0.4164
vn -0.9898 0.0843 0.1149
vn 0.5441 -0.5000 -0.6738
vn -0.5787 0.4816 0.6581
vn 0.1906 -0.5857 -0.7878
vn 0.2040 0.5778 0.7902
vn -0.2040 0.5778 0.7902
vn -0.1906 -0.5857 -0.7878
vn 0.5787 0.4816 0.6581
vn -0.5441 -0.5000 -0.6738
vn 0.8564 0.3052 0.4164
vn -0.8173 -0.3428 -0.4632
vn 0.9898 0.0843 0.1149
vn -0.9719 -0.1397 -0.1893
vn -0.0000 0.7249 -0.6889
vn -0.8315 -0.2854 -0.4767
vn -0.5576 0.4343 0.7074
vn 0.5576 0.4343 0.7074
vn -0.1893 -0.5535 0.8111
vn 0.1893 -0.5535 0.8111
vn -0.5658 -0.4199 -0.7097
vn 0.9911 0.0612 0.1180
vn 0.9859 0.0414 0.1618
vn 0.9620 0.2111 -0.1730
vn 0.9686 -0.2483 -0.0098
vn 0.9912 -0.0982 -0.0887
vn 0.9751 0.0218 -0.2208
vn 0.9832 0.0720 -0.1678
vn 0.9917 0.0516 0.1178
vn 0.9908 0.1244 0.0530
vn 0.9864 0.0332 0.1610
vn 0.9773 -0.0301 0.2098
vn 0.9818 -0.1287 0.1397
vn 0.9806 0.1953 0.0135
vn 0.9899 0.1050 0.0953
vn 0.9672 -0.2535 0.0179
vn -0.9806 0.1953 0.0135
vn -0.9672 -0.2535 0.0179
vn -0.9899 0.1050 0.0953
vn -0.9908 0.1244 0.0530
vn -0.9686 -0.2483 -0.0098
vn -0.9917 0.0516 0.1178
vn -0.9896 0.0180 0.1430
vn -0.9832 0.0720 -0.1678
vn -0.9751 0.0218 -0.2208
vn -0.9912 -0.0982 -0.0887
vn -0.9620 0.2111 -0.1730
vn -0.9859 0.0414 0.1618
vn -0.9911 0.0612 0.1180
vn -0.9920 0.0963 0.0816
vn -0.9731 0.2142 -0.0844
vn 0.9731 0.2142 -0.0844
vn 0.9920 0.0963 0.0816
vn 0.9896 0.0180 0.1430
vn 0.8346 0.5141 0.1979
vn 0.7938 0.5875 0.1571
vn 0.1994 0.9567 0.2118
vn 0.2720 0.9018 0.3358
vn 0.6705 0.4909 -0.5563
vn 0.7807 0.6161 -0.1049
vn 0.1919 0.6121 -0.7671
vn 0.2549 0.9613 -0.1045
vn -0.7807 0.6161 -0.1049
vn -0.6705 0.4909 -0.5563
vn -0.2549 0.9613 -0.1045
vn -0.1919 0.6121 -0.7671
vn 0.8495 0.4046 0.3386
vn 0.3121 0.7293 0.6089
vn -0.8495 0.4046 0.3386
vn -0.3121 0.7293 0.6089
vn 0.7979 0.2474 0.5497
vn 0.2541 0.4197 0.8714
vn -0.7979 0.2474 0.5497
vn -0.2541 0.4197 0.8714
vn 0.7538 0.1077 0.6482
vn 0.2257 0.1394 0.9642
vn -0.7538 0.1077 0.6482
vn -0.2257 0.1394 0.9642
vn 0.8548 0.3124 0.4143
vn 0.3248 0.5147 0.7934
vn -0.8346 0.5141 0.1979
vn -0.8548 0.3124 0.4143
vn -0.1994 0.9567 0.2118
vn -0.3248 0.5147 0.7934
vn -0.7925 0.0908 0.6031
vn -0.2446 0.1498 0.9580
vn -0.6900 0.2629 -0.6743
vn -0.6961 0.0755 -0.7139
vn -0.1966 0.3640 -0.9104
vn -0.1965 0.1048 -0.9749
vn 0.6961 0.0755 -0.7139
vn 0.6900 0.2629 -0.6743
vn 0.1965 0.1048 -0.9749
vn 0.1966 0.3640 -0.9104
vn -0.8137 -0.2662 -0.5168
vn -0.3047 -0.4708 -0.8280
vn 0.8137 -0.2662 -0.5168
vn 0.3047 -0.4708 -0.8280
vn -0.8014 -0.5871 -0.1144
vn -0.3239 -0.8975 -0.2993
vn 0.8014 -0.5871 -0.1144
vn 0.3239 -0.8975 -0.2993
vn 0.7925 0.0908 0.6031
vn 0.2446 0.1498 0.9580
vn 0.6992 -0.1035 0.7074
vn 0.6843 -0.3952 0.6129
vn 0.1906 -0.1313 0.9728
vn 0.2052 -0.5305 0.8224
vn -0.9773 -0.0301 0.2098
vn -0.9818 -0.1287 0.1397
vn -0.6843 -0.3952 0.6129
vn -0.6992 -0.1035 0.7074
vn -0.2052 -0.5305 0.8224
vn -0.1906 -0.1313 0.9728
vn 0.7508 -0.6337 0.1862
vn 0.2223 -0.9149 0.3369
vn -0.7508 -0.6337 0.1862
vn -0.2223 -0.9149 0.3369
vn -0.9864 0.0332 0.1610
vn -0.7493 0.0833 0.6569
vn -0.8165 0.3025 0.4918
vn -0.2216 0.1202 0.9677
vn -0.2849 0.5163 0.8076
vn 0.8165 0.3025 0.4918
vn 0.7493 0.0833 0.6569
vn 0.2849 0.5163 0.8076
vn 0.2216 0.1202 0.9677
vn -0.7938 0.5875 0.1571
vn -0.2720 0.9018 0.3358
vt 0.895738 0.388123
vt 0.891856 0.387106
vt 0.889774 0.385002
vt 0.573992 0.162521
vt 0.551286 0.155385
vt 0.573285 0.159687
vt 0.573860 0.165381
vt 0.549976 0.158333
vt 0.573843 0.333547
vt 0.547120 0.334624
vt 0.573921 0.330717
vt 0.548362 0.154495
vt 0.565340 0.128286
vt 0.566553 0.131733
vt 0.644670 0.043592
vt 0.647358 0.047801
vt 0.643662 0.048234
vt 0.641114 0.043926
vt 0.657359 0.362123
vt 0.654214 0.365734
vt 0.650455 0.365540
vt 0.653514 0.361777
vt 0.650687 0.051193
vt 0.646844 0.051857
vt 0.582744 0.161323
vt 0.587875 0.160857
vt 0.588678 0.163302
vt 0.583559 0.163469
vt 0.587550 0.335408
vt 0.582445 0.334852
vt 0.583447 0.332476
vt 0.588543 0.332784
vt 0.577917 0.160794
vt 0.578767 0.163179
vt 0.577641 0.335324
vt 0.578634 0.332786
vt 0.573033 0.336425
vt 0.441248 0.438290
vt 0.440243 0.443208
vt 0.436865 0.442103
vt 0.438104 0.437162
vt 0.458641 0.037151
vt 0.458950 0.042152
vt 0.455600 0.042653
vt 0.455022 0.037614
vt 0.443044 0.433996
vt 0.439914 0.432583
vt 0.446488 0.434813
vt 0.444623 0.439013
vt 0.462473 0.042101
vt 0.463694 0.046609
vt 0.460099 0.046636
vt 0.449207 0.431181
vt 0.445608 0.430050
vt 0.465688 0.050842
vt 0.461891 0.050975
vt 0.744778 0.119099
vt 0.749892 0.119642
vt 0.750709 0.122241
vt 0.745602 0.121741
vt 0.750156 0.289417
vt 0.745121 0.290270
vt 0.745695 0.287761
vt 0.750739 0.287157
vt 0.739925 0.117383
vt 0.740526 0.120211
vt 0.740462 0.292131
vt 0.740789 0.289388
vt 0.735958 0.118035
vt 0.740762 0.122866
vt 0.735743 0.120921
vt 0.903230 0.387669
vt 0.900101 0.387840
vt 0.886566 0.378907
vt 0.543625 0.469280
vt 0.544509 0.474346
vt 0.539726 0.476134
vt 0.537152 0.469501
vt 0.432620 0.420286
vt 0.510785 0.343994
vt 0.517172 0.357705
vt 0.442554 0.428151
vt 0.961422 0.198074
vt 0.929932 0.386363
vt 0.876909 0.313787
vt 0.880189 0.198114
vt 0.883163 0.198154
vt 0.868424 0.208204
vt 0.527749 0.021343
vt 0.525024 0.020079
vt 0.527065 0.016871
vt 0.897459 0.388002
vt 0.887348 0.380787
vt 0.735722 0.115060
vt 0.736434 0.291619
vt 0.735794 0.288914
vt 0.740795 0.286803
vt 0.736516 0.294519
vt 0.648114 0.369932
vt 0.647085 0.374769
vt 0.643669 0.374297
vt 0.644671 0.369419
vt 0.651724 0.370061
vt 0.650637 0.374935
vt 0.639793 0.039146
vt 0.637747 0.044606
vt 0.636450 0.039790
vt 0.643293 0.038782
vt 0.646917 0.364818
vt 0.640226 0.049115
vt 0.650013 0.360806
vt 0.643385 0.053119
vt 0.589027 0.166353
vt 0.583909 0.166236
vt 0.583917 0.329926
vt 0.589027 0.329849
vt 0.578964 0.165903
vt 0.578993 0.330217
vt 0.518882 0.142094
vt 0.458464 0.051984
vt 0.443873 0.443992
vt 0.462411 0.037072
vt 0.456700 0.047353
vt 0.751020 0.124922
vt 0.745949 0.124291
vt 0.745960 0.285267
vt 0.751020 0.284675
vt 0.539000 0.024498
vt 0.544492 0.024533
vt 0.545193 0.026165
vt 0.540128 0.027016
vt 0.546295 0.029040
vt 0.540904 0.029795
vt 0.579683 0.122788
vt 0.574672 0.124501
vt 0.574832 0.121829
vt 0.579857 0.120086
vt 0.574360 0.119569
vt 0.579310 0.117572
vt 0.533363 0.023457
vt 0.534382 0.027058
vt 0.534824 0.030500
vt 0.570303 0.127648
vt 0.569938 0.124692
vt 0.568996 0.122289
vt 0.528281 0.026441
vt 0.528177 0.031571
vt 0.563203 0.125675
vt 0.573972 0.371006
vt 0.579054 0.372479
vt 0.579627 0.374631
vt 0.574437 0.373459
vt 0.579630 0.376949
vt 0.574413 0.375724
vt 0.560782 0.473442
vt 0.555377 0.474413
vt 0.556058 0.471766
vt 0.561208 0.471684
vt 0.556310 0.468848
vt 0.561730 0.468626
vt 0.569477 0.368247
vt 0.569318 0.371223
vt 0.568676 0.373710
vt 0.550003 0.476427
vt 0.550402 0.472688
vt 0.550260 0.469202
vt 0.565663 0.364493
vt 0.564448 0.368192
vt 0.562377 0.371132
vt 0.544821 0.479494
vt 0.547907 0.341587
vt 0.550969 0.340930
vt 0.530717 0.128893
vt 0.523852 0.136665
vt 0.477738 0.052173
vt 0.521457 0.032514
vt 0.522995 0.025459
vt 0.886444 0.198196
vt 0.695647 0.021802
vt 0.700636 0.021358
vt 0.701149 0.022976
vt 0.696668 0.024270
vt 0.702271 0.024860
vt 0.697542 0.026732
vt 0.746233 0.084811
vt 0.741399 0.086048
vt 0.741441 0.083299
vt 0.746133 0.081648
vt 0.740483 0.081046
vt 0.744974 0.078832
vt 0.690374 0.021360
vt 0.691367 0.024985
vt 0.691858 0.028655
vt 0.737110 0.089062
vt 0.736870 0.086197
vt 0.735687 0.083986
vt 0.685292 0.019312
vt 0.685623 0.024853
vt 0.685409 0.031053
vt 0.733617 0.093183
vt 0.732784 0.090071
vt 0.730807 0.087872
vt 0.744719 0.322826
vt 0.749634 0.323638
vt 0.749779 0.327069
vt 0.745001 0.325599
vt 0.748656 0.330116
vt 0.744103 0.327918
vt 0.706691 0.388138
vt 0.701859 0.388217
vt 0.702611 0.386020
vt 0.706687 0.387527
vt 0.703393 0.383265
vt 0.708176 0.384837
vt 0.740191 0.320100
vt 0.740163 0.322939
vt 0.739096 0.325163
vt 0.696860 0.389291
vt 0.697451 0.385478
vt 0.697709 0.381695
vt 0.736384 0.316197
vt 0.735763 0.319293
vt 0.733915 0.321501
vt 0.692182 0.391845
vt 0.691896 0.386139
vt 0.691301 0.379666
vt 0.713819 0.110366
vt 0.717300 0.111251
vt 0.207749 0.138279
vt 0.377358 0.136749
vt 0.377215 0.140164
vt 0.207552 0.141656
vt 0.377116 0.143936
vt 0.207385 0.145363
vt 0.687066 0.388023
vt 0.684202 0.380199
vt 0.661021 0.136844
vt 0.709110 0.117135
vt 0.654968 0.170292
vt 0.690049 0.393427
vt 0.709522 0.294038
vt 0.663536 0.275282
vt 0.657075 0.242734
vt 0.381340 0.056490
vt 0.212076 0.035606
vt 0.212201 0.032176
vt 0.381464 0.053113
vt 0.212388 0.028412
vt 0.381667 0.049396
vt 0.377409 0.451501
vt 0.208377 0.449992
vt 0.208204 0.446621
vt 0.377254 0.448079
vt 0.208062 0.442921
vt 0.377139 0.444299
vt 0.212214 0.552499
vt 0.381449 0.531928
vt 0.381539 0.535308
vt 0.212320 0.555930
vt 0.381723 0.539028
vt 0.212490 0.559695
vt 0.519505 0.360823
vt 0.680839 0.023388
vt 0.678619 0.030989
vt 0.877710 0.198074
vt 0.869084 0.204901
vt 0.521441 0.139314
vt 0.540000 0.160043
vt 0.540266 0.335901
vt 0.506021 0.263797
vt 0.544638 0.342409
vt 0.549823 0.396402
vt 0.529237 0.370168
vt 0.506401 0.232711
vt 0.398681 0.259953
vt 0.399910 0.229949
vt 0.545235 0.153431
vt 0.546201 0.102683
vt 0.510840 0.182208
vt 0.505828 0.213519
vt 0.401854 0.169596
vt 0.415002 0.144546
vt 0.521683 0.363762
vt 0.460775 0.432847
vt 0.509472 0.152784
vt 0.446726 0.057984
vt 0.505794 0.283273
vt 0.548946 0.161505
vt 0.549708 0.338193
vt 0.681375 0.324073
vt 0.685753 0.329565
vt 0.663954 0.362033
vt 0.872812 0.199361
vt 0.511113 0.313491
vt 0.542578 0.481058
vt 0.869397 0.203056
vt 0.418324 0.357870
vt 0.403403 0.332868
vt 0.375886 0.394286
vt 0.205834 0.390574
vt 0.205748 0.386992
vt 0.375787 0.390449
vt 0.205773 0.383550
vt 0.375772 0.386761
vt 0.204777 0.197759
vt 0.376275 0.193900
vt 0.376234 0.197728
vt 0.204644 0.201347
vt 0.376280 0.201408
vt 0.204623 0.204796
vt 0.940861 0.766525
vt 0.942084 0.595809
vt 0.945753 0.595627
vt 0.944599 0.766380
vt 0.949281 0.595568
vt 0.948192 0.766331
vt 0.332862 0.751857
vt 0.332511 0.581135
vt 0.336249 0.581299
vt 0.336529 0.752059
vt 0.339841 0.581368
vt 0.340056 0.752137
vt 0.475409 0.048003
vt 0.530908 0.011913
vt 0.397243 0.166896
vt 0.410884 0.141874
vt 0.429189 0.426394
vt 0.444619 0.051862
vt 0.399067 0.336067
vt 0.414295 0.360610
vt 0.393556 0.259746
vt 0.394817 0.229700
vt 0.544895 0.483606
vt 0.474206 0.043345
vt 0.474222 0.038180
vt 0.474292 0.039388
vt 0.535237 0.008801
vt 0.537101 0.008375
vt 0.540271 0.007842
vt 0.392903 0.164284
vt 0.388493 0.161604
vt 0.402442 0.136636
vt 0.406786 0.139293
vt 0.425494 0.437195
vt 0.426940 0.431959
vt 0.442553 0.040936
vt 0.443324 0.046251
vt 0.394934 0.339040
vt 0.410348 0.363380
vt 0.406183 0.366296
vt 0.390727 0.342040
vt 0.383467 0.259252
vt 0.384772 0.229235
vt 0.389884 0.229481
vt 0.388594 0.259523
vt 0.352812 0.752118
vt 0.352593 0.581375
vt 0.962341 0.595659
vt 0.961248 0.766396
vt 0.353477 0.580530
vt 0.382384 0.580530
vt 0.382384 0.751286
vt 0.353477 0.751286
vt 0.947526 0.573404
vt 0.947526 0.402649
vt 0.977657 0.402649
vt 0.977657 0.573404
vt 0.962087 0.368830
vt 0.962087 0.198074
vt 0.990690 0.198074
vt 0.990690 0.368830
vt 0.930191 0.596607
vt 0.930191 0.767091
vt 0.930897 0.634609
vt 0.213800 0.007842
vt 0.318384 0.021024
vt 0.382802 0.030521
vt 0.457694 0.436064
vt 0.549518 0.487861
vt 0.455776 0.440087
vt 0.455635 0.441141
vt 0.455139 0.445050
vt 0.554321 0.490224
vt 0.559452 0.490355
vt 0.557597 0.490423
vt 0.382802 0.557480
vt 0.278114 0.570367
vt 0.213775 0.579865
vt 0.321362 0.751009
vt 0.321362 0.616182
vt 0.322191 0.580530
vt 0.457249 0.436955
vt 0.552699 0.489473
vt 0.720384 0.111867
vt 0.683219 0.018031
vt 0.684815 0.015832
vt 0.664214 0.301699
vt 0.633052 0.360309
vt 0.634685 0.354319
vt 0.618248 0.120868
vt 0.604480 0.144732
vt 0.599938 0.141832
vt 0.614363 0.118023
vt 0.607405 0.267521
vt 0.620630 0.293869
vt 0.616465 0.296286
vt 0.602788 0.270287
vt 0.629319 0.059669
vt 0.627171 0.054005
vt 0.605915 0.192160
vt 0.605196 0.221970
vt 0.600058 0.221834
vt 0.600907 0.191931
vt 0.662578 0.365353
vt 0.696383 0.399377
vt 0.692154 0.395717
vt 0.660929 0.374675
vt 0.661573 0.369765
vt 0.661453 0.370794
vt 0.706111 0.401771
vt 0.704219 0.401984
vt 0.701153 0.401707
vt 0.631398 0.371553
vt 0.631898 0.366224
vt 0.589692 0.221326
vt 0.590689 0.191420
vt 0.595740 0.191694
vt 0.594789 0.221636
vt 0.607811 0.301511
vt 0.593912 0.275920
vt 0.598267 0.273223
vt 0.612142 0.298925
vt 0.610285 0.115045
vt 0.595462 0.138785
vt 0.591315 0.135732
vt 0.606247 0.112067
vt 0.625580 0.048285
vt 0.624730 0.043023
vt 0.662367 0.366170
vt 0.699416 0.400912
vt 0.692849 0.008807
vt 0.694593 0.008311
vt 0.697604 0.007842
vt 0.653194 0.038438
vt 0.653409 0.039489
vt 0.654079 0.043310
vt 0.688482 0.011716
vt 0.655319 0.047606
vt 0.656958 0.050741
vt 0.689698 0.010824
vt 0.654384 0.044344
vt 0.681856 0.081566
vt 0.677986 0.086906
vt 0.675378 0.090283
vt 0.719361 0.114660
vt 0.672747 0.093688
vt 0.655050 0.190553
vt 0.675822 0.317523
vt 0.716124 0.299631
vt 0.722075 0.291356
vt 0.718803 0.118568
vt 0.656559 0.222765
vt 0.698344 0.353909
vt 0.661305 0.109922
vt 0.693928 0.056266
vt 0.678617 0.320798
vt 0.720245 0.294934
vt 0.721863 0.297804
vt 0.719193 0.298600
vt 0.728467 0.402649
vt 0.778875 0.402877
vt 0.717590 0.412117
vt 0.946861 0.402649
vt 0.946861 0.594903
vt 0.930191 0.594903
vt 0.930191 0.402649
vt 0.517487 0.491088
vt 0.517487 0.683342
vt 0.500206 0.683342
vt 0.500206 0.491088
vt 0.588659 0.491088
vt 0.588659 0.683342
vt 0.571988 0.683342
vt 0.571988 0.491088
vt 0.783439 0.007842
vt 0.833847 0.008070
vt 0.772562 0.017310
vt 0.950196 0.195625
vt 0.945664 0.197409
vt 0.953233 0.191865
vt 0.384279 0.496117
vt 0.387598 0.492405
vt 0.392513 0.491088
vt 0.213669 0.580530
vt 0.320697 0.580530
vt 0.204623 0.590695
vt 0.590040 0.774993
vt 0.599103 0.783071
vt 0.591943 0.779489
vt 0.697526 0.597610
vt 0.700844 0.593897
vt 0.705760 0.592580
vt 0.553378 0.491088
vt 0.553378 0.683342
vt 0.536097 0.683342
vt 0.536097 0.491088
vt 0.535432 0.491088
vt 0.535432 0.683342
vt 0.518152 0.683342
vt 0.518152 0.491088
vt 0.571324 0.683342
vt 0.554043 0.683342
vt 0.554043 0.491088
vt 0.571324 0.491088
vt 0.928714 0.776817
vt 0.925395 0.780529
vt 0.920480 0.781847
vt 0.686841 0.592431
vt 0.695354 0.586328
vt 0.692511 0.590319
vt 0.897772 0.591915
vt 0.847365 0.591687
vt 0.908649 0.582447
vt 0.774528 0.202447
vt 0.778510 0.198990
vt 0.783439 0.197773
vt 0.888481 0.383773
vt 0.901119 0.196459
vt 0.868424 0.007842
vt 0.971943 0.056150
vt 0.965231 0.007842
vt 0.970071 0.008998
vt 0.974149 0.016545
vt 0.973448 0.012605
vt 0.974395 0.017733
vt 0.954672 0.188054
vt 0.949580 0.196284
vt 0.952890 0.192878
vt 0.867759 0.197108
vt 0.760731 0.197108
vt 0.751685 0.186943
vt 0.755816 0.195791
vt 0.752497 0.192079
vt 0.774528 0.012515
vt 0.778510 0.009059
vt 0.812787 0.591915
vt 0.705760 0.591915
vt 0.696714 0.581751
vt 0.700844 0.590598
vt 0.697526 0.586886
vt 0.719556 0.407323
vt 0.723539 0.403866
vt 0.813452 0.402649
vt 0.920480 0.402649
vt 0.929526 0.412814
vt 0.925395 0.403966
vt 0.928714 0.407678
vt 0.906684 0.587241
vt 0.902701 0.590698
vt 0.833847 0.198002
vt 0.772562 0.207242
vt 0.867759 0.387039
vt 0.751685 0.376875
vt 0.760731 0.387039
vt 0.755816 0.385722
vt 0.752497 0.382010
vt 0.612958 0.594153
vt 0.616842 0.593096
vt 0.612041 0.595037
vt 0.618403 0.593190
vt 0.621072 0.593325
vt 0.607792 0.602353
vt 0.608943 0.599191
vt 0.609633 0.597512
vt 0.589692 0.773040
vt 0.601328 0.783001
vt 0.597275 0.707703
vt 0.607519 0.782830
vt 0.604273 0.782917
vt 0.651178 0.594593
vt 0.624227 0.593471
vt 0.682291 0.783071
vt 0.590751 0.778212
vt 0.594223 0.781863
vt 0.589692 0.592431
vt 0.696049 0.582255
vt 0.622310 0.403950
vt 0.679651 0.447904
vt 0.666769 0.402649
vt 0.675867 0.411938
vt 0.670689 0.403735
vt 0.673259 0.406302
vt 0.675496 0.410866
vt 0.674029 0.407111
vt 0.691728 0.591150
vt 0.695116 0.587446
vt 0.813452 0.781847
vt 0.929526 0.771682
vt 0.847365 0.592809
vt 0.908649 0.602049
vt 0.897772 0.592580
vt 0.902701 0.593797
vt 0.906684 0.597254
vt 0.812787 0.592580
vt 0.696714 0.602745
vt 0.778875 0.781618
vt 0.717590 0.772378
vt 0.728467 0.781847
vt 0.723539 0.780629
vt 0.719556 0.777173
vt 0.499541 0.491088
vt 0.383467 0.501252
vt 0.465629 0.680125
vt 0.404344 0.670885
vt 0.415221 0.680354
vt 0.410292 0.679137
vt 0.406310 0.675680
vt 0.286784 0.769568
vt 0.225500 0.760328
vt 0.236376 0.769797
vt 0.231448 0.768579
vt 0.227465 0.765123
vt 0.205435 0.585559
vt 0.208754 0.581847
vt 0.140888 0.170490
vt 0.142741 0.175685
vt 0.147396 0.174436
vt 0.143440 0.168875
vt 0.151049 0.172271
vt 0.145424 0.166890
vt 0.137487 0.176300
vt 0.137712 0.177707
vt 0.142804 0.177130
vt 0.153070 0.168872
vt 0.146576 0.164093
vt 0.125418 0.172790
vt 0.125250 0.175882
vt 0.128604 0.177494
vt 0.128465 0.175281
vt 0.154413 0.164591
vt 0.146432 0.161180
vt 0.119204 0.153299
vt 0.112893 0.160746
vt 0.116009 0.162745
vt 0.120247 0.157160
vt 0.154908 0.160043
vt 0.144753 0.158074
vt 0.151291 0.174873
vt 0.154103 0.172406
vt 0.155129 0.155610
vt 0.142276 0.155070
vt 0.132797 0.177965
vt 0.132544 0.176412
vt 0.155292 0.151976
vt 0.137934 0.151976
vt 0.118352 0.165939
vt 0.121001 0.161160
vt 0.133658 0.154963
vt 0.155958 0.168719
vt 0.131101 0.157915
vt 0.121913 0.165258
vt 0.129590 0.161306
vt 0.120451 0.169539
vt 0.123312 0.169232
vt 0.129534 0.164380
vt 0.157497 0.164562
vt 0.130396 0.167289
vt 0.122652 0.173015
vt 0.132230 0.169426
vt 0.159128 0.160502
vt 0.134783 0.170790
vt 0.147454 0.176224
vt 0.137841 0.171206
vt 0.161447 0.157070
vt 0.121196 0.177465
vt 0.124413 0.179499
vt 0.155688 0.176420
vt 0.158375 0.173631
vt 0.130851 0.181418
vt 0.134559 0.181253
vt 0.110527 0.173370
vt 0.114298 0.173650
vt 0.146420 0.180203
vt 0.149956 0.179697
vt 0.127520 0.180930
vt 0.161348 0.170799
vt 0.164731 0.168532
vt 0.142559 0.180583
vt 0.138533 0.180900
vt 0.117817 0.175304
vt 0.153019 0.178567
vt 0.148342 0.183742
vt 0.151282 0.183273
vt 0.119701 0.183731
vt 0.123475 0.184169
vt 0.145360 0.184045
vt 0.115747 0.183401
vt 0.139232 0.184442
vt 0.142331 0.184337
vt 0.111860 0.183836
vt 0.136148 0.184633
vt 0.160930 0.180856
vt 0.164704 0.180035
vt 0.133103 0.184793
vt 0.157426 0.181701
vt 0.130053 0.184790
vt 0.154249 0.182556
vt 0.126903 0.184551
vt 0.130828 0.187952
vt 0.133834 0.187730
vt 0.153979 0.186705
vt 0.157214 0.186572
vt 0.127658 0.188161
vt 0.150904 0.186822
vt 0.124266 0.188289
vt 0.147946 0.186955
vt 0.120549 0.188242
vt 0.145083 0.187110
vt 0.116564 0.188122
vt 0.139518 0.187319
vt 0.142277 0.187288
vt 0.112633 0.188369
vt 0.136713 0.187518
vt 0.160711 0.186395
vt 0.164509 0.186322
vt 0.113249 0.192569
vt 0.117209 0.192591
vt 0.136473 0.190297
vt 0.139460 0.190046
vt 0.160422 0.191697
vt 0.164129 0.192305
vt 0.133541 0.190595
vt 0.157039 0.191262
vt 0.130696 0.191059
vt 0.154057 0.190688
vt 0.127847 0.191709
vt 0.151275 0.190169
vt 0.124737 0.192305
vt 0.148462 0.189932
vt 0.121154 0.192576
vt 0.145531 0.189924
vt 0.142504 0.190007
vt 0.150161 0.195091
vt 0.152727 0.195437
vt 0.121447 0.198058
vt 0.124656 0.197701
vt 0.146862 0.195293
vt 0.117696 0.198049
vt 0.139103 0.195739
vt 0.143060 0.195601
vt 0.113792 0.197909
vt 0.135285 0.195634
vt 0.160152 0.198257
vt 0.163723 0.199077
vt 0.131928 0.195580
vt 0.157118 0.197482
vt 0.129280 0.195962
vt 0.154772 0.196442
vt 0.127137 0.196876
vt 0.154422 0.203847
vt 0.156399 0.204631
vt 0.127125 0.203630
vt 0.128661 0.202904
vt 0.152992 0.202976
vt 0.125022 0.204176
vt 0.150803 0.202577
vt 0.121963 0.204296
vt 0.147443 0.202723
vt 0.118251 0.204179
vt 0.138659 0.203109
vt 0.143215 0.203021
vt 0.114347 0.204135
vt 0.134378 0.202810
vt 0.159318 0.205184
vt 0.162883 0.205822
vt 0.130943 0.202613
vt 0.134191 0.211555
vt 0.138317 0.211788
vt 0.158191 0.212479
vt 0.161804 0.212835
vt 0.130966 0.211336
vt 0.155260 0.212311
vt 0.128907 0.211339
vt 0.153328 0.212088
vt 0.127578 0.211515
vt 0.152050 0.211804
vt 0.125583 0.211555
vt 0.150044 0.211671
vt 0.122571 0.211375
vt 0.146871 0.211741
vt 0.118873 0.211163
vt 0.142789 0.211836
vt 0.114960 0.211195
vt 0.122906 0.218818
vt 0.125885 0.219565
vt 0.146058 0.222757
vt 0.149127 0.222294
vt 0.119226 0.218321
vt 0.138051 0.222882
vt 0.142194 0.222983
vt 0.115331 0.218314
vt 0.134187 0.222480
vt 0.157401 0.219875
vt 0.161054 0.219776
vt 0.131124 0.221857
vt 0.154429 0.220354
vt 0.129144 0.221123
vt 0.152453 0.221000
vt 0.127844 0.220359
vt 0.151126 0.221678
vt 0.152019 0.228728
vt 0.154018 0.227512
vt 0.127885 0.228175
vt 0.129247 0.229534
vt 0.150611 0.229999
vt 0.125927 0.226826
vt 0.148595 0.231128
vt 0.122987 0.225651
vt 0.145599 0.231953
vt 0.119338 0.224882
vt 0.137908 0.232284
vt 0.141881 0.232366
vt 0.115449 0.224742
vt 0.134201 0.231728
vt 0.156982 0.226556
vt 0.160634 0.226091
vt 0.131227 0.230770
vt 0.154070 0.233316
vt 0.156995 0.231586
vt 0.129167 0.237296
vt 0.131227 0.239372
vt 0.152028 0.235438
vt 0.127655 0.234996
vt 0.150467 0.237637
vt 0.125663 0.232740
vt 0.148371 0.239614
vt 0.122775 0.230820
vt 0.145386 0.241095
vt 0.119182 0.229573
vt 0.137839 0.241823
vt 0.141733 0.241875
vt 0.115308 0.229242
vt 0.134193 0.240951
vt 0.160608 0.230575
vt 0.137834 0.249568
vt 0.141740 0.249594
vt 0.145406 0.248572
vt 0.114883 0.233663
vt 0.118731 0.234194
vt 0.134158 0.248504
vt 0.157372 0.236442
vt 0.160905 0.235009
vt 0.131111 0.246543
vt 0.154504 0.238696
vt 0.128881 0.243951
vt 0.152418 0.241398
vt 0.127152 0.241069
vt 0.150669 0.244168
vt 0.125105 0.238223
vt 0.148440 0.246672
vt 0.122267 0.235790
vt 0.124181 0.242658
vt 0.126260 0.246127
vt 0.148860 0.252677
vt 0.151322 0.249681
vt 0.121485 0.239734
vt 0.145651 0.254947
vt 0.118086 0.237871
vt 0.137831 0.256174
vt 0.141850 0.256162
vt 0.114284 0.237262
vt 0.134006 0.254947
vt 0.158091 0.240328
vt 0.161518 0.238596
vt 0.130758 0.252650
vt 0.155364 0.243045
vt 0.128254 0.249590
vt 0.153286 0.246335
vt 0.179426 0.153484
vt 0.168812 0.153484
vt 0.182061 0.156270
vt 0.164750 0.159911
vt 0.183488 0.159911
vt 0.183488 0.163851
vt 0.166176 0.167491
vt 0.182061 0.167491
vt 0.179426 0.170278
vt 0.172255 0.171785
vt 0.175983 0.171785
vt 0.168812 0.170278
vt 0.164750 0.163851
vt 0.166176 0.156270
vt 0.175983 0.151976
vt 0.172255 0.151976
vt 0.140888 0.310199
vt 0.142741 0.315393
vt 0.147396 0.314144
vt 0.143440 0.308584
vt 0.151049 0.311980
vt 0.145424 0.306599
vt 0.137487 0.316008
vt 0.137712 0.317415
vt 0.142804 0.316838
vt 0.153070 0.308581
vt 0.146576 0.303802
vt 0.125418 0.312499
vt 0.125250 0.315590
vt 0.128604 0.317203
vt 0.128465 0.314989
vt 0.154413 0.304299
vt 0.146432 0.300888
vt 0.119204 0.293007
vt 0.112893 0.300454
vt 0.116009 0.302453
vt 0.120247 0.296868
vt 0.154908 0.299752
vt 0.144753 0.297782
vt 0.151291 0.314582
vt 0.154103 0.312115
vt 0.155129 0.295319
vt 0.142276 0.294778
vt 0.132797 0.317673
vt 0.132544 0.316120
vt 0.155292 0.291685
vt 0.137934 0.291685
vt 0.118352 0.305647
vt 0.121001 0.300869
vt 0.133658 0.294672
vt 0.155958 0.308427
vt 0.131101 0.297623
vt 0.121913 0.304966
vt 0.129590 0.301015
vt 0.120451 0.309247
vt 0.123312 0.308940
vt 0.129534 0.304088
vt 0.157497 0.304270
vt 0.130396 0.306998
vt 0.122652 0.312723
vt 0.132230 0.309135
vt 0.159128 0.300211
vt 0.134783 0.310498
vt 0.147454 0.315932
vt 0.137841 0.310914
vt 0.161447 0.296779
vt 0.121196 0.317173
vt 0.124413 0.319208
vt 0.155688 0.316128
vt 0.158375 0.313340
vt 0.130851 0.321126
vt 0.134559 0.320962
vt 0.110527 0.313079
vt 0.114298 0.313358
vt 0.146420 0.319912
vt 0.149956 0.319405
vt 0.127520 0.320639
vt 0.161348 0.310508
vt 0.164731 0.308240
vt 0.142559 0.320291
vt 0.138533 0.320609
vt 0.117817 0.315012
vt 0.153019 0.318275
vt 0.148342 0.323450
vt 0.151282 0.322981
vt 0.119701 0.323440
vt 0.123475 0.323878
vt 0.145360 0.323753
vt 0.115747 0.323109
vt 0.139232 0.324151
vt 0.142331 0.324045
vt 0.111860 0.323544
vt 0.136148 0.324341
vt 0.160930 0.320564
vt 0.164704 0.319744
vt 0.133103 0.324501
vt 0.157426 0.321410
vt 0.130053 0.324498
vt 0.154249 0.322265
vt 0.126903 0.324259
vt 0.130828 0.327660
vt 0.133834 0.327439
vt 0.153979 0.326414
vt 0.157214 0.326281
vt 0.127658 0.327870
vt 0.150904 0.326531
vt 0.124266 0.327997
vt 0.147946 0.326664
vt 0.120549 0.327951
vt 0.145083 0.326818
vt 0.116564 0.327830
vt 0.139518 0.327028
vt 0.142277 0.326997
vt 0.112633 0.328077
vt 0.136713 0.327226
vt 0.160711 0.326103
vt 0.164509 0.326031
vt 0.113249 0.332278
vt 0.117209 0.332300
vt 0.136473 0.330006
vt 0.139460 0.329755
vt 0.160422 0.331406
vt 0.164129 0.332014
vt 0.133541 0.330303
vt 0.157039 0.330970
vt 0.130696 0.330767
vt 0.154057 0.330396
vt 0.127847 0.331418
vt 0.151275 0.329877
vt 0.124737 0.332013
vt 0.148462 0.329640
vt 0.121154 0.332284
vt 0.145531 0.329633
vt 0.142504 0.329715
vt 0.150161 0.334800
vt 0.152727 0.335145
vt 0.121447 0.337766
vt 0.124656 0.337410
vt 0.146862 0.335001
vt 0.117696 0.337757
vt 0.139103 0.335448
vt 0.143060 0.335310
vt 0.113792 0.337617
vt 0.135285 0.335343
vt 0.160152 0.337966
vt 0.163723 0.338785
vt 0.131928 0.335289
vt 0.157118 0.337191
vt 0.129280 0.335671
vt 0.154772 0.336151
vt 0.127137 0.336584
vt 0.154422 0.343556
vt 0.156399 0.344339
vt 0.127125 0.343339
vt 0.128661 0.342613
vt 0.152992 0.342684
vt 0.125022 0.343884
vt 0.150803 0.342285
vt 0.121963 0.344005
vt 0.147443 0.342431
vt 0.118251 0.343888
vt 0.138659 0.342817
vt 0.143215 0.342729
vt 0.114347 0.343843
vt 0.134378 0.342519
vt 0.159318 0.344892
vt 0.162883 0.345531
vt 0.130943 0.342321
vt 0.134191 0.351263
vt 0.138317 0.351496
vt 0.158191 0.352188
vt 0.161804 0.352544
vt 0.130966 0.351045
vt 0.155260 0.352019
vt 0.128907 0.351047
vt 0.153328 0.351796
vt 0.127578 0.351224
vt 0.152050 0.351513
vt 0.125583 0.351263
vt 0.150044 0.351379
vt 0.122571 0.351084
vt 0.146871 0.351450
vt 0.118873 0.350872
vt 0.142789 0.351544
vt 0.114960 0.350903
vt 0.122906 0.358526
vt 0.125885 0.359274
vt 0.146058 0.362466
vt 0.149127 0.362002
vt 0.119226 0.358029
vt 0.138051 0.362590
vt 0.142194 0.362691
vt 0.115331 0.358023
vt 0.134187 0.362189
vt 0.157401 0.359583
vt 0.161054 0.359485
vt 0.131124 0.361565
vt 0.154429 0.360062
vt 0.129144 0.360832
vt 0.152453 0.360708
vt 0.127844 0.360068
vt 0.151126 0.361386
vt 0.152019 0.368436
vt 0.154018 0.367221
vt 0.127885 0.367884
vt 0.129247 0.369242
vt 0.150611 0.369707
vt 0.125927 0.366534
vt 0.148595 0.370837
vt 0.122987 0.365359
vt 0.145599 0.371662
vt 0.119338 0.364590
vt 0.137908 0.371993
vt 0.141881 0.372074
vt 0.115449 0.364450
vt 0.134201 0.371436
vt 0.156982 0.366264
vt 0.160634 0.365799
vt 0.131227 0.370478
vt 0.154070 0.373025
vt 0.156995 0.371294
vt 0.129167 0.377004
vt 0.131227 0.379080
vt 0.152028 0.375147
vt 0.127655 0.374705
vt 0.150467 0.377346
vt 0.125663 0.372449
vt 0.148371 0.379322
vt 0.122775 0.370528
vt 0.145386 0.380803
vt 0.119182 0.369282
vt 0.137839 0.381531
vt 0.141733 0.381583
vt 0.115308 0.368950
vt 0.134193 0.380659
vt 0.160608 0.370283
vt 0.137834 0.389276
vt 0.141740 0.389302
vt 0.145406 0.388280
vt 0.114883 0.373372
vt 0.118731 0.373902
vt 0.134158 0.388213
vt 0.157372 0.376150
vt 0.160905 0.374718
vt 0.131111 0.386252
vt 0.154504 0.378405
vt 0.128881 0.383660
vt 0.152418 0.381107
vt 0.127152 0.380777
vt 0.150669 0.383876
vt 0.125105 0.377932
vt 0.148440 0.386380
vt 0.122267 0.375499
vt 0.124181 0.382367
vt 0.126260 0.385835
vt 0.148860 0.392386
vt 0.151322 0.389389
vt 0.121485 0.379442
vt 0.145651 0.394655
vt 0.118086 0.377579
vt 0.137831 0.395883
vt 0.141850 0.395870
vt 0.114284 0.376971
vt 0.134006 0.394655
vt 0.158091 0.380036
vt 0.161518 0.378304
vt 0.130758 0.392358
vt 0.155364 0.382753
vt 0.128254 0.389298
vt 0.153286 0.386044
vt 0.179426 0.293193
vt 0.168812 0.293193
vt 0.182061 0.295979
vt 0.164750 0.299619
vt 0.183488 0.299619
vt 0.183488 0.303560
vt 0.166176 0.307200
vt 0.182061 0.307200
vt 0.179426 0.309986
vt 0.172255 0.311494
vt 0.175983 0.311494
vt 0.168812 0.309986
vt 0.164750 0.303560
vt 0.166176 0.295979
vt 0.175983 0.291685
vt 0.172255 0.291685
vt 0.140888 0.034973
vt 0.142741 0.040168
vt 0.147396 0.038918
vt 0.143440 0.033358
vt 0.151049 0.036754
vt 0.145424 0.031373
vt 0.137487 0.040783
vt 0.137712 0.042189
vt 0.142804 0.041613
vt 0.153070 0.033355
vt 0.146576 0.028576
vt 0.125418 0.037273
vt 0.125250 0.040364
vt 0.128604 0.041977
vt 0.128465 0.039764
vt 0.154413 0.029074
vt 0.146432 0.025662
vt 0.119204 0.017781
vt 0.112893 0.025228
vt 0.116009 0.027227
vt 0.120247 0.021642
vt 0.154908 0.024526
vt 0.144753 0.022557
vt 0.151291 0.039356
vt 0.154103 0.036889
vt 0.155129 0.020093
vt 0.142276 0.019553
vt 0.132797 0.042448
vt 0.132544 0.040895
vt 0.155292 0.016459
vt 0.137934 0.016459
vt 0.118352 0.030421
vt 0.121001 0.025643
vt 0.133658 0.019446
vt 0.155958 0.033202
vt 0.131101 0.022397
vt 0.121913 0.029740
vt 0.129590 0.025789
vt 0.120451 0.034022
vt 0.123312 0.033715
vt 0.129534 0.028863
vt 0.157497 0.029045
vt 0.130396 0.031772
vt 0.122652 0.037497
vt 0.132230 0.033909
vt 0.159128 0.024985
vt 0.134783 0.035273
vt 0.147454 0.040706
vt 0.137841 0.035689
vt 0.161447 0.021553
vt 0.121196 0.041947
vt 0.124413 0.043982
vt 0.155688 0.040902
vt 0.158375 0.038114
vt 0.130851 0.045900
vt 0.134559 0.045736
vt 0.110527 0.037853
vt 0.114298 0.038132
vt 0.146420 0.044686
vt 0.149956 0.044180
vt 0.127520 0.045413
vt 0.161348 0.035282
vt 0.164731 0.033015
vt 0.142559 0.045066
vt 0.138533 0.045383
vt 0.117817 0.039786
vt 0.153019 0.043050
vt 0.148342 0.048225
vt 0.151282 0.047755
vt 0.119701 0.048214
vt 0.123475 0.048652
vt 0.145360 0.048527
vt 0.115747 0.047884
vt 0.139232 0.048925
vt 0.142331 0.048820
vt 0.111860 0.048319
vt 0.136148 0.049115
vt 0.160930 0.045339
vt 0.164704 0.044518
vt 0.133103 0.049275
vt 0.157426 0.046184
vt 0.130053 0.049273
vt 0.154249 0.047039
vt 0.126903 0.049034
vt 0.130828 0.052435
vt 0.133834 0.052213
vt 0.153979 0.051188
vt 0.157214 0.051055
vt 0.127658 0.052644
vt 0.150904 0.051305
vt 0.124266 0.052772
vt 0.147946 0.051438
vt 0.120549 0.052725
vt 0.145083 0.051592
vt 0.116564 0.052604
vt 0.139518 0.051802
vt 0.142277 0.051771
vt 0.112633 0.052852
vt 0.136713 0.052001
vt 0.160711 0.050877
vt 0.164509 0.050805
vt 0.113249 0.057052
vt 0.117209 0.057074
vt 0.136473 0.054780
vt 0.139460 0.054529
vt 0.160422 0.056180
vt 0.164129 0.056788
vt 0.133541 0.055077
vt 0.157039 0.055744
vt 0.130696 0.055541
vt 0.154057 0.055170
vt 0.127847 0.056192
vt 0.151275 0.054652
vt 0.124737 0.056788
vt 0.148462 0.054415
vt 0.121154 0.057059
vt 0.145531 0.054407
vt 0.142504 0.054490
vt 0.150161 0.059574
vt 0.152727 0.059920
vt 0.121447 0.062540
vt 0.124656 0.062184
vt 0.146862 0.059776
vt 0.117696 0.062532
vt 0.139103 0.060222
vt 0.143060 0.060084
vt 0.113792 0.062392
vt 0.135285 0.060117
vt 0.160152 0.062740
vt 0.163723 0.063559
vt 0.131928 0.060063
vt 0.157118 0.061965
vt 0.129280 0.060445
vt 0.154772 0.060925
vt 0.127137 0.061359
vt 0.154422 0.068330
vt 0.156399 0.069114
vt 0.127125 0.068113
vt 0.128661 0.067387
vt 0.152992 0.067458
vt 0.125022 0.068658
vt 0.150803 0.067059
vt 0.121963 0.068779
vt 0.147443 0.067206
vt 0.118251 0.068662
vt 0.138659 0.067591
vt 0.143215 0.067504
vt 0.114347 0.068618
vt 0.134378 0.067293
vt 0.159318 0.069667
vt 0.162883 0.070305
vt 0.130943 0.067096
vt 0.134191 0.076038
vt 0.138317 0.076270
vt 0.158191 0.076962
vt 0.161804 0.077318
vt 0.130966 0.075819
vt 0.155260 0.076794
vt 0.128907 0.075822
vt 0.153328 0.076570
vt 0.127578 0.075998
vt 0.152050 0.076287
vt 0.125583 0.076037
vt 0.150044 0.076154
vt 0.122571 0.075858
vt 0.146871 0.076224
vt 0.118873 0.075646
vt 0.142789 0.076319
vt 0.114960 0.075677
vt 0.122906 0.083301
vt 0.125885 0.084048
vt 0.146058 0.087240
vt 0.149127 0.086777
vt 0.119226 0.082803
vt 0.138051 0.087365
vt 0.142194 0.087465
vt 0.115331 0.082797
vt 0.134187 0.086963
vt 0.157401 0.084358
vt 0.161054 0.084259
vt 0.131124 0.086340
vt 0.154429 0.084837
vt 0.129144 0.085606
vt 0.152453 0.085482
vt 0.127844 0.084842
vt 0.151126 0.086160
vt 0.152019 0.093211
vt 0.154018 0.091995
vt 0.127885 0.092658
vt 0.129247 0.094017
vt 0.150611 0.094482
vt 0.125927 0.091309
vt 0.148595 0.095611
vt 0.122987 0.090134
vt 0.145599 0.096436
vt 0.119338 0.089364
vt 0.137908 0.096767
vt 0.141881 0.096849
vt 0.115449 0.089225
vt 0.134201 0.096210
vt 0.156982 0.091039
vt 0.160634 0.090574
vt 0.131227 0.095252
vt 0.154070 0.097799
vt 0.156995 0.096069
vt 0.129167 0.101778
vt 0.131227 0.103855
vt 0.152028 0.099921
vt 0.127655 0.099479
vt 0.150467 0.102120
vt 0.125663 0.097223
vt 0.148371 0.104097
vt 0.122775 0.095303
vt 0.145386 0.105577
vt 0.119182 0.094056
vt 0.137839 0.106305
vt 0.141733 0.106358
vt 0.115308 0.093725
vt 0.134193 0.105434
vt 0.160608 0.095058
vt 0.137834 0.114051
vt 0.141740 0.114077
vt 0.145406 0.113054
vt 0.114883 0.098146
vt 0.118731 0.098677
vt 0.134158 0.112987
vt 0.157372 0.100925
vt 0.160905 0.099492
vt 0.131111 0.111026
vt 0.154504 0.103179
vt 0.128881 0.108434
vt 0.152418 0.105881
vt 0.127152 0.105551
vt 0.150669 0.108651
vt 0.125105 0.102706
vt 0.148440 0.111154
vt 0.122267 0.100273
vt 0.124181 0.107141
vt 0.126260 0.110609
vt 0.148860 0.117160
vt 0.151322 0.114163
vt 0.121485 0.104216
vt 0.145651 0.119430
vt 0.118086 0.102354
vt 0.137831 0.120657
vt 0.141850 0.120645
vt 0.114284 0.101745
vt 0.134006 0.119429
vt 0.158091 0.104810
vt 0.161518 0.103079
vt 0.130758 0.117133
vt 0.155364 0.107528
vt 0.128254 0.114072
vt 0.153286 0.110818
vt 0.179426 0.017967
vt 0.168812 0.017967
vt 0.182061 0.020753
vt 0.164750 0.024394
vt 0.183488 0.024394
vt 0.183488 0.028334
vt 0.166176 0.031974
vt 0.182061 0.031974
vt 0.179426 0.034760
vt 0.172255 0.036268
vt 0.175983 0.036268
vt 0.168812 0.034760
vt 0.164750 0.028334
vt 0.166176 0.020753
vt 0.175983 0.016459
vt 0.172255 0.016459
vt 0.334858 0.873140
vt 0.341524 0.878196
vt 0.241276 0.874110
vt 0.246565 0.903361
vt 0.236602 0.902019
vt 0.234408 0.900618
vt 0.234716 0.898401
vt 0.347450 0.886154
vt 0.351599 0.888109
vt 0.456013 0.896235
vt 0.457204 0.900920
vt 0.456102 0.902607
vt 0.443860 0.889168
vt 0.452320 0.891508
vt 0.450573 0.903377
vt 0.250047 0.969112
vt 0.243333 0.983325
vt 0.241592 0.971454
vt 0.342306 0.968039
vt 0.447346 0.983267
vt 0.346455 0.966083
vt 0.350313 0.961996
vt 0.459194 0.978306
vt 0.459503 0.980522
vt 0.457308 0.981924
vt 0.452628 0.954016
vt 0.352380 0.958124
vt 0.359044 0.953066
vt 0.367264 0.947864
vt 0.416840 0.938733
vt 0.277060 0.858820
vt 0.326637 0.867939
vt 0.343591 0.882067
vt 0.352608 0.886208
vt 0.448755 0.887506
vt 0.355308 0.884019
vt 0.450788 0.885335
vt 0.238331 0.873823
vt 0.278432 0.856605
vt 0.236180 0.872444
vt 0.278749 0.854159
vt 0.415467 0.936519
vt 0.455573 0.953728
vt 0.415150 0.934074
vt 0.457724 0.952349
vt 0.327425 0.865653
vt 0.328064 0.863349
vt 0.366476 0.945578
vt 0.365836 0.943274
vt 0.337193 0.871305
vt 0.338133 0.869016
vt 0.356709 0.951232
vt 0.355769 0.948943
vt 0.344440 0.878157
vt 0.346688 0.877141
vt 0.349463 0.958086
vt 0.347215 0.957070
vt 0.350255 0.885407
vt 0.351238 0.883178
vt 0.341297 0.966138
vt 0.343650 0.965337
vt 0.338596 0.963949
vt 0.342667 0.963108
vt 0.347851 0.961016
vt 0.345777 0.959683
vt 0.462097 0.978116
vt 0.461676 0.981703
vt 0.464405 0.977026
vt 0.463951 0.982546
vt 0.232234 0.901800
vt 0.231813 0.898213
vt 0.229959 0.902643
vt 0.229505 0.897123
vt 0.459928 0.984727
vt 0.461392 0.986860
vt 0.233983 0.904822
vt 0.232519 0.906955
vt 0.453557 0.987125
vt 0.456343 0.992947
vt 0.240354 0.907219
vt 0.237569 0.913041
vt 0.346053 0.881087
vt 0.348127 0.879754
vt 0.459594 0.902571
vt 0.458842 0.906511
vt 0.461944 0.902941
vt 0.460642 0.908116
vt 0.236721 0.980862
vt 0.237823 0.982552
vt 0.235093 0.986426
vt 0.234334 0.982504
vt 0.233291 0.988031
vt 0.231984 0.982875
vt 0.454431 0.907216
vt 0.455916 0.913042
vt 0.239534 0.987122
vt 0.237989 0.992947
vt 0.237904 0.976179
vt 0.235114 0.976618
vt 0.237946 0.971276
vt 0.232782 0.976040
vt 0.236201 0.969731
vt 0.455967 0.891330
vt 0.458805 0.896674
vt 0.457711 0.889784
vt 0.461138 0.896094
vt 0.245152 0.967450
vt 0.243118 0.965280
vt 0.610514 0.794406
vt 0.610513 0.995432
vt 0.606818 0.995432
vt 0.606819 0.794406
vt 0.601036 0.995432
vt 0.601036 0.794406
vt 0.596843 0.995432
vt 0.596844 0.794406
vt 0.751950 0.794406
vt 0.751949 0.995433
vt 0.728679 0.995433
vt 0.728680 0.794406
vt 0.683976 0.995432
vt 0.683977 0.794406
vt 0.631915 0.995432
vt 0.631915 0.794406
vt 0.620808 0.995432
vt 0.620808 0.794406
vt 0.497963 0.995432
vt 0.497964 0.794405
vt 0.755074 0.794406
vt 0.755073 0.995433
vt 0.758219 0.995433
vt 0.758220 0.794406
vt 0.765717 0.794406
vt 0.765716 0.995433
vt 0.990338 0.794407
vt 0.990337 0.995434
vt 0.481742 0.794405
vt 0.481741 0.995432
vt 0.478800 0.995432
vt 0.478800 0.794405
vt 0.486306 0.794405
vt 0.486305 0.995432
vt 0.474639 0.995432
vt 0.474640 0.794405
vt 0.491287 0.794405
vt 0.491286 0.995432
s 1
f 318/1/1 315/2/1 331/3/1
f 32/4/2 2/5/3 34/6/4
f 33/7/5 2/8/3 32/4/2
f 8/9/6 1/10/3 10/11/7
f 2/12/3 52/13/8 50/14/9
f 190/15/10 193/16/11 194/17/12 191/18/13
f 159/19/14 165/20/15 167/21/16 161/22/17
f 193/16/11 187/23/18 188/24/19 194/17/12
f 25/25/20 31/26/21 29/27/22 23/28/23
f 6/29/24 133/30/25 134/31/26 5/32/27
f 28/33/28 25/25/20 23/28/23 26/34/29
f 133/30/25 3/35/30 131/36/31 134/31/26
f 34/6/4 28/33/28 26/34/29 32/4/2
f 3/35/30 9/37/32 8/9/6 131/36/31
f 146/38/33 140/39/34 139/40/35 145/41/36
f 17/42/37 11/43/38 13/44/39 19/45/40
f 143/46/41 146/38/33 145/41/36 142/47/42
f 141/48/43 144/49/44 146/38/33 143/46/41
f 12/50/45 15/51/46 14/52/47 11/43/38
f 135/53/48 141/48/43 143/46/41 137/54/49
f 15/51/46 21/55/50 20/56/51 14/52/47
f 180/57/52 174/58/53 176/59/54 182/60/55
f 148/61/56 154/62/57 155/63/58 149/64/59
f 177/65/60 180/57/52 182/60/55 179/66/61
f 154/62/57 157/67/62 158/68/63 155/63/58
f 173/69/64 179/66/61 178/70/65 172/71/66
f 204/72/1 205/73/1 280/74/1
f 75/75/67 76/76/68 198/77/3 197/78/3
f 217/79/69 231/80/3 219/81/3 136/82/70
f 208/83/1 220/84/1 278/85/1
f 199/86/1 203/87/1 252/88/1
f 36/89/71 199/90/3 200/91/72
f 278/85/1 220/84/1 280/74/1
f 205/73/1 206/92/1 319/93/1
f 171/94/73 177/65/60 179/66/61 173/69/64
f 158/68/63 152/95/74 150/96/75 156/97/76
f 157/67/62 151/98/77 152/95/74 158/68/63
f 170/99/78 164/100/79 163/101/80 169/102/81
f 168/103/82 162/104/83 164/100/79 170/99/78
f 185/105/84 191/18/13 189/106/85 183/107/86
f 184/108/87 190/15/10 191/18/13 185/105/84
f 167/21/16 170/99/78 169/102/81 166/109/88
f 165/20/15 168/103/82 170/99/78 167/21/16
f 191/18/13 194/17/12 192/110/89 189/106/85
f 161/22/17 167/21/16 166/109/88 160/111/90
f 194/17/12 188/24/19 186/112/91 192/110/89
f 23/28/23 29/27/22 30/113/92 24/114/93
f 5/32/27 134/31/26 132/115/94 7/116/95
f 26/34/29 23/28/23 24/114/93 27/117/96
f 134/31/26 131/36/31 4/118/97 132/115/94
f 32/4/2 26/34/29 27/117/96 33/7/5
f 131/36/31 8/9/6 10/11/7 4/118/97
f 234/119/3 22/120/98 20/56/51
f 144/49/44 138/121/99 140/39/34 146/38/33
f 18/122/100 12/50/45 11/43/38 17/42/37
f 11/43/38 14/52/47 16/123/101 13/44/39
f 137/54/49 143/46/41 142/47/42 136/82/70
f 14/52/47 20/56/51 22/120/98 16/123/101
f 182/60/55 176/59/54 175/124/102 181/125/103
f 149/64/59 155/63/58 153/126/104 147/127/105
f 179/66/61 182/60/55 181/125/103 178/70/65
f 155/63/58 158/68/63 156/97/76 153/126/104
f 45/128/106 38/129/107 40/130/108 46/131/109
f 46/131/109 40/130/108 39/132/110 44/133/111
f 48/134/112 53/135/113 55/136/114 49/137/115
f 49/137/115 55/136/114 54/138/116 47/139/117
f 42/140/118 45/128/106 46/131/109 43/141/119
f 43/141/119 46/131/109 44/133/111 41/142/120
f 53/135/113 56/143/121 58/144/122 55/136/114
f 55/136/114 58/144/122 57/145/123 54/138/116
f 36/89/71 42/140/118 43/141/119 37/146/124
f 37/146/124 43/141/119 41/142/120 35/147/125
f 56/143/121 50/14/9 52/13/8 58/144/122
f 58/144/122 52/13/8 51/148/126 57/145/123
f 69/149/127 62/150/128 64/151/129 70/152/130
f 70/152/130 64/151/129 63/153/131 68/154/132
f 72/155/133 77/156/134 79/157/135 73/158/136
f 73/158/136 79/157/135 78/159/137 71/160/138
f 66/161/139 69/149/127 70/152/130 67/162/140
f 67/162/140 70/152/130 68/154/132 65/163/141
f 77/156/134 80/164/142 82/165/143 79/157/135
f 79/157/135 82/165/143 81/166/144 78/159/137
f 60/167/145 66/161/139 67/162/140 61/168/146
f 61/168/146 67/162/140 65/163/141 59/169/147
f 80/164/142 74/170/148 76/76/68 82/165/143
f 82/165/143 76/76/68 75/75/67 81/166/144
f 59/169/147 1/171/3 61/168/146
f 61/168/146 1/172/3 60/167/145
f 207/173/3 234/174/3 21/55/50 201/175/149
f 37/146/124 35/147/125 202/176/3 203/177/3
f 202/178/1 278/85/1 252/88/1
f 36/89/71 37/146/124 203/177/3 199/90/3
f 117/179/150 110/180/151 112/181/152 118/182/153
f 118/182/153 112/181/152 111/183/154 116/184/155
f 120/185/156 125/186/157 127/187/158 121/188/159
f 121/188/159 127/187/158 126/189/160 119/190/161
f 114/191/162 117/179/150 118/182/153 115/192/163
f 115/192/163 118/182/153 116/184/155 113/193/164
f 125/186/157 128/194/165 130/195/166 127/187/158
f 127/187/158 130/195/166 129/196/167 126/189/160
f 108/197/168 114/191/162 115/192/163 109/198/169
f 109/198/169 115/192/163 113/193/164 107/199/170
f 128/194/165 122/200/171 124/201/172 130/195/166
f 130/195/166 124/201/172 123/202/173 129/196/167
f 93/203/174 86/204/175 88/205/176 94/206/177
f 94/206/177 88/205/176 87/207/178 92/208/179
f 96/209/180 101/210/181 103/211/182 97/212/183
f 97/212/183 103/211/182 102/213/184 95/214/185
f 90/215/186 93/203/174 94/206/177 91/216/187
f 91/216/187 94/206/177 92/208/179 89/217/188
f 101/210/181 104/218/189 106/219/190 103/211/182
f 103/211/182 106/219/190 105/220/191 102/213/184
f 84/221/192 90/215/186 91/216/187 85/222/193
f 85/222/193 91/216/187 89/217/188 83/223/194
f 104/218/189 98/224/195 100/225/196 106/219/190
f 106/219/190 100/225/196 99/226/197 105/220/191
f 195/227/198 123/202/173 124/201/172
f 195/228/198 124/201/172 122/200/171
f 47/229/117 87/230/178 88/231/176 49/232/115
f 49/232/115 88/231/176 86/233/175 48/234/112
f 100/225/196 205/235/198 204/236/198 99/226/197
f 348/237/198 195/238/198 346/239/198
f 98/224/195 206/240/198 205/235/198 100/225/196
f 196/241/198 342/242/198 343/243/198
f 95/244/185 39/245/110 40/246/108 97/247/183
f 97/247/183 40/246/108 38/248/107 96/249/180
f 119/250/161 63/251/131 64/252/129 121/253/159
f 121/253/159 64/252/129 62/254/128 120/255/156
f 71/256/138 111/257/154 112/258/152 73/259/136
f 73/259/136 112/258/152 110/260/151 72/261/133
f 219/262/3 137/54/49 136/82/70
f 41/142/120 57/145/123 51/148/126 35/147/125
f 203/87/1 202/178/1 252/88/1
f 39/132/110 47/139/117 54/138/116 44/133/111
f 210/263/198 109/198/169 107/199/170 209/264/198
f 39/245/110 95/244/185 87/230/178 47/229/117
f 44/133/111 54/138/116 57/145/123 41/142/120
f 200/265/1 199/86/1 248/266/1
f 234/267/3 20/56/51 21/55/50
f 2/268/3 1/269/3 229/270/3
f 1/271/3 59/169/147 223/272/3 222/273/3
f 227/274/3 229/270/3 216/275/69 212/276/69
f 51/148/126 2/277/3 207/173/3 208/278/3
f 226/279/3 225/280/3 213/281/69 214/282/69
f 220/84/1 204/72/1 280/74/1
f 202/178/1 208/83/1 278/85/1
f 65/163/141 81/166/144 75/75/67 59/169/147
f 35/147/125 51/148/126 208/278/3 202/176/3
f 2/277/3 234/174/3 207/173/3
f 135/53/48 219/283/3 222/273/3 247/284/199
f 234/119/3 224/285/3 211/286/69 22/120/98
f 59/169/147 75/75/67 197/78/3 223/272/3
f 63/153/131 71/160/138 78/159/137 68/154/132
f 1/269/3 228/287/3 229/270/3
f 63/251/131 119/250/161 111/257/154 71/256/138
f 34/6/4 2/5/3 50/14/9
f 68/154/132 78/159/137 81/166/144 65/163/141
f 10/11/7 1/10/3 2/288/3 33/7/5
f 9/37/32 1/289/3 8/9/6
f 89/217/188 105/220/191 99/226/197 83/223/194
f 349/290/198 221/291/198 317/292/200 159/19/14
f 237/293/1 200/265/1 248/266/1
f 87/207/178 95/214/185 102/213/184 92/208/179
f 1/269/3 231/80/3 230/294/3
f 92/208/179 102/213/184 105/220/191 89/217/188
f 1/269/3 230/294/3 228/287/3
f 225/280/3 226/279/3 2/268/3
f 2/277/3 51/148/126 52/13/8
f 113/193/164 129/196/167 123/202/173 107/199/170
f 111/183/154 119/190/161 126/189/160 116/184/155
f 116/184/155 126/189/160 129/196/167 113/193/164
f 76/76/68 74/170/148 235/295/3 198/77/3
f 206/92/1 318/1/1 331/3/1
f 249/296/1 237/293/1 248/266/1
f 226/279/3 224/285/3 2/268/3
f 219/283/3 1/271/3 222/273/3
f 218/297/69 215/298/69 228/287/3 230/294/3
f 229/270/3 227/274/3 2/268/3
f 231/80/3 1/269/3 219/81/3
f 174/299/53 6/300/24 5/301/27 176/302/54
f 176/302/54 5/301/27 7/303/95 175/304/102
f 31/305/21 148/306/56 149/307/59 29/308/22
f 29/308/22 149/307/59 147/309/105 30/310/92
f 162/311/83 18/312/100 17/313/37 164/314/79
f 164/314/79 17/313/37 19/315/40 163/316/80
f 138/317/99 184/318/87 185/319/84 140/320/34
f 140/320/34 185/319/84 183/321/86 139/322/35
f 60/167/145 1/172/3 9/37/32
f 10/11/7 33/7/5 27/117/96 4/118/97
f 34/6/4 50/14/9 56/143/121 28/33/28
f 25/25/20 53/135/113 48/134/112 31/26/21
f 132/115/94 24/114/93 30/113/92 7/116/95
f 175/304/102 7/303/95 30/310/92 147/309/105
f 148/306/56 31/305/21 48/234/112 86/233/175
f 4/118/97 27/117/96 24/114/93 132/115/94
f 28/33/28 56/143/121 53/135/113 25/25/20
f 201/175/149 21/55/50 15/51/46 236/323/201
f 42/140/118 36/89/71 200/91/72 237/324/202
f 213/281/69 239/325/203 240/326/203 214/282/69
f 136/82/70 142/47/42 244/327/203 217/79/69
f 238/328/203 16/123/101 22/120/98 211/286/69
f 242/329/203 215/298/69 218/297/69 245/330/203
f 241/331/203 243/332/203 212/276/69 216/275/69
f 74/170/148 246/333/204 235/295/3
f 2/268/3 224/285/3 234/119/3
f 251/334/205 12/50/45 18/122/100 253/335/206 250/336/207
f 45/128/106 249/337/208 248/338/209 252/339/210 38/129/107
f 256/340/211 263/341/212 264/342/212 257/343/211
f 145/41/36 139/40/35 267/344/212 260/345/211
f 262/346/212 19/45/40 13/44/39 254/347/211
f 258/348/211 261/349/211 268/350/212 265/351/212
f 266/352/212 269/353/212 255/354/211 259/355/211
f 267/356/212 139/322/35 183/321/86 276/357/213
f 163/316/80 19/315/40 262/358/212 270/359/213
f 272/360/213 271/361/213 264/362/212 263/363/212
f 273/364/213 269/365/212 266/366/212 274/367/213
f 268/368/212 275/369/213 277/370/213 265/371/212
f 253/372/206 18/312/100 162/311/83 281/373/214 279/374/215
f 96/249/180 38/248/107 252/375/210 278/376/216 280/377/217
f 239/325/203 256/340/211 257/343/211 240/326/203
f 142/47/42 145/41/36 260/345/211 244/327/203
f 254/347/211 13/44/39 16/123/101 238/328/203
f 261/349/211 258/348/211 242/329/203 245/330/203
f 259/355/211 255/354/211 243/332/203 241/331/203
f 236/323/201 15/51/46 12/50/45 251/334/205
f 42/140/118 237/324/202 249/337/208 45/128/106
f 3/35/30 66/161/139 60/167/145 9/37/32
f 6/29/24 62/150/128 69/149/127 133/30/25
f 120/255/156 62/254/128 6/300/24 174/299/53
f 133/30/25 69/149/127 66/161/139 3/35/30
f 141/48/43 135/53/48 247/284/199 283/378/218
f 246/333/204 74/170/148 80/164/142 282/379/219
f 138/121/99 144/49/44 288/380/220 287/381/221 286/382/222
f 289/383/223 77/156/134 72/155/133 285/384/224 284/385/225
f 72/261/133 110/260/151 293/386/226 291/387/227 285/388/224
f 184/318/87 138/317/99 286/389/222 290/390/228 292/391/229
f 144/49/44 141/48/43 283/378/218 295/392/230 288/380/220
f 282/379/219 80/164/142 77/156/134 289/383/223 294/393/231
f 93/203/174 154/62/57 148/61/56 86/204/175
f 153/126/104 181/125/103 175/124/102 147/127/105
f 84/221/192 151/98/77 157/67/62 90/215/186
f 150/96/75 172/71/66 178/70/65 156/97/76
f 195/394/198 122/200/171 171/94/73
f 90/215/186 157/67/62 154/62/57 93/203/174
f 156/97/76 178/70/65 181/125/103 153/126/104
f 108/197/168 297/395/198 296/396/232
f 196/241/198 341/397/198 342/242/198
f 166/109/88 307/398/233 299/399/234 160/111/90
f 305/400/234 302/401/234 311/402/233 314/403/233
f 300/404/234 301/405/234 310/406/233 309/407/233
f 192/110/89 186/112/91 304/408/234 313/409/233
f 303/410/234 306/411/234 308/412/233 312/413/233
f 159/19/14 317/292/200 316/414/235 165/20/15
f 98/224/195 104/218/189 315/415/236 318/416/237
f 281/417/214 162/104/83 168/103/82 321/418/238 320/419/239
f 101/210/181 96/209/180 280/420/217 319/421/240 322/422/241
f 163/101/80 270/423/213 323/424/242 169/102/81
f 273/425/213 274/426/213 328/427/242 324/428/242
f 271/429/213 272/430/213 325/431/242 326/432/242
f 330/433/242 327/434/242 277/435/213 275/436/213
f 183/107/86 189/106/85 329/437/242 276/438/213
f 169/102/81 323/424/242 307/398/233 166/109/88
f 314/403/233 311/402/233 327/434/242 330/433/242
f 325/431/242 309/407/233 310/406/233 326/432/242
f 189/106/85 192/110/89 313/409/233 329/437/242
f 324/428/242 328/427/242 312/413/233 308/412/233
f 321/418/238 168/103/82 165/20/15 316/414/235 332/439/243
f 104/218/189 101/210/181 322/422/241 331/440/244 315/415/236
f 128/194/165 177/65/60 171/94/73 122/200/171
f 120/185/156 174/58/53 180/57/52 125/186/157
f 125/186/157 180/57/52 177/65/60 128/194/165
f 117/179/150 335/441/245 334/442/246 293/443/226 110/180/151
f 190/15/10 184/108/87 292/444/229 333/445/247 336/446/248
f 108/197/168 296/396/232 338/447/249 114/191/162
f 187/23/18 193/16/11 337/448/250 298/449/251
f 114/191/162 338/447/249 340/450/252 335/441/245 117/179/150
f 193/16/11 190/15/10 336/446/248 339/451/253 337/448/250
f 232/452/198 350/453/198 187/23/18 298/449/251
f 297/395/198 108/197/168 109/198/169 210/263/198
f 195/394/198 171/94/73 173/69/64
f 350/454/198 188/24/19 187/23/18
f 195/455/198 173/69/64 172/71/66
f 350/456/198 186/112/91 188/24/19
f 346/239/198 195/238/198 345/457/198
f 341/397/198 349/458/198 160/111/90 299/399/234
f 349/290/198 196/459/198 221/291/198
f 196/460/198 195/461/198 172/71/66 150/96/75
f 196/241/198 344/462/198 345/457/198
f 196/459/198 83/223/194 220/463/198 221/291/198
f 137/54/49 219/283/3 135/53/48
f 83/223/194 99/226/197 204/236/198 220/463/198
f 196/241/198 343/243/198 344/462/198
f 196/241/198 349/458/198 341/397/198
f 347/464/198 195/238/198 348/237/198
f 123/202/173 195/227/198 232/452/198 233/465/198
f 195/238/198 196/241/198 345/457/198
f 350/456/198 195/238/198 347/464/198
f 107/199/170 123/202/173 233/465/198 209/264/198
f 196/460/198 150/96/75 152/95/74
f 349/466/198 161/22/17 160/111/90
f 345/457/198 344/462/198 306/411/234 303/410/234
f 343/243/198 342/242/198 301/405/234 300/404/234
f 196/467/198 152/95/74 151/98/77
f 85/222/193 196/468/198 84/221/192
f 83/223/194 196/469/198 85/222/193
f 349/290/198 159/19/14 161/22/17
f 348/237/198 346/239/198 302/401/234 305/400/234
f 195/227/198 350/453/198 232/452/198
f 98/224/195 318/416/237 206/240/198
f 350/456/198 347/464/198 304/408/234 186/112/91
f 84/221/192 196/468/198 151/98/77
f 319/93/1 280/74/1 205/73/1
f 306/470/254 344/471/254 273/472/254
f 207/473/255 221/474/255 220/475/255 208/476/255
f 227/477/255 344/478/255 343/479/255 225/480/255
f 341/481/255 224/482/255 226/483/255 342/484/255
f 301/485/254 342/486/254 271/487/254
f 332/488/254 317/489/254 320/490/254
f 256/491/1 239/492/1 213/493/1
f 211/494/1 224/495/1 262/496/1
f 284/497/254 246/498/254 294/499/254
f 259/500/1 241/501/1 216/502/1
f 223/503/255 233/504/255 232/505/255 222/506/255
f 228/507/255 346/508/255 345/509/255 229/510/255
f 230/511/255 231/512/255 347/513/255 348/514/255
f 261/515/1 245/516/1 218/517/1
f 247/518/1 287/519/1 295/520/1
f 302/521/254 346/522/254 277/523/254
f 329/524/254 313/525/254 304/526/254
f 227/274/3 225/280/3 2/268/3
f 252/88/1 248/266/1 199/86/1
f 331/3/1 322/527/1 319/93/1
f 206/92/1 331/3/1 319/93/1
f 221/528/254 207/529/254 279/530/254
f 207/529/254 201/531/254 279/530/254
f 201/531/254 236/532/254 250/533/254
f 236/532/254 251/534/254 250/533/254
f 250/533/254 253/535/254 201/531/254
f 253/535/254 279/530/254 201/531/254
f 317/489/254 221/528/254 281/536/254
f 332/488/254 316/537/254 317/489/254
f 320/490/254 321/538/254 332/488/254
f 279/530/254 281/536/254 221/528/254
f 281/536/254 320/490/254 317/489/254
f 342/486/254 226/539/254 271/487/254
f 226/539/254 214/540/254 264/541/254
f 214/540/254 240/542/254 257/543/254
f 257/543/254 264/541/254 214/540/254
f 264/541/254 271/487/254 226/539/254
f 271/487/254 326/544/254 301/485/254
f 326/544/254 310/545/254 301/485/254
f 344/471/254 227/546/254 273/472/254
f 227/546/254 212/547/254 269/548/254
f 212/547/254 243/549/254 255/550/254
f 255/550/254 269/548/254 212/547/254
f 269/548/254 273/472/254 227/546/254
f 273/472/254 324/551/254 306/470/254
f 324/551/254 308/552/254 306/470/254
f 346/522/254 228/553/254 277/523/254
f 228/553/254 215/554/254 265/555/254
f 215/554/254 242/556/254 258/557/254
f 258/557/254 265/555/254 215/554/254
f 265/555/254 277/523/254 228/553/254
f 277/523/254 327/558/254 302/521/254
f 327/558/254 311/559/254 302/521/254
f 304/526/254 347/560/254 276/561/254
f 347/560/254 231/562/254 276/561/254
f 267/563/254 231/562/254 217/564/254
f 217/564/254 244/565/254 260/566/254
f 260/566/254 267/563/254 217/564/254
f 267/563/254 276/561/254 231/562/254
f 276/561/254 329/524/254 304/526/254
f 338/567/254 296/568/254 340/569/254
f 296/568/254 297/570/254 340/569/254
f 297/570/254 210/571/254 293/572/254
f 340/569/254 334/573/254 335/574/254
f 293/572/254 334/573/254 297/570/254
f 284/497/254 285/575/254 235/576/254
f 285/575/254 291/577/254 197/578/254
f 235/576/254 285/575/254 198/579/254
f 291/577/254 293/572/254 233/580/254
f 209/581/254 293/572/254 210/571/254
f 340/569/254 297/570/254 334/573/254
f 209/581/254 233/580/254 293/572/254
f 233/580/254 223/582/254 291/577/254
f 289/583/254 284/497/254 294/499/254
f 223/582/254 197/578/254 291/577/254
f 197/578/254 198/579/254 285/575/254
f 284/497/254 235/576/254 246/498/254
f 282/584/254 294/499/254 246/498/254
f 247/518/1 222/585/1 286/586/1
f 222/585/1 232/587/1 290/588/1
f 232/587/1 298/589/1 292/590/1
f 298/589/1 337/591/1 339/592/1
f 333/593/1 339/592/1 336/594/1
f 298/589/1 339/592/1 333/593/1
f 333/593/1 292/590/1 298/589/1
f 290/588/1 286/586/1 222/585/1
f 286/586/1 287/519/1 247/518/1
f 292/590/1 290/588/1 232/587/1
f 283/595/1 247/518/1 295/520/1
f 295/520/1 287/519/1 288/596/1
f 218/517/1 230/597/1 268/598/1
f 230/597/1 348/599/1 275/600/1
f 348/599/1 305/601/1 275/600/1
f 305/601/1 314/602/1 330/603/1
f 275/600/1 305/601/1 330/603/1
f 275/600/1 268/598/1 230/597/1
f 268/598/1 261/515/1 218/517/1
f 216/502/1 229/604/1 266/605/1
f 229/604/1 345/606/1 274/607/1
f 345/606/1 303/608/1 274/607/1
f 303/608/1 312/609/1 328/610/1
f 274/607/1 303/608/1 328/610/1
f 274/607/1 266/605/1 229/604/1
f 266/605/1 259/500/1 216/502/1
f 213/493/1 225/611/1 263/612/1
f 225/611/1 343/613/1 272/614/1
f 343/613/1 300/615/1 272/614/1
f 300/615/1 309/616/1 325/617/1
f 272/614/1 300/615/1 325/617/1
f 272/614/1 263/612/1 225/611/1
f 263/612/1 256/491/1 213/493/1
f 224/495/1 341/618/1 270/619/1
f 341/618/1 299/620/1 270/619/1
f 299/620/1 307/621/1 323/622/1
f 323/622/1 270/619/1 299/620/1
f 270/619/1 262/496/1 224/495/1
f 262/496/1 254/623/1 211/494/1
f 254/623/1 238/624/1 211/494/1
f 352/625/256 351/626/257 353/627/258 354/628/259
f 354/628/259 353/627/258 355/629/260 356/630/261
f 397/631/262 367/632/263 396/633/264 351/626/257
f 356/630/261 355/629/260 357/634/265 358/635/266
f 385/636/267 372/637/268 371/638/269 389/639/270
f 358/635/266 357/634/265 359/640/271 360/641/272
f 365/642/273 383/643/274 380/644/275 369/645/276
f 360/641/272 359/640/271 361/646/277 362/647/278
f 355/629/260 392/648/279 391/649/280 357/634/265
f 362/647/278 361/646/277 363/650/281 364/651/282
f 389/639/270 371/638/269 368/652/283 393/653/284
f 364/651/282 363/650/281 365/654/273 366/655/285
f 369/645/276 380/644/275 379/656/286 373/657/287
f 366/655/285 365/642/273 369/645/276 370/658/288
f 357/634/265 391/649/280 388/659/289 359/640/271
f 370/658/288 369/645/276 373/657/287 374/660/290
f 393/653/284 368/652/283 367/632/263 397/631/262
f 374/660/290 373/657/287 377/661/291 378/662/292
f 373/657/287 379/656/286 376/663/293 377/661/291
f 378/662/292 377/661/291 381/664/294 382/665/295
f 359/640/271 388/659/289 387/666/296 361/646/277
f 382/665/295 381/664/294 385/636/267 386/667/297
f 377/661/291 376/663/293 375/668/298 381/664/294
f 386/667/297 385/636/267 389/639/270 390/669/299
f 361/646/277 387/666/296 384/670/300 363/650/281
f 390/669/299 389/639/270 393/653/284 394/671/301
f 351/626/257 396/633/264 395/672/302 353/627/258
f 394/671/301 393/653/284 397/631/262 398/673/303
f 381/664/294 375/668/298 372/637/268 385/636/267
f 353/627/258 395/672/302 392/648/279 355/629/260
f 363/650/281 384/670/300 383/674/274 365/654/273
f 397/631/262 351/626/257 352/625/256 398/673/303
f 376/663/293 404/675/304 403/676/305 375/668/298
f 388/659/289 410/677/306 409/678/307 387/666/296
f 371/638/269 401/679/308 400/680/309 368/652/283
f 383/643/274 407/681/310 406/682/311 380/644/275
f 395/672/302 413/683/312 412/684/313 392/648/279
f 372/637/268 402/685/314 401/679/308 371/638/269
f 384/670/300 408/686/315 407/687/310 383/674/274
f 396/633/264 414/688/316 413/683/312 395/672/302
f 367/632/263 399/689/317 414/688/316 396/633/264
f 379/656/286 405/690/318 404/675/304 376/663/293
f 391/649/280 411/691/319 410/677/306 388/659/289
f 368/652/283 400/680/309 399/689/317 367/632/263
f 380/644/275 406/682/311 405/690/318 379/656/286
f 392/648/279 412/684/313 411/691/319 391/649/280
f 375/668/298 403/676/305 402/685/314 372/637/268
f 387/666/296 409/678/307 408/686/315 384/670/300
f 412/684/313 428/692/320 427/693/321 411/691/319
f 405/690/318 421/694/322 420/695/323 404/675/304
f 413/683/312 429/696/324 428/692/320 412/684/313
f 406/682/311 422/697/325 421/694/322 405/690/318
f 399/689/317 415/698/326 430/699/327 414/688/316
f 414/688/316 430/699/327 429/696/324 413/683/312
f 407/681/310 423/700/328 422/697/325 406/682/311
f 400/680/309 416/701/329 415/698/326 399/689/317
f 408/686/315 424/702/330 423/703/328 407/687/310
f 401/679/308 417/704/331 416/701/329 400/680/309
f 409/678/307 425/705/332 424/702/330 408/686/315
f 402/685/314 418/706/333 417/704/331 401/679/308
f 410/677/306 426/707/334 425/705/332 409/678/307
f 403/676/305 419/708/335 418/706/333 402/685/314
f 411/691/319 427/693/321 426/707/334 410/677/306
f 404/675/304 420/695/323 419/708/335 403/676/305
f 418/706/333 434/709/336 433/710/337 417/704/331
f 426/707/334 442/711/338 441/712/339 425/705/332
f 419/708/335 435/713/340 434/709/336 418/706/333
f 427/693/321 443/714/341 442/711/338 426/707/334
f 420/695/323 436/715/342 435/713/340 419/708/335
f 428/692/320 444/716/343 443/714/341 427/693/321
f 421/694/322 437/717/344 436/715/342 420/695/323
f 429/696/324 445/718/345 444/716/343 428/692/320
f 422/697/325 438/719/346 437/717/344 421/694/322
f 415/698/326 431/720/347 446/721/348 430/699/327
f 430/699/327 446/721/348 445/718/345 429/696/324
f 423/700/328 439/722/349 438/719/346 422/697/325
f 416/701/329 432/723/350 431/720/347 415/698/326
f 424/702/330 440/724/351 439/725/349 423/703/328
f 417/704/331 433/710/337 432/723/350 416/701/329
f 425/705/332 441/712/339 440/724/351 424/702/330
f 439/722/349 455/726/352 454/727/353 438/719/346
f 432/723/350 448/728/354 447/729/355 431/720/347
f 440/724/351 456/730/356 455/731/352 439/725/349
f 433/710/337 449/732/357 448/728/354 432/723/350
f 441/712/339 457/733/358 456/730/356 440/724/351
f 434/709/336 450/734/359 449/732/357 433/710/337
f 442/711/338 458/735/360 457/733/358 441/712/339
f 435/713/340 451/736/361 450/734/359 434/709/336
f 443/714/341 459/737/362 458/735/360 442/711/338
f 436/715/342 452/738/363 451/736/361 435/713/340
f 444/716/343 460/739/364 459/737/362 443/714/341
f 437/717/344 453/740/365 452/738/363 436/715/342
f 445/718/345 461/741/366 460/739/364 444/716/343
f 438/719/346 454/727/353 453/740/365 437/717/344
f 431/720/347 447/729/355 462/742/367 446/721/348
f 446/721/348 462/742/367 461/741/366 445/718/345
f 460/739/364 476/743/368 475/744/369 459/737/362
f 453/740/365 469/745/370 468/746/371 452/738/363
f 461/741/366 477/747/372 476/743/368 460/739/364
f 454/727/353 470/748/373 469/745/370 453/740/365
f 447/729/355 463/749/374 478/750/375 462/742/367
f 462/742/367 478/750/375 477/747/372 461/741/366
f 455/726/352 471/751/376 470/748/373 454/727/353
f 448/728/354 464/752/377 463/749/374 447/729/355
f 456/730/356 472/753/378 471/754/376 455/731/352
f 449/732/357 465/755/379 464/752/377 448/728/354
f 457/733/358 473/756/380 472/753/378 456/730/356
f 450/734/359 466/757/381 465/755/379 449/732/357
f 458/735/360 474/758/382 473/756/380 457/733/358
f 451/736/361 467/759/383 466/757/381 450/734/359
f 459/737/362 475/744/369 474/758/382 458/735/360
f 452/738/363 468/746/371 467/759/383 451/736/361
f 474/758/382 490/760/384 489/761/385 473/756/380
f 467/759/383 483/762/386 482/763/387 466/757/381
f 475/744/369 491/764/388 490/760/384 474/758/382
f 468/746/371 484/765/389 483/762/386 467/759/383
f 476/743/368 492/766/390 491/764/388 475/744/369
f 469/745/370 485/767/391 484/765/389 468/746/371
f 477/747/372 493/768/392 492/766/390 476/743/368
f 470/748/373 486/769/393 485/767/391 469/745/370
f 463/749/374 479/770/394 494/771/395 478/750/375
f 478/750/375 494/771/395 493/768/392 477/747/372
f 471/751/376 487/772/396 486/769/393 470/748/373
f 464/752/377 480/773/397 479/770/394 463/749/374
f 472/753/378 488/774/398 487/775/396 471/754/376
f 465/755/379 481/776/399 480/773/397 464/752/377
f 473/756/380 489/761/385 488/774/398 472/753/378
f 466/757/381 482/763/387 481/776/399 465/755/379
f 480/773/397 496/777/400 495/778/401 479/770/394
f 488/774/398 504/779/402 503/780/403 487/775/396
f 481/776/399 497/781/404 496/777/400 480/773/397
f 489/761/385 505/782/405 504/779/402 488/774/398
f 482/763/387 498/783/406 497/781/404 481/776/399
f 490/760/384 506/784/407 505/782/405 489/761/385
f 483/762/386 499/785/408 498/783/406 482/763/387
f 491/764/388 507/786/409 506/784/407 490/760/384
f 484/765/389 500/787/410 499/785/408 483/762/386
f 492/766/390 508/788/411 507/786/409 491/764/388
f 485/767/391 501/789/412 500/787/410 484/765/389
f 493/768/392 509/790/413 508/788/411 492/766/390
f 486/769/393 502/791/414 501/789/412 485/767/391
f 479/770/394 495/778/401 510/792/415 494/771/395
f 494/771/395 510/792/415 509/790/413 493/768/392
f 487/772/396 503/793/403 502/791/414 486/769/393
f 501/789/412 517/794/416 516/795/417 500/787/410
f 509/790/413 525/796/418 524/797/419 508/788/411
f 502/791/414 518/798/420 517/794/416 501/789/412
f 495/778/401 511/799/421 526/800/422 510/792/415
f 510/792/415 526/800/422 525/796/418 509/790/413
f 503/793/403 519/801/423 518/798/420 502/791/414
f 496/777/400 512/802/424 511/799/421 495/778/401
f 504/779/402 520/803/425 519/804/423 503/780/403
f 497/781/404 513/805/426 512/802/424 496/777/400
f 505/782/405 521/806/427 520/803/425 504/779/402
f 498/783/406 514/807/428 513/805/426 497/781/404
f 506/784/407 522/808/429 521/806/427 505/782/405
f 499/785/408 515/809/430 514/807/428 498/783/406
f 507/786/409 523/810/431 522/808/429 506/784/407
f 500/787/410 516/795/417 515/809/430 499/785/408
f 508/788/411 524/797/419 523/810/431 507/786/409
f 522/808/429 538/811/432 537/812/433 521/806/427
f 515/809/430 531/813/434 530/814/435 514/807/428
f 523/810/431 539/815/436 538/811/432 522/808/429
f 516/795/417 532/816/437 531/813/434 515/809/430
f 524/797/419 540/817/438 539/815/436 523/810/431
f 517/794/416 533/818/439 532/816/437 516/795/417
f 525/796/418 541/819/440 540/817/438 524/797/419
f 518/798/420 534/820/441 533/818/439 517/794/416
f 511/799/421 527/821/442 542/822/443 526/800/422
f 526/800/422 542/822/443 541/819/440 525/796/418
f 519/801/423 535/823/444 534/820/441 518/798/420
f 512/802/424 528/824/445 527/821/442 511/799/421
f 520/803/425 536/825/446 535/826/444 519/804/423
f 513/805/426 529/827/447 528/824/445 512/802/424
f 521/806/427 537/812/433 536/825/446 520/803/425
f 514/807/428 530/814/435 529/827/447 513/805/426
f 537/812/433 553/828/448 552/829/449 536/825/446
f 530/814/435 546/830/450 545/831/451 529/827/447
f 538/811/432 554/832/452 553/828/448 537/812/433
f 531/813/434 547/833/453 546/830/450 530/814/435
f 539/815/436 555/834/454 554/832/452 538/811/432
f 532/816/437 548/835/455 547/833/453 531/813/434
f 540/817/438 556/836/456 555/834/454 539/815/436
f 533/818/439 549/837/457 548/835/455 532/816/437
f 541/819/440 557/838/458 556/836/456 540/817/438
f 534/820/441 550/839/459 549/837/457 533/818/439
f 527/821/442 543/840/460 558/841/461 542/822/443
f 542/822/443 558/841/461 557/838/458 541/819/440
f 535/823/444 551/842/462 550/839/459 534/820/441
f 528/824/445 544/843/463 543/840/460 527/821/442
f 536/825/446 552/829/449 551/844/462 535/826/444
f 529/827/447 545/831/451 544/843/463 528/824/445
f 543/840/460 559/845/464 574/846/465 558/841/461
f 558/841/461 574/846/465 573/847/466 557/838/458
f 551/842/462 567/848/467 566/849/468 550/839/459
f 544/843/463 560/850/469 559/845/464 543/840/460
f 552/829/449 568/851/470 567/852/467 551/844/462
f 545/831/451 561/853/471 560/850/469 544/843/463
f 553/828/448 569/854/472 568/851/470 552/829/449
f 546/830/450 562/855/473 561/853/471 545/831/451
f 554/832/452 570/856/474 569/854/472 553/828/448
f 547/833/453 563/857/475 562/855/473 546/830/450
f 555/834/454 571/858/476 570/856/474 554/832/452
f 548/835/455 564/859/477 563/857/475 547/833/453
f 556/836/456 572/860/478 571/858/476 555/834/454
f 549/837/457 565/861/479 564/859/477 548/835/455
f 557/838/458 573/847/466 572/860/478 556/836/456
f 550/839/459 566/849/468 565/861/479 549/837/457
f 564/859/477 580/862/480 579/863/481 563/857/475
f 572/860/478 588/864/482 587/865/483 571/858/476
f 565/861/479 581/866/484 580/862/480 564/859/477
f 573/847/466 589/867/485 588/864/482 572/860/478
f 566/849/468 582/868/486 581/866/484 565/861/479
f 559/845/464 575/869/487 590/870/488 574/846/465
f 574/846/465 590/870/488 589/867/485 573/847/466
f 567/848/467 583/871/489 582/868/486 566/849/468
f 560/850/469 576/872/490 575/869/487 559/845/464
f 568/851/470 584/873/491 583/874/489 567/852/467
f 561/853/471 577/875/492 576/872/490 560/850/469
f 569/854/472 585/876/493 584/873/491 568/851/470
f 562/855/473 578/877/494 577/875/492 561/853/471
f 570/856/474 586/878/495 585/876/493 569/854/472
f 563/857/475 579/863/481 578/877/494 562/855/473
f 571/858/476 587/865/483 586/878/495 570/856/474
f 577/879/496 580/880/496 576/881/496
f 576/881/496 582/882/496 575/883/496
f 575/883/496 582/882/496 590/884/496
f 590/884/496 584/885/496 589/886/496
f 589/886/496 584/885/496 588/887/496
f 588/887/496 586/888/496 587/889/496
f 586/888/496 588/887/496 585/890/496
f 585/890/496 588/887/496 584/885/496
f 584/885/496 590/884/496 583/891/496
f 583/891/496 590/884/496 582/882/496
f 582/882/496 576/881/496 581/892/496
f 581/892/496 576/881/496 580/880/496
f 580/880/496 578/893/496 579/894/496
f 578/893/496 580/880/496 577/879/496
f 592/895/256 591/896/257 593/897/258 594/898/259
f 594/898/259 593/897/258 595/899/260 596/900/261
f 637/901/262 607/902/263 636/903/264 591/896/257
f 596/900/261 595/899/260 597/904/265 598/905/266
f 625/906/267 612/907/268 611/908/269 629/909/270
f 598/905/266 597/904/265 599/910/271 600/911/272
f 605/912/273 623/913/274 620/914/275 609/915/276
f 600/911/272 599/910/271 601/916/277 602/917/278
f 595/899/260 632/918/279 631/919/280 597/904/265
f 602/917/278 601/916/277 603/920/281 604/921/282
f 629/909/270 611/908/269 608/922/283 633/923/284
f 604/921/282 603/920/281 605/924/273 606/925/285
f 609/915/276 620/914/275 619/926/286 613/927/287
f 606/925/285 605/912/273 609/915/276 610/928/288
f 597/904/265 631/919/280 628/929/289 599/910/271
f 610/928/288 609/915/276 613/927/287 614/930/290
f 633/923/284 608/922/283 607/902/263 637/901/262
f 614/930/290 613/927/287 617/931/291 618/932/292
f 613/927/287 619/926/286 616/933/293 617/931/291
f 618/932/292 617/931/291 621/934/294 622/935/295
f 599/910/271 628/929/289 627/936/296 601/916/277
f 622/935/295 621/934/294 625/906/267 626/937/297
f 617/931/291 616/933/293 615/938/298 621/934/294
f 626/937/297 625/906/267 629/909/270 630/939/299
f 601/916/277 627/936/296 624/940/300 603/920/281
f 630/939/299 629/909/270 633/923/284 634/941/301
f 591/896/257 636/903/264 635/942/302 593/897/258
f 634/941/301 633/923/284 637/901/262 638/943/303
f 621/934/294 615/938/298 612/907/268 625/906/267
f 593/897/258 635/942/302 632/918/279 595/899/260
f 603/920/281 624/940/300 623/944/274 605/924/273
f 637/901/262 591/896/257 592/895/256 638/943/303
f 616/933/293 644/945/304 643/946/305 615/938/298
f 628/929/289 650/947/306 649/948/307 627/936/296
f 611/908/269 641/949/308 640/950/309 608/922/283
f 623/913/274 647/951/310 646/952/311 620/914/275
f 635/942/302 653/953/312 652/954/497 632/918/279
f 612/907/268 642/955/314 641/949/308 611/908/269
f 624/940/300 648/956/498 647/957/310 623/944/274
f 636/903/264 654/958/316 653/953/312 635/942/302
f 607/902/263 639/959/317 654/958/316 636/903/264
f 619/926/286 645/960/499 644/945/304 616/933/293
f 631/919/280 651/961/319 650/947/306 628/929/289
f 608/922/283 640/950/309 639/959/317 607/902/263
f 620/914/275 646/952/311 645/960/499 619/926/286
f 632/918/279 652/954/497 651/961/319 631/919/280
f 615/938/298 643/946/305 642/955/314 612/907/268
f 627/936/296 649/948/307 648/956/498 624/940/300
f 652/954/497 668/962/320 667/963/321 651/961/319
f 645/960/499 661/964/322 660/965/323 644/945/304
f 653/953/312 669/966/324 668/962/320 652/954/497
f 646/952/311 662/967/325 661/964/322 645/960/499
f 639/959/317 655/968/326 670/969/327 654/958/316
f 654/958/316 670/969/327 669/966/324 653/953/312
f 647/951/310 663/970/328 662/967/325 646/952/311
f 640/950/309 656/971/329 655/968/326 639/959/317
f 648/956/498 664/972/330 663/973/328 647/957/310
f 641/949/308 657/974/331 656/971/329 640/950/309
f 649/948/307 665/975/332 664/972/330 648/956/498
f 642/955/314 658/976/333 657/974/331 641/949/308
f 650/947/306 666/977/334 665/975/332 649/948/307
f 643/946/305 659/978/335 658/976/333 642/955/314
f 651/961/319 667/963/321 666/977/334 650/947/306
f 644/945/304 660/965/323 659/978/335 643/946/305
f 658/976/333 674/979/336 673/980/337 657/974/331
f 666/977/334 682/981/338 681/982/339 665/975/332
f 659/978/335 675/983/340 674/979/336 658/976/333
f 667/963/321 683/984/341 682/981/338 666/977/334
f 660/965/323 676/985/342 675/983/340 659/978/335
f 668/962/320 684/986/343 683/984/341 667/963/321
f 661/964/322 677/987/344 676/985/342 660/965/323
f 669/966/324 685/988/345 684/986/343 668/962/320
f 662/967/325 678/989/346 677/987/344 661/964/322
f 655/968/326 671/990/347 686/991/348 670/969/327
f 670/969/327 686/991/348 685/988/345 669/966/324
f 663/970/328 679/992/349 678/989/346 662/967/325
f 656/971/329 672/993/350 671/990/347 655/968/326
f 664/972/330 680/994/351 679/995/349 663/973/328
f 657/974/331 673/980/337 672/993/350 656/971/329
f 665/975/332 681/982/339 680/994/351 664/972/330
f 679/992/349 695/996/352 694/997/353 678/989/346
f 672/993/350 688/998/354 687/999/355 671/990/347
f 680/994/351 696/1000/356 695/1001/352 679/995/349
f 673/980/337 689/1002/357 688/998/354 672/993/350
f 681/982/339 697/1003/358 696/1000/356 680/994/351
f 674/979/336 690/1004/359 689/1002/357 673/980/337
f 682/981/338 698/1005/360 697/1003/358 681/982/339
f 675/983/340 691/1006/361 690/1004/359 674/979/336
f 683/984/341 699/1007/362 698/1005/360 682/981/338
f 676/985/342 692/1008/363 691/1006/361 675/983/340
f 684/986/343 700/1009/364 699/1007/362 683/984/341
f 677/987/344 693/1010/365 692/1008/363 676/985/342
f 685/988/345 701/1011/366 700/1009/364 684/986/343
f 678/989/346 694/997/353 693/1010/365 677/987/344
f 671/990/347 687/999/355 702/1012/367 686/991/348
f 686/991/348 702/1012/367 701/1011/366 685/988/345
f 700/1009/364 716/1013/368 715/1014/369 699/1007/362
f 693/1010/365 709/1015/370 708/1016/371 692/1008/363
f 701/1011/366 717/1017/372 716/1013/368 700/1009/364
f 694/997/353 710/1018/373 709/1015/370 693/1010/365
f 687/999/355 703/1019/374 718/1020/375 702/1012/367
f 702/1012/367 718/1020/375 717/1017/372 701/1011/366
f 695/996/352 711/1021/376 710/1018/373 694/997/353
f 688/998/354 704/1022/377 703/1019/374 687/999/355
f 696/1000/356 712/1023/378 711/1024/376 695/1001/352
f 689/1002/357 705/1025/379 704/1022/377 688/998/354
f 697/1003/358 713/1026/380 712/1023/378 696/1000/356
f 690/1004/359 706/1027/381 705/1025/379 689/1002/357
f 698/1005/360 714/1028/382 713/1026/380 697/1003/358
f 691/1006/361 707/1029/383 706/1027/381 690/1004/359
f 699/1007/362 715/1014/369 714/1028/382 698/1005/360
f 692/1008/363 708/1016/371 707/1029/383 691/1006/361
f 714/1028/382 730/1030/384 729/1031/385 713/1026/380
f 707/1029/383 723/1032/386 722/1033/387 706/1027/381
f 715/1014/369 731/1034/388 730/1030/384 714/1028/382
f 708/1016/371 724/1035/389 723/1032/386 707/1029/383
f 716/1013/368 732/1036/390 731/1034/388 715/1014/369
f 709/1015/370 725/1037/391 724/1035/389 708/1016/371
f 717/1017/372 733/1038/392 732/1036/390 716/1013/368
f 710/1018/373 726/1039/393 725/1037/391 709/1015/370
f 703/1019/374 719/1040/394 734/1041/395 718/1020/375
f 718/1020/375 734/1041/395 733/1038/392 717/1017/372
f 711/1021/376 727/1042/396 726/1039/393 710/1018/373
f 704/1022/377 720/1043/397 719/1040/394 703/1019/374
f 712/1023/378 728/1044/398 727/1045/396 711/1024/376
f 705/1025/379 721/1046/399 720/1043/397 704/1022/377
f 713/1026/380 729/1031/385 728/1044/398 712/1023/378
f 706/1027/381 722/1033/387 721/1046/399 705/1025/379
f 720/1043/397 736/1047/400 735/1048/401 719/1040/394
f 728/1044/398 744/1049/402 743/1050/403 727/1045/396
f 721/1046/399 737/1051/404 736/1047/400 720/1043/397
f 729/1031/385 745/1052/405 744/1049/402 728/1044/398
f 722/1033/387 738/1053/406 737/1051/404 721/1046/399
f 730/1030/384 746/1054/407 745/1052/405 729/1031/385
f 723/1032/386 739/1055/408 738/1053/406 722/1033/387
f 731/1034/388 747/1056/409 746/1054/407 730/1030/384
f 724/1035/389 740/1057/410 739/1055/408 723/1032/386
f 732/1036/390 748/1058/411 747/1056/409 731/1034/388
f 725/1037/391 741/1059/412 740/1057/410 724/1035/389
f 733/1038/392 749/1060/413 748/1058/411 732/1036/390
f 726/1039/393 742/1061/414 741/1059/412 725/1037/391
f 719/1040/394 735/1048/401 750/1062/500 734/1041/395
f 734/1041/395 750/1062/500 749/1060/413 733/1038/392
f 727/1042/396 743/1063/403 742/1061/414 726/1039/393
f 741/1059/412 757/1064/416 756/1065/417 740/1057/410
f 749/1060/413 765/1066/418 764/1067/419 748/1058/411
f 742/1061/414 758/1068/420 757/1064/416 741/1059/412
f 735/1048/401 751/1069/421 766/1070/422 750/1062/500
f 750/1062/500 766/1070/422 765/1066/418 749/1060/413
f 743/1063/403 759/1071/423 758/1068/420 742/1061/414
f 736/1047/400 752/1072/424 751/1069/421 735/1048/401
f 744/1049/402 760/1073/425 759/1074/423 743/1050/403
f 737/1051/404 753/1075/426 752/1072/424 736/1047/400
f 745/1052/405 761/1076/427 760/1073/425 744/1049/402
f 738/1053/406 754/1077/428 753/1075/426 737/1051/404
f 746/1054/407 762/1078/429 761/1076/427 745/1052/405
f 739/1055/408 755/1079/430 754/1077/428 738/1053/406
f 747/1056/409 763/1080/431 762/1078/429 746/1054/407
f 740/1057/410 756/1065/417 755/1079/430 739/1055/408
f 748/1058/411 764/1067/419 763/1080/431 747/1056/409
f 762/1078/429 778/1081/432 777/1082/433 761/1076/427
f 755/1079/430 771/1083/434 770/1084/435 754/1077/428
f 763/1080/431 779/1085/436 778/1081/432 762/1078/429
f 756/1065/417 772/1086/437 771/1083/434 755/1079/430
f 764/1067/419 780/1087/438 779/1085/436 763/1080/431
f 757/1064/416 773/1088/439 772/1086/437 756/1065/417
f 765/1066/418 781/1089/440 780/1087/438 764/1067/419
f 758/1068/420 774/1090/441 773/1088/439 757/1064/416
f 751/1069/421 767/1091/442 782/1092/443 766/1070/422
f 766/1070/422 782/1092/443 781/1089/440 765/1066/418
f 759/1071/423 775/1093/444 774/1090/441 758/1068/420
f 752/1072/424 768/1094/445 767/1091/442 751/1069/421
f 760/1073/425 776/1095/446 775/1096/444 759/1074/423
f 753/1075/426 769/1097/447 768/1094/445 752/1072/424
f 761/1076/427 777/1082/433 776/1095/446 760/1073/425
f 754/1077/428 770/1084/435 769/1097/447 753/1075/426
f 777/1082/433 793/1098/448 792/1099/449 776/1095/446
f 770/1084/435 786/1100/450 785/1101/451 769/1097/447
f 778/1081/432 794/1102/452 793/1098/448 777/1082/433
f 771/1083/434 787/1103/453 786/1100/450 770/1084/435
f 779/1085/436 795/1104/454 794/1102/452 778/1081/432
f 772/1086/437 788/1105/455 787/1103/453 771/1083/434
f 780/1087/438 796/1106/456 795/1104/454 779/1085/436
f 773/1088/439 789/1107/457 788/1105/455 772/1086/437
f 781/1089/440 797/1108/458 796/1106/456 780/1087/438
f 774/1090/441 790/1109/459 789/1107/457 773/1088/439
f 767/1091/442 783/1110/460 798/1111/461 782/1092/443
f 782/1092/443 798/1111/461 797/1108/458 781/1089/440
f 775/1093/444 791/1112/462 790/1109/459 774/1090/441
f 768/1094/445 784/1113/463 783/1110/460 767/1091/442
f 776/1095/446 792/1099/449 791/1114/462 775/1096/444
f 769/1097/447 785/1101/451 784/1113/463 768/1094/445
f 783/1110/460 799/1115/464 814/1116/465 798/1111/461
f 798/1111/461 814/1116/465 813/1117/466 797/1108/458
f 791/1112/462 807/1118/467 806/1119/468 790/1109/459
f 784/1113/463 800/1120/469 799/1115/464 783/1110/460
f 792/1099/449 808/1121/470 807/1122/467 791/1114/462
f 785/1101/451 801/1123/471 800/1120/469 784/1113/463
f 793/1098/448 809/1124/472 808/1121/470 792/1099/449
f 786/1100/450 802/1125/473 801/1123/471 785/1101/451
f 794/1102/452 810/1126/474 809/1124/472 793/1098/448
f 787/1103/453 803/1127/475 802/1125/473 786/1100/450
f 795/1104/454 811/1128/476 810/1126/474 794/1102/452
f 788/1105/455 804/1129/477 803/1127/475 787/1103/453
f 796/1106/456 812/1130/478 811/1128/476 795/1104/454
f 789/1107/457 805/1131/479 804/1129/477 788/1105/455
f 797/1108/458 813/1117/466 812/1130/478 796/1106/456
f 790/1109/459 806/1119/468 805/1131/479 789/1107/457
f 804/1129/477 820/1132/480 819/1133/481 803/1127/475
f 812/1130/478 828/1134/482 827/1135/483 811/1128/476
f 805/1131/479 821/1136/484 820/1132/480 804/1129/477
f 813/1117/466 829/1137/485 828/1134/482 812/1130/478
f 806/1119/468 822/1138/486 821/1136/484 805/1131/479
f 799/1115/464 815/1139/487 830/1140/488 814/1116/465
f 814/1116/465 830/1140/488 829/1137/485 813/1117/466
f 807/1118/467 823/1141/489 822/1138/486 806/1119/468
f 800/1120/469 816/1142/490 815/1139/487 799/1115/464
f 808/1121/470 824/1143/491 823/1144/489 807/1122/467
f 801/1123/471 817/1145/492 816/1142/490 800/1120/469
f 809/1124/472 825/1146/493 824/1143/491 808/1121/470
f 802/1125/473 818/1147/494 817/1145/492 801/1123/471
f 810/1126/474 826/1148/495 825/1146/493 809/1124/472
f 803/1127/475 819/1133/481 818/1147/494 802/1125/473
f 811/1128/476 827/1135/483 826/1148/495 810/1126/474
f 817/1149/496 820/1150/496 816/1151/496
f 816/1151/496 822/1152/496 815/1153/496
f 815/1153/496 822/1152/496 830/1154/496
f 830/1154/496 824/1155/496 829/1156/496
f 829/1156/496 824/1155/496 828/1157/496
f 828/1157/496 826/1158/496 827/1159/496
f 826/1158/496 828/1157/496 825/1160/496
f 825/1160/496 828/1157/496 824/1155/496
f 824/1155/496 830/1154/496 823/1161/496
f 823/1161/496 830/1154/496 822/1152/496
f 822/1152/496 816/1151/496 821/1162/496
f 821/1162/496 816/1151/496 820/1150/496
f 820/1150/496 818/1163/496 819/1164/496
f 818/1163/496 820/1150/496 817/1149/496
f 832/1165/256 831/1166/257 833/1167/258 834/1168/259
f 834/1168/259 833/1167/258 835/1169/260 836/1170/261
f 877/1171/262 847/1172/263 876/1173/264 831/1166/257
f 836/1170/261 835/1169/260 837/1174/265 838/1175/266
f 865/1176/267 852/1177/268 851/1178/269 869/1179/270
f 838/1175/266 837/1174/265 839/1180/271 840/1181/272
f 845/1182/273 863/1183/274 860/1184/275 849/1185/276
f 840/1181/272 839/1180/271 841/1186/277 842/1187/278
f 835/1169/260 872/1188/279 871/1189/280 837/1174/265
f 842/1187/278 841/1186/277 843/1190/281 844/1191/282
f 869/1179/270 851/1178/269 848/1192/283 873/1193/284
f 844/1191/282 843/1190/281 845/1194/273 846/1195/285
f 849/1185/276 860/1184/275 859/1196/286 853/1197/287
f 846/1195/285 845/1182/273 849/1185/276 850/1198/288
f 837/1174/265 871/1189/280 868/1199/289 839/1180/271
f 850/1198/288 849/1185/276 853/1197/287 854/1200/290
f 873/1193/284 848/1192/283 847/1172/263 877/1171/262
f 854/1200/290 853/1197/287 857/1201/291 858/1202/292
f 853/1197/287 859/1196/286 856/1203/293 857/1201/291
f 858/1202/292 857/1201/291 861/1204/294 862/1205/295
f 839/1180/271 868/1199/289 867/1206/296 841/1186/277
f 862/1205/295 861/1204/294 865/1176/267 866/1207/297
f 857/1201/291 856/1203/293 855/1208/298 861/1204/294
f 866/1207/297 865/1176/267 869/1179/270 870/1209/299
f 841/1186/277 867/1206/296 864/1210/300 843/1190/281
f 870/1209/299 869/1179/270 873/1193/284 874/1211/301
f 831/1166/257 876/1173/264 875/1212/302 833/1167/258
f 874/1211/301 873/1193/284 877/1171/262 878/1213/303
f 861/1204/294 855/1208/298 852/1177/268 865/1176/267
f 833/1167/258 875/1212/302 872/1188/279 835/1169/260
f 843/1190/281 864/1210/300 863/1214/274 845/1194/273
f 877/1171/262 831/1166/257 832/1165/256 878/1213/303
f 856/1203/293 884/1215/304 883/1216/305 855/1208/298
f 868/1199/289 890/1217/306 889/1218/307 867/1206/296
f 851/1178/269 881/1219/308 880/1220/309 848/1192/283
f 863/1183/274 887/1221/310 886/1222/311 860/1184/275
f 875/1212/302 893/1223/312 892/1224/313 872/1188/279
f 852/1177/268 882/1225/314 881/1219/308 851/1178/269
f 864/1210/300 888/1226/315 887/1227/310 863/1214/274
f 876/1173/264 894/1228/316 893/1223/312 875/1212/302
f 847/1172/263 879/1229/317 894/1228/316 876/1173/264
f 859/1196/286 885/1230/499 884/1215/304 856/1203/293
f 871/1189/280 891/1231/319 890/1217/306 868/1199/289
f 848/1192/283 880/1220/309 879/1229/317 847/1172/263
f 860/1184/275 886/1222/311 885/1230/499 859/1196/286
f 872/1188/279 892/1224/313 891/1231/319 871/1189/280
f 855/1208/298 883/1216/305 882/1225/314 852/1177/268
f 867/1206/296 889/1218/307 888/1226/315 864/1210/300
f 892/1224/313 908/1232/320 907/1233/321 891/1231/319
f 885/1230/499 901/1234/322 900/1235/323 884/1215/304
f 893/1223/312 909/1236/324 908/1232/320 892/1224/313
f 886/1222/311 902/1237/325 901/1234/322 885/1230/499
f 879/1229/317 895/1238/326 910/1239/327 894/1228/316
f 894/1228/316 910/1239/327 909/1236/324 893/1223/312
f 887/1221/310 903/1240/328 902/1237/325 886/1222/311
f 880/1220/309 896/1241/329 895/1238/326 879/1229/317
f 888/1226/315 904/1242/330 903/1243/328 887/1227/310
f 881/1219/308 897/1244/331 896/1241/329 880/1220/309
f 889/1218/307 905/1245/332 904/1242/330 888/1226/315
f 882/1225/314 898/1246/333 897/1244/331 881/1219/308
f 890/1217/306 906/1247/334 905/1245/332 889/1218/307
f 883/1216/305 899/1248/335 898/1246/333 882/1225/314
f 891/1231/319 907/1233/321 906/1247/334 890/1217/306
f 884/1215/304 900/1235/323 899/1248/335 883/1216/305
f 898/1246/333 914/1249/336 913/1250/337 897/1244/331
f 906/1247/334 922/1251/338 921/1252/339 905/1245/332
f 899/1248/335 915/1253/340 914/1249/336 898/1246/333
f 907/1233/321 923/1254/341 922/1251/338 906/1247/334
f 900/1235/323 916/1255/342 915/1253/340 899/1248/335
f 908/1232/320 924/1256/343 923/1254/341 907/1233/321
f 901/1234/322 917/1257/344 916/1255/342 900/1235/323
f 909/1236/324 925/1258/345 924/1256/343 908/1232/320
f 902/1237/325 918/1259/346 917/1257/344 901/1234/322
f 895/1238/326 911/1260/347 926/1261/348 910/1239/327
f 910/1239/327 926/1261/348 925/1258/345 909/1236/324
f 903/1240/328 919/1262/349 918/1259/346 902/1237/325
f 896/1241/329 912/1263/350 911/1260/347 895/1238/326
f 904/1242/330 920/1264/351 919/1265/349 903/1243/328
f 897/1244/331 913/1250/337 912/1263/350 896/1241/329
f 905/1245/332 921/1252/339 920/1264/351 904/1242/330
f 919/1262/349 935/1266/352 934/1267/353 918/1259/346
f 912/1263/350 928/1268/354 927/1269/355 911/1260/347
f 920/1264/351 936/1270/356 935/1271/352 919/1265/349
f 913/1250/337 929/1272/357 928/1268/354 912/1263/350
f 921/1252/339 937/1273/358 936/1270/356 920/1264/351
f 914/1249/336 930/1274/359 929/1272/357 913/1250/337
f 922/1251/338 938/1275/360 937/1273/358 921/1252/339
f 915/1253/340 931/1276/361 930/1274/359 914/1249/336
f 923/1254/341 939/1277/362 938/1275/360 922/1251/338
f 916/1255/342 932/1278/363 931/1276/361 915/1253/340
f 924/1256/343 940/1279/364 939/1277/362 923/1254/341
f 917/1257/344 933/1280/365 932/1278/363 916/1255/342
f 925/1258/345 941/1281/366 940/1279/364 924/1256/343
f 918/1259/346 934/1267/353 933/1280/365 917/1257/344
f 911/1260/347 927/1269/355 942/1282/367 926/1261/348
f 926/1261/348 942/1282/367 941/1281/366 925/1258/345
f 940/1279/364 956/1283/368 955/1284/369 939/1277/362
f 933/1280/365 949/1285/370 948/1286/371 932/1278/363
f 941/1281/366 957/1287/372 956/1283/368 940/1279/364
f 934/1267/353 950/1288/373 949/1285/370 933/1280/365
f 927/1269/355 943/1289/374 958/1290/375 942/1282/367
f 942/1282/367 958/1290/375 957/1287/372 941/1281/366
f 935/1266/352 951/1291/376 950/1288/373 934/1267/353
f 928/1268/354 944/1292/377 943/1289/374 927/1269/355
f 936/1270/356 952/1293/378 951/1294/376 935/1271/352
f 929/1272/357 945/1295/379 944/1292/377 928/1268/354
f 937/1273/358 953/1296/380 952/1293/378 936/1270/356
f 930/1274/359 946/1297/381 945/1295/379 929/1272/357
f 938/1275/360 954/1298/382 953/1296/380 937/1273/358
f 931/1276/361 947/1299/383 946/1297/381 930/1274/359
f 939/1277/362 955/1284/369 954/1298/382 938/1275/360
f 932/1278/363 948/1286/371 947/1299/383 931/1276/361
f 954/1298/382 970/1300/384 969/1301/385 953/1296/380
f 947/1299/383 963/1302/386 962/1303/387 946/1297/381
f 955/1284/369 971/1304/388 970/1300/384 954/1298/382
f 948/1286/371 964/1305/389 963/1302/386 947/1299/383
f 956/1283/368 972/1306/390 971/1304/388 955/1284/369
f 949/1285/370 965/1307/391 964/1305/389 948/1286/371
f 957/1287/372 973/1308/392 972/1306/390 956/1283/368
f 950/1288/373 966/1309/393 965/1307/391 949/1285/370
f 943/1289/374 959/1310/394 974/1311/395 958/1290/375
f 958/1290/375 974/1311/395 973/1308/392 957/1287/372
f 951/1291/376 967/1312/396 966/1309/393 950/1288/373
f 944/1292/377 960/1313/397 959/1310/394 943/1289/374
f 952/1293/378 968/1314/398 967/1315/396 951/1294/376
f 945/1295/379 961/1316/399 960/1313/397 944/1292/377
f 953/1296/380 969/1301/385 968/1314/398 952/1293/378
f 946/1297/381 962/1303/387 961/1316/399 945/1295/379
f 960/1313/397 976/1317/400 975/1318/501 959/1310/394
f 968/1314/398 984/1319/402 983/1320/403 967/1315/396
f 961/1316/399 977/1321/404 976/1317/400 960/1313/397
f 969/1301/385 985/1322/405 984/1319/402 968/1314/398
f 962/1303/387 978/1323/406 977/1321/404 961/1316/399
f 970/1300/384 986/1324/407 985/1322/405 969/1301/385
f 963/1302/386 979/1325/408 978/1323/406 962/1303/387
f 971/1304/388 987/1326/409 986/1324/407 970/1300/384
f 964/1305/389 980/1327/410 979/1325/408 963/1302/386
f 972/1306/390 988/1328/411 987/1326/409 971/1304/388
f 965/1307/391 981/1329/412 980/1327/410 964/1305/389
f 973/1308/392 989/1330/413 988/1328/411 972/1306/390
f 966/1309/393 982/1331/414 981/1329/412 965/1307/391
f 959/1310/394 975/1318/501 990/1332/500 974/1311/395
f 974/1311/395 990/1332/500 989/1330/413 973/1308/392
f 967/1312/396 983/1333/403 982/1331/414 966/1309/393
f 981/1329/412 997/1334/416 996/1335/417 980/1327/410
f 989/1330/413 1005/1336/418 1004/1337/419 988/1328/411
f 982/1331/414 998/1338/420 997/1334/416 981/1329/412
f 975/1318/501 991/1339/421 1006/1340/422 990/1332/500
f 990/1332/500 1006/1340/422 1005/1336/418 989/1330/413
f 983/1333/403 999/1341/423 998/1338/420 982/1331/414
f 976/1317/400 992/1342/424 991/1339/421 975/1318/501
f 984/1319/402 1000/1343/425 999/1344/423 983/1320/403
f 977/1321/404 993/1345/426 992/1342/424 976/1317/400
f 985/1322/405 1001/1346/427 1000/1343/425 984/1319/402
f 978/1323/406 994/1347/428 993/1345/426 977/1321/404
f 986/1324/407 1002/1348/429 1001/1346/427 985/1322/405
f 979/1325/408 995/1349/430 994/1347/428 978/1323/406
f 987/1326/409 1003/1350/431 1002/1348/429 986/1324/407
f 980/1327/410 996/1335/417 995/1349/430 979/1325/408
f 988/1328/411 1004/1337/419 1003/1350/431 987/1326/409
f 1002/1348/429 1018/1351/432 1017/1352/433 1001/1346/427
f 995/1349/430 1011/1353/434 1010/1354/435 994/1347/428
f 1003/1350/431 1019/1355/436 1018/1351/432 1002/1348/429
f 996/1335/417 1012/1356/437 1011/1353/434 995/1349/430
f 1004/1337/419 1020/1357/438 1019/1355/436 1003/1350/431
f 997/1334/416 1013/1358/439 1012/1356/437 996/1335/417
f 1005/1336/418 1021/1359/440 1020/1357/438 1004/1337/419
f 998/1338/420 1014/1360/441 1013/1358/439 997/1334/416
f 991/1339/421 1007/1361/442 1022/1362/443 1006/1340/422
f 1006/1340/422 1022/1362/443 1021/1359/440 1005/1336/418
f 999/1341/423 1015/1363/444 1014/1360/441 998/1338/420
f 992/1342/424 1008/1364/445 1007/1361/442 991/1339/421
f 1000/1343/425 1016/1365/446 1015/1366/444 999/1344/423
f 993/1345/426 1009/1367/447 1008/1364/445 992/1342/424
f 1001/1346/427 1017/1352/433 1016/1365/446 1000/1343/425
f 994/1347/428 1010/1354/435 1009/1367/447 993/1345/426
f 1017/1352/433 1033/1368/448 1032/1369/449 1016/1365/446
f 1010/1354/435 1026/1370/450 1025/1371/451 1009/1367/447
f 1018/1351/432 1034/1372/452 1033/1368/448 1017/1352/433
f 1011/1353/434 1027/1373/453 1026/1370/450 1010/1354/435
f 1019/1355/436 1035/1374/454 1034/1372/452 1018/1351/432
f 1012/1356/437 1028/1375/455 1027/1373/453 1011/1353/434
f 1020/1357/438 1036/1376/456 1035/1374/454 1019/1355/436
f 1013/1358/439 1029/1377/457 1028/1375/455 1012/1356/437
f 1021/1359/440 1037/1378/458 1036/1376/456 1020/1357/438
f 1014/1360/441 1030/1379/459 1029/1377/457 1013/1358/439
f 1007/1361/442 1023/1380/460 1038/1381/461 1022/1362/443
f 1022/1362/443 1038/1381/461 1037/1378/458 1021/1359/440
f 1015/1363/444 1031/1382/462 1030/1379/459 1014/1360/441
f 1008/1364/445 1024/1383/463 1023/1380/460 1007/1361/442
f 1016/1365/446 1032/1369/449 1031/1384/462 1015/1366/444
f 1009/1367/447 1025/1371/451 1024/1383/463 1008/1364/445
f 1023/1380/460 1039/1385/464 1054/1386/465 1038/1381/461
f 1038/1381/461 1054/1386/465 1053/1387/466 1037/1378/458
f 1031/1382/462 1047/1388/467 1046/1389/468 1030/1379/459
f 1024/1383/463 1040/1390/469 1039/1385/464 1023/1380/460
f 1032/1369/449 1048/1391/502 1047/1392/467 1031/1384/462
f 1025/1371/451 1041/1393/471 1040/1390/469 1024/1383/463
f 1033/1368/448 1049/1394/472 1048/1391/502 1032/1369/449
f 1026/1370/450 1042/1395/473 1041/1393/471 1025/1371/451
f 1034/1372/452 1050/1396/474 1049/1394/472 1033/1368/448
f 1027/1373/453 1043/1397/475 1042/1395/473 1026/1370/450
f 1035/1374/454 1051/1398/476 1050/1396/474 1034/1372/452
f 1028/1375/455 1044/1399/477 1043/1397/475 1027/1373/453
f 1036/1376/456 1052/1400/478 1051/1398/476 1035/1374/454
f 1029/1377/457 1045/1401/479 1044/1399/477 1028/1375/455
f 1037/1378/458 1053/1387/466 1052/1400/478 1036/1376/456
f 1030/1379/459 1046/1389/468 1045/1401/479 1029/1377/457
f 1044/1399/477 1060/1402/480 1059/1403/481 1043/1397/475
f 1052/1400/478 1068/1404/482 1067/1405/483 1051/1398/476
f 1045/1401/479 1061/1406/484 1060/1402/480 1044/1399/477
f 1053/1387/466 1069/1407/485 1068/1404/482 1052/1400/478
f 1046/1389/468 1062/1408/486 1061/1406/484 1045/1401/479
f 1039/1385/464 1055/1409/487 1070/1410/488 1054/1386/465
f 1054/1386/465 1070/1410/488 1069/1407/485 1053/1387/466
f 1047/1388/467 1063/1411/489 1062/1408/486 1046/1389/468
f 1040/1390/469 1056/1412/490 1055/1409/487 1039/1385/464
f 1048/1391/502 1064/1413/491 1063/1414/489 1047/1392/467
f 1041/1393/471 1057/1415/492 1056/1412/490 1040/1390/469
f 1049/1394/472 1065/1416/493 1064/1413/491 1048/1391/502
f 1042/1395/473 1058/1417/494 1057/1415/492 1041/1393/471
f 1050/1396/474 1066/1418/495 1065/1416/493 1049/1394/472
f 1043/1397/475 1059/1403/481 1058/1417/494 1042/1395/473
f 1051/1398/476 1067/1405/483 1066/1418/495 1050/1396/474
f 1057/1419/496 1060/1420/496 1056/1421/496
f 1056/1421/496 1062/1422/496 1055/1423/496
f 1055/1423/496 1062/1422/496 1070/1424/496
f 1070/1424/496 1064/1425/496 1069/1426/496
f 1069/1426/496 1064/1425/496 1068/1427/496
f 1068/1427/496 1066/1428/496 1067/1429/496
f 1066/1428/496 1068/1427/496 1065/1430/496
f 1065/1430/496 1068/1427/496 1064/1425/496
f 1064/1425/496 1070/1424/496 1063/1431/496
f 1063/1431/496 1070/1424/496 1062/1422/496
f 1062/1422/496 1056/1421/496 1061/1432/496
f 1061/1432/496 1056/1421/496 1060/1420/496
f 1060/1420/496 1058/1433/496 1059/1434/496
f 1058/1433/496 1060/1420/496 1057/1419/496
f 1098/1435/503 1105/1436/504 1080/1437/505
f 1080/1437/505 1105/1436/504 1125/1438/506
f 1131/1439/507 1134/1440/508 1128/1441/509
f 1176/1442/510 1173/1443/511 1125/1438/506
f 1167/1444/512 1137/1445/513 1143/1446/514
f 1165/1447/515 1170/1448/516 1140/1449/517
f 1173/1443/511 1165/1447/515 1140/1449/517
f 1158/1450/518 1146/1451/519 1161/1452/520
f 1110/1453/521 1117/1454/522 1146/1451/519
f 1158/1450/518 1110/1453/521 1146/1451/519
f 1117/1454/522 1075/1455/523 1107/1456/524
f 1117/1454/522 1110/1453/521 1075/1455/523
f 1113/1457/525 1119/1458/526 1122/1459/527
f 1117/1454/522 1113/1457/525 1122/1459/527
f 1078/1460/528 1113/1457/525 1117/1454/522
f 1101/1461/529 1078/1460/528 1117/1454/522
f 1078/1460/528 1101/1461/529 1095/1462/530
f 1089/1463/531 1083/1464/532 1078/1460/528
f 1080/1437/505 1086/1465/533 1092/1466/534
f 1071/1467/535 1176/1442/510 1125/1438/506
f 1128/1441/509 1080/1437/505 1125/1438/506
f 1125/1438/506 1131/1439/507 1128/1441/509
f 1140/1449/517 1167/1444/512 1143/1446/514
f 1170/1448/516 1167/1444/512 1140/1449/517
f 1165/1447/515 1173/1443/511 1175/1468/536 1166/1469/537
f 1166/1469/537 1175/1468/536 1174/1470/538 1164/1471/539
f 1086/1465/533 1080/1437/505 1082/1472/540 1088/1473/541
f 1088/1473/541 1082/1472/540 1081/1474/542 1087/1475/543
f 1078/1460/528 1083/1464/532 1085/1476/544 1079/1477/545
f 1079/1477/545 1085/1476/544 1084/1478/546 1077/1479/547
f 1092/1466/534 1086/1465/533 1088/1473/541 1094/1480/548
f 1094/1480/548 1088/1473/541 1087/1475/543 1093/1481/549
f 1083/1464/532 1089/1463/531 1091/1482/550 1085/1476/544
f 1085/1476/544 1091/1482/550 1090/1483/551 1084/1478/546
f 1098/1435/503 1092/1466/534 1094/1480/548 1100/1484/552
f 1100/1484/552 1094/1480/548 1093/1481/549 1099/1485/553
f 1089/1463/531 1095/1462/530 1097/1486/554 1091/1482/550
f 1091/1482/550 1097/1486/554 1096/1487/555 1090/1483/551
f 1105/1436/504 1098/1435/503 1100/1484/552 1106/1488/556
f 1106/1488/556 1100/1484/552 1099/1485/553 1104/1489/557
f 1095/1462/530 1101/1461/529 1103/1490/558 1097/1486/554
f 1097/1486/554 1103/1490/558 1102/1491/559 1096/1487/555
f 1173/1443/511 1176/1442/510 1178/1492/560 1175/1468/536
f 1175/1468/536 1178/1492/560 1177/1493/561 1174/1470/538
f 1075/1455/523 1110/1453/521 1112/1494/562 1076/1495/563
f 1076/1495/563 1112/1494/562 1111/1496/564 1074/1497/565
f 1107/1456/524 1075/1455/523 1076/1495/563 1109/1498/566
f 1109/1498/566 1076/1495/563 1074/1497/565 1108/1499/567
f 1119/1458/526 1113/1457/525 1115/1500/568 1121/1501/569
f 1121/1501/569 1115/1500/568 1114/1502/570 1120/1503/571
f 1128/1441/509 1134/1440/508 1136/1504/572 1130/1505/573
f 1130/1505/573 1136/1504/572 1135/1506/574 1129/1507/575
f 1122/1459/527 1119/1458/526 1121/1501/569 1124/1508/576
f 1124/1508/576 1121/1501/569 1120/1503/571 1123/1509/577
f 1134/1440/508 1131/1439/507 1133/1510/578 1136/1504/572
f 1136/1504/572 1133/1510/578 1132/1511/579 1135/1506/574
f 1117/1454/522 1122/1459/527 1124/1508/576 1118/1512/580
f 1118/1512/580 1124/1508/576 1123/1509/577 1116/1513/581
f 1131/1439/507 1125/1438/506 1127/1514/582 1133/1510/578
f 1133/1510/578 1127/1514/582 1126/1515/583 1132/1511/579
f 1176/1442/510 1071/1467/535 1073/1516/584 1178/1492/560
f 1178/1492/560 1073/1516/584 1072/1517/585 1177/1493/561
f 1080/1437/505 1128/1441/509 1130/1505/573 1082/1472/540
f 1082/1472/540 1130/1505/573 1129/1507/575 1081/1474/542
f 1113/1457/525 1078/1460/528 1079/1477/545 1115/1500/568
f 1115/1500/568 1079/1477/545 1077/1479/547 1114/1502/570
f 1143/1446/514 1137/1445/513 1139/1518/586 1145/1519/587
f 1145/1519/587 1139/1518/586 1138/1520/588 1144/1521/589
f 1149/1522/590 1152/1523/591 1154/1524/592 1151/1525/593
f 1151/1525/593 1154/1524/592 1153/1526/594 1150/1527/595
f 1140/1449/517 1143/1446/514 1145/1519/587 1142/1528/596
f 1142/1528/596 1145/1519/587 1144/1521/589 1141/1529/597
f 1152/1523/591 1146/1451/519 1148/1530/598 1154/1524/592
f 1154/1524/592 1148/1530/598 1147/1531/599 1153/1526/594
f 1161/1452/520 1155/1532/600 1157/1533/601 1163/1534/602
f 1163/1534/602 1157/1533/601 1156/1535/603 1162/1536/604
f 1167/1444/512 1170/1448/516 1172/1537/605 1169/1538/606
f 1169/1538/606 1172/1537/605 1171/1539/607 1168/1540/608
f 1158/1450/518 1161/1452/520 1163/1534/602 1160/1541/609
f 1160/1541/609 1163/1534/602 1162/1536/604 1159/1542/610
f 1170/1448/516 1165/1447/515 1166/1469/537 1172/1537/605
f 1172/1537/605 1166/1469/537 1164/1471/539 1171/1539/607
f 1125/1438/506 1140/1449/517 1142/1528/596 1127/1514/582
f 1127/1514/582 1142/1528/596 1141/1529/597 1126/1515/583
f 1146/1451/519 1117/1454/522 1118/1512/580 1148/1530/598
f 1148/1530/598 1118/1512/580 1116/1513/581 1147/1531/599
f 1137/1445/513 1167/1444/512 1169/1538/606 1139/1518/586
f 1139/1518/586 1169/1538/606 1168/1540/608 1138/1520/588
f 1155/1532/600 1149/1522/590 1151/1525/593 1157/1533/601
f 1157/1533/601 1151/1525/593 1150/1527/595 1156/1535/603
f 1110/1453/521 1158/1450/518 1160/1541/609 1112/1494/562
f 1112/1494/562 1160/1541/609 1159/1542/610 1111/1496/564
f 1071/1467/535 1105/1436/504 1106/1488/556 1073/1516/584
f 1073/1516/584 1106/1488/556 1104/1489/557 1072/1517/585
f 1101/1461/529 1107/1456/524 1109/1498/566 1103/1490/558
f 1103/1490/558 1109/1498/566 1108/1499/567 1102/1491/559
f 1104/1543/557 1102/1544/559 1108/1545/567 1072/1546/585
f 1074/1547/565 1177/1548/561 1072/1546/585 1108/1545/567
f 1105/1436/504 1071/1467/535 1125/1438/506
f 1117/1454/522 1107/1456/524 1101/1461/529
f 1111/1549/564 1174/1550/538 1177/1548/561 1074/1547/565
f 1129/1551/575 1114/1552/570 1077/1553/547 1081/1554/542
f 1081/1554/542 1077/1553/547 1084/1555/546 1087/1556/543
f 1078/1460/528 1095/1462/530 1089/1463/531
f 1080/1437/505 1092/1466/534 1098/1435/503
f 1087/1556/543 1084/1555/546 1090/1557/551 1093/1558/549
f 1093/1558/549 1090/1557/551 1096/1559/555 1099/1560/553
f 1099/1560/553 1096/1559/555 1102/1544/559 1104/1543/557
f 1174/1550/538 1111/1549/564 1159/1561/610 1164/1562/539
f 1155/1532/600 1161/1452/520 1146/1451/519
f 1114/1552/570 1129/1551/575 1135/1563/574 1120/1564/571
f 1123/1565/577 1132/1566/579 1126/1567/583 1116/1568/581
f 1126/1567/583 1141/1569/597 1147/1570/599 1116/1568/581
f 1120/1564/571 1135/1563/574 1132/1566/579 1123/1565/577
f 1140/1449/517 1125/1438/506 1173/1443/511
f 1138/1571/588 1150/1572/595 1153/1573/594 1144/1574/589
f 1138/1571/588 1168/1575/608 1156/1576/603 1150/1572/595
f 1144/1574/589 1153/1573/594 1147/1577/599 1141/1578/597
f 1156/1576/603 1168/1575/608 1171/1579/607 1162/1580/604
f 1162/1580/604 1171/1579/607 1164/1562/539 1159/1561/610
f 1146/1451/519 1152/1523/591 1155/1532/600
f 1152/1523/591 1149/1522/590 1155/1532/600
